﻿<?xml version="1.0" encoding="utf-8" standalone="yes"?>
<Gesture Name="arrow01" Subject="4" Speed="fast" Number="1" NumPts="78" Millseconds="1297" AppName="Gestures" AppVer="3.7.0.0" Date="Friday, March 09, 2007" TimeOfDay="8:20:32 PM">
  <Point X="81" Y="206" T="116674086" />
  <Point X="83" Y="208" T="116674134" />
  <Point X="86" Y="209" T="116674166" />
  <Point X="88" Y="208" T="116674179" />
  <Point X="90" Y="207" T="116674191" />
  <Point X="92" Y="207" T="116674198" />
  <Point X="94" Y="207" T="116674207" />
  <Point X="97" Y="206" T="116674215" />
  <Point X="99" Y="205" T="116674223" />
  <Point X="102" Y="205" T="116674231" />
  <Point X="104" Y="204" T="116674239" />
  <Point X="107" Y="203" T="116674247" />
  <Point X="110" Y="202" T="116674255" />
  <Point X="112" Y="201" T="116674263" />
  <Point X="114" Y="200" T="116674271" />
  <Point X="117" Y="198" T="116674280" />
  <Point X="120" Y="197" T="116674289" />
  <Point X="122" Y="196" T="116674297" />
  <Point X="125" Y="195" T="116674306" />
  <Point X="127" Y="194" T="116674314" />
  <Point X="130" Y="193" T="116674323" />
  <Point X="133" Y="191" T="116674333" />
  <Point X="136" Y="189" T="116674342" />
  <Point X="139" Y="188" T="116674351" />
  <Point X="145" Y="182" T="116674361" />
  <Point X="148" Y="181" T="116674371" />
  <Point X="150" Y="179" T="116674382" />
  <Point X="154" Y="175" T="116674394" />
  <Point X="156" Y="173" T="116674406" />
  <Point X="158" Y="171" T="116674418" />
  <Point X="162" Y="166" T="116674429" />
  <Point X="163" Y="164" T="116674440" />
  <Point X="166" Y="162" T="116674453" />
  <Point X="167" Y="159" T="116674466" />
  <Point X="168" Y="157" T="116674488" />
  <Point X="169" Y="155" T="116674509" />
  <Point X="166" Y="157" T="116674587" />
  <Point X="164" Y="157" T="116674599" />
  <Point X="162" Y="159" T="116674612" />
  <Point X="159" Y="159" T="116674625" />
  <Point X="156" Y="160" T="116674638" />
  <Point X="151" Y="161" T="116674652" />
  <Point X="144" Y="162" T="116674665" />
  <Point X="141" Y="162" T="116674679" />
  <Point X="138" Y="162" T="116674680" />
  <Point X="135" Y="163" T="116674694" />
  <Point X="130" Y="163" T="116674709" />
  <Point X="125" Y="162" T="116674724" />
  <Point X="123" Y="163" T="116674738" />
  <Point X="121" Y="162" T="116674739" />
  <Point X="119" Y="163" T="116674754" />
  <Point X="116" Y="162" T="116674771" />
  <Point X="119" Y="162" T="116674844" />
  <Point X="121" Y="162" T="116674860" />
  <Point X="127" Y="162" T="116674876" />
  <Point X="133" Y="161" T="116674893" />
  <Point X="139" Y="162" T="116674910" />
  <Point X="146" Y="162" T="116674927" />
  <Point X="152" Y="161" T="116674945" />
  <Point X="159" Y="159" T="116674963" />
  <Point X="167" Y="156" T="116674981" />
  <Point X="172" Y="154" T="116674999" />
  <Point X="176" Y="153" T="116675017" />
  <Point X="179" Y="152" T="116675035" />
  <Point X="181" Y="151" T="116675052" />
  <Point X="180" Y="154" T="116675140" />
  <Point X="178" Y="156" T="116675180" />
  <Point X="177" Y="159" T="116675200" />
  <Point X="177" Y="161" T="116675219" />
  <Point X="176" Y="163" T="116675220" />
  <Point X="176" Y="168" T="116675240" />
  <Point X="175" Y="178" T="116675260" />
  <Point X="174" Y="187" T="116675281" />
  <Point X="174" Y="192" T="116675301" />
  <Point X="175" Y="197" T="116675321" />
  <Point X="175" Y="199" T="116675342" />
  <Point X="176" Y="202" T="116675362" />
  <Point X="178" Y="200" T="116675383" />
</Gesture>