﻿<?xml version="1.0" encoding="utf-8" standalone="yes"?>
<Gesture Name="arrow07" Subject="4" Speed="fast" Number="7" NumPts="79" Millseconds="1116" AppName="Gestures" AppVer="3.7.0.0" Date="Friday, March 09, 2007" TimeOfDay="8:20:43 PM">
  <Point X="83" Y="212" T="116685112" />
  <Point X="86" Y="212" T="116685128" />
  <Point X="88" Y="212" T="116685136" />
  <Point X="91" Y="212" T="116685145" />
  <Point X="94" Y="212" T="116685153" />
  <Point X="97" Y="211" T="116685162" />
  <Point X="101" Y="210" T="116685170" />
  <Point X="103" Y="209" T="116685176" />
  <Point X="107" Y="209" T="116685183" />
  <Point X="109" Y="208" T="116685190" />
  <Point X="112" Y="207" T="116685191" />
  <Point X="114" Y="206" T="116685198" />
  <Point X="117" Y="206" T="116685205" />
  <Point X="119" Y="205" T="116685206" />
  <Point X="122" Y="205" T="116685214" />
  <Point X="125" Y="204" T="116685222" />
  <Point X="127" Y="203" T="116685223" />
  <Point X="131" Y="202" T="116685231" />
  <Point X="133" Y="201" T="116685239" />
  <Point X="137" Y="199" T="116685248" />
  <Point X="140" Y="198" T="116685257" />
  <Point X="147" Y="194" T="116685266" />
  <Point X="151" Y="192" T="116685275" />
  <Point X="154" Y="189" T="116685285" />
  <Point X="157" Y="186" T="116685295" />
  <Point X="159" Y="184" T="116685305" />
  <Point X="164" Y="179" T="116685315" />
  <Point X="166" Y="177" T="116685325" />
  <Point X="168" Y="175" T="116685335" />
  <Point X="170" Y="173" T="116685346" />
  <Point X="172" Y="170" T="116685347" />
  <Point X="174" Y="168" T="116685358" />
  <Point X="177" Y="165" T="116685369" />
  <Point X="179" Y="162" T="116685381" />
  <Point X="181" Y="159" T="116685393" />
  <Point X="182" Y="157" T="116685394" />
  <Point X="184" Y="156" T="116685406" />
  <Point X="186" Y="153" T="116685422" />
  <Point X="188" Y="151" T="116685446" />
  <Point X="186" Y="150" T="116685518" />
  <Point X="183" Y="151" T="116685534" />
  <Point X="181" Y="152" T="116685547" />
  <Point X="179" Y="153" T="116685560" />
  <Point X="174" Y="153" T="116685574" />
  <Point X="168" Y="156" T="116685588" />
  <Point X="165" Y="157" T="116685602" />
  <Point X="161" Y="158" T="116685603" />
  <Point X="155" Y="158" T="116685617" />
  <Point X="153" Y="159" T="116685618" />
  <Point X="148" Y="161" T="116685633" />
  <Point X="141" Y="162" T="116685651" />
  <Point X="136" Y="161" T="116685667" />
  <Point X="134" Y="161" T="116685682" />
  <Point X="132" Y="161" T="116685711" />
  <Point X="134" Y="159" T="116685752" />
  <Point X="137" Y="159" T="116685768" />
  <Point X="141" Y="159" T="116685784" />
  <Point X="146" Y="160" T="116685801" />
  <Point X="153" Y="160" T="116685818" />
  <Point X="160" Y="158" T="116685835" />
  <Point X="168" Y="158" T="116685854" />
  <Point X="176" Y="155" T="116685873" />
  <Point X="179" Y="155" T="116685891" />
  <Point X="181" Y="152" T="116685910" />
  <Point X="183" Y="151" T="116685928" />
  <Point X="185" Y="149" T="116685957" />
  <Point X="187" Y="152" T="116686005" />
  <Point X="187" Y="155" T="116686024" />
  <Point X="188" Y="161" T="116686043" />
  <Point X="188" Y="170" T="116686063" />
  <Point X="189" Y="177" T="116686083" />
  <Point X="191" Y="186" T="116686103" />
  <Point X="193" Y="194" T="116686125" />
  <Point X="196" Y="199" T="116686145" />
  <Point X="197" Y="201" T="116686165" />
  <Point X="199" Y="203" T="116686166" />
  <Point X="200" Y="206" T="116686186" />
  <Point X="202" Y="207" T="116686207" />
  <Point X="204" Y="206" T="116686228" />
</Gesture>