﻿<?xml version="1.0" encoding="utf-8" standalone="yes"?>
<Gesture Name="arrow10" Subject="4" Speed="fast" Number="10" NumPts="77" Millseconds="1055" AppName="Gestures" AppVer="3.7.0.0" Date="Friday, March 09, 2007" TimeOfDay="8:20:48 PM">
  <Point X="87" Y="218" T="116689941" />
  <Point X="89" Y="217" T="116689953" />
  <Point X="91" Y="218" T="116689961" />
  <Point X="94" Y="218" T="116689969" />
  <Point X="97" Y="216" T="116689976" />
  <Point X="101" Y="216" T="116689985" />
  <Point X="103" Y="215" T="116689991" />
  <Point X="108" Y="214" T="116689997" />
  <Point X="110" Y="213" T="116690004" />
  <Point X="115" Y="212" T="116690010" />
  <Point X="120" Y="210" T="116690017" />
  <Point X="122" Y="210" T="116690024" />
  <Point X="124" Y="209" T="116690025" />
  <Point X="128" Y="208" T="116690033" />
  <Point X="130" Y="207" T="116690041" />
  <Point X="134" Y="205" T="116690049" />
  <Point X="137" Y="204" T="116690057" />
  <Point X="140" Y="202" T="116690065" />
  <Point X="143" Y="201" T="116690074" />
  <Point X="145" Y="199" T="116690083" />
  <Point X="148" Y="197" T="116690092" />
  <Point X="150" Y="194" T="116690100" />
  <Point X="153" Y="192" T="116690102" />
  <Point X="156" Y="190" T="116690111" />
  <Point X="159" Y="187" T="116690121" />
  <Point X="162" Y="184" T="116690131" />
  <Point X="168" Y="178" T="116690141" />
  <Point X="171" Y="175" T="116690152" />
  <Point X="176" Y="170" T="116690163" />
  <Point X="178" Y="168" T="116690174" />
  <Point X="181" Y="166" T="116690185" />
  <Point X="183" Y="164" T="116690186" />
  <Point X="185" Y="161" T="116690197" />
  <Point X="186" Y="158" T="116690209" />
  <Point X="188" Y="156" T="116690221" />
  <Point X="189" Y="153" T="116690233" />
  <Point X="189" Y="151" T="116690245" />
  <Point X="187" Y="153" T="116690306" />
  <Point X="184" Y="154" T="116690330" />
  <Point X="182" Y="155" T="116690343" />
  <Point X="180" Y="156" T="116690356" />
  <Point X="178" Y="157" T="116690369" />
  <Point X="175" Y="158" T="116690370" />
  <Point X="173" Y="159" T="116690384" />
  <Point X="167" Y="160" T="116690398" />
  <Point X="160" Y="162" T="116690412" />
  <Point X="154" Y="163" T="116690427" />
  <Point X="148" Y="162" T="116690444" />
  <Point X="143" Y="162" T="116690459" />
  <Point X="140" Y="162" T="116690474" />
  <Point X="138" Y="163" T="116690475" />
  <Point X="135" Y="163" T="116690490" />
  <Point X="133" Y="162" T="116690491" />
  <Point X="131" Y="162" T="116690507" />
  <Point X="129" Y="161" T="116690522" />
  <Point X="129" Y="159" T="116690570" />
  <Point X="132" Y="159" T="116690590" />
  <Point X="134" Y="160" T="116690607" />
  <Point X="138" Y="160" T="116690624" />
  <Point X="144" Y="161" T="116690641" />
  <Point X="154" Y="162" T="116690659" />
  <Point X="159" Y="161" T="116690677" />
  <Point X="169" Y="158" T="116690695" />
  <Point X="174" Y="156" T="116690713" />
  <Point X="177" Y="155" T="116690714" />
  <Point X="179" Y="153" T="116690733" />
  <Point X="181" Y="151" T="116690751" />
  <Point X="183" Y="149" T="116690770" />
  <Point X="184" Y="151" T="116690827" />
  <Point X="185" Y="154" T="116690846" />
  <Point X="186" Y="159" T="116690866" />
  <Point X="186" Y="164" T="116690886" />
  <Point X="187" Y="167" T="116690887" />
  <Point X="188" Y="176" T="116690908" />
  <Point X="191" Y="185" T="116690931" />
  <Point X="192" Y="193" T="116690952" />
  <Point X="194" Y="191" T="116690996" />
</Gesture>