﻿<?xml version="1.0" encoding="utf-8" standalone="yes"?>
<Gesture Name="arrow08" Subject="4" Speed="fast" Number="8" NumPts="72" Millseconds="1069" AppName="Gestures" AppVer="3.7.0.0" Date="Friday, March 09, 2007" TimeOfDay="8:20:45 PM">
  <Point X="90" Y="210" T="116686742" />
  <Point X="92" Y="210" T="116686754" />
  <Point X="95" Y="209" T="116686762" />
  <Point X="98" Y="208" T="116686770" />
  <Point X="101" Y="206" T="116686778" />
  <Point X="103" Y="206" T="116686784" />
  <Point X="106" Y="205" T="116686790" />
  <Point X="108" Y="205" T="116686791" />
  <Point X="110" Y="204" T="116686797" />
  <Point X="113" Y="203" T="116686798" />
  <Point X="115" Y="203" T="116686805" />
  <Point X="119" Y="201" T="116686812" />
  <Point X="123" Y="200" T="116686819" />
  <Point X="128" Y="199" T="116686827" />
  <Point X="132" Y="198" T="116686835" />
  <Point X="136" Y="195" T="116686843" />
  <Point X="141" Y="194" T="116686851" />
  <Point X="145" Y="191" T="116686860" />
  <Point X="149" Y="190" T="116686868" />
  <Point X="152" Y="188" T="116686877" />
  <Point X="156" Y="186" T="116686887" />
  <Point X="159" Y="183" T="116686896" />
  <Point X="162" Y="181" T="116686905" />
  <Point X="168" Y="178" T="116686915" />
  <Point X="170" Y="175" T="116686924" />
  <Point X="172" Y="174" T="116686934" />
  <Point X="174" Y="171" T="116686944" />
  <Point X="175" Y="169" T="116686954" />
  <Point X="178" Y="167" T="116686965" />
  <Point X="179" Y="164" T="116686975" />
  <Point X="182" Y="159" T="116686987" />
  <Point X="184" Y="156" T="116686998" />
  <Point X="186" Y="154" T="116687014" />
  <Point X="187" Y="151" T="116687035" />
  <Point X="188" Y="149" T="116687047" />
  <Point X="190" Y="147" T="116687063" />
  <Point X="191" Y="145" T="116687092" />
  <Point X="189" Y="146" T="116687149" />
  <Point X="187" Y="147" T="116687161" />
  <Point X="185" Y="149" T="116687174" />
  <Point X="182" Y="150" T="116687187" />
  <Point X="176" Y="152" T="116687200" />
  <Point X="170" Y="154" T="116687214" />
  <Point X="164" Y="155" T="116687228" />
  <Point X="157" Y="157" T="116687242" />
  <Point X="153" Y="157" T="116687256" />
  <Point X="147" Y="159" T="116687270" />
  <Point X="142" Y="158" T="116687284" />
  <Point X="139" Y="158" T="116687299" />
  <Point X="134" Y="159" T="116687314" />
  <Point X="134" Y="157" T="116687378" />
  <Point X="136" Y="157" T="116687394" />
  <Point X="139" Y="157" T="116687409" />
  <Point X="143" Y="155" T="116687426" />
  <Point X="148" Y="155" T="116687442" />
  <Point X="154" Y="156" T="116687459" />
  <Point X="164" Y="155" T="116687476" />
  <Point X="171" Y="154" T="116687493" />
  <Point X="179" Y="152" T="116687510" />
  <Point X="184" Y="151" T="116687527" />
  <Point X="189" Y="147" T="116687545" />
  <Point X="191" Y="147" T="116687562" />
  <Point X="192" Y="149" T="116687655" />
  <Point X="192" Y="154" T="116687673" />
  <Point X="193" Y="162" T="116687692" />
  <Point X="193" Y="168" T="116687711" />
  <Point X="194" Y="171" T="116687712" />
  <Point X="196" Y="176" T="116687731" />
  <Point X="199" Y="182" T="116687750" />
  <Point X="201" Y="186" T="116687771" />
  <Point X="202" Y="189" T="116687790" />
  <Point X="205" Y="190" T="116687811" />
</Gesture>