﻿<?xml version="1.0" encoding="utf-8" standalone="yes"?>
<Gesture Name="arrow04" Subject="4" Speed="fast" Number="4" NumPts="77" Millseconds="1228" AppName="Gestures" AppVer="3.7.0.0" Date="Friday, March 09, 2007" TimeOfDay="8:20:38 PM">
  <Point X="80" Y="215" T="116679663" />
  <Point X="81" Y="218" T="116679707" />
  <Point X="84" Y="219" T="116679728" />
  <Point X="86" Y="220" T="116679744" />
  <Point X="89" Y="220" T="116679756" />
  <Point X="91" Y="221" T="116679763" />
  <Point X="94" Y="221" T="116679771" />
  <Point X="97" Y="220" T="116679779" />
  <Point X="100" Y="219" T="116679787" />
  <Point X="103" Y="219" T="116679795" />
  <Point X="106" Y="219" T="116679803" />
  <Point X="109" Y="219" T="116679811" />
  <Point X="112" Y="219" T="116679819" />
  <Point X="116" Y="217" T="116679828" />
  <Point X="119" Y="215" T="116679836" />
  <Point X="122" Y="214" T="116679845" />
  <Point X="125" Y="212" T="116679854" />
  <Point X="128" Y="211" T="116679862" />
  <Point X="131" Y="209" T="116679871" />
  <Point X="134" Y="207" T="116679879" />
  <Point X="137" Y="205" T="116679888" />
  <Point X="140" Y="204" T="116679898" />
  <Point X="142" Y="202" T="116679907" />
  <Point X="145" Y="200" T="116679917" />
  <Point X="150" Y="196" T="116679927" />
  <Point X="153" Y="194" T="116679937" />
  <Point X="155" Y="192" T="116679947" />
  <Point X="159" Y="188" T="116679959" />
  <Point X="161" Y="186" T="116679969" />
  <Point X="164" Y="184" T="116679980" />
  <Point X="168" Y="180" T="116679991" />
  <Point X="169" Y="178" T="116680003" />
  <Point X="173" Y="173" T="116680014" />
  <Point X="174" Y="171" T="116680026" />
  <Point X="175" Y="169" T="116680042" />
  <Point X="176" Y="167" T="116680054" />
  <Point X="177" Y="164" T="116680083" />
  <Point X="178" Y="162" T="116680116" />
  <Point X="176" Y="164" T="116680176" />
  <Point X="174" Y="165" T="116680193" />
  <Point X="172" Y="166" T="116680206" />
  <Point X="167" Y="167" T="116680220" />
  <Point X="161" Y="169" T="116680234" />
  <Point X="158" Y="170" T="116680248" />
  <Point X="152" Y="171" T="116680262" />
  <Point X="146" Y="172" T="116680277" />
  <Point X="141" Y="174" T="116680291" />
  <Point X="137" Y="174" T="116680306" />
  <Point X="132" Y="174" T="116680321" />
  <Point X="130" Y="174" T="116680336" />
  <Point X="128" Y="174" T="116680351" />
  <Point X="126" Y="173" T="116680367" />
  <Point X="129" Y="173" T="116680462" />
  <Point X="132" Y="174" T="116680478" />
  <Point X="137" Y="172" T="116680494" />
  <Point X="143" Y="173" T="116680511" />
  <Point X="150" Y="173" T="116680528" />
  <Point X="157" Y="171" T="116680545" />
  <Point X="165" Y="167" T="116680562" />
  <Point X="170" Y="165" T="116680580" />
  <Point X="172" Y="165" T="116680597" />
  <Point X="175" Y="163" T="116680598" />
  <Point X="177" Y="162" T="116680617" />
  <Point X="179" Y="161" T="116680635" />
  <Point X="181" Y="158" T="116680665" />
  <Point X="181" Y="161" T="116680689" />
  <Point X="182" Y="163" T="116680709" />
  <Point X="182" Y="165" T="116680729" />
  <Point X="181" Y="170" T="116680748" />
  <Point X="181" Y="172" T="116680749" />
  <Point X="180" Y="178" T="116680769" />
  <Point X="180" Y="185" T="116680789" />
  <Point X="181" Y="193" T="116680809" />
  <Point X="182" Y="201" T="116680830" />
  <Point X="185" Y="206" T="116680850" />
  <Point X="186" Y="209" T="116680870" />
  <Point X="188" Y="211" T="116680891" />
</Gesture>