﻿<?xml version="1.0" encoding="utf-8" standalone="yes"?>
<Gesture Name="arrow06" Subject="4" Speed="fast" Number="6" NumPts="75" Millseconds="1064" AppName="Gestures" AppVer="3.7.0.0" Date="Friday, March 09, 2007" TimeOfDay="8:20:41 PM">
  <Point X="83" Y="217" T="116683481" />
  <Point X="86" Y="216" T="116683490" />
  <Point X="88" Y="215" T="116683498" />
  <Point X="91" Y="214" T="116683506" />
  <Point X="93" Y="214" T="116683511" />
  <Point X="95" Y="214" T="116683517" />
  <Point X="97" Y="213" T="116683518" />
  <Point X="101" Y="212" T="116683526" />
  <Point X="103" Y="211" T="116683533" />
  <Point X="108" Y="210" T="116683539" />
  <Point X="112" Y="208" T="116683546" />
  <Point X="114" Y="208" T="116683553" />
  <Point X="116" Y="207" T="116683554" />
  <Point X="118" Y="207" T="116683562" />
  <Point X="120" Y="205" T="116683563" />
  <Point X="125" Y="203" T="116683571" />
  <Point X="129" Y="202" T="116683579" />
  <Point X="133" Y="200" T="116683587" />
  <Point X="137" Y="198" T="116683596" />
  <Point X="141" Y="196" T="116683605" />
  <Point X="145" Y="193" T="116683614" />
  <Point X="147" Y="191" T="116683615" />
  <Point X="150" Y="190" T="116683624" />
  <Point X="153" Y="188" T="116683633" />
  <Point X="156" Y="186" T="116683643" />
  <Point X="159" Y="184" T="116683653" />
  <Point X="164" Y="179" T="116683663" />
  <Point X="167" Y="177" T="116683674" />
  <Point X="169" Y="174" T="116683684" />
  <Point X="171" Y="171" T="116683695" />
  <Point X="175" Y="166" T="116683707" />
  <Point X="176" Y="164" T="116683718" />
  <Point X="178" Y="161" T="116683731" />
  <Point X="179" Y="158" T="116683746" />
  <Point X="180" Y="156" T="116683758" />
  <Point X="180" Y="154" T="116683795" />
  <Point X="178" Y="156" T="116683864" />
  <Point X="176" Y="158" T="116683876" />
  <Point X="173" Y="160" T="116683889" />
  <Point X="171" Y="160" T="116683902" />
  <Point X="165" Y="162" T="116683915" />
  <Point X="157" Y="164" T="116683929" />
  <Point X="150" Y="167" T="116683943" />
  <Point X="144" Y="168" T="116683957" />
  <Point X="137" Y="168" T="116683975" />
  <Point X="132" Y="169" T="116683989" />
  <Point X="130" Y="169" T="116684003" />
  <Point X="128" Y="169" T="116684004" />
  <Point X="126" Y="168" T="116684019" />
  <Point X="124" Y="168" T="116684039" />
  <Point X="124" Y="166" T="116684055" />
  <Point X="126" Y="165" T="116684116" />
  <Point X="128" Y="166" T="116684131" />
  <Point X="131" Y="165" T="116684147" />
  <Point X="133" Y="165" T="116684148" />
  <Point X="138" Y="164" T="116684165" />
  <Point X="145" Y="164" T="116684182" />
  <Point X="151" Y="163" T="116684199" />
  <Point X="155" Y="163" T="116684200" />
  <Point X="161" Y="161" T="116684218" />
  <Point X="167" Y="160" T="116684235" />
  <Point X="170" Y="159" T="116684237" />
  <Point X="175" Y="156" T="116684254" />
  <Point X="180" Y="154" T="116684272" />
  <Point X="182" Y="152" T="116684290" />
  <Point X="184" Y="150" T="116684308" />
  <Point X="186" Y="152" T="116684381" />
  <Point X="186" Y="155" T="116684399" />
  <Point X="185" Y="161" T="116684418" />
  <Point X="184" Y="171" T="116684438" />
  <Point X="183" Y="178" T="116684457" />
  <Point X="184" Y="186" T="116684476" />
  <Point X="185" Y="191" T="116684496" />
  <Point X="186" Y="196" T="116684516" />
  <Point X="187" Y="198" T="116684545" />
</Gesture>