﻿<?xml version="1.0" encoding="utf-8" standalone="yes"?>
<Gesture Name="arrow03" Subject="4" Speed="fast" Number="3" NumPts="76" Millseconds="1135" AppName="Gestures" AppVer="3.7.0.0" Date="Friday, March 09, 2007" TimeOfDay="8:20:36 PM">
  <Point X="70" Y="215" T="116677953" />
  <Point X="72" Y="217" T="116677981" />
  <Point X="74" Y="217" T="116677993" />
  <Point X="77" Y="217" T="116678006" />
  <Point X="79" Y="217" T="116678013" />
  <Point X="81" Y="217" T="116678022" />
  <Point X="84" Y="217" T="116678030" />
  <Point X="87" Y="216" T="116678038" />
  <Point X="90" Y="216" T="116678046" />
  <Point X="93" Y="215" T="116678054" />
  <Point X="96" Y="214" T="116678062" />
  <Point X="99" Y="214" T="116678070" />
  <Point X="102" Y="213" T="116678078" />
  <Point X="105" Y="212" T="116678087" />
  <Point X="108" Y="211" T="116678094" />
  <Point X="111" Y="210" T="116678102" />
  <Point X="114" Y="209" T="116678110" />
  <Point X="116" Y="207" T="116678119" />
  <Point X="120" Y="205" T="116678127" />
  <Point X="124" Y="203" T="116678136" />
  <Point X="127" Y="201" T="116678145" />
  <Point X="130" Y="198" T="116678147" />
  <Point X="133" Y="196" T="116678156" />
  <Point X="136" Y="194" T="116678165" />
  <Point X="138" Y="191" T="116678175" />
  <Point X="141" Y="190" T="116678185" />
  <Point X="143" Y="188" T="116678186" />
  <Point X="145" Y="185" T="116678197" />
  <Point X="147" Y="183" T="116678208" />
  <Point X="151" Y="179" T="116678218" />
  <Point X="152" Y="177" T="116678229" />
  <Point X="155" Y="174" T="116678241" />
  <Point X="157" Y="172" T="116678252" />
  <Point X="158" Y="170" T="116678264" />
  <Point X="161" Y="169" T="116678275" />
  <Point X="162" Y="166" T="116678288" />
  <Point X="163" Y="164" T="116678300" />
  <Point X="160" Y="165" T="116678374" />
  <Point X="158" Y="165" T="116678386" />
  <Point X="155" Y="167" T="116678399" />
  <Point X="152" Y="167" T="116678413" />
  <Point X="146" Y="169" T="116678426" />
  <Point X="139" Y="171" T="116678440" />
  <Point X="136" Y="172" T="116678453" />
  <Point X="133" Y="172" T="116678454" />
  <Point X="130" Y="172" T="116678468" />
  <Point X="126" Y="173" T="116678485" />
  <Point X="123" Y="173" T="116678486" />
  <Point X="121" Y="173" T="116678501" />
  <Point X="119" Y="173" T="116678502" />
  <Point X="117" Y="173" T="116678517" />
  <Point X="115" Y="173" T="116678518" />
  <Point X="113" Y="174" T="116678534" />
  <Point X="111" Y="174" T="116678550" />
  <Point X="109" Y="173" T="116678566" />
  <Point X="111" Y="173" T="116678644" />
  <Point X="114" Y="173" T="116678660" />
  <Point X="119" Y="173" T="116678677" />
  <Point X="124" Y="173" T="116678695" />
  <Point X="135" Y="174" T="116678713" />
  <Point X="141" Y="172" T="116678730" />
  <Point X="148" Y="169" T="116678748" />
  <Point X="154" Y="168" T="116678766" />
  <Point X="161" Y="165" T="116678784" />
  <Point X="163" Y="164" T="116678802" />
  <Point X="168" Y="161" T="116678821" />
  <Point X="170" Y="159" T="116678839" />
  <Point X="171" Y="161" T="116678928" />
  <Point X="171" Y="164" T="116678947" />
  <Point X="170" Y="170" T="116678967" />
  <Point X="169" Y="177" T="116678986" />
  <Point X="169" Y="188" T="116679006" />
  <Point X="169" Y="194" T="116679025" />
  <Point X="171" Y="203" T="116679048" />
  <Point X="172" Y="207" T="116679068" />
  <Point X="173" Y="209" T="116679088" />
</Gesture>