﻿<?xml version="1.0" encoding="utf-8" standalone="yes"?>
<Gesture Name="arrow05" Subject="4" Speed="fast" Number="5" NumPts="77" Millseconds="1133" AppName="Gestures" AppVer="3.7.0.0" Date="Friday, March 09, 2007" TimeOfDay="8:20:40 PM">
  <Point X="79" Y="212" T="116681765" />
  <Point X="79" Y="214" T="116681777" />
  <Point X="81" Y="214" T="116681798" />
  <Point X="83" Y="214" T="116681810" />
  <Point X="85" Y="214" T="116681818" />
  <Point X="88" Y="214" T="116681827" />
  <Point X="90" Y="214" T="116681835" />
  <Point X="93" Y="213" T="116681843" />
  <Point X="97" Y="212" T="116681851" />
  <Point X="100" Y="213" T="116681859" />
  <Point X="103" Y="213" T="116681867" />
  <Point X="107" Y="212" T="116681875" />
  <Point X="110" Y="211" T="116681883" />
  <Point X="112" Y="211" T="116681890" />
  <Point X="114" Y="210" T="116681892" />
  <Point X="118" Y="208" T="116681899" />
  <Point X="122" Y="207" T="116681908" />
  <Point X="124" Y="206" T="116681916" />
  <Point X="127" Y="205" T="116681925" />
  <Point X="133" Y="201" T="116681933" />
  <Point X="136" Y="198" T="116681942" />
  <Point X="140" Y="196" T="116681952" />
  <Point X="143" Y="194" T="116681961" />
  <Point X="146" Y="191" T="116681971" />
  <Point X="149" Y="189" T="116681972" />
  <Point X="152" Y="186" T="116681982" />
  <Point X="155" Y="184" T="116681992" />
  <Point X="157" Y="182" T="116682002" />
  <Point X="159" Y="179" T="116682004" />
  <Point X="161" Y="177" T="116682014" />
  <Point X="164" Y="175" T="116682025" />
  <Point X="166" Y="172" T="116682036" />
  <Point X="169" Y="168" T="116682048" />
  <Point X="171" Y="166" T="116682059" />
  <Point X="173" Y="164" T="116682071" />
  <Point X="174" Y="162" T="116682087" />
  <Point X="175" Y="160" T="116682151" />
  <Point X="173" Y="162" T="116682176" />
  <Point X="170" Y="162" T="116682189" />
  <Point X="168" Y="163" T="116682201" />
  <Point X="164" Y="164" T="116682215" />
  <Point X="158" Y="167" T="116682228" />
  <Point X="155" Y="167" T="116682242" />
  <Point X="148" Y="168" T="116682256" />
  <Point X="142" Y="169" T="116682270" />
  <Point X="136" Y="169" T="116682285" />
  <Point X="133" Y="171" T="116682299" />
  <Point X="130" Y="171" T="116682300" />
  <Point X="128" Y="170" T="116682316" />
  <Point X="125" Y="170" T="116682317" />
  <Point X="123" Y="170" T="116682332" />
  <Point X="120" Y="170" T="116682347" />
  <Point X="118" Y="170" T="116682348" />
  <Point X="116" Y="169" T="116682366" />
  <Point X="118" Y="168" T="116682424" />
  <Point X="121" Y="168" T="116682440" />
  <Point X="126" Y="168" T="116682457" />
  <Point X="132" Y="167" T="116682474" />
  <Point X="138" Y="167" T="116682491" />
  <Point X="148" Y="167" T="116682509" />
  <Point X="154" Y="167" T="116682526" />
  <Point X="165" Y="165" T="116682544" />
  <Point X="170" Y="164" T="116682562" />
  <Point X="175" Y="162" T="116682581" />
  <Point X="179" Y="158" T="116682599" />
  <Point X="181" Y="157" T="116682618" />
  <Point X="182" Y="155" T="116682660" />
  <Point X="183" Y="158" T="116682716" />
  <Point X="183" Y="160" T="116682735" />
  <Point X="183" Y="165" T="116682755" />
  <Point X="182" Y="173" T="116682774" />
  <Point X="182" Y="178" T="116682794" />
  <Point X="184" Y="186" T="116682815" />
  <Point X="186" Y="194" T="116682837" />
  <Point X="188" Y="198" T="116682857" />
  <Point X="189" Y="200" T="116682877" />
  <Point X="190" Y="202" T="116682898" />
</Gesture>