﻿<?xml version="1.0" encoding="utf-8" standalone="yes"?>
<Gesture Name="arrow09" Subject="4" Speed="fast" Number="9" NumPts="76" Millseconds="1087" AppName="Gestures" AppVer="3.7.0.0" Date="Friday, March 09, 2007" TimeOfDay="8:20:46 PM">
  <Point X="83" Y="211" T="116688365" />
  <Point X="85" Y="212" T="116688389" />
  <Point X="87" Y="211" T="116688402" />
  <Point X="89" Y="211" T="116688409" />
  <Point X="92" Y="211" T="116688418" />
  <Point X="95" Y="211" T="116688426" />
  <Point X="98" Y="211" T="116688434" />
  <Point X="100" Y="210" T="116688440" />
  <Point X="103" Y="210" T="116688447" />
  <Point X="106" Y="209" T="116688453" />
  <Point X="108" Y="208" T="116688454" />
  <Point X="112" Y="208" T="116688462" />
  <Point X="114" Y="207" T="116688469" />
  <Point X="117" Y="206" T="116688470" />
  <Point X="121" Y="205" T="116688479" />
  <Point X="124" Y="203" T="116688488" />
  <Point X="128" Y="202" T="116688496" />
  <Point X="132" Y="200" T="116688505" />
  <Point X="135" Y="198" T="116688514" />
  <Point X="139" Y="196" T="116688524" />
  <Point X="142" Y="194" T="116688534" />
  <Point X="147" Y="189" T="116688543" />
  <Point X="150" Y="187" T="116688552" />
  <Point X="153" Y="185" T="116688562" />
  <Point X="158" Y="182" T="116688571" />
  <Point X="160" Y="180" T="116688581" />
  <Point X="162" Y="177" T="116688592" />
  <Point X="165" Y="175" T="116688602" />
  <Point X="167" Y="172" T="116688603" />
  <Point X="170" Y="168" T="116688614" />
  <Point X="173" Y="165" T="116688625" />
  <Point X="177" Y="161" T="116688636" />
  <Point X="179" Y="157" T="116688648" />
  <Point X="180" Y="155" T="116688660" />
  <Point X="183" Y="150" T="116688671" />
  <Point X="183" Y="148" T="116688683" />
  <Point X="184" Y="146" T="116688696" />
  <Point X="182" Y="147" T="116688788" />
  <Point X="180" Y="148" T="116688801" />
  <Point X="177" Y="149" T="116688813" />
  <Point X="174" Y="149" T="116688827" />
  <Point X="168" Y="152" T="116688840" />
  <Point X="160" Y="154" T="116688854" />
  <Point X="154" Y="156" T="116688868" />
  <Point X="152" Y="156" T="116688869" />
  <Point X="148" Y="157" T="116688883" />
  <Point X="145" Y="157" T="116688884" />
  <Point X="141" Y="158" T="116688899" />
  <Point X="136" Y="158" T="116688914" />
  <Point X="131" Y="158" T="116688929" />
  <Point X="127" Y="159" T="116688945" />
  <Point X="125" Y="159" T="116688960" />
  <Point X="127" Y="157" T="116689024" />
  <Point X="129" Y="157" T="116689040" />
  <Point X="132" Y="157" T="116689056" />
  <Point X="135" Y="156" T="116689057" />
  <Point X="140" Y="156" T="116689073" />
  <Point X="147" Y="157" T="116689091" />
  <Point X="157" Y="156" T="116689108" />
  <Point X="166" Y="153" T="116689126" />
  <Point X="171" Y="151" T="116689144" />
  <Point X="174" Y="150" T="116689145" />
  <Point X="178" Y="146" T="116689163" />
  <Point X="181" Y="144" T="116689181" />
  <Point X="182" Y="142" T="116689199" />
  <Point X="184" Y="141" T="116689218" />
  <Point X="186" Y="142" T="116689261" />
  <Point X="187" Y="144" T="116689280" />
  <Point X="188" Y="148" T="116689299" />
  <Point X="188" Y="159" T="116689319" />
  <Point X="189" Y="169" T="116689339" />
  <Point X="189" Y="179" T="116689359" />
  <Point X="190" Y="185" T="116689382" />
  <Point X="192" Y="190" T="116689402" />
  <Point X="193" Y="192" T="116689422" />
  <Point X="193" Y="190" T="116689452" />
</Gesture>