﻿<?xml version="1.0" encoding="utf-8" standalone="yes"?>
<Gesture Name="arrow02" Subject="4" Speed="fast" Number="2" NumPts="75" Millseconds="1234" AppName="Gestures" AppVer="3.7.0.0" Date="Friday, March 09, 2007" TimeOfDay="8:20:34 PM">
  <Point X="77" Y="208" T="116676066" />
  <Point X="79" Y="208" T="116676098" />
  <Point X="82" Y="209" T="116676115" />
  <Point X="84" Y="210" T="116676123" />
  <Point X="86" Y="209" T="116676131" />
  <Point X="89" Y="209" T="116676138" />
  <Point X="92" Y="208" T="116676146" />
  <Point X="95" Y="208" T="116676154" />
  <Point X="97" Y="208" T="116676162" />
  <Point X="100" Y="207" T="116676170" />
  <Point X="104" Y="207" T="116676178" />
  <Point X="107" Y="206" T="116676186" />
  <Point X="110" Y="204" T="116676194" />
  <Point X="112" Y="203" T="116676202" />
  <Point X="116" Y="202" T="116676210" />
  <Point X="119" Y="200" T="116676218" />
  <Point X="122" Y="197" T="116676226" />
  <Point X="125" Y="196" T="116676234" />
  <Point X="129" Y="193" T="116676243" />
  <Point X="132" Y="191" T="116676251" />
  <Point X="137" Y="188" T="116676261" />
  <Point X="141" Y="185" T="116676270" />
  <Point X="144" Y="182" T="116676279" />
  <Point X="147" Y="180" T="116676289" />
  <Point X="152" Y="177" T="116676299" />
  <Point X="154" Y="175" T="116676309" />
  <Point X="156" Y="172" T="116676319" />
  <Point X="158" Y="170" T="116676330" />
  <Point X="160" Y="168" T="116676340" />
  <Point X="162" Y="166" T="116676351" />
  <Point X="163" Y="163" T="116676362" />
  <Point X="165" Y="161" T="116676373" />
  <Point X="165" Y="159" T="116676374" />
  <Point X="167" Y="157" T="116676386" />
  <Point X="168" Y="155" T="116676407" />
  <Point X="166" Y="156" T="116676492" />
  <Point X="163" Y="158" T="116676504" />
  <Point X="161" Y="159" T="116676517" />
  <Point X="158" Y="160" T="116676529" />
  <Point X="153" Y="162" T="116676543" />
  <Point X="150" Y="164" T="116676555" />
  <Point X="147" Y="166" T="116676557" />
  <Point X="144" Y="166" T="116676570" />
  <Point X="138" Y="166" T="116676584" />
  <Point X="132" Y="169" T="116676601" />
  <Point X="126" Y="167" T="116676615" />
  <Point X="122" Y="169" T="116676629" />
  <Point X="120" Y="169" T="116676644" />
  <Point X="115" Y="169" T="116676659" />
  <Point X="113" Y="168" T="116676676" />
  <Point X="115" Y="167" T="116676773" />
  <Point X="118" Y="167" T="116676790" />
  <Point X="124" Y="165" T="116676809" />
  <Point X="130" Y="166" T="116676825" />
  <Point X="137" Y="165" T="116676841" />
  <Point X="144" Y="164" T="116676858" />
  <Point X="153" Y="161" T="116676875" />
  <Point X="159" Y="158" T="116676892" />
  <Point X="165" Y="157" T="116676909" />
  <Point X="169" Y="155" T="116676927" />
  <Point X="174" Y="153" T="116676944" />
  <Point X="178" Y="150" T="116676962" />
  <Point X="180" Y="149" T="116676990" />
  <Point X="178" Y="151" T="116677087" />
  <Point X="177" Y="153" T="116677105" />
  <Point X="176" Y="155" T="116677123" />
  <Point X="176" Y="159" T="116677142" />
  <Point X="176" Y="164" T="116677160" />
  <Point X="175" Y="170" T="116677180" />
  <Point X="176" Y="180" T="116677199" />
  <Point X="178" Y="190" T="116677219" />
  <Point X="180" Y="196" T="116677239" />
  <Point X="182" Y="203" T="116677259" />
  <Point X="184" Y="207" T="116677280" />
  <Point X="186" Y="209" T="116677300" />
</Gesture>