﻿<?xml version="1.0" encoding="utf-8" standalone="yes"?>
<Gesture Name="caret03" Subject="4" Speed="fast" Number="3" NumPts="60" Millseconds="790" AppName="Gestures" AppVer="3.7.0.0" Date="Friday, March 09, 2007" TimeOfDay="8:37:50 PM">
  <Point X="70" Y="226" T="117714593" />
  <Point X="71" Y="224" T="117714617" />
  <Point X="73" Y="221" T="117714629" />
  <Point X="74" Y="219" T="117714638" />
  <Point X="75" Y="216" T="117714645" />
  <Point X="76" Y="214" T="117714653" />
  <Point X="77" Y="212" T="117714662" />
  <Point X="78" Y="210" T="117714668" />
  <Point X="79" Y="207" T="117714675" />
  <Point X="80" Y="204" T="117714682" />
  <Point X="81" Y="201" T="117714690" />
  <Point X="82" Y="199" T="117714697" />
  <Point X="83" Y="195" T="117714705" />
  <Point X="85" Y="190" T="117714712" />
  <Point X="87" Y="186" T="117714720" />
  <Point X="88" Y="181" T="117714728" />
  <Point X="90" Y="177" T="117714736" />
  <Point X="91" Y="172" T="117714745" />
  <Point X="91" Y="170" T="117714753" />
  <Point X="93" Y="167" T="117714754" />
  <Point X="94" Y="163" T="117714764" />
  <Point X="95" Y="160" T="117714773" />
  <Point X="96" Y="157" T="117714782" />
  <Point X="97" Y="153" T="117714793" />
  <Point X="98" Y="148" T="117714803" />
  <Point X="99" Y="146" T="117714812" />
  <Point X="100" Y="144" T="117714823" />
  <Point X="101" Y="141" T="117714833" />
  <Point X="101" Y="139" T="117714834" />
  <Point X="103" Y="136" T="117714846" />
  <Point X="103" Y="134" T="117714858" />
  <Point X="104" Y="132" T="117714869" />
  <Point X="106" Y="130" T="117714882" />
  <Point X="107" Y="128" T="117714899" />
  <Point X="107" Y="126" T="117714911" />
  <Point X="109" Y="126" T="117714985" />
  <Point X="111" Y="128" T="117715005" />
  <Point X="113" Y="131" T="117715018" />
  <Point X="114" Y="134" T="117715030" />
  <Point X="117" Y="141" T="117715044" />
  <Point X="119" Y="148" T="117715058" />
  <Point X="122" Y="155" T="117715072" />
  <Point X="126" Y="163" T="117715086" />
  <Point X="129" Y="170" T="117715100" />
  <Point X="130" Y="173" T="117715101" />
  <Point X="132" Y="177" T="117715116" />
  <Point X="137" Y="185" T="117715131" />
  <Point X="142" Y="193" T="117715146" />
  <Point X="145" Y="198" T="117715161" />
  <Point X="149" Y="204" T="117715176" />
  <Point X="152" Y="208" T="117715191" />
  <Point X="154" Y="214" T="117715207" />
  <Point X="156" Y="217" T="117715223" />
  <Point X="158" Y="221" T="117715239" />
  <Point X="159" Y="223" T="117715257" />
  <Point X="160" Y="225" T="117715273" />
  <Point X="161" Y="227" T="117715289" />
  <Point X="163" Y="229" T="117715310" />
  <Point X="163" Y="231" T="117715327" />
  <Point X="161" Y="230" T="117715383" />
</Gesture>