﻿<?xml version="1.0" encoding="utf-8" standalone="yes"?>
<Gesture Name="caret10" Subject="4" Speed="fast" Number="10" NumPts="57" Millseconds="689" AppName="Gestures" AppVer="3.7.0.0" Date="Friday, March 09, 2007" TimeOfDay="8:37:58 PM">
  <Point X="79" Y="233" T="117723146" />
  <Point X="79" Y="231" T="117723162" />
  <Point X="81" Y="228" T="117723177" />
  <Point X="83" Y="226" T="117723186" />
  <Point X="85" Y="223" T="117723194" />
  <Point X="86" Y="220" T="117723202" />
  <Point X="87" Y="218" T="117723208" />
  <Point X="89" Y="216" T="117723214" />
  <Point X="90" Y="212" T="117723222" />
  <Point X="91" Y="209" T="117723230" />
  <Point X="92" Y="207" T="117723237" />
  <Point X="94" Y="203" T="117723244" />
  <Point X="94" Y="200" T="117723251" />
  <Point X="96" Y="197" T="117723259" />
  <Point X="98" Y="190" T="117723267" />
  <Point X="100" Y="186" T="117723275" />
  <Point X="102" Y="181" T="117723283" />
  <Point X="104" Y="177" T="117723291" />
  <Point X="106" Y="172" T="117723300" />
  <Point X="107" Y="167" T="117723309" />
  <Point X="109" Y="162" T="117723318" />
  <Point X="110" Y="160" T="117723327" />
  <Point X="111" Y="157" T="117723337" />
  <Point X="113" Y="152" T="117723346" />
  <Point X="113" Y="150" T="117723356" />
  <Point X="114" Y="148" T="117723366" />
  <Point X="115" Y="146" T="117723376" />
  <Point X="117" Y="142" T="117723387" />
  <Point X="118" Y="140" T="117723397" />
  <Point X="119" Y="138" T="117723408" />
  <Point X="119" Y="136" T="117723423" />
  <Point X="121" Y="137" T="117723488" />
  <Point X="123" Y="138" T="117723504" />
  <Point X="124" Y="141" T="117723516" />
  <Point X="125" Y="143" T="117723528" />
  <Point X="126" Y="145" T="117723529" />
  <Point X="128" Y="151" T="117723541" />
  <Point X="130" Y="157" T="117723554" />
  <Point X="133" Y="164" T="117723567" />
  <Point X="135" Y="172" T="117723580" />
  <Point X="139" Y="182" T="117723594" />
  <Point X="142" Y="188" T="117723608" />
  <Point X="142" Y="190" T="117723609" />
  <Point X="145" Y="196" T="117723623" />
  <Point X="150" Y="204" T="117723638" />
  <Point X="153" Y="210" T="117723652" />
  <Point X="154" Y="212" T="117723653" />
  <Point X="156" Y="215" T="117723668" />
  <Point X="159" Y="219" T="117723669" />
  <Point X="162" Y="224" T="117723684" />
  <Point X="165" Y="229" T="117723699" />
  <Point X="166" Y="231" T="117723700" />
  <Point X="168" Y="235" T="117723719" />
  <Point X="171" Y="240" T="117723735" />
  <Point X="172" Y="242" T="117723751" />
  <Point X="173" Y="244" T="117723767" />
  <Point X="175" Y="242" T="117723835" />
</Gesture>