﻿<?xml version="1.0" encoding="utf-8" standalone="yes"?>
<Gesture Name="caret09" Subject="4" Speed="fast" Number="9" NumPts="55" Millseconds="650" AppName="Gestures" AppVer="3.7.0.0" Date="Friday, March 09, 2007" TimeOfDay="8:37:57 PM">
  <Point X="77" Y="237" T="117721905" />
  <Point X="78" Y="235" T="117721913" />
  <Point X="79" Y="233" T="117721932" />
  <Point X="81" Y="229" T="117721949" />
  <Point X="82" Y="226" T="117721957" />
  <Point X="83" Y="224" T="117721965" />
  <Point X="85" Y="221" T="117721977" />
  <Point X="86" Y="218" T="117721985" />
  <Point X="87" Y="215" T="117721993" />
  <Point X="89" Y="212" T="117722001" />
  <Point X="89" Y="210" T="117722008" />
  <Point X="90" Y="208" T="117722015" />
  <Point X="93" Y="202" T="117722022" />
  <Point X="94" Y="198" T="117722030" />
  <Point X="96" Y="194" T="117722038" />
  <Point X="97" Y="192" T="117722046" />
  <Point X="99" Y="185" T="117722054" />
  <Point X="101" Y="181" T="117722062" />
  <Point X="102" Y="177" T="117722070" />
  <Point X="103" Y="175" T="117722080" />
  <Point X="104" Y="172" T="117722088" />
  <Point X="105" Y="170" T="117722090" />
  <Point X="105" Y="168" T="117722100" />
  <Point X="107" Y="161" T="117722111" />
  <Point X="107" Y="159" T="117722122" />
  <Point X="108" Y="156" T="117722133" />
  <Point X="109" Y="154" T="117722143" />
  <Point X="110" Y="151" T="117722154" />
  <Point X="111" Y="149" T="117722164" />
  <Point X="112" Y="147" T="117722186" />
  <Point X="114" Y="147" T="117722247" />
  <Point X="116" Y="149" T="117722263" />
  <Point X="117" Y="151" T="117722274" />
  <Point X="118" Y="153" T="117722286" />
  <Point X="120" Y="155" T="117722287" />
  <Point X="122" Y="160" T="117722299" />
  <Point X="125" Y="165" T="117722312" />
  <Point X="127" Y="172" T="117722325" />
  <Point X="130" Y="179" T="117722338" />
  <Point X="133" Y="185" T="117722351" />
  <Point X="134" Y="187" T="117722352" />
  <Point X="136" Y="193" T="117722365" />
  <Point X="138" Y="197" T="117722379" />
  <Point X="140" Y="200" T="117722380" />
  <Point X="143" Y="207" T="117722394" />
  <Point X="144" Y="209" T="117722395" />
  <Point X="147" Y="212" T="117722410" />
  <Point X="151" Y="219" T="117722425" />
  <Point X="155" Y="226" T="117722440" />
  <Point X="160" Y="234" T="117722455" />
  <Point X="163" Y="239" T="117722473" />
  <Point X="165" Y="242" T="117722488" />
  <Point X="167" Y="246" T="117722504" />
  <Point X="168" Y="249" T="117722520" />
  <Point X="170" Y="251" T="117722555" />
</Gesture>