﻿<?xml version="1.0" encoding="utf-8" standalone="yes"?>
<Gesture Name="caret02" Subject="4" Speed="fast" Number="2" NumPts="53" Millseconds="612" AppName="Gestures" AppVer="3.7.0.0" Date="Friday, March 09, 2007" TimeOfDay="8:37:49 PM">
  <Point X="76" Y="225" T="117713458" />
  <Point X="77" Y="222" T="117713475" />
  <Point X="78" Y="220" T="117713483" />
  <Point X="80" Y="218" T="117713495" />
  <Point X="81" Y="216" T="117713503" />
  <Point X="82" Y="213" T="117713515" />
  <Point X="84" Y="210" T="117713524" />
  <Point X="85" Y="206" T="117713532" />
  <Point X="87" Y="203" T="117713540" />
  <Point X="88" Y="201" T="117713548" />
  <Point X="89" Y="198" T="117713555" />
  <Point X="91" Y="194" T="117713562" />
  <Point X="93" Y="191" T="117713569" />
  <Point X="95" Y="187" T="117713577" />
  <Point X="97" Y="182" T="117713585" />
  <Point X="99" Y="178" T="117713593" />
  <Point X="101" Y="173" T="117713601" />
  <Point X="102" Y="169" T="117713609" />
  <Point X="104" Y="165" T="117713618" />
  <Point X="105" Y="161" T="117713627" />
  <Point X="106" Y="157" T="117713636" />
  <Point X="107" Y="155" T="117713637" />
  <Point X="108" Y="152" T="117713646" />
  <Point X="110" Y="148" T="117713662" />
  <Point X="111" Y="145" T="117713673" />
  <Point X="112" Y="143" T="117713682" />
  <Point X="113" Y="140" T="117713695" />
  <Point X="114" Y="137" T="117713705" />
  <Point X="116" Y="135" T="117713724" />
  <Point X="116" Y="133" T="117713741" />
  <Point X="119" Y="135" T="117713801" />
  <Point X="119" Y="137" T="117713812" />
  <Point X="120" Y="140" T="117713824" />
  <Point X="122" Y="146" T="117713835" />
  <Point X="123" Y="151" T="117713848" />
  <Point X="124" Y="158" T="117713860" />
  <Point X="126" Y="163" T="117713872" />
  <Point X="126" Y="166" T="117713873" />
  <Point X="127" Y="170" T="117713887" />
  <Point X="130" Y="178" T="117713900" />
  <Point X="132" Y="182" T="117713913" />
  <Point X="133" Y="185" T="117713914" />
  <Point X="136" Y="190" T="117713928" />
  <Point X="139" Y="197" T="117713942" />
  <Point X="141" Y="202" T="117713956" />
  <Point X="143" Y="204" T="117713957" />
  <Point X="144" Y="207" T="117713972" />
  <Point X="147" Y="213" T="117713986" />
  <Point X="150" Y="218" T="117714004" />
  <Point X="152" Y="224" T="117714019" />
  <Point X="155" Y="229" T="117714034" />
  <Point X="156" Y="231" T="117714050" />
  <Point X="157" Y="233" T="117714070" />
</Gesture>