﻿<?xml version="1.0" encoding="utf-8" standalone="yes"?>
<Gesture Name="caret01" Subject="4" Speed="fast" Number="1" NumPts="62" Millseconds="793" AppName="Gestures" AppVer="3.7.0.0" Date="Friday, March 09, 2007" TimeOfDay="8:37:48 PM">
  <Point X="80" Y="219" T="117712252" />
  <Point X="80" Y="216" T="117712280" />
  <Point X="81" Y="214" T="117712292" />
  <Point X="82" Y="212" T="117712305" />
  <Point X="82" Y="209" T="117712312" />
  <Point X="84" Y="206" T="117712333" />
  <Point X="85" Y="204" T="117712340" />
  <Point X="85" Y="201" T="117712348" />
  <Point X="86" Y="198" T="117712356" />
  <Point X="87" Y="194" T="117712364" />
  <Point X="88" Y="192" T="117712372" />
  <Point X="89" Y="190" T="117712380" />
  <Point X="89" Y="188" T="117712387" />
  <Point X="89" Y="186" T="117712388" />
  <Point X="90" Y="183" T="117712397" />
  <Point X="92" Y="180" T="117712406" />
  <Point X="93" Y="176" T="117712414" />
  <Point X="93" Y="174" T="117712422" />
  <Point X="95" Y="169" T="117712431" />
  <Point X="96" Y="166" T="117712440" />
  <Point X="97" Y="163" T="117712449" />
  <Point X="98" Y="161" T="117712450" />
  <Point X="98" Y="159" T="117712459" />
  <Point X="100" Y="156" T="117712469" />
  <Point X="101" Y="153" T="117712478" />
  <Point X="102" Y="150" T="117712488" />
  <Point X="103" Y="147" T="117712489" />
  <Point X="104" Y="145" T="117712505" />
  <Point X="105" Y="143" T="117712515" />
  <Point X="106" Y="140" T="117712526" />
  <Point X="107" Y="138" T="117712537" />
  <Point X="108" Y="135" T="117712553" />
  <Point X="110" Y="133" T="117712569" />
  <Point X="110" Y="131" T="117712601" />
  <Point X="112" Y="131" T="117712660" />
  <Point X="113" Y="134" T="117712672" />
  <Point X="115" Y="136" T="117712688" />
  <Point X="116" Y="138" T="117712700" />
  <Point X="118" Y="141" T="117712713" />
  <Point X="119" Y="146" T="117712726" />
  <Point X="120" Y="149" T="117712739" />
  <Point X="121" Y="151" T="117712741" />
  <Point X="123" Y="154" T="117712754" />
  <Point X="125" Y="159" T="117712768" />
  <Point X="127" Y="167" T="117712783" />
  <Point X="130" Y="173" T="117712797" />
  <Point X="131" Y="176" T="117712811" />
  <Point X="133" Y="179" T="117712812" />
  <Point X="135" Y="184" T="117712827" />
  <Point X="138" Y="190" T="117712843" />
  <Point X="140" Y="195" T="117712858" />
  <Point X="142" Y="199" T="117712873" />
  <Point X="144" Y="202" T="117712891" />
  <Point X="147" Y="209" T="117712907" />
  <Point X="149" Y="212" T="117712923" />
  <Point X="150" Y="214" T="117712924" />
  <Point X="153" Y="219" T="117712941" />
  <Point X="154" Y="221" T="117712957" />
  <Point X="156" Y="224" T="117712974" />
  <Point X="157" Y="226" T="117712991" />
  <Point X="158" Y="229" T="117713009" />
  <Point X="158" Y="226" T="117713045" />
</Gesture>