﻿<?xml version="1.0" encoding="utf-8" standalone="yes"?>
<Gesture Name="caret06" Subject="4" Speed="fast" Number="6" NumPts="62" Millseconds="775" AppName="Gestures" AppVer="3.7.0.0" Date="Friday, March 09, 2007" TimeOfDay="8:37:54 PM">
  <Point X="68" Y="233" T="117718339" />
  <Point X="68" Y="231" T="117718351" />
  <Point X="70" Y="229" T="117718367" />
  <Point X="70" Y="226" T="117718375" />
  <Point X="72" Y="223" T="117718388" />
  <Point X="73" Y="221" T="117718396" />
  <Point X="74" Y="218" T="117718404" />
  <Point X="76" Y="215" T="117718416" />
  <Point X="76" Y="213" T="117718423" />
  <Point X="77" Y="210" T="117718429" />
  <Point X="79" Y="207" T="117718436" />
  <Point X="79" Y="205" T="117718443" />
  <Point X="80" Y="201" T="117718450" />
  <Point X="82" Y="197" T="117718458" />
  <Point X="84" Y="193" T="117718466" />
  <Point X="85" Y="191" T="117718473" />
  <Point X="87" Y="185" T="117718482" />
  <Point X="88" Y="182" T="117718490" />
  <Point X="90" Y="179" T="117718498" />
  <Point X="92" Y="173" T="117718507" />
  <Point X="94" Y="169" T="117718516" />
  <Point X="95" Y="166" T="117718525" />
  <Point X="97" Y="161" T="117718535" />
  <Point X="99" Y="155" T="117718545" />
  <Point X="100" Y="152" T="117718555" />
  <Point X="101" Y="150" T="117718565" />
  <Point X="102" Y="148" T="117718575" />
  <Point X="104" Y="145" T="117718585" />
  <Point X="105" Y="142" T="117718596" />
  <Point X="106" Y="140" T="117718607" />
  <Point X="107" Y="137" T="117718617" />
  <Point X="108" Y="135" T="117718629" />
  <Point X="110" Y="134" T="117718696" />
  <Point X="112" Y="136" T="117718713" />
  <Point X="113" Y="139" T="117718730" />
  <Point X="115" Y="141" T="117718742" />
  <Point X="117" Y="147" T="117718755" />
  <Point X="118" Y="149" T="117718767" />
  <Point X="120" Y="155" T="117718780" />
  <Point X="122" Y="162" T="117718793" />
  <Point X="123" Y="165" T="117718794" />
  <Point X="124" Y="169" T="117718808" />
  <Point X="127" Y="178" T="117718822" />
  <Point X="131" Y="186" T="117718837" />
  <Point X="134" Y="194" T="117718851" />
  <Point X="136" Y="197" T="117718865" />
  <Point X="138" Y="201" T="117718866" />
  <Point X="140" Y="205" T="117718881" />
  <Point X="141" Y="209" T="117718882" />
  <Point X="143" Y="212" T="117718898" />
  <Point X="145" Y="215" T="117718899" />
  <Point X="148" Y="221" T="117718915" />
  <Point X="151" Y="227" T="117718931" />
  <Point X="154" Y="233" T="117718947" />
  <Point X="156" Y="237" T="117718963" />
  <Point X="159" Y="242" T="117718979" />
  <Point X="160" Y="244" T="117718995" />
  <Point X="162" Y="246" T="117719022" />
  <Point X="162" Y="248" T="117719054" />
  <Point X="162" Y="246" T="117719079" />
  <Point X="161" Y="244" T="117719096" />
  <Point X="161" Y="241" T="117719114" />
</Gesture>