﻿<?xml version="1.0" encoding="utf-8" standalone="yes"?>
<Gesture Name="caret08" Subject="4" Speed="fast" Number="8" NumPts="59" Millseconds="778" AppName="Gestures" AppVer="3.7.0.0" Date="Friday, March 09, 2007" TimeOfDay="8:37:56 PM">
  <Point X="71" Y="238" T="117720733" />
  <Point X="72" Y="235" T="117720749" />
  <Point X="73" Y="233" T="117720766" />
  <Point X="75" Y="230" T="117720778" />
  <Point X="76" Y="228" T="117720791" />
  <Point X="77" Y="225" T="117720799" />
  <Point X="79" Y="222" T="117720811" />
  <Point X="80" Y="220" T="117720819" />
  <Point X="82" Y="217" T="117720827" />
  <Point X="83" Y="214" T="117720835" />
  <Point X="85" Y="211" T="117720843" />
  <Point X="87" Y="207" T="117720851" />
  <Point X="88" Y="205" T="117720858" />
  <Point X="88" Y="203" T="117720859" />
  <Point X="90" Y="200" T="117720868" />
  <Point X="92" Y="197" T="117720877" />
  <Point X="93" Y="195" T="117720885" />
  <Point X="96" Y="189" T="117720893" />
  <Point X="97" Y="185" T="117720902" />
  <Point X="99" Y="182" T="117720910" />
  <Point X="101" Y="178" T="117720919" />
  <Point X="103" Y="174" T="117720929" />
  <Point X="103" Y="171" T="117720930" />
  <Point X="105" Y="167" T="117720939" />
  <Point X="106" Y="165" T="117720949" />
  <Point X="108" Y="159" T="117720959" />
  <Point X="109" Y="157" T="117720969" />
  <Point X="110" Y="155" T="117720981" />
  <Point X="111" Y="152" T="117720982" />
  <Point X="112" Y="149" T="117720992" />
  <Point X="113" Y="146" T="117721003" />
  <Point X="115" Y="144" T="117721015" />
  <Point X="116" Y="142" T="117721026" />
  <Point X="118" Y="140" T="117721038" />
  <Point X="118" Y="138" T="117721053" />
  <Point X="119" Y="136" T="117721074" />
  <Point X="122" Y="137" T="117721123" />
  <Point X="124" Y="139" T="117721143" />
  <Point X="125" Y="141" T="117721156" />
  <Point X="126" Y="144" T="117721168" />
  <Point X="128" Y="150" T="117721182" />
  <Point X="130" Y="158" T="117721196" />
  <Point X="131" Y="163" T="117721210" />
  <Point X="134" Y="171" T="117721224" />
  <Point X="138" Y="179" T="117721239" />
  <Point X="140" Y="183" T="117721254" />
  <Point X="143" Y="190" T="117721268" />
  <Point X="149" Y="200" T="117721283" />
  <Point X="152" Y="207" T="117721299" />
  <Point X="156" Y="213" T="117721314" />
  <Point X="159" Y="218" T="117721330" />
  <Point X="163" Y="224" T="117721346" />
  <Point X="165" Y="228" T="117721361" />
  <Point X="168" Y="233" T="117721377" />
  <Point X="171" Y="237" T="117721394" />
  <Point X="172" Y="239" T="117721410" />
  <Point X="174" Y="242" T="117721426" />
  <Point X="175" Y="244" T="117721451" />
  <Point X="175" Y="241" T="117721511" />
</Gesture>