﻿<?xml version="1.0" encoding="utf-8" standalone="yes"?>
<Gesture Name="caret07" Subject="4" Speed="fast" Number="7" NumPts="60" Millseconds="780" AppName="Gestures" AppVer="3.7.0.0" Date="Friday, March 09, 2007" TimeOfDay="8:37:55 PM">
  <Point X="71" Y="232" T="117719559" />
  <Point X="73" Y="230" T="117719592" />
  <Point X="74" Y="228" T="117719600" />
  <Point X="75" Y="225" T="117719607" />
  <Point X="76" Y="223" T="117719616" />
  <Point X="78" Y="221" T="117719624" />
  <Point X="79" Y="218" T="117719632" />
  <Point X="80" Y="214" T="117719640" />
  <Point X="81" Y="211" T="117719648" />
  <Point X="82" Y="208" T="117719656" />
  <Point X="83" Y="206" T="117719664" />
  <Point X="84" Y="203" T="117719671" />
  <Point X="85" Y="200" T="117719679" />
  <Point X="87" Y="197" T="117719686" />
  <Point X="88" Y="194" T="117719693" />
  <Point X="89" Y="192" T="117719701" />
  <Point X="92" Y="185" T="117719709" />
  <Point X="94" Y="181" T="117719718" />
  <Point X="95" Y="177" T="117719726" />
  <Point X="97" Y="174" T="117719735" />
  <Point X="98" Y="170" T="117719744" />
  <Point X="99" Y="166" T="117719753" />
  <Point X="100" Y="163" T="117719762" />
  <Point X="102" Y="157" T="117719772" />
  <Point X="103" Y="155" T="117719782" />
  <Point X="105" Y="150" T="117719792" />
  <Point X="106" Y="147" T="117719802" />
  <Point X="108" Y="142" T="117719813" />
  <Point X="109" Y="139" T="117719823" />
  <Point X="110" Y="137" T="117719834" />
  <Point X="111" Y="135" T="117719845" />
  <Point X="112" Y="132" T="117719856" />
  <Point X="113" Y="130" T="117719868" />
  <Point X="115" Y="128" T="117719888" />
  <Point X="117" Y="128" T="117719954" />
  <Point X="118" Y="131" T="117719966" />
  <Point X="120" Y="133" T="117719978" />
  <Point X="122" Y="136" T="117719991" />
  <Point X="123" Y="140" T="117720004" />
  <Point X="126" Y="147" T="117720017" />
  <Point X="129" Y="157" T="117720031" />
  <Point X="131" Y="163" T="117720044" />
  <Point X="133" Y="167" T="117720058" />
  <Point X="135" Y="171" T="117720059" />
  <Point X="138" Y="178" T="117720073" />
  <Point X="139" Y="180" T="117720074" />
  <Point X="142" Y="184" T="117720089" />
  <Point X="146" Y="191" T="117720103" />
  <Point X="150" Y="199" T="117720118" />
  <Point X="153" Y="205" T="117720133" />
  <Point X="157" Y="212" T="117720149" />
  <Point X="160" Y="219" T="117720165" />
  <Point X="162" Y="224" T="117720181" />
  <Point X="164" Y="231" T="117720198" />
  <Point X="166" Y="235" T="117720215" />
  <Point X="168" Y="237" T="117720231" />
  <Point X="169" Y="239" T="117720248" />
  <Point X="170" Y="241" T="117720265" />
  <Point X="170" Y="243" T="117720282" />
  <Point X="168" Y="241" T="117720339" />
</Gesture>