﻿<?xml version="1.0" encoding="utf-8" standalone="yes"?>
<Gesture Name="caret04" Subject="4" Speed="fast" Number="4" NumPts="58" Millseconds="736" AppName="Gestures" AppVer="3.7.0.0" Date="Friday, March 09, 2007" TimeOfDay="8:37:51 PM">
  <Point X="74" Y="229" T="117715793" />
  <Point X="75" Y="227" T="117715805" />
  <Point X="76" Y="225" T="117715822" />
  <Point X="77" Y="222" T="117715830" />
  <Point X="79" Y="220" T="117715842" />
  <Point X="80" Y="218" T="117715851" />
  <Point X="81" Y="216" T="117715859" />
  <Point X="82" Y="212" T="117715867" />
  <Point X="84" Y="210" T="117715875" />
  <Point X="85" Y="208" T="117715883" />
  <Point X="86" Y="204" T="117715891" />
  <Point X="87" Y="202" T="117715898" />
  <Point X="88" Y="200" T="117715899" />
  <Point X="90" Y="197" T="117715908" />
  <Point X="92" Y="193" T="117715915" />
  <Point X="93" Y="189" T="117715923" />
  <Point X="95" Y="185" T="117715932" />
  <Point X="97" Y="180" T="117715940" />
  <Point X="100" Y="176" T="117715948" />
  <Point X="102" Y="172" T="117715957" />
  <Point X="104" Y="167" T="117715966" />
  <Point X="105" Y="165" T="117715967" />
  <Point X="107" Y="160" T="117715977" />
  <Point X="108" Y="158" T="117715987" />
  <Point X="111" Y="152" T="117715997" />
  <Point X="112" Y="149" T="117716007" />
  <Point X="114" Y="147" T="117716017" />
  <Point X="116" Y="141" T="117716028" />
  <Point X="117" Y="139" T="117716038" />
  <Point X="118" Y="137" T="117716049" />
  <Point X="119" Y="135" T="117716060" />
  <Point X="119" Y="133" T="117716071" />
  <Point X="120" Y="131" T="117716084" />
  <Point X="122" Y="133" T="117716147" />
  <Point X="123" Y="135" T="117716159" />
  <Point X="124" Y="137" T="117716171" />
  <Point X="126" Y="142" T="117716184" />
  <Point X="127" Y="146" T="117716196" />
  <Point X="129" Y="153" T="117716210" />
  <Point X="132" Y="162" T="117716223" />
  <Point X="134" Y="168" T="117716236" />
  <Point X="137" Y="174" T="117716250" />
  <Point X="141" Y="182" T="117716264" />
  <Point X="144" Y="188" T="117716278" />
  <Point X="147" Y="194" T="117716292" />
  <Point X="151" Y="201" T="117716307" />
  <Point X="155" Y="208" T="117716322" />
  <Point X="158" Y="214" T="117716336" />
  <Point X="160" Y="219" T="117716351" />
  <Point X="161" Y="222" T="117716368" />
  <Point X="164" Y="227" T="117716384" />
  <Point X="166" Y="232" T="117716399" />
  <Point X="167" Y="234" T="117716415" />
  <Point X="168" Y="236" T="117716431" />
  <Point X="170" Y="238" T="117716448" />
  <Point X="171" Y="241" T="117716465" />
  <Point X="171" Y="243" T="117716500" />
  <Point X="171" Y="240" T="117716529" />
</Gesture>