﻿<?xml version="1.0" encoding="utf-8" standalone="yes"?>
<Gesture Name="caret05" Subject="4" Speed="fast" Number="5" NumPts="63" Millseconds="810" AppName="Gestures" AppVer="3.7.0.0" Date="Friday, March 09, 2007" TimeOfDay="8:37:52 PM">
  <Point X="60" Y="232" T="117717063" />
  <Point X="62" Y="230" T="117717096" />
  <Point X="64" Y="228" T="117717112" />
  <Point X="66" Y="226" T="117717124" />
  <Point X="68" Y="224" T="117717132" />
  <Point X="69" Y="221" T="117717140" />
  <Point X="72" Y="218" T="117717153" />
  <Point X="74" Y="216" T="117717161" />
  <Point X="76" Y="213" T="117717169" />
  <Point X="77" Y="211" T="117717176" />
  <Point X="78" Y="209" T="117717182" />
  <Point X="80" Y="206" T="117717189" />
  <Point X="82" Y="202" T="117717197" />
  <Point X="85" Y="198" T="117717204" />
  <Point X="87" Y="194" T="117717212" />
  <Point X="88" Y="192" T="117717213" />
  <Point X="90" Y="190" T="117717221" />
  <Point X="94" Y="184" T="117717230" />
  <Point X="95" Y="182" T="117717238" />
  <Point X="100" Y="177" T="117717247" />
  <Point X="102" Y="172" T="117717256" />
  <Point X="105" Y="168" T="117717266" />
  <Point X="107" Y="165" T="117717275" />
  <Point X="109" Y="162" T="117717284" />
  <Point X="111" Y="159" T="117717285" />
  <Point X="112" Y="157" T="117717295" />
  <Point X="115" Y="152" T="117717306" />
  <Point X="116" Y="149" T="117717316" />
  <Point X="118" Y="146" T="117717329" />
  <Point X="119" Y="143" T="117717340" />
  <Point X="121" Y="141" T="117717352" />
  <Point X="122" Y="138" T="117717363" />
  <Point X="123" Y="136" T="117717375" />
  <Point X="124" Y="134" T="117717386" />
  <Point X="126" Y="132" T="117717413" />
  <Point X="128" Y="133" T="117717462" />
  <Point X="130" Y="136" T="117717478" />
  <Point X="130" Y="138" T="117717490" />
  <Point X="132" Y="143" T="117717503" />
  <Point X="133" Y="149" T="117717516" />
  <Point X="134" Y="155" T="117717529" />
  <Point X="134" Y="157" T="117717531" />
  <Point X="136" Y="163" T="117717545" />
  <Point X="138" Y="173" T="117717559" />
  <Point X="140" Y="177" T="117717573" />
  <Point X="141" Y="180" T="117717574" />
  <Point X="143" Y="186" T="117717589" />
  <Point X="144" Y="192" T="117717604" />
  <Point X="148" Y="200" T="117717619" />
  <Point X="151" Y="205" T="117717635" />
  <Point X="153" Y="211" T="117717650" />
  <Point X="156" Y="216" T="117717665" />
  <Point X="158" Y="221" T="117717681" />
  <Point X="159" Y="225" T="117717697" />
  <Point X="160" Y="227" T="117717698" />
  <Point X="161" Y="230" T="117717715" />
  <Point X="163" Y="235" T="117717732" />
  <Point X="164" Y="237" T="117717749" />
  <Point X="165" Y="240" T="117717750" />
  <Point X="166" Y="242" T="117717775" />
  <Point X="167" Y="244" T="117717804" />
  <Point X="167" Y="242" T="117717855" />
  <Point X="166" Y="240" T="117717873" />
</Gesture>