﻿<?xml version="1.0" encoding="utf-8" standalone="yes"?>
<Gesture Name="check02" Subject="4" Speed="fast" Number="2" NumPts="46" Millseconds="669" AppName="Gestures" AppVer="3.7.0.0" Date="Friday, March 09, 2007" TimeOfDay="8:21:52 PM">
  <Point X="80" Y="197" T="116754978" />
  <Point X="81" Y="195" T="116755013" />
  <Point X="83" Y="193" T="116755037" />
  <Point X="85" Y="191" T="116755053" />
  <Point X="88" Y="191" T="116755065" />
  <Point X="90" Y="191" T="116755078" />
  <Point X="92" Y="190" T="116755090" />
  <Point X="94" Y="190" T="116755102" />
  <Point X="97" Y="191" T="116755114" />
  <Point X="99" Y="193" T="116755126" />
  <Point X="101" Y="194" T="116755138" />
  <Point X="103" Y="195" T="116755150" />
  <Point X="104" Y="198" T="116755158" />
  <Point X="106" Y="199" T="116755174" />
  <Point X="108" Y="201" T="116755187" />
  <Point X="109" Y="203" T="116755208" />
  <Point X="110" Y="205" T="116755217" />
  <Point X="111" Y="207" T="116755225" />
  <Point X="112" Y="209" T="116755237" />
  <Point X="113" Y="211" T="116755249" />
  <Point X="114" Y="213" T="116755265" />
  <Point X="116" Y="216" T="116755289" />
  <Point X="117" Y="218" T="116755322" />
  <Point X="117" Y="215" T="116755387" />
  <Point X="117" Y="212" T="116755403" />
  <Point X="117" Y="210" T="116755413" />
  <Point X="117" Y="207" T="116755423" />
  <Point X="117" Y="204" T="116755433" />
  <Point X="118" Y="200" T="116755444" />
  <Point X="119" Y="194" T="116755455" />
  <Point X="120" Y="190" T="116755466" />
  <Point X="121" Y="187" T="116755477" />
  <Point X="123" Y="182" T="116755489" />
  <Point X="126" Y="176" T="116755500" />
  <Point X="132" Y="172" T="116755515" />
  <Point X="137" Y="166" T="116755528" />
  <Point X="140" Y="165" T="116755540" />
  <Point X="147" Y="159" T="116755552" />
  <Point X="151" Y="159" T="116755564" />
  <Point X="159" Y="155" T="116755577" />
  <Point X="166" Y="153" T="116755591" />
  <Point X="168" Y="153" T="116755592" />
  <Point X="174" Y="152" T="116755606" />
  <Point X="181" Y="151" T="116755619" />
  <Point X="183" Y="150" T="116755633" />
  <Point X="186" Y="149" T="116755647" />
</Gesture>