﻿<?xml version="1.0" encoding="utf-8" standalone="yes"?>
<Gesture Name="check07" Subject="4" Speed="fast" Number="7" NumPts="51" Millseconds="752" AppName="Gestures" AppVer="3.7.0.0" Date="Friday, March 09, 2007" TimeOfDay="8:21:59 PM">
  <Point X="77" Y="200" T="116761696" />
  <Point X="78" Y="198" T="116761725" />
  <Point X="79" Y="196" T="116761741" />
  <Point X="81" Y="195" T="116761757" />
  <Point X="83" Y="193" T="116761774" />
  <Point X="86" Y="192" T="116761786" />
  <Point X="88" Y="191" T="116761794" />
  <Point X="90" Y="190" T="116761802" />
  <Point X="92" Y="190" T="116761810" />
  <Point X="94" Y="190" T="116761818" />
  <Point X="96" Y="189" T="116761826" />
  <Point X="99" Y="189" T="116761838" />
  <Point X="101" Y="189" T="116761855" />
  <Point X="103" Y="191" T="116761871" />
  <Point X="105" Y="193" T="116761888" />
  <Point X="107" Y="195" T="116761905" />
  <Point X="109" Y="197" T="116761921" />
  <Point X="111" Y="199" T="116761937" />
  <Point X="112" Y="202" T="116761953" />
  <Point X="113" Y="204" T="116761962" />
  <Point X="115" Y="206" T="116761981" />
  <Point X="116" Y="208" T="116761997" />
  <Point X="117" Y="210" T="116762017" />
  <Point X="118" Y="212" T="116762041" />
  <Point X="118" Y="210" T="116762137" />
  <Point X="118" Y="207" T="116762149" />
  <Point X="118" Y="205" T="116762159" />
  <Point X="118" Y="203" T="116762170" />
  <Point X="119" Y="200" T="116762180" />
  <Point X="119" Y="198" T="116762191" />
  <Point X="119" Y="195" T="116762202" />
  <Point X="120" Y="192" T="116762213" />
  <Point X="120" Y="190" T="116762224" />
  <Point X="121" Y="187" T="116762226" />
  <Point X="122" Y="183" T="116762238" />
  <Point X="125" Y="178" T="116762255" />
  <Point X="127" Y="175" T="116762267" />
  <Point X="131" Y="170" T="116762279" />
  <Point X="134" Y="167" T="116762292" />
  <Point X="141" Y="161" T="116762304" />
  <Point X="149" Y="155" T="116762318" />
  <Point X="156" Y="150" T="116762332" />
  <Point X="166" Y="146" T="116762346" />
  <Point X="172" Y="143" T="116762361" />
  <Point X="179" Y="141" T="116762374" />
  <Point X="181" Y="140" T="116762388" />
  <Point X="184" Y="139" T="116762389" />
  <Point X="186" Y="140" T="116762404" />
  <Point X="188" Y="140" T="116762418" />
  <Point X="191" Y="140" T="116762433" />
  <Point X="193" Y="140" T="116762448" />
</Gesture>