﻿<?xml version="1.0" encoding="utf-8" standalone="yes"?>
<Gesture Name="check06" Subject="4" Speed="fast" Number="6" NumPts="53" Millseconds="750" AppName="Gestures" AppVer="3.7.0.0" Date="Friday, March 09, 2007" TimeOfDay="8:21:58 PM">
  <Point X="83" Y="193" T="116760347" />
  <Point X="84" Y="191" T="116760400" />
  <Point X="86" Y="189" T="116760421" />
  <Point X="88" Y="187" T="116760437" />
  <Point X="90" Y="186" T="116760453" />
  <Point X="92" Y="186" T="116760466" />
  <Point X="94" Y="185" T="116760482" />
  <Point X="97" Y="184" T="116760494" />
  <Point X="99" Y="185" T="116760506" />
  <Point X="101" Y="185" T="116760518" />
  <Point X="104" Y="187" T="116760534" />
  <Point X="106" Y="187" T="116760550" />
  <Point X="108" Y="189" T="116760566" />
  <Point X="109" Y="191" T="116760574" />
  <Point X="111" Y="193" T="116760590" />
  <Point X="113" Y="195" T="116760606" />
  <Point X="114" Y="198" T="116760615" />
  <Point X="115" Y="201" T="116760623" />
  <Point X="117" Y="203" T="116760643" />
  <Point X="118" Y="205" T="116760660" />
  <Point X="120" Y="208" T="116760680" />
  <Point X="121" Y="210" T="116760693" />
  <Point X="123" Y="211" T="116760732" />
  <Point X="123" Y="213" T="116760768" />
  <Point X="123" Y="210" T="116760788" />
  <Point X="123" Y="207" T="116760808" />
  <Point X="123" Y="205" T="116760818" />
  <Point X="123" Y="203" T="116760829" />
  <Point X="123" Y="200" T="116760839" />
  <Point X="123" Y="197" T="116760850" />
  <Point X="123" Y="194" T="116760861" />
  <Point X="124" Y="191" T="116760873" />
  <Point X="125" Y="186" T="116760884" />
  <Point X="126" Y="183" T="116760895" />
  <Point X="127" Y="180" T="116760897" />
  <Point X="129" Y="177" T="116760911" />
  <Point X="133" Y="170" T="116760923" />
  <Point X="137" Y="165" T="116760936" />
  <Point X="139" Y="162" T="116760937" />
  <Point X="142" Y="159" T="116760949" />
  <Point X="149" Y="152" T="116760963" />
  <Point X="157" Y="147" T="116760976" />
  <Point X="163" Y="142" T="116760990" />
  <Point X="169" Y="141" T="116761004" />
  <Point X="171" Y="139" T="116761005" />
  <Point X="177" Y="136" T="116761020" />
  <Point X="179" Y="135" T="116761021" />
  <Point X="184" Y="134" T="116761035" />
  <Point X="187" Y="134" T="116761036" />
  <Point X="191" Y="132" T="116761051" />
  <Point X="196" Y="131" T="116761066" />
  <Point X="199" Y="131" T="116761081" />
  <Point X="201" Y="131" T="116761097" />
</Gesture>