﻿<?xml version="1.0" encoding="utf-8" standalone="yes"?>
<Gesture Name="check04" Subject="4" Speed="fast" Number="4" NumPts="49" Millseconds="770" AppName="Gestures" AppVer="3.7.0.0" Date="Friday, March 09, 2007" TimeOfDay="8:21:55 PM">
  <Point X="86" Y="197" T="116757508" />
  <Point X="88" Y="195" T="116757669" />
  <Point X="89" Y="193" T="116757681" />
  <Point X="91" Y="192" T="116757702" />
  <Point X="93" Y="190" T="116757722" />
  <Point X="96" Y="190" T="116757743" />
  <Point X="98" Y="190" T="116757755" />
  <Point X="100" Y="191" T="116757767" />
  <Point X="102" Y="191" T="116757775" />
  <Point X="104" Y="192" T="116757783" />
  <Point X="107" Y="194" T="116757795" />
  <Point X="109" Y="196" T="116757807" />
  <Point X="111" Y="197" T="116757819" />
  <Point X="112" Y="199" T="116757831" />
  <Point X="113" Y="201" T="116757840" />
  <Point X="114" Y="203" T="116757848" />
  <Point X="114" Y="206" T="116757859" />
  <Point X="115" Y="208" T="116757871" />
  <Point X="117" Y="212" T="116757884" />
  <Point X="118" Y="214" T="116757903" />
  <Point X="118" Y="216" T="116757912" />
  <Point X="119" Y="218" T="116757936" />
  <Point X="120" Y="216" T="116757980" />
  <Point X="120" Y="214" T="116757997" />
  <Point X="120" Y="212" T="116758014" />
  <Point X="120" Y="210" T="116758024" />
  <Point X="121" Y="207" T="116758035" />
  <Point X="121" Y="205" T="116758045" />
  <Point X="121" Y="202" T="116758056" />
  <Point X="121" Y="199" T="116758066" />
  <Point X="122" Y="197" T="116758067" />
  <Point X="122" Y="195" T="116758079" />
  <Point X="123" Y="192" T="116758090" />
  <Point X="125" Y="187" T="116758102" />
  <Point X="126" Y="184" T="116758114" />
  <Point X="129" Y="179" T="116758126" />
  <Point X="131" Y="176" T="116758138" />
  <Point X="134" Y="174" T="116758139" />
  <Point X="136" Y="170" T="116758152" />
  <Point X="142" Y="166" T="116758165" />
  <Point X="145" Y="163" T="116758178" />
  <Point X="151" Y="160" T="116758191" />
  <Point X="157" Y="157" T="116758205" />
  <Point X="161" Y="155" T="116758218" />
  <Point X="164" Y="154" T="116758219" />
  <Point X="167" Y="153" T="116758234" />
  <Point X="173" Y="151" T="116758248" />
  <Point X="179" Y="148" T="116758263" />
  <Point X="181" Y="148" T="116758278" />
</Gesture>