﻿<?xml version="1.0" encoding="utf-8" standalone="yes"?>
<Gesture Name="check01" Subject="4" Speed="fast" Number="1" NumPts="43" Millseconds="582" AppName="Gestures" AppVer="3.7.0.0" Date="Friday, March 09, 2007" TimeOfDay="8:21:51 PM">
  <Point X="83" Y="194" T="116753786" />
  <Point X="85" Y="192" T="116753829" />
  <Point X="87" Y="192" T="116753849" />
  <Point X="89" Y="192" T="116753864" />
  <Point X="92" Y="193" T="116753877" />
  <Point X="95" Y="193" T="116753889" />
  <Point X="97" Y="195" T="116753897" />
  <Point X="99" Y="196" T="116753905" />
  <Point X="101" Y="196" T="116753913" />
  <Point X="102" Y="198" T="116753921" />
  <Point X="105" Y="200" T="116753938" />
  <Point X="106" Y="202" T="116753950" />
  <Point X="108" Y="204" T="116753963" />
  <Point X="108" Y="207" T="116753971" />
  <Point X="110" Y="210" T="116753983" />
  <Point X="111" Y="212" T="116754000" />
  <Point X="112" Y="214" T="116754021" />
  <Point X="113" Y="216" T="116754041" />
  <Point X="114" Y="214" T="116754110" />
  <Point X="114" Y="211" T="116754121" />
  <Point X="114" Y="208" T="116754130" />
  <Point X="113" Y="205" T="116754141" />
  <Point X="113" Y="203" T="116754150" />
  <Point X="113" Y="201" T="116754160" />
  <Point X="113" Y="195" T="116754170" />
  <Point X="113" Y="191" T="116754180" />
  <Point X="116" Y="184" T="116754190" />
  <Point X="118" Y="180" T="116754200" />
  <Point X="119" Y="177" T="116754201" />
  <Point X="123" Y="170" T="116754214" />
  <Point X="128" Y="163" T="116754227" />
  <Point X="134" Y="155" T="116754240" />
  <Point X="139" Y="150" T="116754253" />
  <Point X="146" Y="145" T="116754266" />
  <Point X="149" Y="143" T="116754278" />
  <Point X="156" Y="138" T="116754290" />
  <Point X="161" Y="137" T="116754302" />
  <Point X="165" Y="137" T="116754315" />
  <Point X="173" Y="134" T="116754328" />
  <Point X="176" Y="134" T="116754340" />
  <Point X="178" Y="134" T="116754341" />
  <Point X="180" Y="134" T="116754354" />
  <Point X="183" Y="134" T="116754368" />
</Gesture>