﻿<?xml version="1.0" encoding="utf-8" standalone="yes"?>
<Gesture Name="check08" Subject="4" Speed="fast" Number="8" NumPts="54" Millseconds="807" AppName="Gestures" AppVer="3.7.0.0" Date="Friday, March 09, 2007" TimeOfDay="8:22:01 PM">
  <Point X="70" Y="204" T="116763086" />
  <Point X="71" Y="202" T="116763102" />
  <Point X="72" Y="200" T="116763126" />
  <Point X="74" Y="198" T="116763146" />
  <Point X="76" Y="197" T="116763163" />
  <Point X="79" Y="195" T="116763179" />
  <Point X="82" Y="193" T="116763192" />
  <Point X="84" Y="193" T="116763200" />
  <Point X="86" Y="192" T="116763208" />
  <Point X="88" Y="191" T="116763216" />
  <Point X="91" Y="190" T="116763224" />
  <Point X="93" Y="190" T="116763232" />
  <Point X="95" Y="190" T="116763240" />
  <Point X="98" Y="190" T="116763252" />
  <Point X="100" Y="190" T="116763264" />
  <Point X="102" Y="190" T="116763277" />
  <Point X="105" Y="192" T="116763294" />
  <Point X="106" Y="194" T="116763306" />
  <Point X="107" Y="196" T="116763314" />
  <Point X="108" Y="199" T="116763326" />
  <Point X="109" Y="202" T="116763342" />
  <Point X="110" Y="204" T="116763354" />
  <Point X="111" Y="206" T="116763363" />
  <Point X="112" Y="208" T="116763374" />
  <Point X="113" Y="211" T="116763387" />
  <Point X="114" Y="214" T="116763399" />
  <Point X="115" Y="216" T="116763411" />
  <Point X="116" Y="218" T="116763427" />
  <Point X="116" Y="220" T="116763447" />
  <Point X="117" Y="217" T="116763535" />
  <Point X="116" Y="215" T="116763552" />
  <Point X="116" Y="213" T="116763566" />
  <Point X="117" Y="210" T="116763579" />
  <Point X="117" Y="207" T="116763592" />
  <Point X="119" Y="202" T="116763604" />
  <Point X="119" Y="200" T="116763616" />
  <Point X="122" Y="196" T="116763629" />
  <Point X="124" Y="191" T="116763641" />
  <Point X="127" Y="186" T="116763654" />
  <Point X="130" Y="181" T="116763668" />
  <Point X="135" Y="174" T="116763681" />
  <Point X="138" Y="171" T="116763694" />
  <Point X="144" Y="165" T="116763707" />
  <Point X="151" Y="159" T="116763721" />
  <Point X="154" Y="157" T="116763735" />
  <Point X="160" Y="152" T="116763749" />
  <Point X="166" Y="149" T="116763763" />
  <Point X="173" Y="147" T="116763778" />
  <Point X="180" Y="146" T="116763792" />
  <Point X="183" Y="145" T="116763807" />
  <Point X="188" Y="145" T="116763822" />
  <Point X="190" Y="144" T="116763837" />
  <Point X="193" Y="143" T="116763852" />
  <Point X="195" Y="142" T="116763893" />
</Gesture>