﻿<?xml version="1.0" encoding="utf-8" standalone="yes"?>
<Gesture Name="check03" Subject="4" Speed="fast" Number="3" NumPts="44" Millseconds="579" AppName="Gestures" AppVer="3.7.0.0" Date="Friday, March 09, 2007" TimeOfDay="8:21:54 PM">
  <Point X="82" Y="194" T="116756297" />
  <Point X="83" Y="196" T="116756322" />
  <Point X="85" Y="199" T="116756337" />
  <Point X="86" Y="201" T="116756350" />
  <Point X="88" Y="202" T="116756362" />
  <Point X="91" Y="205" T="116756378" />
  <Point X="92" Y="207" T="116756385" />
  <Point X="94" Y="209" T="116756397" />
  <Point X="97" Y="211" T="116756409" />
  <Point X="98" Y="213" T="116756421" />
  <Point X="100" Y="215" T="116756437" />
  <Point X="101" Y="213" T="116756522" />
  <Point X="101" Y="210" T="116756538" />
  <Point X="102" Y="208" T="116756554" />
  <Point X="102" Y="206" T="116756562" />
  <Point X="102" Y="204" T="116756571" />
  <Point X="103" Y="201" T="116756584" />
  <Point X="104" Y="199" T="116756592" />
  <Point X="105" Y="196" T="116756601" />
  <Point X="106" Y="194" T="116756609" />
  <Point X="107" Y="192" T="116756618" />
  <Point X="109" Y="189" T="116756628" />
  <Point X="111" Y="186" T="116756637" />
  <Point X="113" Y="183" T="116756647" />
  <Point X="116" Y="180" T="116756657" />
  <Point X="120" Y="175" T="116756667" />
  <Point X="123" Y="173" T="116756677" />
  <Point X="126" Y="171" T="116756687" />
  <Point X="129" Y="167" T="116756688" />
  <Point X="133" Y="165" T="116756699" />
  <Point X="136" Y="163" T="116756710" />
  <Point X="141" Y="158" T="116756722" />
  <Point X="144" Y="156" T="116756733" />
  <Point X="150" Y="152" T="116756745" />
  <Point X="153" Y="151" T="116756757" />
  <Point X="159" Y="148" T="116756769" />
  <Point X="162" Y="147" T="116756781" />
  <Point X="167" Y="144" T="116756793" />
  <Point X="170" Y="143" T="116756806" />
  <Point X="175" Y="144" T="116756819" />
  <Point X="180" Y="143" T="116756835" />
  <Point X="185" Y="143" T="116756848" />
  <Point X="188" Y="143" T="116756861" />
  <Point X="190" Y="143" T="116756876" />
</Gesture>