﻿<?xml version="1.0" encoding="utf-8" standalone="yes"?>
<Gesture Name="check09" Subject="4" Speed="fast" Number="9" NumPts="50" Millseconds="727" AppName="Gestures" AppVer="3.7.0.0" Date="Friday, March 09, 2007" TimeOfDay="8:22:02 PM">
  <Point X="85" Y="194" T="116764433" />
  <Point X="87" Y="192" T="116764485" />
  <Point X="89" Y="190" T="116764497" />
  <Point X="91" Y="188" T="116764510" />
  <Point X="94" Y="188" T="116764522" />
  <Point X="96" Y="188" T="116764530" />
  <Point X="99" Y="187" T="116764542" />
  <Point X="101" Y="187" T="116764550" />
  <Point X="104" Y="189" T="116764562" />
  <Point X="106" Y="188" T="116764574" />
  <Point X="109" Y="188" T="116764586" />
  <Point X="111" Y="190" T="116764598" />
  <Point X="113" Y="192" T="116764614" />
  <Point X="115" Y="194" T="116764626" />
  <Point X="116" Y="197" T="116764643" />
  <Point X="117" Y="199" T="116764656" />
  <Point X="118" Y="201" T="116764665" />
  <Point X="118" Y="204" T="116764676" />
  <Point X="120" Y="206" T="116764693" />
  <Point X="121" Y="208" T="116764709" />
  <Point X="123" Y="211" T="116764745" />
  <Point X="123" Y="209" T="116764847" />
  <Point X="123" Y="207" T="116764858" />
  <Point X="124" Y="205" T="116764867" />
  <Point X="124" Y="202" T="116764878" />
  <Point X="125" Y="200" T="116764894" />
  <Point X="125" Y="197" T="116764904" />
  <Point X="126" Y="195" T="116764915" />
  <Point X="126" Y="193" T="116764925" />
  <Point X="127" Y="190" T="116764926" />
  <Point X="128" Y="187" T="116764937" />
  <Point X="129" Y="183" T="116764949" />
  <Point X="131" Y="180" T="116764960" />
  <Point X="134" Y="174" T="116764972" />
  <Point X="137" Y="169" T="116764984" />
  <Point X="139" Y="165" T="116764996" />
  <Point X="145" Y="160" T="116765008" />
  <Point X="148" Y="157" T="116765021" />
  <Point X="155" Y="151" T="116765033" />
  <Point X="162" Y="147" T="116765046" />
  <Point X="167" Y="144" T="116765059" />
  <Point X="171" Y="143" T="116765072" />
  <Point X="177" Y="140" T="116765086" />
  <Point X="180" Y="138" T="116765087" />
  <Point X="184" Y="137" T="116765101" />
  <Point X="187" Y="137" T="116765102" />
  <Point X="190" Y="136" T="116765117" />
  <Point X="195" Y="135" T="116765131" />
  <Point X="197" Y="135" T="116765145" />
  <Point X="199" Y="134" T="116765160" />
</Gesture>