﻿<?xml version="1.0" encoding="utf-8" standalone="yes"?>
<Gesture Name="check05" Subject="4" Speed="fast" Number="5" NumPts="49" Millseconds="718" AppName="Gestures" AppVer="3.7.0.0" Date="Friday, March 09, 2007" TimeOfDay="8:21:56 PM">
  <Point X="80" Y="195" T="116758946" />
  <Point X="82" Y="193" T="116758982" />
  <Point X="84" Y="191" T="116758999" />
  <Point X="86" Y="190" T="116759015" />
  <Point X="88" Y="190" T="116759028" />
  <Point X="90" Y="189" T="116759040" />
  <Point X="93" Y="190" T="116759052" />
  <Point X="96" Y="190" T="116759064" />
  <Point X="98" Y="191" T="116759076" />
  <Point X="100" Y="191" T="116759089" />
  <Point X="102" Y="192" T="116759101" />
  <Point X="104" Y="194" T="116759117" />
  <Point X="106" Y="196" T="116759138" />
  <Point X="107" Y="199" T="116759154" />
  <Point X="109" Y="201" T="116759171" />
  <Point X="111" Y="204" T="116759191" />
  <Point X="113" Y="206" T="116759212" />
  <Point X="114" Y="208" T="116759228" />
  <Point X="115" Y="210" T="116759240" />
  <Point X="117" Y="211" T="116759261" />
  <Point X="118" Y="214" T="116759277" />
  <Point X="120" Y="216" T="116759309" />
  <Point X="120" Y="214" T="116759365" />
  <Point X="120" Y="212" T="116759378" />
  <Point X="120" Y="210" T="116759390" />
  <Point X="120" Y="208" T="116759400" />
  <Point X="120" Y="205" T="116759415" />
  <Point X="120" Y="201" T="116759425" />
  <Point X="121" Y="199" T="116759436" />
  <Point X="121" Y="196" T="116759446" />
  <Point X="122" Y="193" T="116759458" />
  <Point X="123" Y="190" T="116759469" />
  <Point X="126" Y="184" T="116759480" />
  <Point X="129" Y="177" T="116759492" />
  <Point X="131" Y="175" T="116759503" />
  <Point X="136" Y="170" T="116759516" />
  <Point X="141" Y="164" T="116759528" />
  <Point X="148" Y="159" T="116759540" />
  <Point X="151" Y="156" T="116759553" />
  <Point X="158" Y="151" T="116759566" />
  <Point X="161" Y="148" T="116759578" />
  <Point X="165" Y="145" T="116759580" />
  <Point X="168" Y="144" T="116759593" />
  <Point X="175" Y="141" T="116759606" />
  <Point X="181" Y="140" T="116759620" />
  <Point X="184" Y="139" T="116759634" />
  <Point X="187" Y="139" T="116759635" />
  <Point X="189" Y="139" T="116759650" />
  <Point X="194" Y="138" T="116759664" />
</Gesture>