﻿<?xml version="1.0" encoding="utf-8" standalone="yes"?>
<Gesture Name="check10" Subject="4" Speed="fast" Number="10" NumPts="49" Millseconds="728" AppName="Gestures" AppVer="3.7.0.0" Date="Friday, March 09, 2007" TimeOfDay="8:22:03 PM">
  <Point X="82" Y="198" T="116765792" />
  <Point X="84" Y="196" T="116765820" />
  <Point X="86" Y="194" T="116765841" />
  <Point X="87" Y="192" T="116765849" />
  <Point X="90" Y="191" T="116765862" />
  <Point X="92" Y="190" T="116765870" />
  <Point X="94" Y="189" T="116765878" />
  <Point X="96" Y="188" T="116765886" />
  <Point X="99" Y="188" T="116765894" />
  <Point X="101" Y="189" T="116765902" />
  <Point X="103" Y="188" T="116765910" />
  <Point X="105" Y="188" T="116765922" />
  <Point X="107" Y="190" T="116765938" />
  <Point X="110" Y="191" T="116765958" />
  <Point X="112" Y="193" T="116765979" />
  <Point X="113" Y="195" T="116765995" />
  <Point X="115" Y="198" T="116766015" />
  <Point X="116" Y="200" T="116766031" />
  <Point X="117" Y="202" T="116766047" />
  <Point X="118" Y="205" T="116766072" />
  <Point X="120" Y="207" T="116766096" />
  <Point X="121" Y="209" T="116766137" />
  <Point X="122" Y="207" T="116766209" />
  <Point X="122" Y="205" T="116766222" />
  <Point X="122" Y="201" T="116766237" />
  <Point X="122" Y="199" T="116766253" />
  <Point X="123" Y="196" T="116766263" />
  <Point X="123" Y="193" T="116766274" />
  <Point X="124" Y="191" T="116766284" />
  <Point X="124" Y="188" T="116766295" />
  <Point X="126" Y="183" T="116766306" />
  <Point X="128" Y="180" T="116766317" />
  <Point X="130" Y="177" T="116766328" />
  <Point X="132" Y="174" T="116766329" />
  <Point X="135" Y="171" T="116766341" />
  <Point X="141" Y="165" T="116766355" />
  <Point X="146" Y="160" T="116766368" />
  <Point X="149" Y="157" T="116766380" />
  <Point X="157" Y="152" T="116766393" />
  <Point X="159" Y="150" T="116766394" />
  <Point X="165" Y="146" T="116766407" />
  <Point X="173" Y="142" T="116766421" />
  <Point X="177" Y="141" T="116766435" />
  <Point X="184" Y="138" T="116766449" />
  <Point X="189" Y="136" T="116766464" />
  <Point X="193" Y="135" T="116766478" />
  <Point X="196" Y="135" T="116766492" />
  <Point X="198" Y="135" T="116766506" />
  <Point X="200" Y="135" T="116766520" />
</Gesture>