﻿<?xml version="1.0" encoding="utf-8" standalone="yes"?>
<Gesture Name="circle02" Subject="4" Speed="fast" Number="2" NumPts="57" Millseconds="663" AppName="Gestures" AppVer="3.7.0.0" Date="Friday, March 09, 2007" TimeOfDay="8:23:14 PM">
  <Point X="110" Y="142" T="116837109" />
  <Point X="108" Y="144" T="116837133" />
  <Point X="105" Y="144" T="116837158" />
  <Point X="103" Y="146" T="116837174" />
  <Point X="102" Y="148" T="116837182" />
  <Point X="100" Y="149" T="116837194" />
  <Point X="98" Y="151" T="116837207" />
  <Point X="96" Y="154" T="116837219" />
  <Point X="94" Y="157" T="116837227" />
  <Point X="93" Y="159" T="116837235" />
  <Point X="90" Y="161" T="116837247" />
  <Point X="90" Y="163" T="116837254" />
  <Point X="89" Y="165" T="116837255" />
  <Point X="87" Y="168" T="116837263" />
  <Point X="86" Y="171" T="116837272" />
  <Point X="85" Y="174" T="116837280" />
  <Point X="84" Y="177" T="116837288" />
  <Point X="84" Y="179" T="116837296" />
  <Point X="83" Y="181" T="116837305" />
  <Point X="83" Y="184" T="116837314" />
  <Point X="83" Y="187" T="116837322" />
  <Point X="84" Y="190" T="116837324" />
  <Point X="84" Y="194" T="116837333" />
  <Point X="86" Y="197" T="116837342" />
  <Point X="88" Y="201" T="116837353" />
  <Point X="90" Y="205" T="116837362" />
  <Point X="92" Y="208" T="116837373" />
  <Point X="98" Y="214" T="116837383" />
  <Point X="101" Y="216" T="116837394" />
  <Point X="107" Y="218" T="116837405" />
  <Point X="113" Y="220" T="116837417" />
  <Point X="119" Y="221" T="116837428" />
  <Point X="123" Y="221" T="116837440" />
  <Point X="131" Y="220" T="116837452" />
  <Point X="137" Y="218" T="116837464" />
  <Point X="143" Y="216" T="116837477" />
  <Point X="149" Y="212" T="116837489" />
  <Point X="153" Y="207" T="116837502" />
  <Point X="156" Y="205" T="116837515" />
  <Point X="158" Y="203" T="116837516" />
  <Point X="161" Y="198" T="116837529" />
  <Point X="163" Y="195" T="116837542" />
  <Point X="164" Y="192" T="116837543" />
  <Point X="166" Y="189" T="116837557" />
  <Point X="167" Y="183" T="116837572" />
  <Point X="167" Y="179" T="116837588" />
  <Point X="165" Y="173" T="116837602" />
  <Point X="163" Y="166" T="116837617" />
  <Point X="159" Y="161" T="116837631" />
  <Point X="154" Y="157" T="116837646" />
  <Point X="148" Y="153" T="116837662" />
  <Point X="143" Y="150" T="116837681" />
  <Point X="137" Y="147" T="116837698" />
  <Point X="135" Y="147" T="116837714" />
  <Point X="133" Y="145" T="116837730" />
  <Point X="131" Y="144" T="116837747" />
  <Point X="129" Y="143" T="116837772" />
</Gesture>