﻿<?xml version="1.0" encoding="utf-8" standalone="yes"?>
<Gesture Name="circle10" Subject="4" Speed="fast" Number="10" NumPts="71" Millseconds="849" AppName="Gestures" AppVer="3.7.0.0" Date="Friday, March 09, 2007" TimeOfDay="8:23:25 PM">
  <Point X="137" Y="129" T="116847363" />
  <Point X="135" Y="128" T="116847372" />
  <Point X="133" Y="129" T="116847380" />
  <Point X="131" Y="129" T="116847387" />
  <Point X="129" Y="128" T="116847396" />
  <Point X="127" Y="129" T="116847404" />
  <Point X="125" Y="131" T="116847412" />
  <Point X="122" Y="130" T="116847420" />
  <Point X="120" Y="129" T="116847428" />
  <Point X="118" Y="130" T="116847436" />
  <Point X="116" Y="131" T="116847444" />
  <Point X="114" Y="132" T="116847452" />
  <Point X="112" Y="134" T="116847460" />
  <Point X="109" Y="135" T="116847472" />
  <Point X="106" Y="138" T="116847484" />
  <Point X="104" Y="141" T="116847493" />
  <Point X="102" Y="143" T="116847501" />
  <Point X="100" Y="145" T="116847509" />
  <Point X="99" Y="147" T="116847518" />
  <Point X="97" Y="151" T="116847526" />
  <Point X="96" Y="154" T="116847535" />
  <Point X="95" Y="156" T="116847545" />
  <Point X="94" Y="161" T="116847554" />
  <Point X="93" Y="168" T="116847564" />
  <Point X="93" Y="171" T="116847574" />
  <Point X="93" Y="174" T="116847584" />
  <Point X="94" Y="180" T="116847595" />
  <Point X="95" Y="185" T="116847605" />
  <Point X="97" Y="187" T="116847615" />
  <Point X="99" Y="191" T="116847616" />
  <Point X="99" Y="193" T="116847627" />
  <Point X="104" Y="197" T="116847639" />
  <Point X="107" Y="199" T="116847650" />
  <Point X="112" Y="204" T="116847661" />
  <Point X="115" Y="205" T="116847673" />
  <Point X="121" Y="209" T="116847685" />
  <Point X="124" Y="210" T="116847698" />
  <Point X="131" Y="209" T="116847710" />
  <Point X="133" Y="210" T="116847723" />
  <Point X="139" Y="211" T="116847736" />
  <Point X="144" Y="212" T="116847749" />
  <Point X="146" Y="211" T="116847762" />
  <Point X="151" Y="210" T="116847775" />
  <Point X="156" Y="207" T="116847789" />
  <Point X="158" Y="206" T="116847803" />
  <Point X="161" Y="204" T="116847804" />
  <Point X="163" Y="204" T="116847818" />
  <Point X="166" Y="202" T="116847833" />
  <Point X="169" Y="200" T="116847847" />
  <Point X="171" Y="198" T="116847862" />
  <Point X="175" Y="194" T="116847877" />
  <Point X="177" Y="189" T="116847895" />
  <Point X="178" Y="187" T="116847910" />
  <Point X="180" Y="182" T="116847926" />
  <Point X="180" Y="177" T="116847942" />
  <Point X="179" Y="172" T="116847957" />
  <Point X="178" Y="170" T="116847974" />
  <Point X="176" Y="165" T="116847990" />
  <Point X="174" Y="161" T="116848008" />
  <Point X="172" Y="159" T="116848009" />
  <Point X="171" Y="156" T="116848026" />
  <Point X="168" Y="152" T="116848044" />
  <Point X="166" Y="146" T="116848062" />
  <Point X="164" Y="144" T="116848080" />
  <Point X="162" Y="142" T="116848099" />
  <Point X="159" Y="139" T="116848117" />
  <Point X="156" Y="138" T="116848135" />
  <Point X="152" Y="136" T="116848155" />
  <Point X="150" Y="137" T="116848173" />
  <Point X="148" Y="136" T="116848193" />
  <Point X="146" Y="136" T="116848212" />
</Gesture>