﻿<?xml version="1.0" encoding="utf-8" standalone="yes"?>
<Gesture Name="circle05" Subject="4" Speed="fast" Number="5" NumPts="64" Millseconds="757" AppName="Gestures" AppVer="3.7.0.0" Date="Friday, March 09, 2007" TimeOfDay="8:23:18 PM">
  <Point X="102" Y="144" T="116840552" />
  <Point X="100" Y="146" T="116840565" />
  <Point X="97" Y="147" T="116840581" />
  <Point X="95" Y="149" T="116840594" />
  <Point X="94" Y="151" T="116840606" />
  <Point X="92" Y="154" T="116840622" />
  <Point X="91" Y="157" T="116840630" />
  <Point X="90" Y="159" T="116840638" />
  <Point X="89" Y="161" T="116840646" />
  <Point X="88" Y="164" T="116840654" />
  <Point X="88" Y="167" T="116840662" />
  <Point X="87" Y="170" T="116840670" />
  <Point X="87" Y="174" T="116840678" />
  <Point X="87" Y="177" T="116840686" />
  <Point X="87" Y="180" T="116840695" />
  <Point X="88" Y="183" T="116840703" />
  <Point X="88" Y="186" T="116840711" />
  <Point X="89" Y="192" T="116840719" />
  <Point X="90" Y="195" T="116840727" />
  <Point X="92" Y="198" T="116840736" />
  <Point X="93" Y="201" T="116840745" />
  <Point X="95" Y="204" T="116840754" />
  <Point X="98" Y="209" T="116840764" />
  <Point X="100" Y="211" T="116840773" />
  <Point X="102" Y="213" T="116840783" />
  <Point X="104" Y="215" T="116840793" />
  <Point X="107" Y="217" T="116840794" />
  <Point X="109" Y="218" T="116840805" />
  <Point X="112" Y="219" T="116840815" />
  <Point X="117" Y="222" T="116840827" />
  <Point X="120" Y="222" T="116840838" />
  <Point X="123" Y="223" T="116840849" />
  <Point X="130" Y="222" T="116840861" />
  <Point X="133" Y="222" T="116840872" />
  <Point X="140" Y="221" T="116840884" />
  <Point X="143" Y="220" T="116840897" />
  <Point X="149" Y="216" T="116840909" />
  <Point X="154" Y="213" T="116840922" />
  <Point X="156" Y="210" T="116840935" />
  <Point X="161" Y="207" T="116840948" />
  <Point X="164" Y="202" T="116840961" />
  <Point X="165" Y="200" T="116840975" />
  <Point X="167" Y="196" T="116840988" />
  <Point X="169" Y="190" T="116841003" />
  <Point X="170" Y="186" T="116841017" />
  <Point X="171" Y="183" T="116841031" />
  <Point X="171" Y="177" T="116841046" />
  <Point X="169" Y="173" T="116841061" />
  <Point X="167" Y="169" T="116841076" />
  <Point X="165" Y="163" T="116841091" />
  <Point X="163" Y="161" T="116841108" />
  <Point X="161" Y="158" T="116841124" />
  <Point X="158" Y="154" T="116841139" />
  <Point X="156" Y="153" T="116841155" />
  <Point X="153" Y="152" T="116841171" />
  <Point X="148" Y="149" T="116841188" />
  <Point X="146" Y="148" T="116841204" />
  <Point X="142" Y="145" T="116841221" />
  <Point X="140" Y="145" T="116841238" />
  <Point X="135" Y="144" T="116841255" />
  <Point X="133" Y="144" T="116841272" />
  <Point X="130" Y="143" T="116841290" />
  <Point X="128" Y="143" T="116841291" />
  <Point X="126" Y="144" T="116841309" />
</Gesture>