﻿<?xml version="1.0" encoding="utf-8" standalone="yes"?>
<Gesture Name="circle01" Subject="4" Speed="fast" Number="1" NumPts="50" Millseconds="553" AppName="Gestures" AppVer="3.7.0.0" Date="Friday, March 09, 2007" TimeOfDay="8:23:13 PM">
  <Point X="111" Y="143" T="116836080" />
  <Point X="109" Y="141" T="116836096" />
  <Point X="107" Y="144" T="116836112" />
  <Point X="104" Y="145" T="116836131" />
  <Point X="102" Y="147" T="116836148" />
  <Point X="100" Y="149" T="116836164" />
  <Point X="98" Y="151" T="116836176" />
  <Point X="97" Y="155" T="116836184" />
  <Point X="95" Y="157" T="116836196" />
  <Point X="94" Y="160" T="116836204" />
  <Point X="93" Y="163" T="116836212" />
  <Point X="92" Y="165" T="116836220" />
  <Point X="92" Y="168" T="116836228" />
  <Point X="92" Y="171" T="116836237" />
  <Point X="91" Y="174" T="116836244" />
  <Point X="91" Y="177" T="116836253" />
  <Point X="92" Y="179" T="116836261" />
  <Point X="92" Y="182" T="116836269" />
  <Point X="93" Y="186" T="116836278" />
  <Point X="95" Y="189" T="116836287" />
  <Point X="96" Y="193" T="116836296" />
  <Point X="98" Y="195" T="116836305" />
  <Point X="100" Y="198" T="116836314" />
  <Point X="102" Y="200" T="116836324" />
  <Point X="108" Y="204" T="116836333" />
  <Point X="111" Y="206" T="116836343" />
  <Point X="117" Y="208" T="116836354" />
  <Point X="123" Y="209" T="116836366" />
  <Point X="130" Y="207" T="116836379" />
  <Point X="137" Y="209" T="116836390" />
  <Point X="144" Y="206" T="116836403" />
  <Point X="150" Y="203" T="116836415" />
  <Point X="153" Y="200" T="116836426" />
  <Point X="159" Y="195" T="116836438" />
  <Point X="162" Y="189" T="116836450" />
  <Point X="164" Y="186" T="116836462" />
  <Point X="165" Y="182" T="116836475" />
  <Point X="165" Y="174" T="116836488" />
  <Point X="165" Y="171" T="116836500" />
  <Point X="164" Y="169" T="116836501" />
  <Point X="162" Y="162" T="116836515" />
  <Point X="160" Y="157" T="116836528" />
  <Point X="159" Y="155" T="116836529" />
  <Point X="157" Y="152" T="116836543" />
  <Point X="153" Y="146" T="116836558" />
  <Point X="149" Y="143" T="116836574" />
  <Point X="144" Y="141" T="116836589" />
  <Point X="142" Y="140" T="116836604" />
  <Point X="140" Y="138" T="116836618" />
  <Point X="138" Y="138" T="116836633" />
</Gesture>