﻿<?xml version="1.0" encoding="utf-8" standalone="yes"?>
<Gesture Name="circle06" Subject="4" Speed="fast" Number="6" NumPts="68" Millseconds="910" AppName="Gestures" AppVer="3.7.0.0" Date="Friday, March 09, 2007" TimeOfDay="8:23:20 PM">
  <Point X="128" Y="147" T="116842450" />
  <Point X="126" Y="146" T="116842458" />
  <Point X="125" Y="144" T="116842491" />
  <Point X="123" Y="143" T="116842535" />
  <Point X="121" Y="142" T="116842556" />
  <Point X="119" Y="143" T="116842568" />
  <Point X="117" Y="141" T="116842580" />
  <Point X="114" Y="141" T="116842592" />
  <Point X="112" Y="142" T="116842600" />
  <Point X="109" Y="141" T="116842612" />
  <Point X="107" Y="141" T="116842620" />
  <Point X="105" Y="142" T="116842628" />
  <Point X="103" Y="142" T="116842636" />
  <Point X="101" Y="143" T="116842645" />
  <Point X="99" Y="144" T="116842652" />
  <Point X="97" Y="145" T="116842660" />
  <Point X="95" Y="146" T="116842668" />
  <Point X="93" Y="148" T="116842677" />
  <Point X="91" Y="149" T="116842685" />
  <Point X="89" Y="151" T="116842694" />
  <Point X="86" Y="153" T="116842704" />
  <Point X="84" Y="155" T="116842713" />
  <Point X="81" Y="158" T="116842724" />
  <Point X="79" Y="161" T="116842733" />
  <Point X="77" Y="163" T="116842743" />
  <Point X="75" Y="166" T="116842753" />
  <Point X="74" Y="168" T="116842763" />
  <Point X="73" Y="172" T="116842774" />
  <Point X="71" Y="178" T="116842785" />
  <Point X="71" Y="182" T="116842795" />
  <Point X="71" Y="186" T="116842806" />
  <Point X="72" Y="194" T="116842818" />
  <Point X="73" Y="198" T="116842830" />
  <Point X="77" Y="203" T="116842842" />
  <Point X="80" Y="207" T="116842854" />
  <Point X="83" Y="209" T="116842866" />
  <Point X="89" Y="212" T="116842879" />
  <Point X="93" Y="213" T="116842892" />
  <Point X="97" Y="214" T="116842893" />
  <Point X="103" Y="216" T="116842906" />
  <Point X="109" Y="216" T="116842919" />
  <Point X="111" Y="216" T="116842920" />
  <Point X="117" Y="217" T="116842934" />
  <Point X="123" Y="217" T="116842948" />
  <Point X="126" Y="216" T="116842962" />
  <Point X="132" Y="217" T="116842976" />
  <Point X="137" Y="215" T="116842991" />
  <Point X="142" Y="212" T="116843006" />
  <Point X="146" Y="209" T="116843022" />
  <Point X="149" Y="207" T="116843041" />
  <Point X="153" Y="202" T="116843057" />
  <Point X="156" Y="199" T="116843072" />
  <Point X="159" Y="195" T="116843088" />
  <Point X="162" Y="190" T="116843104" />
  <Point X="162" Y="187" T="116843120" />
  <Point X="163" Y="185" T="116843136" />
  <Point X="164" Y="178" T="116843153" />
  <Point X="163" Y="176" T="116843170" />
  <Point X="163" Y="171" T="116843187" />
  <Point X="161" Y="166" T="116843204" />
  <Point X="160" Y="164" T="116843221" />
  <Point X="156" Y="160" T="116843245" />
  <Point X="155" Y="157" T="116843263" />
  <Point X="153" Y="156" T="116843281" />
  <Point X="151" Y="155" T="116843299" />
  <Point X="148" Y="153" T="116843317" />
  <Point X="146" Y="154" T="116843336" />
  <Point X="144" Y="153" T="116843360" />
</Gesture>