﻿<?xml version="1.0" encoding="utf-8" standalone="yes"?>
<Gesture Name="circle04" Subject="4" Speed="fast" Number="4" NumPts="63" Millseconds="718" AppName="Gestures" AppVer="3.7.0.0" Date="Friday, March 09, 2007" TimeOfDay="8:23:17 PM">
  <Point X="114" Y="142" T="116839345" />
  <Point X="112" Y="143" T="116839361" />
  <Point X="110" Y="145" T="116839377" />
  <Point X="108" Y="145" T="116839389" />
  <Point X="106" Y="147" T="116839401" />
  <Point X="104" Y="149" T="116839410" />
  <Point X="102" Y="151" T="116839422" />
  <Point X="99" Y="153" T="116839434" />
  <Point X="98" Y="156" T="116839446" />
  <Point X="97" Y="158" T="116839454" />
  <Point X="95" Y="161" T="116839466" />
  <Point X="94" Y="163" T="116839474" />
  <Point X="94" Y="166" T="116839482" />
  <Point X="93" Y="170" T="116839491" />
  <Point X="92" Y="174" T="116839498" />
  <Point X="92" Y="176" T="116839507" />
  <Point X="92" Y="179" T="116839516" />
  <Point X="93" Y="183" T="116839524" />
  <Point X="94" Y="186" T="116839533" />
  <Point X="94" Y="190" T="116839542" />
  <Point X="95" Y="192" T="116839551" />
  <Point X="97" Y="195" T="116839560" />
  <Point X="98" Y="197" T="116839561" />
  <Point X="99" Y="200" T="116839570" />
  <Point X="101" Y="203" T="116839580" />
  <Point X="103" Y="206" T="116839590" />
  <Point X="108" Y="210" T="116839601" />
  <Point X="110" Y="211" T="116839611" />
  <Point X="113" Y="213" T="116839622" />
  <Point X="119" Y="216" T="116839633" />
  <Point X="122" Y="217" T="116839644" />
  <Point X="125" Y="217" T="116839655" />
  <Point X="128" Y="217" T="116839656" />
  <Point X="132" Y="218" T="116839668" />
  <Point X="135" Y="216" T="116839679" />
  <Point X="139" Y="216" T="116839680" />
  <Point X="142" Y="216" T="116839693" />
  <Point X="148" Y="214" T="116839705" />
  <Point X="151" Y="212" T="116839719" />
  <Point X="156" Y="207" T="116839732" />
  <Point X="160" Y="202" T="116839746" />
  <Point X="162" Y="199" T="116839759" />
  <Point X="164" Y="194" T="116839773" />
  <Point X="165" Y="191" T="116839786" />
  <Point X="167" Y="184" T="116839801" />
  <Point X="168" Y="182" T="116839815" />
  <Point X="168" Y="177" T="116839830" />
  <Point X="168" Y="172" T="116839845" />
  <Point X="167" Y="169" T="116839859" />
  <Point X="166" Y="167" T="116839860" />
  <Point X="165" Y="164" T="116839875" />
  <Point X="163" Y="161" T="116839876" />
  <Point X="162" Y="159" T="116839892" />
  <Point X="159" Y="153" T="116839908" />
  <Point X="155" Y="150" T="116839925" />
  <Point X="152" Y="148" T="116839941" />
  <Point X="150" Y="147" T="116839957" />
  <Point X="144" Y="142" T="116839974" />
  <Point X="142" Y="142" T="116839991" />
  <Point X="137" Y="140" T="116840008" />
  <Point X="132" Y="138" T="116840026" />
  <Point X="130" Y="139" T="116840043" />
  <Point X="127" Y="139" T="116840063" />
</Gesture>