﻿<?xml version="1.0" encoding="utf-8" standalone="yes"?>
<Gesture Name="circle03" Subject="4" Speed="fast" Number="3" NumPts="61" Millseconds="685" AppName="Gestures" AppVer="3.7.0.0" Date="Friday, March 09, 2007" TimeOfDay="8:23:15 PM">
  <Point X="107" Y="147" T="116838204" />
  <Point X="105" Y="147" T="116838221" />
  <Point X="102" Y="149" T="116838236" />
  <Point X="100" Y="150" T="116838249" />
  <Point X="98" Y="153" T="116838261" />
  <Point X="97" Y="155" T="116838273" />
  <Point X="94" Y="157" T="116838285" />
  <Point X="93" Y="159" T="116838293" />
  <Point X="93" Y="161" T="116838300" />
  <Point X="91" Y="165" T="116838306" />
  <Point X="89" Y="167" T="116838318" />
  <Point X="88" Y="170" T="116838326" />
  <Point X="88" Y="172" T="116838333" />
  <Point X="87" Y="174" T="116838341" />
  <Point X="87" Y="177" T="116838349" />
  <Point X="87" Y="180" T="116838357" />
  <Point X="87" Y="183" T="116838365" />
  <Point X="87" Y="185" T="116838373" />
  <Point X="87" Y="189" T="116838381" />
  <Point X="87" Y="192" T="116838382" />
  <Point X="88" Y="195" T="116838391" />
  <Point X="89" Y="198" T="116838400" />
  <Point X="90" Y="201" T="116838410" />
  <Point X="91" Y="203" T="116838411" />
  <Point X="92" Y="205" T="116838420" />
  <Point X="96" Y="210" T="116838431" />
  <Point X="97" Y="213" T="116838442" />
  <Point X="99" Y="215" T="116838452" />
  <Point X="105" Y="218" T="116838463" />
  <Point X="107" Y="220" T="116838473" />
  <Point X="110" Y="221" T="116838484" />
  <Point X="115" Y="222" T="116838496" />
  <Point X="122" Y="223" T="116838507" />
  <Point X="126" Y="223" T="116838519" />
  <Point X="133" Y="223" T="116838531" />
  <Point X="136" Y="223" T="116838543" />
  <Point X="142" Y="221" T="116838556" />
  <Point X="145" Y="221" T="116838569" />
  <Point X="151" Y="219" T="116838581" />
  <Point X="157" Y="215" T="116838595" />
  <Point X="159" Y="213" T="116838608" />
  <Point X="163" Y="209" T="116838621" />
  <Point X="167" Y="203" T="116838635" />
  <Point X="169" Y="200" T="116838649" />
  <Point X="172" Y="195" T="116838663" />
  <Point X="173" Y="192" T="116838677" />
  <Point X="174" Y="187" T="116838692" />
  <Point X="174" Y="179" T="116838707" />
  <Point X="174" Y="177" T="116838721" />
  <Point X="173" Y="174" T="116838723" />
  <Point X="171" Y="169" T="116838741" />
  <Point X="168" Y="164" T="116838756" />
  <Point X="165" Y="159" T="116838772" />
  <Point X="159" Y="154" T="116838788" />
  <Point X="152" Y="151" T="116838804" />
  <Point X="146" Y="149" T="116838820" />
  <Point X="140" Y="147" T="116838837" />
  <Point X="138" Y="147" T="116838838" />
  <Point X="135" Y="147" T="116838855" />
  <Point X="133" Y="147" T="116838872" />
  <Point X="131" Y="147" T="116838889" />
</Gesture>