﻿<?xml version="1.0" encoding="utf-8" standalone="yes"?>
<Gesture Name="circle09" Subject="4" Speed="fast" Number="9" NumPts="71" Millseconds="840" AppName="Gestures" AppVer="3.7.0.0" Date="Friday, March 09, 2007" TimeOfDay="8:23:23 PM">
  <Point X="143" Y="134" T="116846092" />
  <Point X="141" Y="134" T="116846112" />
  <Point X="139" Y="133" T="116846128" />
  <Point X="136" Y="133" T="116846140" />
  <Point X="133" Y="133" T="116846153" />
  <Point X="131" Y="132" T="116846160" />
  <Point X="129" Y="133" T="116846167" />
  <Point X="127" Y="134" T="116846175" />
  <Point X="124" Y="134" T="116846183" />
  <Point X="122" Y="134" T="116846191" />
  <Point X="119" Y="137" T="116846200" />
  <Point X="116" Y="137" T="116846207" />
  <Point X="113" Y="139" T="116846215" />
  <Point X="110" Y="141" T="116846223" />
  <Point X="107" Y="144" T="116846232" />
  <Point X="104" Y="145" T="116846240" />
  <Point X="102" Y="147" T="116846248" />
  <Point X="100" Y="149" T="116846256" />
  <Point X="98" Y="151" T="116846264" />
  <Point X="96" Y="153" T="116846275" />
  <Point X="95" Y="156" T="116846284" />
  <Point X="93" Y="159" T="116846293" />
  <Point X="92" Y="161" T="116846302" />
  <Point X="92" Y="163" T="116846304" />
  <Point X="90" Y="166" T="116846313" />
  <Point X="89" Y="169" T="116846323" />
  <Point X="89" Y="174" T="116846333" />
  <Point X="89" Y="177" T="116846344" />
  <Point X="89" Y="180" T="116846354" />
  <Point X="89" Y="184" T="116846365" />
  <Point X="91" Y="189" T="116846376" />
  <Point X="92" Y="193" T="116846388" />
  <Point X="95" Y="199" T="116846399" />
  <Point X="96" Y="202" T="116846411" />
  <Point X="98" Y="204" T="116846423" />
  <Point X="100" Y="206" T="116846424" />
  <Point X="102" Y="209" T="116846436" />
  <Point X="108" Y="213" T="116846448" />
  <Point X="111" Y="215" T="116846461" />
  <Point X="116" Y="218" T="116846474" />
  <Point X="122" Y="222" T="116846489" />
  <Point X="125" Y="221" T="116846502" />
  <Point X="128" Y="221" T="116846503" />
  <Point X="131" Y="223" T="116846517" />
  <Point X="137" Y="223" T="116846530" />
  <Point X="143" Y="222" T="116846545" />
  <Point X="146" Y="223" T="116846559" />
  <Point X="149" Y="222" T="116846560" />
  <Point X="152" Y="221" T="116846575" />
  <Point X="155" Y="219" T="116846576" />
  <Point X="161" Y="217" T="116846591" />
  <Point X="165" Y="214" T="116846607" />
  <Point X="169" Y="211" T="116846624" />
  <Point X="171" Y="209" T="116846642" />
  <Point X="173" Y="206" T="116846643" />
  <Point X="174" Y="204" T="116846660" />
  <Point X="176" Y="198" T="116846677" />
  <Point X="177" Y="190" T="116846695" />
  <Point X="176" Y="185" T="116846712" />
  <Point X="175" Y="183" T="116846729" />
  <Point X="174" Y="177" T="116846746" />
  <Point X="172" Y="171" T="116846764" />
  <Point X="170" Y="167" T="116846782" />
  <Point X="169" Y="162" T="116846800" />
  <Point X="167" Y="160" T="116846818" />
  <Point X="164" Y="156" T="116846836" />
  <Point X="162" Y="153" T="116846854" />
  <Point X="157" Y="149" T="116846873" />
  <Point X="152" Y="146" T="116846895" />
  <Point X="150" Y="145" T="116846914" />
  <Point X="148" Y="144" T="116846932" />
</Gesture>