﻿<?xml version="1.0" encoding="utf-8" standalone="yes"?>
<Gesture Name="circle07" Subject="4" Speed="fast" Number="7" NumPts="66" Millseconds="845" AppName="Gestures" AppVer="3.7.0.0" Date="Friday, March 09, 2007" TimeOfDay="8:23:21 PM">
  <Point X="134" Y="148" T="116843721" />
  <Point X="133" Y="146" T="116843750" />
  <Point X="131" Y="146" T="116843774" />
  <Point X="129" Y="145" T="116843793" />
  <Point X="127" Y="144" T="116843806" />
  <Point X="125" Y="143" T="116843818" />
  <Point X="122" Y="144" T="116843830" />
  <Point X="120" Y="144" T="116843838" />
  <Point X="118" Y="144" T="116843846" />
  <Point X="116" Y="143" T="116843854" />
  <Point X="114" Y="145" T="116843862" />
  <Point X="111" Y="147" T="116843870" />
  <Point X="109" Y="147" T="116843879" />
  <Point X="107" Y="148" T="116843886" />
  <Point X="104" Y="149" T="116843895" />
  <Point X="102" Y="150" T="116843903" />
  <Point X="100" Y="151" T="116843911" />
  <Point X="98" Y="154" T="116843919" />
  <Point X="95" Y="156" T="116843930" />
  <Point X="93" Y="159" T="116843939" />
  <Point X="91" Y="161" T="116843948" />
  <Point X="89" Y="163" T="116843958" />
  <Point X="87" Y="165" T="116843967" />
  <Point X="86" Y="168" T="116843977" />
  <Point X="85" Y="170" T="116843987" />
  <Point X="84" Y="173" T="116843997" />
  <Point X="83" Y="179" T="116844007" />
  <Point X="83" Y="181" T="116844017" />
  <Point X="83" Y="184" T="116844018" />
  <Point X="83" Y="187" T="116844029" />
  <Point X="83" Y="190" T="116844040" />
  <Point X="85" Y="195" T="116844052" />
  <Point X="87" Y="200" T="116844064" />
  <Point X="88" Y="203" T="116844075" />
  <Point X="92" Y="208" T="116844087" />
  <Point X="94" Y="211" T="116844099" />
  <Point X="100" Y="217" T="116844112" />
  <Point X="102" Y="219" T="116844124" />
  <Point X="109" Y="221" T="116844137" />
  <Point X="115" Y="223" T="116844150" />
  <Point X="118" Y="223" T="116844163" />
  <Point X="125" Y="224" T="116844177" />
  <Point X="131" Y="225" T="116844191" />
  <Point X="134" Y="225" T="116844204" />
  <Point X="140" Y="224" T="116844219" />
  <Point X="145" Y="222" T="116844233" />
  <Point X="149" Y="221" T="116844247" />
  <Point X="152" Y="220" T="116844264" />
  <Point X="157" Y="218" T="116844279" />
  <Point X="159" Y="216" T="116844294" />
  <Point X="161" Y="214" T="116844309" />
  <Point X="163" Y="212" T="116844325" />
  <Point X="168" Y="208" T="116844340" />
  <Point X="170" Y="206" T="116844356" />
  <Point X="172" Y="201" T="116844373" />
  <Point X="173" Y="197" T="116844389" />
  <Point X="174" Y="192" T="116844406" />
  <Point X="173" Y="188" T="116844423" />
  <Point X="173" Y="183" T="116844440" />
  <Point X="171" Y="178" T="116844457" />
  <Point X="169" Y="175" T="116844474" />
  <Point X="165" Y="171" T="116844492" />
  <Point X="162" Y="169" T="116844510" />
  <Point X="159" Y="166" T="116844528" />
  <Point X="157" Y="164" T="116844547" />
  <Point X="156" Y="161" T="116844566" />
</Gesture>