﻿<?xml version="1.0" encoding="utf-8" standalone="yes"?>
<Gesture Name="circle08" Subject="4" Speed="fast" Number="8" NumPts="68" Millseconds="783" AppName="Gestures" AppVer="3.7.0.0" Date="Friday, March 09, 2007" TimeOfDay="8:23:22 PM">
  <Point X="133" Y="143" T="116844938" />
  <Point X="131" Y="142" T="116844963" />
  <Point X="129" Y="141" T="116844979" />
  <Point X="127" Y="141" T="116844992" />
  <Point X="125" Y="140" T="116845004" />
  <Point X="123" Y="140" T="116845011" />
  <Point X="120" Y="140" T="116845020" />
  <Point X="118" Y="141" T="116845028" />
  <Point X="116" Y="141" T="116845036" />
  <Point X="113" Y="142" T="116845044" />
  <Point X="110" Y="143" T="116845052" />
  <Point X="107" Y="144" T="116845060" />
  <Point X="105" Y="145" T="116845069" />
  <Point X="102" Y="146" T="116845076" />
  <Point X="100" Y="147" T="116845084" />
  <Point X="97" Y="149" T="116845093" />
  <Point X="95" Y="151" T="116845102" />
  <Point X="93" Y="154" T="116845110" />
  <Point X="91" Y="157" T="116845119" />
  <Point X="90" Y="159" T="116845127" />
  <Point X="89" Y="162" T="116845137" />
  <Point X="87" Y="165" T="116845146" />
  <Point X="87" Y="167" T="116845155" />
  <Point X="86" Y="171" T="116845165" />
  <Point X="86" Y="176" T="116845174" />
  <Point X="86" Y="178" T="116845185" />
  <Point X="87" Y="184" T="116845195" />
  <Point X="88" Y="188" T="116845205" />
  <Point X="88" Y="190" T="116845206" />
  <Point X="89" Y="192" T="116845217" />
  <Point X="92" Y="198" T="116845228" />
  <Point X="93" Y="202" T="116845239" />
  <Point X="97" Y="207" T="116845251" />
  <Point X="99" Y="210" T="116845262" />
  <Point X="103" Y="215" T="116845274" />
  <Point X="105" Y="217" T="116845287" />
  <Point X="110" Y="219" T="116845299" />
  <Point X="113" Y="221" T="116845311" />
  <Point X="119" Y="222" T="116845325" />
  <Point X="122" Y="223" T="116845338" />
  <Point X="125" Y="224" T="116845339" />
  <Point X="129" Y="224" T="116845352" />
  <Point X="135" Y="224" T="116845366" />
  <Point X="140" Y="223" T="116845380" />
  <Point X="143" Y="221" T="116845394" />
  <Point X="146" Y="221" T="116845395" />
  <Point X="148" Y="220" T="116845410" />
  <Point X="151" Y="220" T="116845411" />
  <Point X="153" Y="219" T="116845425" />
  <Point X="155" Y="217" T="116845426" />
  <Point X="157" Y="216" T="116845441" />
  <Point X="159" Y="214" T="116845442" />
  <Point X="162" Y="212" T="116845458" />
  <Point X="164" Y="209" T="116845474" />
  <Point X="167" Y="205" T="116845490" />
  <Point X="169" Y="200" T="116845507" />
  <Point X="170" Y="197" T="116845523" />
  <Point X="171" Y="192" T="116845540" />
  <Point X="172" Y="190" T="116845557" />
  <Point X="172" Y="183" T="116845574" />
  <Point X="172" Y="178" T="116845592" />
  <Point X="171" Y="173" T="116845610" />
  <Point X="169" Y="169" T="116845628" />
  <Point X="165" Y="164" T="116845647" />
  <Point X="162" Y="161" T="116845665" />
  <Point X="158" Y="158" T="116845683" />
  <Point X="154" Y="155" T="116845701" />
  <Point X="152" Y="155" T="116845721" />
</Gesture>