﻿<?xml version="1.0" encoding="utf-8" standalone="yes"?>
<Gesture Name="delete_mark07" Subject="4" Speed="fast" Number="7" NumPts="73" Millseconds="970" AppName="Gestures" AppVer="3.7.0.0" Date="Friday, March 09, 2007" TimeOfDay="8:33:23 PM">
  <Point X="86" Y="148" T="117446417" />
  <Point X="86" Y="151" T="117446462" />
  <Point X="87" Y="153" T="117446478" />
  <Point X="89" Y="156" T="117446491" />
  <Point X="89" Y="159" T="117446499" />
  <Point X="91" Y="163" T="117446507" />
  <Point X="93" Y="166" T="117446514" />
  <Point X="94" Y="168" T="117446522" />
  <Point X="95" Y="170" T="117446528" />
  <Point X="97" Y="173" T="117446535" />
  <Point X="99" Y="176" T="117446543" />
  <Point X="100" Y="179" T="117446550" />
  <Point X="102" Y="183" T="117446557" />
  <Point X="104" Y="187" T="117446565" />
  <Point X="105" Y="189" T="117446572" />
  <Point X="107" Y="192" T="117446580" />
  <Point X="109" Y="196" T="117446588" />
  <Point X="111" Y="199" T="117446597" />
  <Point X="113" Y="202" T="117446605" />
  <Point X="115" Y="205" T="117446614" />
  <Point X="118" Y="208" T="117446623" />
  <Point X="120" Y="211" T="117446624" />
  <Point X="121" Y="213" T="117446633" />
  <Point X="123" Y="216" T="117446643" />
  <Point X="125" Y="220" T="117446644" />
  <Point X="127" Y="222" T="117446654" />
  <Point X="129" Y="224" T="117446664" />
  <Point X="131" Y="226" T="117446674" />
  <Point X="133" Y="229" T="117446675" />
  <Point X="135" Y="231" T="117446687" />
  <Point X="136" Y="233" T="117446699" />
  <Point X="138" Y="235" T="117446715" />
  <Point X="136" Y="234" T="117446803" />
  <Point X="133" Y="234" T="117446815" />
  <Point X="130" Y="234" T="117446827" />
  <Point X="128" Y="233" T="117446839" />
  <Point X="125" Y="233" T="117446840" />
  <Point X="121" Y="233" T="117446852" />
  <Point X="115" Y="233" T="117446865" />
  <Point X="109" Y="234" T="117446878" />
  <Point X="101" Y="234" T="117446891" />
  <Point X="97" Y="234" T="117446905" />
  <Point X="88" Y="233" T="117446921" />
  <Point X="85" Y="233" T="117446934" />
  <Point X="82" Y="233" T="117446936" />
  <Point X="80" Y="233" T="117446949" />
  <Point X="75" Y="233" T="117446964" />
  <Point X="70" Y="234" T="117446979" />
  <Point X="65" Y="237" T="117446994" />
  <Point X="63" Y="236" T="117447008" />
  <Point X="60" Y="238" T="117447024" />
  <Point X="58" Y="239" T="117447039" />
  <Point X="59" Y="236" T="117447087" />
  <Point X="62" Y="234" T="117447102" />
  <Point X="69" Y="227" T="117447118" />
  <Point X="71" Y="225" T="117447119" />
  <Point X="79" Y="216" T="117447136" />
  <Point X="87" Y="207" T="117447154" />
  <Point X="95" Y="197" T="117447171" />
  <Point X="97" Y="193" T="117447172" />
  <Point X="105" Y="182" T="117447191" />
  <Point X="107" Y="179" T="117447192" />
  <Point X="115" Y="167" T="117447211" />
  <Point X="120" Y="159" T="117447230" />
  <Point X="122" Y="156" T="117447231" />
  <Point X="126" Y="151" T="117447250" />
  <Point X="128" Y="148" T="117447251" />
  <Point X="131" Y="145" T="117447270" />
  <Point X="133" Y="143" T="117447271" />
  <Point X="134" Y="140" T="117447291" />
  <Point X="136" Y="139" T="117447310" />
  <Point X="137" Y="137" T="117447347" />
  <Point X="135" Y="139" T="117447387" />
</Gesture>