﻿<?xml version="1.0" encoding="utf-8" standalone="yes"?>
<Gesture Name="delete_mark04" Subject="4" Speed="fast" Number="4" NumPts="68" Millseconds="1013" AppName="Gestures" AppVer="3.7.0.0" Date="Friday, March 09, 2007" TimeOfDay="8:33:18 PM">
  <Point X="88" Y="145" T="117442296" />
  <Point X="90" Y="147" T="117442370" />
  <Point X="91" Y="150" T="117442385" />
  <Point X="92" Y="153" T="117442394" />
  <Point X="93" Y="156" T="117442402" />
  <Point X="94" Y="159" T="117442410" />
  <Point X="95" Y="162" T="117442418" />
  <Point X="96" Y="166" T="117442427" />
  <Point X="97" Y="169" T="117442435" />
  <Point X="98" Y="171" T="117442442" />
  <Point X="99" Y="174" T="117442448" />
  <Point X="100" Y="176" T="117442456" />
  <Point X="101" Y="180" T="117442463" />
  <Point X="103" Y="183" T="117442470" />
  <Point X="104" Y="186" T="117442478" />
  <Point X="106" Y="190" T="117442486" />
  <Point X="107" Y="192" T="117442494" />
  <Point X="109" Y="195" T="117442502" />
  <Point X="111" Y="198" T="117442510" />
  <Point X="113" Y="201" T="117442511" />
  <Point X="114" Y="204" T="117442520" />
  <Point X="116" Y="208" T="117442530" />
  <Point X="118" Y="212" T="117442539" />
  <Point X="119" Y="214" T="117442548" />
  <Point X="121" Y="216" T="117442558" />
  <Point X="124" Y="222" T="117442569" />
  <Point X="126" Y="226" T="117442580" />
  <Point X="127" Y="229" T="117442590" />
  <Point X="129" Y="232" T="117442601" />
  <Point X="130" Y="236" T="117442612" />
  <Point X="132" Y="239" T="117442632" />
  <Point X="133" Y="241" T="117442644" />
  <Point X="134" Y="244" T="117442656" />
  <Point X="131" Y="243" T="117442748" />
  <Point X="129" Y="242" T="117442760" />
  <Point X="127" Y="242" T="117442772" />
  <Point X="122" Y="242" T="117442784" />
  <Point X="119" Y="242" T="117442797" />
  <Point X="113" Y="241" T="117442809" />
  <Point X="105" Y="241" T="117442823" />
  <Point X="99" Y="243" T="117442835" />
  <Point X="93" Y="241" T="117442849" />
  <Point X="90" Y="241" T="117442863" />
  <Point X="87" Y="241" T="117442864" />
  <Point X="85" Y="241" T="117442878" />
  <Point X="80" Y="241" T="117442893" />
  <Point X="76" Y="242" T="117442907" />
  <Point X="74" Y="243" T="117442921" />
  <Point X="71" Y="242" T="117442936" />
  <Point X="69" Y="242" T="117442951" />
  <Point X="68" Y="240" T="117443009" />
  <Point X="69" Y="238" T="117443025" />
  <Point X="70" Y="236" T="117443040" />
  <Point X="72" Y="234" T="117443042" />
  <Point X="74" Y="231" T="117443057" />
  <Point X="80" Y="222" T="117443074" />
  <Point X="86" Y="214" T="117443090" />
  <Point X="93" Y="205" T="117443107" />
  <Point X="101" Y="194" T="117443124" />
  <Point X="110" Y="181" T="117443142" />
  <Point X="117" Y="173" T="117443159" />
  <Point X="123" Y="163" T="117443177" />
  <Point X="128" Y="156" T="117443195" />
  <Point X="131" Y="149" T="117443213" />
  <Point X="133" Y="144" T="117443231" />
  <Point X="134" Y="141" T="117443249" />
  <Point X="135" Y="139" T="117443289" />
  <Point X="135" Y="142" T="117443309" />
</Gesture>