﻿<?xml version="1.0" encoding="utf-8" standalone="yes"?>
<Gesture Name="delete_mark06" Subject="4" Speed="fast" Number="6" NumPts="70" Millseconds="1030" AppName="Gestures" AppVer="3.7.0.0" Date="Friday, March 09, 2007" TimeOfDay="8:33:21 PM">
  <Point X="86" Y="147" T="117445057" />
  <Point X="86" Y="149" T="117445109" />
  <Point X="87" Y="151" T="117445125" />
  <Point X="88" Y="154" T="117445133" />
  <Point X="89" Y="156" T="117445141" />
  <Point X="91" Y="159" T="117445149" />
  <Point X="92" Y="161" T="117445155" />
  <Point X="93" Y="164" T="117445162" />
  <Point X="96" Y="168" T="117445173" />
  <Point X="97" Y="170" T="117445180" />
  <Point X="99" Y="173" T="117445186" />
  <Point X="101" Y="176" T="117445193" />
  <Point X="104" Y="179" T="117445203" />
  <Point X="106" Y="183" T="117445211" />
  <Point X="108" Y="186" T="117445218" />
  <Point X="110" Y="190" T="117445226" />
  <Point X="112" Y="194" T="117445234" />
  <Point X="115" Y="197" T="117445242" />
  <Point X="117" Y="201" T="117445251" />
  <Point X="119" Y="204" T="117445259" />
  <Point X="120" Y="206" T="117445268" />
  <Point X="122" Y="209" T="117445269" />
  <Point X="124" Y="213" T="117445278" />
  <Point X="126" Y="214" T="117445288" />
  <Point X="128" Y="217" T="117445298" />
  <Point X="129" Y="220" T="117445309" />
  <Point X="132" Y="222" T="117445319" />
  <Point X="134" Y="225" T="117445330" />
  <Point X="137" Y="228" T="117445340" />
  <Point X="139" Y="231" T="117445351" />
  <Point X="141" Y="232" T="117445362" />
  <Point X="142" Y="234" T="117445373" />
  <Point X="143" Y="236" T="117445385" />
  <Point X="145" Y="238" T="117445397" />
  <Point X="147" Y="240" T="117445414" />
  <Point X="147" Y="242" T="117445427" />
  <Point X="145" Y="240" T="117445490" />
  <Point X="143" Y="241" T="117445502" />
  <Point X="138" Y="240" T="117445515" />
  <Point X="135" Y="239" T="117445528" />
  <Point X="128" Y="239" T="117445541" />
  <Point X="121" Y="238" T="117445555" />
  <Point X="115" Y="239" T="117445568" />
  <Point X="109" Y="239" T="117445582" />
  <Point X="101" Y="239" T="117445596" />
  <Point X="94" Y="241" T="117445610" />
  <Point X="91" Y="241" T="117445625" />
  <Point X="85" Y="241" T="117445639" />
  <Point X="80" Y="241" T="117445655" />
  <Point X="75" Y="241" T="117445669" />
  <Point X="71" Y="241" T="117445685" />
  <Point X="69" Y="241" T="117445701" />
  <Point X="67" Y="241" T="117445717" />
  <Point X="69" Y="239" T="117445782" />
  <Point X="70" Y="237" T="117445798" />
  <Point X="72" Y="234" T="117445799" />
  <Point X="76" Y="229" T="117445815" />
  <Point X="81" Y="223" T="117445832" />
  <Point X="89" Y="212" T="117445849" />
  <Point X="99" Y="200" T="117445867" />
  <Point X="107" Y="190" T="117445885" />
  <Point X="115" Y="179" T="117445903" />
  <Point X="123" Y="167" T="117445921" />
  <Point X="129" Y="157" T="117445939" />
  <Point X="133" Y="152" T="117445957" />
  <Point X="134" Y="150" T="117445958" />
  <Point X="137" Y="145" T="117445977" />
  <Point X="138" Y="142" T="117445995" />
  <Point X="140" Y="140" T="117446014" />
  <Point X="141" Y="142" T="117446087" />
</Gesture>