﻿<?xml version="1.0" encoding="utf-8" standalone="yes"?>
<Gesture Name="delete_mark09" Subject="4" Speed="fast" Number="9" NumPts="68" Millseconds="960" AppName="Gestures" AppVer="3.7.0.0" Date="Friday, March 09, 2007" TimeOfDay="8:33:25 PM">
  <Point X="88" Y="138" T="117448830" />
  <Point X="87" Y="140" T="117448883" />
  <Point X="88" Y="142" T="117448895" />
  <Point X="88" Y="144" T="117448904" />
  <Point X="89" Y="147" T="117448912" />
  <Point X="89" Y="149" T="117448918" />
  <Point X="90" Y="152" T="117448924" />
  <Point X="90" Y="154" T="117448930" />
  <Point X="92" Y="159" T="117448937" />
  <Point X="94" Y="162" T="117448944" />
  <Point X="96" Y="165" T="117448952" />
  <Point X="98" Y="168" T="117448960" />
  <Point X="100" Y="172" T="117448968" />
  <Point X="103" Y="175" T="117448977" />
  <Point X="105" Y="178" T="117448984" />
  <Point X="108" Y="182" T="117448993" />
  <Point X="111" Y="185" T="117449002" />
  <Point X="114" Y="187" T="117449010" />
  <Point X="116" Y="190" T="117449019" />
  <Point X="118" Y="192" T="117449027" />
  <Point X="121" Y="197" T="117449036" />
  <Point X="123" Y="201" T="117449045" />
  <Point X="125" Y="203" T="117449046" />
  <Point X="127" Y="206" T="117449056" />
  <Point X="129" Y="208" T="117449065" />
  <Point X="131" Y="211" T="117449075" />
  <Point X="132" Y="214" T="117449085" />
  <Point X="134" Y="216" T="117449086" />
  <Point X="135" Y="218" T="117449097" />
  <Point X="138" Y="224" T="117449108" />
  <Point X="140" Y="226" T="117449119" />
  <Point X="142" Y="232" T="117449131" />
  <Point X="144" Y="234" T="117449143" />
  <Point X="146" Y="237" T="117449159" />
  <Point X="148" Y="239" T="117449188" />
  <Point X="146" Y="238" T="117449253" />
  <Point X="143" Y="237" T="117449266" />
  <Point X="141" Y="236" T="117449278" />
  <Point X="134" Y="235" T="117449291" />
  <Point X="128" Y="235" T="117449304" />
  <Point X="121" Y="235" T="117449317" />
  <Point X="119" Y="236" T="117449319" />
  <Point X="111" Y="236" T="117449332" />
  <Point X="101" Y="239" T="117449347" />
  <Point X="97" Y="239" T="117449361" />
  <Point X="88" Y="239" T="117449375" />
  <Point X="82" Y="240" T="117449390" />
  <Point X="79" Y="240" T="117449405" />
  <Point X="74" Y="240" T="117449420" />
  <Point X="70" Y="240" T="117449435" />
  <Point X="68" Y="240" T="117449450" />
  <Point X="66" Y="241" T="117449468" />
  <Point X="67" Y="239" T="117449518" />
  <Point X="69" Y="237" T="117449533" />
  <Point X="72" Y="235" T="117449535" />
  <Point X="77" Y="230" T="117449551" />
  <Point X="86" Y="221" T="117449568" />
  <Point X="94" Y="212" T="117449585" />
  <Point X="103" Y="200" T="117449603" />
  <Point X="113" Y="186" T="117449620" />
  <Point X="124" Y="172" T="117449638" />
  <Point X="131" Y="161" T="117449656" />
  <Point X="136" Y="152" T="117449675" />
  <Point X="142" Y="143" T="117449693" />
  <Point X="146" Y="139" T="117449711" />
  <Point X="148" Y="136" T="117449730" />
  <Point X="150" Y="133" T="117449766" />
  <Point X="150" Y="135" T="117449790" />
</Gesture>