﻿<?xml version="1.0" encoding="utf-8" standalone="yes"?>
<Gesture Name="delete_mark02" Subject="4" Speed="fast" Number="2" NumPts="65" Millseconds="880" AppName="Gestures" AppVer="3.7.0.0" Date="Friday, March 09, 2007" TimeOfDay="8:33:15 PM">
  <Point X="86" Y="141" T="117439338" />
  <Point X="88" Y="141" T="117439387" />
  <Point X="89" Y="144" T="117439396" />
  <Point X="90" Y="146" T="117439404" />
  <Point X="92" Y="148" T="117439412" />
  <Point X="93" Y="151" T="117439421" />
  <Point X="95" Y="155" T="117439429" />
  <Point X="95" Y="157" T="117439435" />
  <Point X="97" Y="162" T="117439442" />
  <Point X="99" Y="166" T="117439449" />
  <Point X="100" Y="168" T="117439456" />
  <Point X="102" Y="173" T="117439463" />
  <Point X="104" Y="178" T="117439471" />
  <Point X="106" Y="183" T="117439478" />
  <Point X="108" Y="188" T="117439486" />
  <Point X="109" Y="190" T="117439494" />
  <Point X="112" Y="196" T="117439502" />
  <Point X="113" Y="199" T="117439511" />
  <Point X="115" Y="203" T="117439519" />
  <Point X="117" Y="206" T="117439528" />
  <Point X="120" Y="214" T="117439537" />
  <Point X="122" Y="217" T="117439546" />
  <Point X="124" Y="220" T="117439556" />
  <Point X="126" Y="223" T="117439566" />
  <Point X="127" Y="226" T="117439575" />
  <Point X="130" Y="232" T="117439586" />
  <Point X="133" Y="235" T="117439597" />
  <Point X="134" Y="237" T="117439608" />
  <Point X="135" Y="239" T="117439618" />
  <Point X="137" Y="241" T="117439629" />
  <Point X="138" Y="243" T="117439641" />
  <Point X="136" Y="242" T="117439701" />
  <Point X="133" Y="241" T="117439712" />
  <Point X="131" Y="241" T="117439724" />
  <Point X="127" Y="240" T="117439725" />
  <Point X="124" Y="240" T="117439737" />
  <Point X="117" Y="238" T="117439750" />
  <Point X="111" Y="236" T="117439763" />
  <Point X="105" Y="235" T="117439776" />
  <Point X="96" Y="232" T="117439790" />
  <Point X="89" Y="231" T="117439803" />
  <Point X="83" Y="230" T="117439817" />
  <Point X="76" Y="230" T="117439831" />
  <Point X="69" Y="229" T="117439845" />
  <Point X="66" Y="227" T="117439859" />
  <Point X="61" Y="227" T="117439874" />
  <Point X="59" Y="228" T="117439888" />
  <Point X="56" Y="228" T="117439905" />
  <Point X="54" Y="226" T="117439920" />
  <Point X="52" Y="226" T="117439935" />
  <Point X="51" Y="228" T="117439965" />
  <Point X="51" Y="226" T="117439980" />
  <Point X="53" Y="224" T="117440009" />
  <Point X="56" Y="221" T="117440025" />
  <Point X="61" Y="216" T="117440041" />
  <Point X="68" Y="209" T="117440057" />
  <Point X="78" Y="198" T="117440074" />
  <Point X="87" Y="189" T="117440092" />
  <Point X="100" Y="174" T="117440110" />
  <Point X="108" Y="164" T="117440128" />
  <Point X="115" Y="155" T="117440146" />
  <Point X="120" Y="148" T="117440163" />
  <Point X="125" Y="142" T="117440181" />
  <Point X="128" Y="137" T="117440199" />
  <Point X="130" Y="135" T="117440218" />
</Gesture>