﻿<?xml version="1.0" encoding="utf-8" standalone="yes"?>
<Gesture Name="delete_mark08" Subject="4" Speed="fast" Number="8" NumPts="66" Millseconds="965" AppName="Gestures" AppVer="3.7.0.0" Date="Friday, March 09, 2007" TimeOfDay="8:33:24 PM">
  <Point X="85" Y="145" T="117447616" />
  <Point X="85" Y="148" T="117447661" />
  <Point X="87" Y="151" T="117447677" />
  <Point X="88" Y="154" T="117447685" />
  <Point X="90" Y="156" T="117447697" />
  <Point X="92" Y="159" T="117447705" />
  <Point X="93" Y="161" T="117447711" />
  <Point X="95" Y="166" T="117447718" />
  <Point X="96" Y="168" T="117447724" />
  <Point X="98" Y="172" T="117447730" />
  <Point X="99" Y="174" T="117447737" />
  <Point X="102" Y="176" T="117447744" />
  <Point X="103" Y="178" T="117447745" />
  <Point X="105" Y="181" T="117447753" />
  <Point X="106" Y="183" T="117447754" />
  <Point X="108" Y="187" T="117447762" />
  <Point X="111" Y="192" T="117447770" />
  <Point X="114" Y="194" T="117447778" />
  <Point X="117" Y="199" T="117447786" />
  <Point X="120" Y="202" T="117447795" />
  <Point X="123" Y="205" T="117447804" />
  <Point X="124" Y="208" T="117447805" />
  <Point X="125" Y="210" T="117447815" />
  <Point X="128" Y="212" T="117447824" />
  <Point X="132" Y="218" T="117447834" />
  <Point X="134" Y="221" T="117447844" />
  <Point X="136" Y="224" T="117447854" />
  <Point X="137" Y="226" T="117447864" />
  <Point X="141" Y="230" T="117447874" />
  <Point X="143" Y="231" T="117447886" />
  <Point X="145" Y="234" T="117447903" />
  <Point X="146" Y="236" T="117447968" />
  <Point X="144" Y="234" T="117447991" />
  <Point X="142" Y="233" T="117448004" />
  <Point X="140" Y="232" T="117448015" />
  <Point X="134" Y="231" T="117448028" />
  <Point X="129" Y="230" T="117448040" />
  <Point X="123" Y="230" T="117448053" />
  <Point X="116" Y="230" T="117448066" />
  <Point X="107" Y="230" T="117448079" />
  <Point X="101" Y="230" T="117448092" />
  <Point X="94" Y="230" T="117448106" />
  <Point X="87" Y="229" T="117448120" />
  <Point X="83" Y="229" T="117448133" />
  <Point X="77" Y="226" T="117448147" />
  <Point X="72" Y="227" T="117448162" />
  <Point X="70" Y="226" T="117448176" />
  <Point X="68" Y="225" T="117448211" />
  <Point X="70" Y="223" T="117448255" />
  <Point X="73" Y="221" T="117448270" />
  <Point X="79" Y="216" T="117448285" />
  <Point X="87" Y="210" T="117448301" />
  <Point X="96" Y="202" T="117448317" />
  <Point X="106" Y="192" T="117448333" />
  <Point X="117" Y="181" T="117448350" />
  <Point X="127" Y="172" T="117448367" />
  <Point X="129" Y="169" T="117448368" />
  <Point X="136" Y="160" T="117448385" />
  <Point X="141" Y="153" T="117448402" />
  <Point X="144" Y="148" T="117448419" />
  <Point X="145" Y="145" T="117448436" />
  <Point X="146" Y="143" T="117448454" />
  <Point X="147" Y="141" T="117448473" />
  <Point X="147" Y="139" T="117448492" />
  <Point X="147" Y="141" T="117448563" />
  <Point X="144" Y="142" T="117448581" />
</Gesture>