﻿<?xml version="1.0" encoding="utf-8" standalone="yes"?>
<Gesture Name="delete_mark10" Subject="4" Speed="fast" Number="10" NumPts="66" Millseconds="936" AppName="Gestures" AppVer="3.7.0.0" Date="Friday, March 09, 2007" TimeOfDay="8:33:26 PM">
  <Point X="84" Y="139" T="117450147" />
  <Point X="83" Y="142" T="117450176" />
  <Point X="83" Y="144" T="117450184" />
  <Point X="84" Y="147" T="117450197" />
  <Point X="84" Y="149" T="117450202" />
  <Point X="86" Y="151" T="117450213" />
  <Point X="88" Y="155" T="117450221" />
  <Point X="89" Y="158" T="117450229" />
  <Point X="91" Y="161" T="117450237" />
  <Point X="94" Y="163" T="117450245" />
  <Point X="96" Y="166" T="117450253" />
  <Point X="99" Y="169" T="117450261" />
  <Point X="102" Y="172" T="117450269" />
  <Point X="105" Y="175" T="117450277" />
  <Point X="108" Y="178" T="117450286" />
  <Point X="109" Y="180" T="117450294" />
  <Point X="112" Y="182" T="117450302" />
  <Point X="117" Y="187" T="117450311" />
  <Point X="120" Y="190" T="117450321" />
  <Point X="124" Y="196" T="117450330" />
  <Point X="125" Y="198" T="117450340" />
  <Point X="128" Y="201" T="117450349" />
  <Point X="131" Y="204" T="117450350" />
  <Point X="133" Y="207" T="117450359" />
  <Point X="137" Y="212" T="117450370" />
  <Point X="139" Y="215" T="117450379" />
  <Point X="141" Y="217" T="117450390" />
  <Point X="143" Y="219" T="117450400" />
  <Point X="147" Y="223" T="117450411" />
  <Point X="148" Y="226" T="117450421" />
  <Point X="149" Y="228" T="117450432" />
  <Point X="151" Y="230" T="117450443" />
  <Point X="152" Y="232" T="117450454" />
  <Point X="150" Y="232" T="117450541" />
  <Point X="147" Y="232" T="117450553" />
  <Point X="141" Y="233" T="117450566" />
  <Point X="134" Y="232" T="117450578" />
  <Point X="126" Y="232" T="117450591" />
  <Point X="118" Y="233" T="117450604" />
  <Point X="107" Y="235" T="117450617" />
  <Point X="100" Y="235" T="117450631" />
  <Point X="92" Y="236" T="117450647" />
  <Point X="89" Y="236" T="117450660" />
  <Point X="86" Y="236" T="117450661" />
  <Point X="84" Y="235" T="117450675" />
  <Point X="80" Y="235" T="117450690" />
  <Point X="77" Y="235" T="117450704" />
  <Point X="72" Y="236" T="117450718" />
  <Point X="70" Y="236" T="117450733" />
  <Point X="70" Y="234" T="117450826" />
  <Point X="73" Y="231" T="117450842" />
  <Point X="75" Y="230" T="117450857" />
  <Point X="77" Y="228" T="117450859" />
  <Point X="82" Y="223" T="117450874" />
  <Point X="86" Y="217" T="117450890" />
  <Point X="94" Y="207" T="117450907" />
  <Point X="101" Y="197" T="117450923" />
  <Point X="108" Y="184" T="117450941" />
  <Point X="118" Y="168" T="117450960" />
  <Point X="124" Y="159" T="117450978" />
  <Point X="129" Y="152" T="117450995" />
  <Point X="134" Y="144" T="117451012" />
  <Point X="138" Y="141" T="117451030" />
  <Point X="143" Y="136" T="117451048" />
  <Point X="148" Y="132" T="117451066" />
  <Point X="150" Y="130" T="117451083" />
</Gesture>