﻿<?xml version="1.0" encoding="utf-8" standalone="yes"?>
<Gesture Name="delete_mark03" Subject="4" Speed="fast" Number="3" NumPts="67" Millseconds="924" AppName="Gestures" AppVer="3.7.0.0" Date="Friday, March 09, 2007" TimeOfDay="8:33:17 PM">
  <Point X="88" Y="143" T="117440894" />
  <Point X="89" Y="145" T="117440931" />
  <Point X="89" Y="148" T="117440939" />
  <Point X="90" Y="150" T="117440947" />
  <Point X="91" Y="152" T="117440954" />
  <Point X="93" Y="155" T="117440963" />
  <Point X="93" Y="157" T="117440969" />
  <Point X="95" Y="161" T="117440976" />
  <Point X="95" Y="164" T="117440982" />
  <Point X="97" Y="168" T="117440989" />
  <Point X="98" Y="172" T="117440996" />
  <Point X="99" Y="174" T="117441002" />
  <Point X="99" Y="177" T="117441004" />
  <Point X="101" Y="181" T="117441012" />
  <Point X="103" Y="185" T="117441020" />
  <Point X="104" Y="189" T="117441028" />
  <Point X="106" Y="193" T="117441037" />
  <Point X="107" Y="197" T="117441045" />
  <Point X="109" Y="201" T="117441053" />
  <Point X="111" Y="204" T="117441062" />
  <Point X="113" Y="209" T="117441071" />
  <Point X="114" Y="211" T="117441072" />
  <Point X="116" Y="213" T="117441082" />
  <Point X="118" Y="216" T="117441091" />
  <Point X="119" Y="219" T="117441092" />
  <Point X="121" Y="221" T="117441102" />
  <Point X="123" Y="224" T="117441113" />
  <Point X="125" Y="227" T="117441123" />
  <Point X="127" Y="229" T="117441134" />
  <Point X="129" Y="232" T="117441145" />
  <Point X="130" Y="234" T="117441155" />
  <Point X="131" Y="237" T="117441167" />
  <Point X="132" Y="239" T="117441178" />
  <Point X="130" Y="240" T="117441266" />
  <Point X="127" Y="239" T="117441279" />
  <Point X="125" Y="237" T="117441291" />
  <Point X="120" Y="237" T="117441303" />
  <Point X="117" Y="236" T="117441316" />
  <Point X="110" Y="234" T="117441329" />
  <Point X="107" Y="234" T="117441342" />
  <Point X="103" Y="234" T="117441343" />
  <Point X="99" Y="233" T="117441356" />
  <Point X="93" Y="233" T="117441370" />
  <Point X="87" Y="232" T="117441385" />
  <Point X="82" Y="232" T="117441399" />
  <Point X="80" Y="232" T="117441413" />
  <Point X="78" Y="232" T="117441414" />
  <Point X="75" Y="232" T="117441429" />
  <Point X="73" Y="232" T="117441444" />
  <Point X="71" Y="233" T="117441459" />
  <Point X="69" Y="233" T="117441474" />
  <Point X="68" Y="231" T="117441568" />
  <Point X="69" Y="229" T="117441584" />
  <Point X="72" Y="223" T="117441600" />
  <Point X="76" Y="218" T="117441616" />
  <Point X="82" Y="208" T="117441633" />
  <Point X="88" Y="200" T="117441649" />
  <Point X="94" Y="190" T="117441667" />
  <Point X="103" Y="179" T="117441686" />
  <Point X="110" Y="171" T="117441704" />
  <Point X="117" Y="161" T="117441722" />
  <Point X="124" Y="151" T="117441740" />
  <Point X="128" Y="145" T="117441758" />
  <Point X="131" Y="140" T="117441780" />
  <Point X="132" Y="138" T="117441781" />
  <Point X="133" Y="135" T="117441800" />
  <Point X="134" Y="133" T="117441818" />
</Gesture>