﻿<?xml version="1.0" encoding="utf-8" standalone="yes"?>
<Gesture Name="delete_mark01" Subject="4" Speed="fast" Number="1" NumPts="64" Millseconds="847" AppName="Gestures" AppVer="3.7.0.0" Date="Friday, March 09, 2007" TimeOfDay="8:33:14 PM">
  <Point X="90" Y="141" T="117438052" />
  <Point X="91" Y="143" T="117438101" />
  <Point X="93" Y="147" T="117438118" />
  <Point X="95" Y="150" T="117438126" />
  <Point X="97" Y="151" T="117438134" />
  <Point X="99" Y="155" T="117438141" />
  <Point X="100" Y="157" T="117438147" />
  <Point X="102" Y="160" T="117438153" />
  <Point X="105" Y="163" T="117438161" />
  <Point X="106" Y="165" T="117438168" />
  <Point X="108" Y="167" T="117438174" />
  <Point X="112" Y="173" T="117438182" />
  <Point X="114" Y="177" T="117438189" />
  <Point X="115" Y="179" T="117438197" />
  <Point X="117" Y="181" T="117438198" />
  <Point X="119" Y="185" T="117438206" />
  <Point X="121" Y="188" T="117438214" />
  <Point X="123" Y="192" T="117438222" />
  <Point X="126" Y="196" T="117438230" />
  <Point X="128" Y="198" T="117438239" />
  <Point X="130" Y="202" T="117438248" />
  <Point X="132" Y="205" T="117438257" />
  <Point X="135" Y="209" T="117438267" />
  <Point X="137" Y="211" T="117438276" />
  <Point X="139" Y="213" T="117438277" />
  <Point X="142" Y="216" T="117438287" />
  <Point X="144" Y="218" T="117438298" />
  <Point X="146" Y="219" T="117438308" />
  <Point X="147" Y="221" T="117438318" />
  <Point X="149" Y="224" T="117438329" />
  <Point X="151" Y="226" T="117438353" />
  <Point X="149" Y="225" T="117438394" />
  <Point X="146" Y="223" T="117438407" />
  <Point X="143" Y="223" T="117438419" />
  <Point X="138" Y="224" T="117438433" />
  <Point X="131" Y="221" T="117438447" />
  <Point X="128" Y="221" T="117438460" />
  <Point X="121" Y="219" T="117438472" />
  <Point X="115" Y="219" T="117438485" />
  <Point X="113" Y="218" T="117438486" />
  <Point X="107" Y="217" T="117438500" />
  <Point X="101" Y="215" T="117438513" />
  <Point X="99" Y="214" T="117438514" />
  <Point X="93" Y="214" T="117438528" />
  <Point X="88" Y="211" T="117438543" />
  <Point X="81" Y="211" T="117438557" />
  <Point X="76" Y="211" T="117438572" />
  <Point X="74" Y="211" T="117438586" />
  <Point X="72" Y="211" T="117438601" />
  <Point X="74" Y="210" T="117438658" />
  <Point X="77" Y="208" T="117438673" />
  <Point X="79" Y="207" T="117438674" />
  <Point X="86" Y="202" T="117438690" />
  <Point X="93" Y="195" T="117438707" />
  <Point X="102" Y="186" T="117438723" />
  <Point X="112" Y="175" T="117438740" />
  <Point X="121" Y="164" T="117438758" />
  <Point X="123" Y="161" T="117438759" />
  <Point X="132" Y="150" T="117438777" />
  <Point X="139" Y="140" T="117438795" />
  <Point X="144" Y="134" T="117438813" />
  <Point X="148" Y="129" T="117438830" />
  <Point X="153" Y="124" T="117438848" />
  <Point X="153" Y="126" T="117438899" />
</Gesture>