﻿<?xml version="1.0" encoding="utf-8" standalone="yes"?>
<Gesture Name="delete_mark05" Subject="4" Speed="fast" Number="5" NumPts="66" Millseconds="971" AppName="Gestures" AppVer="3.7.0.0" Date="Friday, March 09, 2007" TimeOfDay="8:33:20 PM">
  <Point X="83" Y="151" T="117443718" />
  <Point X="83" Y="153" T="117443751" />
  <Point X="86" Y="155" T="117443782" />
  <Point X="87" Y="158" T="117443794" />
  <Point X="88" Y="161" T="117443803" />
  <Point X="90" Y="163" T="117443811" />
  <Point X="91" Y="165" T="117443819" />
  <Point X="93" Y="168" T="117443827" />
  <Point X="94" Y="172" T="117443835" />
  <Point X="96" Y="175" T="117443843" />
  <Point X="98" Y="177" T="117443851" />
  <Point X="99" Y="180" T="117443859" />
  <Point X="101" Y="183" T="117443867" />
  <Point X="103" Y="187" T="117443876" />
  <Point X="104" Y="189" T="117443884" />
  <Point X="107" Y="194" T="117443892" />
  <Point X="109" Y="198" T="117443900" />
  <Point X="112" Y="201" T="117443908" />
  <Point X="114" Y="204" T="117443916" />
  <Point X="115" Y="206" T="117443924" />
  <Point X="117" Y="209" T="117443933" />
  <Point X="119" Y="212" T="117443942" />
  <Point X="121" Y="215" T="117443943" />
  <Point X="123" Y="218" T="117443953" />
  <Point X="125" Y="221" T="117443962" />
  <Point X="127" Y="222" T="117443972" />
  <Point X="128" Y="224" T="117443982" />
  <Point X="130" Y="227" T="117443983" />
  <Point X="132" Y="228" T="117443995" />
  <Point X="134" Y="231" T="117444007" />
  <Point X="135" Y="233" T="117444019" />
  <Point X="136" Y="235" T="117444035" />
  <Point X="138" Y="237" T="117444064" />
  <Point X="136" Y="239" T="117444124" />
  <Point X="133" Y="239" T="117444136" />
  <Point X="130" Y="238" T="117444148" />
  <Point X="124" Y="237" T="117444160" />
  <Point X="120" Y="237" T="117444173" />
  <Point X="113" Y="236" T="117444186" />
  <Point X="106" Y="237" T="117444199" />
  <Point X="100" Y="237" T="117444213" />
  <Point X="92" Y="236" T="117444226" />
  <Point X="87" Y="235" T="117444242" />
  <Point X="81" Y="234" T="117444256" />
  <Point X="77" Y="232" T="117444270" />
  <Point X="73" Y="232" T="117444284" />
  <Point X="70" Y="231" T="117444299" />
  <Point X="68" Y="231" T="117444313" />
  <Point X="66" Y="230" T="117444328" />
  <Point X="64" Y="231" T="117444356" />
  <Point X="66" Y="230" T="117444405" />
  <Point X="67" Y="227" T="117444420" />
  <Point X="70" Y="226" T="117444421" />
  <Point X="75" Y="223" T="117444437" />
  <Point X="84" Y="214" T="117444454" />
  <Point X="93" Y="204" T="117444470" />
  <Point X="101" Y="195" T="117444487" />
  <Point X="110" Y="184" T="117444504" />
  <Point X="112" Y="181" T="117444505" />
  <Point X="120" Y="170" T="117444524" />
  <Point X="128" Y="160" T="117444541" />
  <Point X="131" Y="154" T="117444559" />
  <Point X="134" Y="149" T="117444576" />
  <Point X="135" Y="144" T="117444594" />
  <Point X="136" Y="142" T="117444612" />
  <Point X="136" Y="144" T="117444689" />
</Gesture>