﻿<?xml version="1.0" encoding="utf-8" standalone="yes"?>
<Gesture Name="left_curly_brace02" Subject="4" Speed="fast" Number="2" NumPts="69" Millseconds="1229" AppName="Gestures" AppVer="3.7.0.0" Date="Friday, March 09, 2007" TimeOfDay="8:28:10 PM">
  <Point X="112" Y="122" T="117133294" />
  <Point X="110" Y="122" T="117133326" />
  <Point X="108" Y="122" T="117133346" />
  <Point X="106" Y="122" T="117133367" />
  <Point X="104" Y="123" T="117133387" />
  <Point X="102" Y="125" T="117133403" />
  <Point X="100" Y="126" T="117133419" />
  <Point X="97" Y="129" T="117133440" />
  <Point X="96" Y="131" T="117133464" />
  <Point X="95" Y="133" T="117133477" />
  <Point X="94" Y="136" T="117133489" />
  <Point X="94" Y="138" T="117133505" />
  <Point X="93" Y="140" T="117133513" />
  <Point X="93" Y="142" T="117133526" />
  <Point X="93" Y="145" T="117133534" />
  <Point X="93" Y="148" T="117133547" />
  <Point X="93" Y="150" T="117133556" />
  <Point X="94" Y="152" T="117133568" />
  <Point X="94" Y="155" T="117133580" />
  <Point X="94" Y="157" T="117133589" />
  <Point X="94" Y="159" T="117133597" />
  <Point X="95" Y="163" T="117133612" />
  <Point X="95" Y="165" T="117133621" />
  <Point X="95" Y="167" T="117133632" />
  <Point X="96" Y="169" T="117133642" />
  <Point X="96" Y="172" T="117133652" />
  <Point X="96" Y="174" T="117133662" />
  <Point X="97" Y="177" T="117133672" />
  <Point X="97" Y="180" T="117133683" />
  <Point X="97" Y="182" T="117133693" />
  <Point X="97" Y="184" T="117133704" />
  <Point X="97" Y="186" T="117133715" />
  <Point X="97" Y="189" T="117133727" />
  <Point X="96" Y="191" T="117133739" />
  <Point X="95" Y="193" T="117133751" />
  <Point X="94" Y="196" T="117133762" />
  <Point X="92" Y="198" T="117133785" />
  <Point X="90" Y="200" T="117133801" />
  <Point X="88" Y="202" T="117133825" />
  <Point X="90" Y="204" T="117133986" />
  <Point X="92" Y="204" T="117134027" />
  <Point X="94" Y="206" T="117134055" />
  <Point X="96" Y="209" T="117134075" />
  <Point X="98" Y="211" T="117134099" />
  <Point X="99" Y="213" T="117134116" />
  <Point X="100" Y="215" T="117134136" />
  <Point X="100" Y="218" T="117134150" />
  <Point X="101" Y="220" T="117134164" />
  <Point X="101" Y="222" T="117134184" />
  <Point X="101" Y="224" T="117134199" />
  <Point X="101" Y="226" T="117134214" />
  <Point X="101" Y="228" T="117134229" />
  <Point X="100" Y="233" T="117134245" />
  <Point X="100" Y="235" T="117134262" />
  <Point X="100" Y="238" T="117134278" />
  <Point X="101" Y="242" T="117134295" />
  <Point X="101" Y="247" T="117134311" />
  <Point X="103" Y="251" T="117134328" />
  <Point X="105" Y="253" T="117134345" />
  <Point X="108" Y="258" T="117134362" />
  <Point X="111" Y="259" T="117134379" />
  <Point X="114" Y="263" T="117134397" />
  <Point X="117" Y="264" T="117134415" />
  <Point X="121" Y="264" T="117134432" />
  <Point X="124" Y="262" T="117134450" />
  <Point X="131" Y="258" T="117134468" />
  <Point X="133" Y="257" T="117134486" />
  <Point X="136" Y="252" T="117134505" />
  <Point X="138" Y="250" T="117134523" />
</Gesture>