﻿<?xml version="1.0" encoding="utf-8" standalone="yes"?>
<Gesture Name="left_sq_bracket06" Subject="4" Speed="fast" Number="6" NumPts="64" Millseconds="861" AppName="Gestures" AppVer="3.7.0.0" Date="Friday, March 09, 2007" TimeOfDay="8:34:37 PM">
  <Point X="120" Y="130" T="117520914" />
  <Point X="118" Y="130" T="117520934" />
  <Point X="116" Y="130" T="117520946" />
  <Point X="113" Y="129" T="117520959" />
  <Point X="111" Y="130" T="117520967" />
  <Point X="109" Y="130" T="117520975" />
  <Point X="107" Y="129" T="117520983" />
  <Point X="104" Y="129" T="117520991" />
  <Point X="101" Y="128" T="117520999" />
  <Point X="99" Y="129" T="117521007" />
  <Point X="96" Y="129" T="117521015" />
  <Point X="94" Y="128" T="117521023" />
  <Point X="92" Y="129" T="117521031" />
  <Point X="90" Y="128" T="117521039" />
  <Point X="88" Y="127" T="117521052" />
  <Point X="85" Y="128" T="117521065" />
  <Point X="83" Y="127" T="117521081" />
  <Point X="81" Y="126" T="117521102" />
  <Point X="79" Y="127" T="117521130" />
  <Point X="78" Y="129" T="117521183" />
  <Point X="77" Y="131" T="117521195" />
  <Point X="77" Y="134" T="117521207" />
  <Point X="77" Y="136" T="117521216" />
  <Point X="77" Y="139" T="117521226" />
  <Point X="76" Y="145" T="117521236" />
  <Point X="76" Y="147" T="117521246" />
  <Point X="75" Y="156" T="117521256" />
  <Point X="75" Y="161" T="117521266" />
  <Point X="75" Y="164" T="117521267" />
  <Point X="76" Y="169" T="117521278" />
  <Point X="76" Y="175" T="117521289" />
  <Point X="77" Y="181" T="117521301" />
  <Point X="78" Y="190" T="117521312" />
  <Point X="78" Y="195" T="117521324" />
  <Point X="79" Y="202" T="117521336" />
  <Point X="79" Y="208" T="117521348" />
  <Point X="80" Y="215" T="117521361" />
  <Point X="80" Y="219" T="117521374" />
  <Point X="80" Y="225" T="117521387" />
  <Point X="80" Y="231" T="117521400" />
  <Point X="81" Y="237" T="117521417" />
  <Point X="81" Y="239" T="117521430" />
  <Point X="82" Y="241" T="117521431" />
  <Point X="82" Y="243" T="117521445" />
  <Point X="82" Y="245" T="117521459" />
  <Point X="82" Y="248" T="117521473" />
  <Point X="82" Y="250" T="117521487" />
  <Point X="82" Y="252" T="117521501" />
  <Point X="82" Y="254" T="117521519" />
  <Point X="82" Y="257" T="117521535" />
  <Point X="83" Y="259" T="117521550" />
  <Point X="85" Y="260" T="117521575" />
  <Point X="87" Y="260" T="117521590" />
  <Point X="92" Y="260" T="117521606" />
  <Point X="99" Y="259" T="117521622" />
  <Point X="105" Y="258" T="117521638" />
  <Point X="112" Y="258" T="117521654" />
  <Point X="118" Y="258" T="117521670" />
  <Point X="121" Y="259" T="117521671" />
  <Point X="126" Y="258" T="117521688" />
  <Point X="130" Y="258" T="117521706" />
  <Point X="133" Y="259" T="117521723" />
  <Point X="135" Y="258" T="117521740" />
  <Point X="134" Y="256" T="117521775" />
</Gesture>