﻿<?xml version="1.0" encoding="utf-8" standalone="yes"?>
<Gesture Name="left_curly_brace01" Subject="4" Speed="fast" Number="1" NumPts="70" Millseconds="1228" AppName="Gestures" AppVer="3.7.0.0" Date="Friday, March 09, 2007" TimeOfDay="8:28:09 PM">
  <Point X="114" Y="121" T="117131543" />
  <Point X="114" Y="123" T="117131563" />
  <Point X="112" Y="123" T="117131611" />
  <Point X="110" Y="124" T="117131627" />
  <Point X="108" Y="123" T="117131640" />
  <Point X="106" Y="125" T="117131651" />
  <Point X="104" Y="127" T="117131663" />
  <Point X="102" Y="128" T="117131679" />
  <Point X="100" Y="129" T="117131692" />
  <Point X="98" Y="131" T="117131704" />
  <Point X="96" Y="134" T="117131720" />
  <Point X="95" Y="136" T="117131733" />
  <Point X="94" Y="139" T="117131749" />
  <Point X="94" Y="141" T="117131761" />
  <Point X="93" Y="144" T="117131773" />
  <Point X="93" Y="146" T="117131781" />
  <Point X="93" Y="148" T="117131794" />
  <Point X="92" Y="151" T="117131802" />
  <Point X="92" Y="153" T="117131811" />
  <Point X="92" Y="155" T="117131819" />
  <Point X="93" Y="157" T="117131834" />
  <Point X="93" Y="159" T="117131843" />
  <Point X="93" Y="161" T="117131853" />
  <Point X="93" Y="164" T="117131862" />
  <Point X="93" Y="166" T="117131871" />
  <Point X="93" Y="170" T="117131886" />
  <Point X="93" Y="172" T="117131896" />
  <Point X="93" Y="174" T="117131907" />
  <Point X="93" Y="177" T="117131918" />
  <Point X="93" Y="179" T="117131931" />
  <Point X="93" Y="182" T="117131943" />
  <Point X="93" Y="184" T="117131954" />
  <Point X="93" Y="186" T="117131967" />
  <Point X="92" Y="188" T="117131987" />
  <Point X="91" Y="190" T="117131999" />
  <Point X="89" Y="191" T="117132019" />
  <Point X="88" Y="193" T="117132040" />
  <Point X="90" Y="195" T="117132211" />
  <Point X="92" Y="196" T="117132231" />
  <Point X="94" Y="198" T="117132251" />
  <Point X="96" Y="200" T="117132275" />
  <Point X="97" Y="202" T="117132288" />
  <Point X="99" Y="204" T="117132316" />
  <Point X="100" Y="206" T="117132344" />
  <Point X="101" Y="208" T="117132364" />
  <Point X="101" Y="210" T="117132384" />
  <Point X="101" Y="212" T="117132398" />
  <Point X="100" Y="214" T="117132413" />
  <Point X="100" Y="216" T="117132429" />
  <Point X="99" Y="218" T="117132445" />
  <Point X="99" Y="220" T="117132460" />
  <Point X="98" Y="222" T="117132476" />
  <Point X="98" Y="224" T="117132491" />
  <Point X="97" Y="226" T="117132507" />
  <Point X="97" Y="231" T="117132522" />
  <Point X="97" Y="233" T="117132538" />
  <Point X="97" Y="239" T="117132557" />
  <Point X="97" Y="244" T="117132574" />
  <Point X="98" Y="246" T="117132590" />
  <Point X="99" Y="249" T="117132606" />
  <Point X="100" Y="251" T="117132623" />
  <Point X="102" Y="254" T="117132641" />
  <Point X="104" Y="255" T="117132642" />
  <Point X="107" Y="258" T="117132660" />
  <Point X="112" Y="258" T="117132678" />
  <Point X="116" Y="258" T="117132696" />
  <Point X="119" Y="257" T="117132714" />
  <Point X="123" Y="255" T="117132733" />
  <Point X="125" Y="253" T="117132752" />
  <Point X="128" Y="248" T="117132771" />
</Gesture>