﻿<?xml version="1.0" encoding="utf-8" standalone="yes"?>
<Gesture Name="left_sq_bracket09" Subject="4" Speed="fast" Number="9" NumPts="62" Millseconds="833" AppName="Gestures" AppVer="3.7.0.0" Date="Friday, March 09, 2007" TimeOfDay="8:34:40 PM">
  <Point X="123" Y="130" T="117524546" />
  <Point X="121" Y="130" T="117524566" />
  <Point X="118" Y="131" T="117524578" />
  <Point X="116" Y="131" T="117524587" />
  <Point X="114" Y="131" T="117524595" />
  <Point X="112" Y="131" T="117524603" />
  <Point X="109" Y="131" T="117524611" />
  <Point X="106" Y="131" T="117524619" />
  <Point X="103" Y="132" T="117524627" />
  <Point X="100" Y="132" T="117524635" />
  <Point X="97" Y="132" T="117524643" />
  <Point X="94" Y="132" T="117524651" />
  <Point X="92" Y="132" T="117524659" />
  <Point X="90" Y="132" T="117524667" />
  <Point X="87" Y="132" T="117524680" />
  <Point X="85" Y="132" T="117524693" />
  <Point X="82" Y="132" T="117524706" />
  <Point X="80" Y="132" T="117524719" />
  <Point X="78" Y="132" T="117524749" />
  <Point X="77" Y="135" T="117524816" />
  <Point X="77" Y="137" T="117524825" />
  <Point X="77" Y="140" T="117524834" />
  <Point X="77" Y="144" T="117524843" />
  <Point X="76" Y="150" T="117524853" />
  <Point X="76" Y="152" T="117524862" />
  <Point X="75" Y="160" T="117524872" />
  <Point X="75" Y="164" T="117524883" />
  <Point X="75" Y="173" T="117524893" />
  <Point X="76" Y="177" T="117524903" />
  <Point X="76" Y="180" T="117524904" />
  <Point X="77" Y="185" T="117524915" />
  <Point X="77" Y="187" T="117524916" />
  <Point X="78" Y="194" T="117524928" />
  <Point X="78" Y="202" T="117524940" />
  <Point X="79" Y="209" T="117524952" />
  <Point X="79" Y="214" T="117524964" />
  <Point X="80" Y="218" T="117524976" />
  <Point X="80" Y="224" T="117524989" />
  <Point X="80" Y="228" T="117525001" />
  <Point X="81" Y="232" T="117525014" />
  <Point X="81" Y="234" T="117525029" />
  <Point X="81" Y="239" T="117525044" />
  <Point X="81" Y="242" T="117525059" />
  <Point X="82" Y="244" T="117525073" />
  <Point X="82" Y="246" T="117525087" />
  <Point X="83" Y="249" T="117525100" />
  <Point X="83" Y="252" T="117525114" />
  <Point X="84" Y="256" T="117525131" />
  <Point X="84" Y="258" T="117525147" />
  <Point X="85" Y="260" T="117525163" />
  <Point X="87" Y="261" T="117525195" />
  <Point X="89" Y="263" T="117525215" />
  <Point X="92" Y="263" T="117525230" />
  <Point X="97" Y="263" T="117525246" />
  <Point X="102" Y="264" T="117525261" />
  <Point X="108" Y="263" T="117525277" />
  <Point X="114" Y="263" T="117525294" />
  <Point X="120" Y="262" T="117525310" />
  <Point X="125" Y="261" T="117525327" />
  <Point X="129" Y="262" T="117525344" />
  <Point X="134" Y="261" T="117525361" />
  <Point X="136" Y="261" T="117525379" />
</Gesture>