﻿<?xml version="1.0" encoding="utf-8" standalone="yes"?>
<Gesture Name="left_sq_bracket01" Subject="4" Speed="fast" Number="1" NumPts="62" Millseconds="822" AppName="Gestures" AppVer="3.7.0.0" Date="Friday, March 09, 2007" TimeOfDay="8:34:31 PM">
  <Point X="123" Y="125" T="117514876" />
  <Point X="121" Y="125" T="117514895" />
  <Point X="118" Y="126" T="117514911" />
  <Point X="116" Y="126" T="117514923" />
  <Point X="113" Y="124" T="117514935" />
  <Point X="111" Y="124" T="117514943" />
  <Point X="108" Y="123" T="117514951" />
  <Point X="106" Y="124" T="117514959" />
  <Point X="104" Y="123" T="117514967" />
  <Point X="101" Y="123" T="117514975" />
  <Point X="98" Y="124" T="117514983" />
  <Point X="96" Y="123" T="117514991" />
  <Point X="94" Y="124" T="117514999" />
  <Point X="91" Y="125" T="117515012" />
  <Point X="89" Y="125" T="117515023" />
  <Point X="87" Y="125" T="117515044" />
  <Point X="86" Y="127" T="117515113" />
  <Point X="86" Y="130" T="117515129" />
  <Point X="86" Y="132" T="117515137" />
  <Point X="86" Y="134" T="117515152" />
  <Point X="86" Y="136" T="117515162" />
  <Point X="86" Y="138" T="117515172" />
  <Point X="86" Y="141" T="117515173" />
  <Point X="86" Y="144" T="117515183" />
  <Point X="87" Y="146" T="117515194" />
  <Point X="87" Y="153" T="117515204" />
  <Point X="87" Y="156" T="117515215" />
  <Point X="87" Y="159" T="117515225" />
  <Point X="87" Y="163" T="117515235" />
  <Point X="88" Y="165" T="117515237" />
  <Point X="88" Y="168" T="117515247" />
  <Point X="88" Y="174" T="117515259" />
  <Point X="88" Y="180" T="117515270" />
  <Point X="87" Y="186" T="117515282" />
  <Point X="86" Y="195" T="117515294" />
  <Point X="86" Y="200" T="117515306" />
  <Point X="86" Y="206" T="117515318" />
  <Point X="85" Y="213" T="117515331" />
  <Point X="85" Y="217" T="117515343" />
  <Point X="85" Y="220" T="117515344" />
  <Point X="85" Y="223" T="117515357" />
  <Point X="84" Y="230" T="117515371" />
  <Point X="84" Y="233" T="117515384" />
  <Point X="83" Y="240" T="117515397" />
  <Point X="82" Y="243" T="117515415" />
  <Point X="82" Y="246" T="117515431" />
  <Point X="82" Y="248" T="117515432" />
  <Point X="81" Y="250" T="117515447" />
  <Point X="81" Y="252" T="117515463" />
  <Point X="81" Y="254" T="117515478" />
  <Point X="84" Y="255" T="117515516" />
  <Point X="86" Y="255" T="117515531" />
  <Point X="91" Y="254" T="117515547" />
  <Point X="97" Y="254" T="117515562" />
  <Point X="104" Y="253" T="117515578" />
  <Point X="112" Y="254" T="117515594" />
  <Point X="119" Y="253" T="117515610" />
  <Point X="127" Y="252" T="117515629" />
  <Point X="129" Y="252" T="117515646" />
  <Point X="132" Y="252" T="117515662" />
  <Point X="134" Y="252" T="117515679" />
  <Point X="134" Y="250" T="117515698" />
</Gesture>