﻿<?xml version="1.0" encoding="utf-8" standalone="yes"?>
<Gesture Name="left_sq_bracket07" Subject="4" Speed="fast" Number="7" NumPts="62" Millseconds="779" AppName="Gestures" AppVer="3.7.0.0" Date="Friday, March 09, 2007" TimeOfDay="8:34:38 PM">
  <Point X="121" Y="128" T="117522200" />
  <Point X="119" Y="127" T="117522216" />
  <Point X="117" Y="128" T="117522229" />
  <Point X="115" Y="127" T="117522237" />
  <Point X="113" Y="127" T="117522245" />
  <Point X="111" Y="127" T="117522253" />
  <Point X="109" Y="126" T="117522261" />
  <Point X="107" Y="126" T="117522269" />
  <Point X="105" Y="125" T="117522277" />
  <Point X="102" Y="124" T="117522285" />
  <Point X="100" Y="125" T="117522293" />
  <Point X="97" Y="124" T="117522301" />
  <Point X="95" Y="124" T="117522309" />
  <Point X="93" Y="124" T="117522317" />
  <Point X="90" Y="124" T="117522330" />
  <Point X="88" Y="123" T="117522347" />
  <Point X="86" Y="125" T="117522363" />
  <Point X="84" Y="125" T="117522407" />
  <Point X="83" Y="127" T="117522428" />
  <Point X="82" Y="130" T="117522448" />
  <Point X="82" Y="133" T="117522457" />
  <Point X="81" Y="136" T="117522467" />
  <Point X="81" Y="138" T="117522476" />
  <Point X="81" Y="142" T="117522486" />
  <Point X="80" Y="148" T="117522496" />
  <Point X="80" Y="153" T="117522506" />
  <Point X="80" Y="160" T="117522516" />
  <Point X="80" Y="165" T="117522527" />
  <Point X="80" Y="167" T="117522528" />
  <Point X="79" Y="173" T="117522539" />
  <Point X="79" Y="176" T="117522540" />
  <Point X="79" Y="182" T="117522551" />
  <Point X="79" Y="189" T="117522562" />
  <Point X="79" Y="192" T="117522563" />
  <Point X="79" Y="201" T="117522575" />
  <Point X="79" Y="208" T="117522588" />
  <Point X="79" Y="214" T="117522600" />
  <Point X="80" Y="222" T="117522613" />
  <Point X="80" Y="225" T="117522626" />
  <Point X="81" Y="228" T="117522627" />
  <Point X="82" Y="231" T="117522640" />
  <Point X="83" Y="235" T="117522654" />
  <Point X="83" Y="237" T="117522668" />
  <Point X="84" Y="242" T="117522682" />
  <Point X="84" Y="245" T="117522696" />
  <Point X="84" Y="247" T="117522711" />
  <Point X="84" Y="249" T="117522725" />
  <Point X="84" Y="254" T="117522740" />
  <Point X="84" Y="256" T="117522754" />
  <Point X="84" Y="258" T="117522769" />
  <Point X="86" Y="259" T="117522791" />
  <Point X="88" Y="260" T="117522807" />
  <Point X="91" Y="260" T="117522822" />
  <Point X="96" Y="261" T="117522839" />
  <Point X="103" Y="262" T="117522855" />
  <Point X="113" Y="260" T="117522871" />
  <Point X="120" Y="260" T="117522888" />
  <Point X="126" Y="259" T="117522904" />
  <Point X="130" Y="258" T="117522922" />
  <Point X="133" Y="258" T="117522938" />
  <Point X="135" Y="258" T="117522956" />
  <Point X="137" Y="258" T="117522979" />
</Gesture>