﻿<?xml version="1.0" encoding="utf-8" standalone="yes"?>
<Gesture Name="left_curly_brace04" Subject="4" Speed="fast" Number="4" NumPts="76" Millseconds="1251" AppName="Gestures" AppVer="3.7.0.0" Date="Friday, March 09, 2007" TimeOfDay="8:28:14 PM">
  <Point X="114" Y="123" T="117136687" />
  <Point X="112" Y="122" T="117136708" />
  <Point X="110" Y="122" T="117136728" />
  <Point X="108" Y="122" T="117136745" />
  <Point X="106" Y="123" T="117136761" />
  <Point X="104" Y="124" T="117136778" />
  <Point X="102" Y="126" T="117136790" />
  <Point X="100" Y="128" T="117136802" />
  <Point X="98" Y="131" T="117136822" />
  <Point X="97" Y="133" T="117136834" />
  <Point X="96" Y="136" T="117136846" />
  <Point X="96" Y="138" T="117136858" />
  <Point X="96" Y="140" T="117136866" />
  <Point X="96" Y="143" T="117136875" />
  <Point X="96" Y="145" T="117136886" />
  <Point X="97" Y="147" T="117136897" />
  <Point X="98" Y="149" T="117136910" />
  <Point X="98" Y="151" T="117136918" />
  <Point X="99" Y="154" T="117136927" />
  <Point X="100" Y="156" T="117136938" />
  <Point X="101" Y="159" T="117136950" />
  <Point X="102" Y="162" T="117136962" />
  <Point X="103" Y="164" T="117136971" />
  <Point X="104" Y="166" T="117136982" />
  <Point X="105" Y="168" T="117136995" />
  <Point X="106" Y="171" T="117137011" />
  <Point X="107" Y="173" T="117137023" />
  <Point X="107" Y="175" T="117137035" />
  <Point X="107" Y="178" T="117137047" />
  <Point X="107" Y="180" T="117137059" />
  <Point X="107" Y="182" T="117137070" />
  <Point X="107" Y="184" T="117137081" />
  <Point X="106" Y="187" T="117137092" />
  <Point X="106" Y="189" T="117137104" />
  <Point X="106" Y="191" T="117137115" />
  <Point X="105" Y="194" T="117137127" />
  <Point X="104" Y="196" T="117137140" />
  <Point X="103" Y="198" T="117137152" />
  <Point X="101" Y="200" T="117137167" />
  <Point X="100" Y="202" T="117137183" />
  <Point X="98" Y="204" T="117137204" />
  <Point X="96" Y="206" T="117137228" />
  <Point X="94" Y="208" T="117137252" />
  <Point X="92" Y="210" T="117137329" />
  <Point X="94" Y="211" T="117137376" />
  <Point X="96" Y="212" T="117137404" />
  <Point X="98" Y="213" T="117137424" />
  <Point X="99" Y="215" T="117137438" />
  <Point X="101" Y="216" T="117137456" />
  <Point X="103" Y="218" T="117137476" />
  <Point X="104" Y="220" T="117137492" />
  <Point X="105" Y="222" T="117137513" />
  <Point X="106" Y="225" T="117137529" />
  <Point X="108" Y="228" T="117137553" />
  <Point X="108" Y="231" T="117137568" />
  <Point X="109" Y="233" T="117137584" />
  <Point X="109" Y="235" T="117137585" />
  <Point X="110" Y="238" T="117137602" />
  <Point X="110" Y="240" T="117137618" />
  <Point X="112" Y="243" T="117137635" />
  <Point X="112" Y="247" T="117137652" />
  <Point X="113" Y="249" T="117137670" />
  <Point X="114" Y="252" T="117137687" />
  <Point X="117" Y="256" T="117137705" />
  <Point X="120" Y="257" T="117137722" />
  <Point X="122" Y="260" T="117137741" />
  <Point X="126" Y="262" T="117137762" />
  <Point X="129" Y="260" T="117137780" />
  <Point X="133" Y="261" T="117137798" />
  <Point X="137" Y="259" T="117137817" />
  <Point X="139" Y="258" T="117137836" />
  <Point X="143" Y="255" T="117137856" />
  <Point X="146" Y="250" T="117137875" />
  <Point X="147" Y="248" T="117137897" />
  <Point X="147" Y="246" T="117137917" />
  <Point X="148" Y="244" T="117137938" />
</Gesture>