﻿<?xml version="1.0" encoding="utf-8" standalone="yes"?>
<Gesture Name="left_curly_brace06" Subject="4" Speed="fast" Number="6" NumPts="73" Millseconds="1214" AppName="Gestures" AppVer="3.7.0.0" Date="Friday, March 09, 2007" TimeOfDay="8:28:19 PM">
  <Point X="108" Y="125" T="117141801" />
  <Point X="106" Y="125" T="117141825" />
  <Point X="103" Y="125" T="117141845" />
  <Point X="101" Y="126" T="117141864" />
  <Point X="99" Y="126" T="117141880" />
  <Point X="97" Y="129" T="117141900" />
  <Point X="95" Y="130" T="117141921" />
  <Point X="94" Y="132" T="117141937" />
  <Point X="92" Y="135" T="117141954" />
  <Point X="92" Y="137" T="117141966" />
  <Point X="92" Y="140" T="117141982" />
  <Point X="92" Y="142" T="117141994" />
  <Point X="91" Y="144" T="117142002" />
  <Point X="92" Y="147" T="117142018" />
  <Point X="92" Y="149" T="117142027" />
  <Point X="92" Y="152" T="117142038" />
  <Point X="93" Y="154" T="117142047" />
  <Point X="94" Y="156" T="117142060" />
  <Point X="94" Y="159" T="117142068" />
  <Point X="95" Y="162" T="117142077" />
  <Point X="95" Y="165" T="117142085" />
  <Point X="97" Y="167" T="117142100" />
  <Point X="98" Y="169" T="117142109" />
  <Point X="98" Y="173" T="117142120" />
  <Point X="99" Y="175" T="117142129" />
  <Point X="99" Y="178" T="117142141" />
  <Point X="100" Y="180" T="117142152" />
  <Point X="100" Y="182" T="117142162" />
  <Point X="100" Y="184" T="117142173" />
  <Point X="100" Y="188" T="117142183" />
  <Point X="100" Y="191" T="117142194" />
  <Point X="99" Y="193" T="117142205" />
  <Point X="98" Y="196" T="117142217" />
  <Point X="98" Y="198" T="117142229" />
  <Point X="97" Y="201" T="117142240" />
  <Point X="96" Y="203" T="117142252" />
  <Point X="94" Y="205" T="117142264" />
  <Point X="93" Y="207" T="117142277" />
  <Point X="91" Y="209" T="117142292" />
  <Point X="89" Y="212" T="117142312" />
  <Point X="90" Y="214" T="117142454" />
  <Point X="92" Y="215" T="117142478" />
  <Point X="94" Y="215" T="117142502" />
  <Point X="96" Y="218" T="117142523" />
  <Point X="98" Y="220" T="117142547" />
  <Point X="99" Y="222" T="117142567" />
  <Point X="100" Y="224" T="117142583" />
  <Point X="101" Y="227" T="117142598" />
  <Point X="101" Y="229" T="117142612" />
  <Point X="102" Y="232" T="117142627" />
  <Point X="103" Y="235" T="117142643" />
  <Point X="103" Y="237" T="117142663" />
  <Point X="103" Y="239" T="117142678" />
  <Point X="103" Y="242" T="117142693" />
  <Point X="103" Y="244" T="117142709" />
  <Point X="103" Y="246" T="117142725" />
  <Point X="103" Y="249" T="117142741" />
  <Point X="104" Y="251" T="117142757" />
  <Point X="105" Y="253" T="117142774" />
  <Point X="106" Y="256" T="117142775" />
  <Point X="107" Y="258" T="117142792" />
  <Point X="109" Y="259" T="117142810" />
  <Point X="112" Y="263" T="117142827" />
  <Point X="114" Y="265" T="117142845" />
  <Point X="118" Y="266" T="117142862" />
  <Point X="121" Y="267" T="117142882" />
  <Point X="124" Y="267" T="117142901" />
  <Point X="128" Y="264" T="117142919" />
  <Point X="130" Y="264" T="117142938" />
  <Point X="135" Y="261" T="117142956" />
  <Point X="139" Y="257" T="117142976" />
  <Point X="141" Y="255" T="117142995" />
  <Point X="142" Y="252" T="117143015" />
</Gesture>