﻿<?xml version="1.0" encoding="utf-8" standalone="yes"?>
<Gesture Name="left_curly_brace08" Subject="4" Speed="fast" Number="8" NumPts="68" Millseconds="1071" AppName="Gestures" AppVer="3.7.0.0" Date="Friday, March 09, 2007" TimeOfDay="8:28:22 PM">
  <Point X="112" Y="120" T="117145219" />
  <Point X="109" Y="121" T="117145240" />
  <Point X="107" Y="121" T="117145252" />
  <Point X="105" Y="120" T="117145264" />
  <Point X="103" Y="122" T="117145276" />
  <Point X="100" Y="123" T="117145292" />
  <Point X="98" Y="124" T="117145309" />
  <Point X="96" Y="126" T="117145325" />
  <Point X="96" Y="129" T="117145338" />
  <Point X="95" Y="131" T="117145350" />
  <Point X="94" Y="133" T="117145361" />
  <Point X="94" Y="135" T="117145373" />
  <Point X="95" Y="138" T="117145381" />
  <Point X="96" Y="140" T="117145393" />
  <Point X="97" Y="142" T="117145406" />
  <Point X="97" Y="145" T="117145414" />
  <Point X="98" Y="147" T="117145423" />
  <Point X="99" Y="149" T="117145431" />
  <Point X="100" Y="152" T="117145440" />
  <Point X="102" Y="154" T="117145452" />
  <Point X="103" Y="157" T="117145465" />
  <Point X="104" Y="159" T="117145474" />
  <Point X="106" Y="162" T="117145489" />
  <Point X="107" Y="164" T="117145498" />
  <Point X="109" Y="167" T="117145513" />
  <Point X="109" Y="170" T="117145523" />
  <Point X="110" Y="172" T="117145533" />
  <Point X="110" Y="175" T="117145545" />
  <Point X="110" Y="177" T="117145555" />
  <Point X="109" Y="180" T="117145566" />
  <Point X="109" Y="182" T="117145578" />
  <Point X="108" Y="184" T="117145589" />
  <Point X="108" Y="186" T="117145601" />
  <Point X="107" Y="188" T="117145613" />
  <Point X="106" Y="190" T="117145626" />
  <Point X="105" Y="193" T="117145638" />
  <Point X="104" Y="195" T="117145656" />
  <Point X="102" Y="197" T="117145672" />
  <Point X="100" Y="199" T="117145688" />
  <Point X="99" Y="201" T="117145708" />
  <Point X="99" Y="203" T="117145826" />
  <Point X="101" Y="204" T="117145858" />
  <Point X="103" Y="206" T="117145882" />
  <Point X="103" Y="208" T="117145895" />
  <Point X="106" Y="209" T="117145914" />
  <Point X="106" Y="211" T="117145928" />
  <Point X="107" Y="213" T="117145942" />
  <Point X="108" Y="215" T="117145956" />
  <Point X="109" Y="220" T="117145971" />
  <Point X="109" Y="222" T="117145985" />
  <Point X="109" Y="225" T="117146000" />
  <Point X="110" Y="230" T="117146015" />
  <Point X="111" Y="232" T="117146031" />
  <Point X="111" Y="236" T="117146047" />
  <Point X="113" Y="242" T="117146062" />
  <Point X="113" Y="245" T="117146079" />
  <Point X="115" Y="249" T="117146095" />
  <Point X="116" Y="251" T="117146111" />
  <Point X="120" Y="255" T="117146128" />
  <Point X="123" Y="257" T="117146145" />
  <Point X="128" Y="259" T="117146162" />
  <Point X="130" Y="260" T="117146180" />
  <Point X="135" Y="259" T="117146197" />
  <Point X="137" Y="258" T="117146218" />
  <Point X="142" Y="256" T="117146236" />
  <Point X="144" Y="253" T="117146253" />
  <Point X="147" Y="250" T="117146272" />
  <Point X="149" Y="245" T="117146290" />
</Gesture>