﻿<?xml version="1.0" encoding="utf-8" standalone="yes"?>
<Gesture Name="left_sq_bracket05" Subject="4" Speed="fast" Number="5" NumPts="58" Millseconds="782" AppName="Gestures" AppVer="3.7.0.0" Date="Friday, March 09, 2007" TimeOfDay="8:34:36 PM">
  <Point X="121" Y="129" T="117519728" />
  <Point X="119" Y="128" T="117519748" />
  <Point X="116" Y="128" T="117519764" />
  <Point X="114" Y="127" T="117519777" />
  <Point X="112" Y="128" T="117519784" />
  <Point X="109" Y="127" T="117519793" />
  <Point X="107" Y="128" T="117519805" />
  <Point X="105" Y="128" T="117519813" />
  <Point X="102" Y="127" T="117519825" />
  <Point X="100" Y="127" T="117519833" />
  <Point X="98" Y="127" T="117519841" />
  <Point X="95" Y="127" T="117519854" />
  <Point X="93" Y="127" T="117519866" />
  <Point X="91" Y="127" T="117519878" />
  <Point X="89" Y="127" T="117519894" />
  <Point X="87" Y="128" T="117519919" />
  <Point X="85" Y="128" T="117519947" />
  <Point X="85" Y="130" T="117519967" />
  <Point X="84" Y="133" T="117519987" />
  <Point X="84" Y="136" T="117519996" />
  <Point X="84" Y="139" T="117520008" />
  <Point X="84" Y="142" T="117520017" />
  <Point X="83" Y="145" T="117520026" />
  <Point X="83" Y="149" T="117520036" />
  <Point X="83" Y="151" T="117520037" />
  <Point X="83" Y="156" T="117520047" />
  <Point X="84" Y="162" T="117520057" />
  <Point X="84" Y="167" T="117520067" />
  <Point X="84" Y="169" T="117520069" />
  <Point X="85" Y="174" T="117520079" />
  <Point X="85" Y="177" T="117520080" />
  <Point X="85" Y="183" T="117520092" />
  <Point X="85" Y="185" T="117520093" />
  <Point X="85" Y="193" T="117520105" />
  <Point X="85" Y="201" T="117520117" />
  <Point X="86" Y="207" T="117520129" />
  <Point X="86" Y="216" T="117520141" />
  <Point X="86" Y="221" T="117520154" />
  <Point X="87" Y="228" T="117520167" />
  <Point X="87" Y="233" T="117520180" />
  <Point X="88" Y="237" T="117520193" />
  <Point X="87" Y="239" T="117520206" />
  <Point X="87" Y="242" T="117520220" />
  <Point X="87" Y="244" T="117520221" />
  <Point X="87" Y="246" T="117520249" />
  <Point X="88" Y="248" T="117520269" />
  <Point X="90" Y="249" T="117520297" />
  <Point X="92" Y="249" T="117520311" />
  <Point X="95" Y="251" T="117520326" />
  <Point X="101" Y="251" T="117520340" />
  <Point X="109" Y="250" T="117520356" />
  <Point X="118" Y="250" T="117520372" />
  <Point X="127" Y="249" T="117520388" />
  <Point X="135" Y="249" T="117520403" />
  <Point X="140" Y="249" T="117520419" />
  <Point X="146" Y="248" T="117520435" />
  <Point X="148" Y="246" T="117520451" />
  <Point X="147" Y="244" T="117520510" />
</Gesture>