﻿<?xml version="1.0" encoding="utf-8" standalone="yes"?>
<Gesture Name="left_curly_brace07" Subject="4" Speed="fast" Number="7" NumPts="74" Millseconds="1210" AppName="Gestures" AppVer="3.7.0.0" Date="Friday, March 09, 2007" TimeOfDay="8:28:21 PM">
  <Point X="107" Y="121" T="117143533" />
  <Point X="105" Y="121" T="117143561" />
  <Point X="103" Y="121" T="117143581" />
  <Point X="101" Y="122" T="117143597" />
  <Point X="99" Y="122" T="117143614" />
  <Point X="97" Y="125" T="117143626" />
  <Point X="95" Y="126" T="117143647" />
  <Point X="95" Y="128" T="117143655" />
  <Point X="94" Y="131" T="117143671" />
  <Point X="92" Y="134" T="117143695" />
  <Point X="92" Y="136" T="117143707" />
  <Point X="92" Y="139" T="117143719" />
  <Point X="92" Y="141" T="117143727" />
  <Point X="92" Y="143" T="117143735" />
  <Point X="92" Y="145" T="117143748" />
  <Point X="92" Y="147" T="117143756" />
  <Point X="93" Y="149" T="117143769" />
  <Point X="93" Y="152" T="117143777" />
  <Point X="94" Y="154" T="117143789" />
  <Point X="94" Y="157" T="117143798" />
  <Point X="94" Y="159" T="117143806" />
  <Point X="95" Y="163" T="117143821" />
  <Point X="96" Y="165" T="117143830" />
  <Point X="96" Y="167" T="117143840" />
  <Point X="97" Y="170" T="117143849" />
  <Point X="98" Y="172" T="117143859" />
  <Point X="98" Y="175" T="117143869" />
  <Point X="99" Y="177" T="117143879" />
  <Point X="99" Y="181" T="117143890" />
  <Point X="99" Y="183" T="117143901" />
  <Point X="99" Y="186" T="117143911" />
  <Point X="99" Y="189" T="117143922" />
  <Point X="99" Y="191" T="117143934" />
  <Point X="99" Y="194" T="117143945" />
  <Point X="98" Y="196" T="117143956" />
  <Point X="97" Y="198" T="117143968" />
  <Point X="96" Y="200" T="117143980" />
  <Point X="94" Y="202" T="117143998" />
  <Point X="92" Y="204" T="117144013" />
  <Point X="90" Y="205" T="117144034" />
  <Point X="89" Y="207" T="117144066" />
  <Point X="90" Y="209" T="117144198" />
  <Point X="92" Y="210" T="117144231" />
  <Point X="93" Y="212" T="117144250" />
  <Point X="96" Y="214" T="117144275" />
  <Point X="97" Y="216" T="117144289" />
  <Point X="99" Y="217" T="117144307" />
  <Point X="101" Y="219" T="117144323" />
  <Point X="102" Y="221" T="117144339" />
  <Point X="103" Y="223" T="117144354" />
  <Point X="104" Y="226" T="117144368" />
  <Point X="105" Y="229" T="117144384" />
  <Point X="105" Y="231" T="117144399" />
  <Point X="106" Y="233" T="117144400" />
  <Point X="106" Y="235" T="117144416" />
  <Point X="106" Y="240" T="117144432" />
  <Point X="106" Y="244" T="117144448" />
  <Point X="106" Y="246" T="117144464" />
  <Point X="107" Y="249" T="117144480" />
  <Point X="107" Y="251" T="117144497" />
  <Point X="108" Y="253" T="117144515" />
  <Point X="110" Y="255" T="117144533" />
  <Point X="114" Y="258" T="117144554" />
  <Point X="119" Y="260" T="117144572" />
  <Point X="122" Y="261" T="117144590" />
  <Point X="126" Y="261" T="117144608" />
  <Point X="129" Y="262" T="117144626" />
  <Point X="131" Y="260" T="117144627" />
  <Point X="133" Y="259" T="117144646" />
  <Point X="135" Y="257" T="117144665" />
  <Point X="138" Y="254" T="117144684" />
  <Point X="141" Y="251" T="117144704" />
  <Point X="143" Y="249" T="117144723" />
  <Point X="144" Y="247" T="117144743" />
</Gesture>