﻿<?xml version="1.0" encoding="utf-8" standalone="yes"?>
<Gesture Name="left_curly_brace05" Subject="4" Speed="fast" Number="5" NumPts="66" Millseconds="1113" AppName="Gestures" AppVer="3.7.0.0" Date="Friday, March 09, 2007" TimeOfDay="8:28:17 PM">
  <Point X="105" Y="124" T="117140164" />
  <Point X="103" Y="122" T="117140187" />
  <Point X="101" Y="122" T="117140210" />
  <Point X="100" Y="124" T="117140231" />
  <Point X="98" Y="126" T="117140256" />
  <Point X="96" Y="128" T="117140271" />
  <Point X="94" Y="130" T="117140283" />
  <Point X="92" Y="133" T="117140299" />
  <Point X="91" Y="136" T="117140315" />
  <Point X="90" Y="138" T="117140323" />
  <Point X="89" Y="140" T="117140335" />
  <Point X="89" Y="142" T="117140347" />
  <Point X="88" Y="146" T="117140359" />
  <Point X="88" Y="148" T="117140367" />
  <Point X="89" Y="150" T="117140384" />
  <Point X="89" Y="152" T="117140393" />
  <Point X="90" Y="154" T="117140404" />
  <Point X="91" Y="157" T="117140416" />
  <Point X="91" Y="159" T="117140425" />
  <Point X="93" Y="161" T="117140441" />
  <Point X="94" Y="164" T="117140453" />
  <Point X="94" Y="166" T="117140465" />
  <Point X="95" Y="168" T="117140474" />
  <Point X="96" Y="171" T="117140485" />
  <Point X="97" Y="174" T="117140497" />
  <Point X="97" Y="176" T="117140507" />
  <Point X="97" Y="178" T="117140517" />
  <Point X="97" Y="180" T="117140527" />
  <Point X="97" Y="183" T="117140537" />
  <Point X="97" Y="185" T="117140549" />
  <Point X="96" Y="188" T="117140560" />
  <Point X="95" Y="191" T="117140571" />
  <Point X="94" Y="193" T="117140582" />
  <Point X="93" Y="195" T="117140597" />
  <Point X="92" Y="197" T="117140626" />
  <Point X="90" Y="198" T="117140670" />
  <Point X="92" Y="200" T="117140767" />
  <Point X="94" Y="201" T="117140790" />
  <Point X="96" Y="202" T="117140810" />
  <Point X="98" Y="204" T="117140830" />
  <Point X="100" Y="206" T="117140855" />
  <Point X="101" Y="208" T="117140879" />
  <Point X="102" Y="210" T="117140895" />
  <Point X="102" Y="212" T="117140911" />
  <Point X="103" Y="215" T="117140936" />
  <Point X="103" Y="218" T="117140951" />
  <Point X="103" Y="220" T="117140965" />
  <Point X="103" Y="222" T="117140980" />
  <Point X="103" Y="224" T="117140995" />
  <Point X="103" Y="226" T="117141009" />
  <Point X="104" Y="232" T="117141025" />
  <Point X="105" Y="237" T="117141041" />
  <Point X="106" Y="239" T="117141056" />
  <Point X="107" Y="243" T="117141072" />
  <Point X="107" Y="245" T="117141088" />
  <Point X="109" Y="248" T="117141104" />
  <Point X="113" Y="252" T="117141120" />
  <Point X="116" Y="255" T="117141137" />
  <Point X="121" Y="257" T="117141153" />
  <Point X="124" Y="258" T="117141170" />
  <Point X="128" Y="257" T="117141187" />
  <Point X="132" Y="255" T="117141204" />
  <Point X="135" Y="253" T="117141221" />
  <Point X="137" Y="252" T="117141241" />
  <Point X="139" Y="247" T="117141259" />
  <Point X="139" Y="244" T="117141277" />
</Gesture>