﻿<?xml version="1.0" encoding="utf-8" standalone="yes"?>
<Gesture Name="left_curly_brace10" Subject="4" Speed="fast" Number="10" NumPts="71" Millseconds="1179" AppName="Gestures" AppVer="3.7.0.0" Date="Friday, March 09, 2007" TimeOfDay="8:28:30 PM">
  <Point X="114" Y="117" T="117152793" />
  <Point X="112" Y="116" T="117152821" />
  <Point X="110" Y="116" T="117152842" />
  <Point X="107" Y="117" T="117152857" />
  <Point X="105" Y="118" T="117152874" />
  <Point X="103" Y="120" T="117152886" />
  <Point X="101" Y="121" T="117152898" />
  <Point X="99" Y="122" T="117152911" />
  <Point X="97" Y="124" T="117152923" />
  <Point X="96" Y="126" T="117152939" />
  <Point X="95" Y="128" T="117152947" />
  <Point X="94" Y="131" T="117152963" />
  <Point X="94" Y="133" T="117152971" />
  <Point X="94" Y="136" T="117152983" />
  <Point X="95" Y="138" T="117152995" />
  <Point X="96" Y="140" T="117153008" />
  <Point X="96" Y="142" T="117153017" />
  <Point X="97" Y="145" T="117153025" />
  <Point X="98" Y="147" T="117153034" />
  <Point X="99" Y="150" T="117153049" />
  <Point X="101" Y="152" T="117153061" />
  <Point X="102" Y="155" T="117153070" />
  <Point X="103" Y="158" T="117153081" />
  <Point X="104" Y="160" T="117153092" />
  <Point X="104" Y="163" T="117153102" />
  <Point X="105" Y="165" T="117153113" />
  <Point X="105" Y="168" T="117153123" />
  <Point X="105" Y="171" T="117153140" />
  <Point X="104" Y="173" T="117153150" />
  <Point X="104" Y="176" T="117153161" />
  <Point X="103" Y="178" T="117153172" />
  <Point X="102" Y="181" T="117153184" />
  <Point X="100" Y="183" T="117153196" />
  <Point X="98" Y="184" T="117153212" />
  <Point X="97" Y="188" T="117153225" />
  <Point X="95" Y="189" T="117153240" />
  <Point X="93" Y="190" T="117153257" />
  <Point X="91" Y="192" T="117153273" />
  <Point X="89" Y="193" T="117153298" />
  <Point X="88" Y="195" T="117153405" />
  <Point X="90" Y="196" T="117153441" />
  <Point X="92" Y="197" T="117153465" />
  <Point X="94" Y="197" T="117153489" />
  <Point X="96" Y="198" T="117153509" />
  <Point X="98" Y="200" T="117153529" />
  <Point X="101" Y="202" T="117153553" />
  <Point X="102" Y="205" T="117153570" />
  <Point X="103" Y="209" T="117153586" />
  <Point X="105" Y="211" T="117153610" />
  <Point X="105" Y="214" T="117153626" />
  <Point X="105" Y="217" T="117153642" />
  <Point X="105" Y="219" T="117153657" />
  <Point X="105" Y="221" T="117153672" />
  <Point X="105" Y="223" T="117153688" />
  <Point X="105" Y="226" T="117153703" />
  <Point X="105" Y="231" T="117153720" />
  <Point X="105" Y="236" T="117153736" />
  <Point X="106" Y="238" T="117153753" />
  <Point X="107" Y="242" T="117153770" />
  <Point X="108" Y="244" T="117153771" />
  <Point X="110" Y="246" T="117153788" />
  <Point X="113" Y="251" T="117153805" />
  <Point X="118" Y="254" T="117153823" />
  <Point X="120" Y="256" T="117153840" />
  <Point X="124" Y="259" T="117153861" />
  <Point X="129" Y="258" T="117153879" />
  <Point X="134" Y="257" T="117153897" />
  <Point X="139" Y="253" T="117153916" />
  <Point X="144" Y="250" T="117153934" />
  <Point X="147" Y="246" T="117153953" />
  <Point X="147" Y="244" T="117153972" />
</Gesture>