﻿<?xml version="1.0" encoding="utf-8" standalone="yes"?>
<Gesture Name="left_sq_bracket02" Subject="4" Speed="fast" Number="2" NumPts="60" Millseconds="807" AppName="Gestures" AppVer="3.7.0.0" Date="Friday, March 09, 2007" TimeOfDay="8:34:32 PM">
  <Point X="126" Y="128" T="117516089" />
  <Point X="124" Y="128" T="117516121" />
  <Point X="122" Y="128" T="117516133" />
  <Point X="119" Y="128" T="117516145" />
  <Point X="116" Y="128" T="117516153" />
  <Point X="114" Y="128" T="117516161" />
  <Point X="111" Y="128" T="117516170" />
  <Point X="107" Y="127" T="117516178" />
  <Point X="104" Y="128" T="117516186" />
  <Point X="101" Y="128" T="117516194" />
  <Point X="98" Y="128" T="117516202" />
  <Point X="95" Y="129" T="117516211" />
  <Point X="93" Y="128" T="117516219" />
  <Point X="91" Y="129" T="117516227" />
  <Point X="89" Y="129" T="117516238" />
  <Point X="87" Y="130" T="117516255" />
  <Point X="85" Y="131" T="117516283" />
  <Point X="85" Y="133" T="117516302" />
  <Point X="85" Y="135" T="117516326" />
  <Point X="85" Y="137" T="117516343" />
  <Point X="85" Y="140" T="117516352" />
  <Point X="86" Y="143" T="117516361" />
  <Point X="86" Y="146" T="117516370" />
  <Point X="86" Y="151" T="117516380" />
  <Point X="86" Y="156" T="117516390" />
  <Point X="86" Y="162" T="117516400" />
  <Point X="87" Y="167" T="117516410" />
  <Point X="87" Y="174" T="117516422" />
  <Point X="87" Y="180" T="117516434" />
  <Point X="87" Y="187" T="117516446" />
  <Point X="87" Y="189" T="117516447" />
  <Point X="88" Y="197" T="117516460" />
  <Point X="88" Y="203" T="117516473" />
  <Point X="87" Y="211" T="117516485" />
  <Point X="87" Y="215" T="117516499" />
  <Point X="88" Y="217" T="117516500" />
  <Point X="87" Y="224" T="117516512" />
  <Point X="87" Y="226" T="117516525" />
  <Point X="86" Y="231" T="117516537" />
  <Point X="86" Y="237" T="117516550" />
  <Point X="85" Y="239" T="117516564" />
  <Point X="85" Y="242" T="117516577" />
  <Point X="85" Y="244" T="117516590" />
  <Point X="84" Y="246" T="117516603" />
  <Point X="85" Y="248" T="117516636" />
  <Point X="87" Y="249" T="117516655" />
  <Point X="90" Y="249" T="117516669" />
  <Point X="92" Y="249" T="117516683" />
  <Point X="97" Y="250" T="117516698" />
  <Point X="103" Y="250" T="117516712" />
  <Point X="109" Y="249" T="117516727" />
  <Point X="112" Y="250" T="117516742" />
  <Point X="115" Y="250" T="117516743" />
  <Point X="121" Y="250" T="117516760" />
  <Point X="127" Y="249" T="117516776" />
  <Point X="133" Y="249" T="117516792" />
  <Point X="138" Y="248" T="117516808" />
  <Point X="140" Y="248" T="117516824" />
  <Point X="143" Y="247" T="117516841" />
  <Point X="141" Y="245" T="117516896" />
</Gesture>