﻿<?xml version="1.0" encoding="utf-8" standalone="yes"?>
<Gesture Name="left_sq_bracket10" Subject="4" Speed="fast" Number="10" NumPts="59" Millseconds="755" AppName="Gestures" AppVer="3.7.0.0" Date="Friday, March 09, 2007" TimeOfDay="8:34:42 PM">
  <Point X="126" Y="132" T="117525757" />
  <Point X="124" Y="130" T="117525782" />
  <Point X="121" Y="129" T="117525798" />
  <Point X="118" Y="131" T="117525810" />
  <Point X="116" Y="130" T="117525818" />
  <Point X="113" Y="131" T="117525826" />
  <Point X="109" Y="132" T="117525834" />
  <Point X="106" Y="133" T="117525842" />
  <Point X="102" Y="134" T="117525850" />
  <Point X="99" Y="135" T="117525858" />
  <Point X="96" Y="135" T="117525866" />
  <Point X="93" Y="136" T="117525874" />
  <Point X="91" Y="135" T="117525882" />
  <Point X="89" Y="136" T="117525891" />
  <Point X="87" Y="135" T="117525903" />
  <Point X="84" Y="136" T="117525916" />
  <Point X="82" Y="136" T="117525929" />
  <Point X="80" Y="135" T="117525946" />
  <Point X="79" Y="137" T="117526014" />
  <Point X="79" Y="140" T="117526030" />
  <Point X="78" Y="143" T="117526042" />
  <Point X="78" Y="145" T="117526051" />
  <Point X="77" Y="148" T="117526060" />
  <Point X="77" Y="152" T="117526070" />
  <Point X="76" Y="157" T="117526080" />
  <Point X="76" Y="162" T="117526090" />
  <Point X="76" Y="165" T="117526091" />
  <Point X="76" Y="170" T="117526101" />
  <Point X="76" Y="178" T="117526112" />
  <Point X="76" Y="186" T="117526123" />
  <Point X="77" Y="193" T="117526134" />
  <Point X="77" Y="195" T="117526135" />
  <Point X="78" Y="202" T="117526146" />
  <Point X="78" Y="209" T="117526158" />
  <Point X="79" Y="214" T="117526170" />
  <Point X="79" Y="218" T="117526182" />
  <Point X="80" Y="221" T="117526183" />
  <Point X="80" Y="225" T="117526195" />
  <Point X="81" Y="227" T="117526207" />
  <Point X="82" Y="233" T="117526220" />
  <Point X="84" Y="235" T="117526235" />
  <Point X="84" Y="240" T="117526248" />
  <Point X="85" Y="242" T="117526261" />
  <Point X="85" Y="245" T="117526275" />
  <Point X="86" Y="247" T="117526289" />
  <Point X="86" Y="250" T="117526302" />
  <Point X="87" Y="252" T="117526316" />
  <Point X="88" Y="254" T="117526330" />
  <Point X="90" Y="256" T="117526354" />
  <Point X="92" Y="257" T="117526369" />
  <Point X="97" Y="257" T="117526384" />
  <Point X="106" Y="256" T="117526399" />
  <Point X="114" Y="255" T="117526415" />
  <Point X="122" Y="255" T="117526431" />
  <Point X="130" Y="255" T="117526447" />
  <Point X="136" Y="254" T="117526463" />
  <Point X="140" Y="255" T="117526479" />
  <Point X="142" Y="255" T="117526496" />
  <Point X="145" Y="255" T="117526512" />
</Gesture>