﻿<?xml version="1.0" encoding="utf-8" standalone="yes"?>
<Gesture Name="left_sq_bracket04" Subject="4" Speed="fast" Number="4" NumPts="61" Millseconds="820" AppName="Gestures" AppVer="3.7.0.0" Date="Friday, March 09, 2007" TimeOfDay="8:34:34 PM">
  <Point X="120" Y="126" T="117518503" />
  <Point X="118" Y="127" T="117518527" />
  <Point X="116" Y="128" T="117518543" />
  <Point X="113" Y="126" T="117518559" />
  <Point X="111" Y="126" T="117518570" />
  <Point X="109" Y="126" T="117518579" />
  <Point X="107" Y="127" T="117518587" />
  <Point X="104" Y="126" T="117518599" />
  <Point X="102" Y="126" T="117518607" />
  <Point X="100" Y="127" T="117518615" />
  <Point X="98" Y="127" T="117518623" />
  <Point X="95" Y="127" T="117518635" />
  <Point X="93" Y="128" T="117518647" />
  <Point X="91" Y="127" T="117518659" />
  <Point X="89" Y="129" T="117518676" />
  <Point X="87" Y="130" T="117518705" />
  <Point X="86" Y="132" T="117518722" />
  <Point X="86" Y="134" T="117518730" />
  <Point X="86" Y="137" T="117518742" />
  <Point X="87" Y="140" T="117518758" />
  <Point X="87" Y="142" T="117518767" />
  <Point X="87" Y="144" T="117518776" />
  <Point X="87" Y="146" T="117518785" />
  <Point X="88" Y="152" T="117518794" />
  <Point X="88" Y="157" T="117518804" />
  <Point X="88" Y="163" T="117518814" />
  <Point X="88" Y="168" T="117518824" />
  <Point X="89" Y="176" T="117518835" />
  <Point X="89" Y="181" T="117518845" />
  <Point X="89" Y="184" T="117518847" />
  <Point X="90" Y="192" T="117518859" />
  <Point X="91" Y="198" T="117518871" />
  <Point X="91" Y="205" T="117518885" />
  <Point X="91" Y="213" T="117518898" />
  <Point X="92" Y="221" T="117518911" />
  <Point X="92" Y="223" T="117518924" />
  <Point X="92" Y="231" T="117518936" />
  <Point X="92" Y="236" T="117518948" />
  <Point X="92" Y="240" T="117518961" />
  <Point X="92" Y="243" T="117518973" />
  <Point X="92" Y="246" T="117518974" />
  <Point X="92" Y="248" T="117518988" />
  <Point X="92" Y="250" T="117519001" />
  <Point X="92" Y="254" T="117519014" />
  <Point X="92" Y="256" T="117519028" />
  <Point X="92" Y="259" T="117519044" />
  <Point X="93" Y="261" T="117519071" />
  <Point X="95" Y="263" T="117519095" />
  <Point X="97" Y="263" T="117519115" />
  <Point X="100" Y="264" T="117519131" />
  <Point X="102" Y="264" T="117519146" />
  <Point X="107" Y="264" T="117519161" />
  <Point X="113" Y="263" T="117519176" />
  <Point X="119" Y="263" T="117519192" />
  <Point X="124" Y="263" T="117519208" />
  <Point X="130" Y="264" T="117519224" />
  <Point X="135" Y="263" T="117519240" />
  <Point X="140" Y="261" T="117519257" />
  <Point X="144" Y="260" T="117519273" />
  <Point X="146" Y="260" T="117519295" />
  <Point X="147" Y="257" T="117519323" />
</Gesture>