﻿<?xml version="1.0" encoding="utf-8" standalone="yes"?>
<Gesture Name="left_curly_brace03" Subject="4" Speed="fast" Number="3" NumPts="78" Millseconds="1234" AppName="Gestures" AppVer="3.7.0.0" Date="Friday, March 09, 2007" TimeOfDay="8:28:12 PM">
  <Point X="114" Y="124" T="117135012" />
  <Point X="112" Y="124" T="117135032" />
  <Point X="110" Y="123" T="117135048" />
  <Point X="108" Y="124" T="117135064" />
  <Point X="106" Y="125" T="117135081" />
  <Point X="104" Y="126" T="117135097" />
  <Point X="102" Y="127" T="117135109" />
  <Point X="100" Y="130" T="117135121" />
  <Point X="98" Y="132" T="117135137" />
  <Point X="97" Y="134" T="117135149" />
  <Point X="95" Y="137" T="117135166" />
  <Point X="95" Y="139" T="117135174" />
  <Point X="94" Y="141" T="117135186" />
  <Point X="94" Y="143" T="117135198" />
  <Point X="94" Y="145" T="117135207" />
  <Point X="95" Y="148" T="117135221" />
  <Point X="96" Y="150" T="117135230" />
  <Point X="96" Y="153" T="117135243" />
  <Point X="97" Y="156" T="117135259" />
  <Point X="98" Y="159" T="117135268" />
  <Point X="99" Y="161" T="117135276" />
  <Point X="99" Y="163" T="117135286" />
  <Point X="99" Y="165" T="117135295" />
  <Point X="100" Y="168" T="117135305" />
  <Point X="101" Y="170" T="117135314" />
  <Point X="102" Y="173" T="117135324" />
  <Point X="102" Y="176" T="117135334" />
  <Point X="103" Y="178" T="117135345" />
  <Point X="103" Y="182" T="117135355" />
  <Point X="103" Y="184" T="117135366" />
  <Point X="104" Y="186" T="117135377" />
  <Point X="104" Y="192" T="117135388" />
  <Point X="104" Y="194" T="117135399" />
  <Point X="103" Y="196" T="117135410" />
  <Point X="103" Y="198" T="117135411" />
  <Point X="103" Y="200" T="117135423" />
  <Point X="102" Y="203" T="117135436" />
  <Point X="101" Y="205" T="117135448" />
  <Point X="101" Y="207" T="117135461" />
  <Point X="98" Y="209" T="117135475" />
  <Point X="97" Y="212" T="117135491" />
  <Point X="94" Y="214" T="117135507" />
  <Point X="92" Y="215" T="117135527" />
  <Point X="94" Y="215" T="117135652" />
  <Point X="97" Y="216" T="117135676" />
  <Point X="99" Y="217" T="117135696" />
  <Point X="101" Y="219" T="117135717" />
  <Point X="103" Y="218" T="117135737" />
  <Point X="104" Y="220" T="117135751" />
  <Point X="106" Y="222" T="117135773" />
  <Point X="107" Y="225" T="117135797" />
  <Point X="107" Y="227" T="117135812" />
  <Point X="108" Y="229" T="117135827" />
  <Point X="108" Y="231" T="117135843" />
  <Point X="109" Y="233" T="117135858" />
  <Point X="109" Y="236" T="117135874" />
  <Point X="109" Y="239" T="117135890" />
  <Point X="110" Y="241" T="117135909" />
  <Point X="110" Y="243" T="117135926" />
  <Point X="110" Y="246" T="117135942" />
  <Point X="110" Y="248" T="117135961" />
  <Point X="110" Y="251" T="117135978" />
  <Point X="111" Y="253" T="117135996" />
  <Point X="112" Y="258" T="117136013" />
  <Point X="114" Y="260" T="117136031" />
  <Point X="116" Y="264" T="117136048" />
  <Point X="119" Y="265" T="117136066" />
  <Point X="121" Y="266" T="117136085" />
  <Point X="123" Y="268" T="117136086" />
  <Point X="126" Y="267" T="117136104" />
  <Point X="131" Y="269" T="117136124" />
  <Point X="135" Y="266" T="117136143" />
  <Point X="140" Y="263" T="117136165" />
  <Point X="142" Y="263" T="117136184" />
  <Point X="143" Y="261" T="117136185" />
  <Point X="143" Y="259" T="117136205" />
  <Point X="145" Y="254" T="117136226" />
  <Point X="145" Y="252" T="117136246" />
</Gesture>