﻿<?xml version="1.0" encoding="utf-8" standalone="yes"?>
<Gesture Name="left_sq_bracket08" Subject="4" Speed="fast" Number="8" NumPts="62" Millseconds="782" AppName="Gestures" AppVer="3.7.0.0" Date="Friday, March 09, 2007" TimeOfDay="8:34:39 PM">
  <Point X="119" Y="129" T="117523382" />
  <Point X="117" Y="128" T="117523410" />
  <Point X="115" Y="128" T="117523422" />
  <Point X="113" Y="129" T="117523434" />
  <Point X="110" Y="129" T="117523443" />
  <Point X="108" Y="129" T="117523450" />
  <Point X="105" Y="129" T="117523458" />
  <Point X="102" Y="130" T="117523466" />
  <Point X="99" Y="130" T="117523474" />
  <Point X="95" Y="131" T="117523482" />
  <Point X="92" Y="130" T="117523490" />
  <Point X="90" Y="131" T="117523498" />
  <Point X="87" Y="131" T="117523511" />
  <Point X="85" Y="131" T="117523523" />
  <Point X="83" Y="131" T="117523536" />
  <Point X="81" Y="131" T="117523553" />
  <Point X="79" Y="131" T="117523581" />
  <Point X="78" Y="134" T="117523616" />
  <Point X="78" Y="136" T="117523637" />
  <Point X="78" Y="138" T="117523649" />
  <Point X="78" Y="141" T="117523658" />
  <Point X="78" Y="144" T="117523669" />
  <Point X="77" Y="148" T="117523678" />
  <Point X="77" Y="152" T="117523688" />
  <Point X="77" Y="157" T="117523698" />
  <Point X="77" Y="164" T="117523708" />
  <Point X="77" Y="170" T="117523718" />
  <Point X="77" Y="175" T="117523728" />
  <Point X="77" Y="178" T="117523729" />
  <Point X="78" Y="183" T="117523740" />
  <Point X="78" Y="186" T="117523741" />
  <Point X="78" Y="191" T="117523752" />
  <Point X="78" Y="193" T="117523753" />
  <Point X="79" Y="201" T="117523765" />
  <Point X="79" Y="208" T="117523777" />
  <Point X="80" Y="214" T="117523790" />
  <Point X="80" Y="219" T="117523802" />
  <Point X="81" Y="224" T="117523814" />
  <Point X="81" Y="230" T="117523827" />
  <Point X="81" Y="233" T="117523839" />
  <Point X="82" Y="239" T="117523852" />
  <Point X="82" Y="243" T="117523865" />
  <Point X="82" Y="250" T="117523881" />
  <Point X="82" Y="252" T="117523894" />
  <Point X="83" Y="255" T="117523908" />
  <Point X="83" Y="257" T="117523922" />
  <Point X="83" Y="259" T="117523937" />
  <Point X="83" Y="261" T="117523951" />
  <Point X="85" Y="262" T="117523984" />
  <Point X="87" Y="261" T="117523999" />
  <Point X="89" Y="262" T="117524013" />
  <Point X="94" Y="262" T="117524029" />
  <Point X="99" Y="262" T="117524044" />
  <Point X="105" Y="261" T="117524060" />
  <Point X="109" Y="260" T="117524061" />
  <Point X="117" Y="260" T="117524078" />
  <Point X="123" Y="260" T="117524095" />
  <Point X="129" Y="259" T="117524112" />
  <Point X="131" Y="260" T="117524113" />
  <Point X="133" Y="259" T="117524129" />
  <Point X="135" Y="259" T="117524146" />
  <Point X="137" Y="259" T="117524164" />
</Gesture>