﻿<?xml version="1.0" encoding="utf-8" standalone="yes"?>
<Gesture Name="left_sq_bracket03" Subject="4" Speed="fast" Number="3" NumPts="61" Millseconds="805" AppName="Gestures" AppVer="3.7.0.0" Date="Friday, March 09, 2007" TimeOfDay="8:34:33 PM">
  <Point X="121" Y="130" T="117517285" />
  <Point X="119" Y="131" T="117517304" />
  <Point X="117" Y="130" T="117517321" />
  <Point X="115" Y="130" T="117517329" />
  <Point X="113" Y="129" T="117517338" />
  <Point X="111" Y="130" T="117517346" />
  <Point X="108" Y="129" T="117517354" />
  <Point X="105" Y="129" T="117517362" />
  <Point X="102" Y="131" T="117517370" />
  <Point X="100" Y="131" T="117517378" />
  <Point X="97" Y="130" T="117517386" />
  <Point X="95" Y="130" T="117517394" />
  <Point X="93" Y="131" T="117517402" />
  <Point X="90" Y="131" T="117517415" />
  <Point X="87" Y="131" T="117517427" />
  <Point X="85" Y="131" T="117517444" />
  <Point X="83" Y="133" T="117517477" />
  <Point X="84" Y="135" T="117517517" />
  <Point X="84" Y="138" T="117517533" />
  <Point X="85" Y="140" T="117517542" />
  <Point X="85" Y="142" T="117517550" />
  <Point X="86" Y="145" T="117517559" />
  <Point X="87" Y="148" T="117517569" />
  <Point X="88" Y="153" T="117517578" />
  <Point X="88" Y="158" T="117517588" />
  <Point X="88" Y="160" T="117517589" />
  <Point X="89" Y="164" T="117517599" />
  <Point X="89" Y="172" T="117517610" />
  <Point X="89" Y="174" T="117517620" />
  <Point X="90" Y="178" T="117517621" />
  <Point X="90" Y="182" T="117517632" />
  <Point X="90" Y="188" T="117517644" />
  <Point X="91" Y="190" T="117517645" />
  <Point X="91" Y="197" T="117517657" />
  <Point X="92" Y="201" T="117517669" />
  <Point X="93" Y="207" T="117517681" />
  <Point X="93" Y="210" T="117517682" />
  <Point X="94" Y="216" T="117517694" />
  <Point X="95" Y="221" T="117517707" />
  <Point X="95" Y="229" T="117517720" />
  <Point X="95" Y="232" T="117517721" />
  <Point X="95" Y="237" T="117517735" />
  <Point X="96" Y="241" T="117517748" />
  <Point X="96" Y="244" T="117517749" />
  <Point X="96" Y="246" T="117517764" />
  <Point X="96" Y="251" T="117517778" />
  <Point X="96" Y="255" T="117517793" />
  <Point X="96" Y="257" T="117517809" />
  <Point X="97" Y="259" T="117517829" />
  <Point X="99" Y="260" T="117517882" />
  <Point X="101" Y="261" T="117517897" />
  <Point X="106" Y="260" T="117517912" />
  <Point X="112" Y="260" T="117517927" />
  <Point X="120" Y="259" T="117517943" />
  <Point X="127" Y="259" T="117517959" />
  <Point X="133" Y="259" T="117517975" />
  <Point X="140" Y="259" T="117517991" />
  <Point X="146" Y="260" T="117518008" />
  <Point X="148" Y="259" T="117518025" />
  <Point X="151" Y="259" T="117518042" />
  <Point X="152" Y="256" T="117518090" />
</Gesture>