﻿<?xml version="1.0" encoding="utf-8" standalone="yes"?>
<Gesture Name="left_curly_brace09" Subject="4" Speed="fast" Number="9" NumPts="71" Millseconds="1090" AppName="Gestures" AppVer="3.7.0.0" Date="Friday, March 09, 2007" TimeOfDay="8:28:28 PM">
  <Point X="117" Y="122" T="117151209" />
  <Point X="116" Y="120" T="117151245" />
  <Point X="114" Y="121" T="117151274" />
  <Point X="111" Y="120" T="117151294" />
  <Point X="109" Y="120" T="117151310" />
  <Point X="107" Y="122" T="117151327" />
  <Point X="104" Y="122" T="117151343" />
  <Point X="102" Y="124" T="117151364" />
  <Point X="100" Y="126" T="117151380" />
  <Point X="98" Y="128" T="117151400" />
  <Point X="98" Y="131" T="117151412" />
  <Point X="97" Y="133" T="117151424" />
  <Point X="96" Y="135" T="117151432" />
  <Point X="95" Y="137" T="117151444" />
  <Point X="95" Y="140" T="117151457" />
  <Point X="95" Y="142" T="117151465" />
  <Point X="94" Y="144" T="117151474" />
  <Point X="94" Y="146" T="117151482" />
  <Point X="94" Y="149" T="117151498" />
  <Point X="95" Y="152" T="117151507" />
  <Point X="95" Y="154" T="117151515" />
  <Point X="95" Y="156" T="117151524" />
  <Point X="95" Y="158" T="117151534" />
  <Point X="96" Y="161" T="117151543" />
  <Point X="96" Y="164" T="117151553" />
  <Point X="96" Y="166" T="117151563" />
  <Point X="96" Y="168" T="117151574" />
  <Point X="96" Y="171" T="117151584" />
  <Point X="95" Y="173" T="117151595" />
  <Point X="95" Y="175" T="117151606" />
  <Point X="94" Y="178" T="117151617" />
  <Point X="92" Y="181" T="117151628" />
  <Point X="91" Y="183" T="117151639" />
  <Point X="89" Y="185" T="117151651" />
  <Point X="88" Y="187" T="117151662" />
  <Point X="86" Y="190" T="117151674" />
  <Point X="85" Y="192" T="117151714" />
  <Point X="85" Y="190" T="117151779" />
  <Point X="87" Y="189" T="117151815" />
  <Point X="89" Y="190" T="117151847" />
  <Point X="91" Y="192" T="117151868" />
  <Point X="93" Y="193" T="117151883" />
  <Point X="94" Y="195" T="117151896" />
  <Point X="95" Y="197" T="117151910" />
  <Point X="96" Y="200" T="117151924" />
  <Point X="97" Y="202" T="117151938" />
  <Point X="98" Y="204" T="117151952" />
  <Point X="98" Y="206" T="117151966" />
  <Point X="98" Y="208" T="117151980" />
  <Point X="99" Y="212" T="117151995" />
  <Point X="99" Y="214" T="117152010" />
  <Point X="98" Y="217" T="117152011" />
  <Point X="98" Y="222" T="117152027" />
  <Point X="98" Y="224" T="117152043" />
  <Point X="98" Y="229" T="117152059" />
  <Point X="98" Y="234" T="117152075" />
  <Point X="98" Y="236" T="117152076" />
  <Point X="98" Y="240" T="117152093" />
  <Point X="99" Y="245" T="117152109" />
  <Point X="100" Y="248" T="117152126" />
  <Point X="101" Y="250" T="117152127" />
  <Point X="102" Y="252" T="117152145" />
  <Point X="106" Y="256" T="117152164" />
  <Point X="112" Y="259" T="117152182" />
  <Point X="114" Y="260" T="117152184" />
  <Point X="118" Y="261" T="117152202" />
  <Point X="123" Y="261" T="117152221" />
  <Point X="126" Y="259" T="117152240" />
  <Point X="130" Y="256" T="117152259" />
  <Point X="132" Y="252" T="117152278" />
  <Point X="133" Y="250" T="117152299" />
</Gesture>