﻿<?xml version="1.0" encoding="utf-8" standalone="yes"?>
<Gesture Name="pigtail06" Subject="4" Speed="fast" Number="6" NumPts="77" Millseconds="910" AppName="Gestures" AppVer="3.7.0.0" Date="Friday, March 09, 2007" TimeOfDay="8:29:49 PM">
  <Point X="63" Y="224" T="117232513" />
  <Point X="65" Y="224" T="117232529" />
  <Point X="68" Y="224" T="117232541" />
  <Point X="70" Y="224" T="117232549" />
  <Point X="72" Y="223" T="117232557" />
  <Point X="74" Y="224" T="117232565" />
  <Point X="77" Y="224" T="117232573" />
  <Point X="79" Y="224" T="117232581" />
  <Point X="82" Y="223" T="117232590" />
  <Point X="85" Y="222" T="117232598" />
  <Point X="88" Y="223" T="117232606" />
  <Point X="91" Y="222" T="117232614" />
  <Point X="94" Y="222" T="117232622" />
  <Point X="97" Y="220" T="117232630" />
  <Point X="100" Y="220" T="117232639" />
  <Point X="103" Y="219" T="117232647" />
  <Point X="105" Y="218" T="117232655" />
  <Point X="108" Y="215" T="117232663" />
  <Point X="111" Y="214" T="117232672" />
  <Point X="114" Y="213" T="117232680" />
  <Point X="117" Y="210" T="117232689" />
  <Point X="119" Y="208" T="117232698" />
  <Point X="122" Y="206" T="117232708" />
  <Point X="124" Y="204" T="117232717" />
  <Point X="126" Y="201" T="117232718" />
  <Point X="129" Y="199" T="117232728" />
  <Point X="131" Y="197" T="117232739" />
  <Point X="132" Y="194" T="117232749" />
  <Point X="136" Y="189" T="117232760" />
  <Point X="138" Y="185" T="117232770" />
  <Point X="139" Y="183" T="117232781" />
  <Point X="140" Y="181" T="117232782" />
  <Point X="141" Y="177" T="117232793" />
  <Point X="142" Y="175" T="117232805" />
  <Point X="143" Y="168" T="117232817" />
  <Point X="144" Y="164" T="117232829" />
  <Point X="144" Y="159" T="117232842" />
  <Point X="144" Y="156" T="117232854" />
  <Point X="144" Y="153" T="117232867" />
  <Point X="141" Y="147" T="117232879" />
  <Point X="139" Y="144" T="117232892" />
  <Point X="138" Y="142" T="117232905" />
  <Point X="136" Y="140" T="117232906" />
  <Point X="133" Y="140" T="117232920" />
  <Point X="128" Y="138" T="117232934" />
  <Point X="122" Y="139" T="117232948" />
  <Point X="117" Y="140" T="117232962" />
  <Point X="115" Y="141" T="117232977" />
  <Point X="110" Y="144" T="117232991" />
  <Point X="106" Y="148" T="117233006" />
  <Point X="102" Y="155" T="117233021" />
  <Point X="99" Y="162" T="117233037" />
  <Point X="95" Y="169" T="117233052" />
  <Point X="93" Y="176" T="117233068" />
  <Point X="93" Y="184" T="117233084" />
  <Point X="94" Y="191" T="117233101" />
  <Point X="95" Y="198" T="117233118" />
  <Point X="98" Y="203" T="117233135" />
  <Point X="102" Y="209" T="117233152" />
  <Point X="107" Y="215" T="117233169" />
  <Point X="110" Y="217" T="117233170" />
  <Point X="116" Y="221" T="117233189" />
  <Point X="123" Y="223" T="117233207" />
  <Point X="130" Y="224" T="117233225" />
  <Point X="139" Y="224" T="117233243" />
  <Point X="147" Y="224" T="117233262" />
  <Point X="151" Y="224" T="117233263" />
  <Point X="161" Y="222" T="117233282" />
  <Point X="169" Y="218" T="117233301" />
  <Point X="171" Y="218" T="117233302" />
  <Point X="180" Y="214" T="117233322" />
  <Point X="185" Y="209" T="117233342" />
  <Point X="188" Y="205" T="117233361" />
  <Point X="189" Y="203" T="117233362" />
  <Point X="191" Y="197" T="117233383" />
  <Point X="194" Y="191" T="117233403" />
  <Point X="195" Y="188" T="117233423" />
</Gesture>