﻿<?xml version="1.0" encoding="utf-8" standalone="yes"?>
<Gesture Name="pigtail08" Subject="4" Speed="fast" Number="8" NumPts="77" Millseconds="918" AppName="Gestures" AppVer="3.7.0.0" Date="Friday, March 09, 2007" TimeOfDay="8:29:52 PM">
  <Point X="66" Y="222" T="117235820" />
  <Point X="69" Y="222" T="117235837" />
  <Point X="71" Y="223" T="117235849" />
  <Point X="73" Y="222" T="117235857" />
  <Point X="75" Y="222" T="117235865" />
  <Point X="77" Y="222" T="117235874" />
  <Point X="80" Y="221" T="117235882" />
  <Point X="83" Y="221" T="117235890" />
  <Point X="85" Y="220" T="117235898" />
  <Point X="88" Y="219" T="117235906" />
  <Point X="91" Y="219" T="117235914" />
  <Point X="94" Y="217" T="117235922" />
  <Point X="97" Y="215" T="117235930" />
  <Point X="100" Y="214" T="117235939" />
  <Point X="104" Y="212" T="117235946" />
  <Point X="107" Y="211" T="117235955" />
  <Point X="110" Y="209" T="117235964" />
  <Point X="113" Y="207" T="117235972" />
  <Point X="116" Y="204" T="117235981" />
  <Point X="120" Y="203" T="117235989" />
  <Point X="123" Y="201" T="117235998" />
  <Point X="126" Y="199" T="117236007" />
  <Point X="129" Y="197" T="117236017" />
  <Point X="132" Y="194" T="117236026" />
  <Point X="135" Y="192" T="117236036" />
  <Point X="138" Y="189" T="117236037" />
  <Point X="140" Y="187" T="117236047" />
  <Point X="144" Y="182" T="117236057" />
  <Point X="146" Y="180" T="117236068" />
  <Point X="147" Y="178" T="117236079" />
  <Point X="149" Y="175" T="117236080" />
  <Point X="150" Y="173" T="117236091" />
  <Point X="151" Y="170" T="117236103" />
  <Point X="152" Y="167" T="117236114" />
  <Point X="153" Y="161" T="117236125" />
  <Point X="153" Y="158" T="117236137" />
  <Point X="153" Y="156" T="117236149" />
  <Point X="152" Y="153" T="117236162" />
  <Point X="152" Y="150" T="117236174" />
  <Point X="150" Y="148" T="117236187" />
  <Point X="148" Y="148" T="117236200" />
  <Point X="145" Y="146" T="117236214" />
  <Point X="143" Y="147" T="117236227" />
  <Point X="141" Y="146" T="117236241" />
  <Point X="139" Y="147" T="117236255" />
  <Point X="134" Y="149" T="117236270" />
  <Point X="132" Y="152" T="117236284" />
  <Point X="130" Y="154" T="117236285" />
  <Point X="129" Y="157" T="117236300" />
  <Point X="127" Y="159" T="117236301" />
  <Point X="125" Y="162" T="117236316" />
  <Point X="124" Y="165" T="117236317" />
  <Point X="121" Y="170" T="117236333" />
  <Point X="118" Y="176" T="117236348" />
  <Point X="116" Y="181" T="117236365" />
  <Point X="114" Y="186" T="117236381" />
  <Point X="113" Y="191" T="117236398" />
  <Point X="113" Y="195" T="117236415" />
  <Point X="114" Y="200" T="117236432" />
  <Point X="117" Y="205" T="117236449" />
  <Point X="121" Y="210" T="117236467" />
  <Point X="125" Y="214" T="117236485" />
  <Point X="130" Y="217" T="117236502" />
  <Point X="138" Y="219" T="117236520" />
  <Point X="144" Y="221" T="117236538" />
  <Point X="150" Y="221" T="117236556" />
  <Point X="157" Y="220" T="117236576" />
  <Point X="160" Y="219" T="117236577" />
  <Point X="170" Y="218" T="117236596" />
  <Point X="178" Y="217" T="117236616" />
  <Point X="180" Y="216" T="117236617" />
  <Point X="187" Y="214" T="117236636" />
  <Point X="197" Y="210" T="117236657" />
  <Point X="207" Y="205" T="117236677" />
  <Point X="212" Y="201" T="117236697" />
  <Point X="215" Y="197" T="117236717" />
  <Point X="216" Y="195" T="117236738" />
</Gesture>