﻿<?xml version="1.0" encoding="utf-8" standalone="yes"?>
<Gesture Name="pigtail07" Subject="4" Speed="fast" Number="7" NumPts="75" Millseconds="901" AppName="Gestures" AppVer="3.7.0.0" Date="Friday, March 09, 2007" TimeOfDay="8:29:51 PM">
  <Point X="49" Y="220" T="117234150" />
  <Point X="51" Y="221" T="117234173" />
  <Point X="53" Y="222" T="117234185" />
  <Point X="56" Y="222" T="117234194" />
  <Point X="58" Y="222" T="117234202" />
  <Point X="60" Y="222" T="117234210" />
  <Point X="63" Y="222" T="117234218" />
  <Point X="65" Y="222" T="117234226" />
  <Point X="68" Y="221" T="117234234" />
  <Point X="71" Y="222" T="117234242" />
  <Point X="74" Y="222" T="117234250" />
  <Point X="77" Y="221" T="117234258" />
  <Point X="80" Y="221" T="117234266" />
  <Point X="83" Y="220" T="117234274" />
  <Point X="87" Y="220" T="117234283" />
  <Point X="89" Y="219" T="117234291" />
  <Point X="92" Y="218" T="117234299" />
  <Point X="98" Y="218" T="117234307" />
  <Point X="101" Y="217" T="117234316" />
  <Point X="105" Y="216" T="117234324" />
  <Point X="108" Y="216" T="117234333" />
  <Point X="111" Y="214" T="117234343" />
  <Point X="115" Y="213" T="117234354" />
  <Point X="118" Y="211" T="117234355" />
  <Point X="121" Y="210" T="117234365" />
  <Point X="124" Y="208" T="117234376" />
  <Point X="129" Y="205" T="117234386" />
  <Point X="131" Y="204" T="117234396" />
  <Point X="134" Y="202" T="117234407" />
  <Point X="136" Y="199" T="117234417" />
  <Point X="138" Y="197" T="117234419" />
  <Point X="140" Y="196" T="117234430" />
  <Point X="141" Y="193" T="117234441" />
  <Point X="144" Y="191" T="117234453" />
  <Point X="146" Y="189" T="117234465" />
  <Point X="148" Y="185" T="117234477" />
  <Point X="149" Y="183" T="117234489" />
  <Point X="150" Y="180" T="117234501" />
  <Point X="150" Y="178" T="117234503" />
  <Point X="149" Y="176" T="117234515" />
  <Point X="148" Y="174" T="117234528" />
  <Point X="146" Y="171" T="117234541" />
  <Point X="144" Y="169" T="117234554" />
  <Point X="141" Y="167" T="117234568" />
  <Point X="139" Y="166" T="117234581" />
  <Point X="136" Y="165" T="117234595" />
  <Point X="134" Y="165" T="117234609" />
  <Point X="131" Y="165" T="117234610" />
  <Point X="129" Y="165" T="117234625" />
  <Point X="126" Y="165" T="117234640" />
  <Point X="121" Y="168" T="117234655" />
  <Point X="116" Y="171" T="117234670" />
  <Point X="112" Y="176" T="117234689" />
  <Point X="108" Y="180" T="117234705" />
  <Point X="106" Y="184" T="117234721" />
  <Point X="104" Y="189" T="117234737" />
  <Point X="103" Y="194" T="117234753" />
  <Point X="104" Y="200" T="117234770" />
  <Point X="107" Y="205" T="117234787" />
  <Point X="110" Y="209" T="117234804" />
  <Point X="115" Y="213" T="117234821" />
  <Point X="120" Y="216" T="117234839" />
  <Point X="125" Y="218" T="117234857" />
  <Point X="134" Y="219" T="117234875" />
  <Point X="140" Y="220" T="117234893" />
  <Point X="147" Y="219" T="117234911" />
  <Point X="153" Y="218" T="117234930" />
  <Point X="157" Y="217" T="117234931" />
  <Point X="164" Y="215" T="117234950" />
  <Point X="171" Y="213" T="117234969" />
  <Point X="174" Y="212" T="117234970" />
  <Point X="181" Y="208" T="117234990" />
  <Point X="189" Y="204" T="117235011" />
  <Point X="192" Y="201" T="117235031" />
  <Point X="195" Y="196" T="117235051" />
</Gesture>