﻿<?xml version="1.0" encoding="utf-8" standalone="yes"?>
<Gesture Name="pigtail04" Subject="4" Speed="fast" Number="4" NumPts="75" Millseconds="921" AppName="Gestures" AppVer="3.7.0.0" Date="Friday, March 09, 2007" TimeOfDay="8:29:46 PM">
  <Point X="69" Y="206" T="117229254" />
  <Point X="71" Y="208" T="117229278" />
  <Point X="73" Y="208" T="117229290" />
  <Point X="76" Y="208" T="117229302" />
  <Point X="78" Y="210" T="117229310" />
  <Point X="80" Y="210" T="117229319" />
  <Point X="82" Y="211" T="117229327" />
  <Point X="85" Y="211" T="117229335" />
  <Point X="87" Y="211" T="117229343" />
  <Point X="90" Y="211" T="117229351" />
  <Point X="93" Y="211" T="117229359" />
  <Point X="96" Y="211" T="117229368" />
  <Point X="99" Y="211" T="117229375" />
  <Point X="102" Y="211" T="117229384" />
  <Point X="106" Y="212" T="117229391" />
  <Point X="109" Y="210" T="117229400" />
  <Point X="113" Y="208" T="117229409" />
  <Point X="116" Y="208" T="117229417" />
  <Point X="119" Y="207" T="117229426" />
  <Point X="122" Y="205" T="117229434" />
  <Point X="125" Y="204" T="117229443" />
  <Point X="128" Y="202" T="117229453" />
  <Point X="131" Y="200" T="117229462" />
  <Point X="134" Y="198" T="117229472" />
  <Point X="139" Y="193" T="117229481" />
  <Point X="142" Y="191" T="117229491" />
  <Point X="145" Y="189" T="117229501" />
  <Point X="147" Y="187" T="117229512" />
  <Point X="151" Y="183" T="117229522" />
  <Point X="153" Y="180" T="117229533" />
  <Point X="155" Y="178" T="117229544" />
  <Point X="157" Y="175" T="117229554" />
  <Point X="160" Y="169" T="117229566" />
  <Point X="161" Y="166" T="117229577" />
  <Point X="163" Y="161" T="117229589" />
  <Point X="163" Y="158" T="117229601" />
  <Point X="164" Y="154" T="117229614" />
  <Point X="164" Y="149" T="117229626" />
  <Point X="163" Y="146" T="117229639" />
  <Point X="161" Y="144" T="117229652" />
  <Point X="158" Y="139" T="117229665" />
  <Point X="153" Y="137" T="117229679" />
  <Point X="151" Y="135" T="117229692" />
  <Point X="149" Y="135" T="117229693" />
  <Point X="147" Y="135" T="117229707" />
  <Point X="142" Y="134" T="117229724" />
  <Point X="139" Y="135" T="117229738" />
  <Point X="137" Y="136" T="117229739" />
  <Point X="135" Y="137" T="117229754" />
  <Point X="130" Y="142" T="117229769" />
  <Point X="125" Y="148" T="117229785" />
  <Point X="122" Y="154" T="117229800" />
  <Point X="120" Y="160" T="117229819" />
  <Point X="117" Y="170" T="117229836" />
  <Point X="116" Y="175" T="117229853" />
  <Point X="116" Y="182" T="117229869" />
  <Point X="117" Y="188" T="117229886" />
  <Point X="120" Y="194" T="117229902" />
  <Point X="123" Y="199" T="117229922" />
  <Point X="129" Y="204" T="117229939" />
  <Point X="134" Y="208" T="117229957" />
  <Point X="144" Y="214" T="117229974" />
  <Point X="151" Y="215" T="117229992" />
  <Point X="158" Y="217" T="117230010" />
  <Point X="160" Y="218" T="117230011" />
  <Point X="173" Y="217" T="117230032" />
  <Point X="182" Y="215" T="117230051" />
  <Point X="184" Y="215" T="117230052" />
  <Point X="195" Y="210" T="117230072" />
  <Point X="201" Y="206" T="117230091" />
  <Point X="205" Y="203" T="117230093" />
  <Point X="212" Y="197" T="117230113" />
  <Point X="218" Y="187" T="117230135" />
  <Point X="220" Y="176" T="117230156" />
  <Point X="219" Y="174" T="117230175" />
</Gesture>