﻿<?xml version="1.0" encoding="utf-8" standalone="yes"?>
<Gesture Name="pigtail02" Subject="4" Speed="fast" Number="2" NumPts="73" Millseconds="845" AppName="Gestures" AppVer="3.7.0.0" Date="Friday, March 09, 2007" TimeOfDay="8:29:43 PM">
  <Point X="49" Y="212" T="117226323" />
  <Point X="50" Y="214" T="117226348" />
  <Point X="52" Y="215" T="117226368" />
  <Point X="55" Y="216" T="117226384" />
  <Point X="57" Y="216" T="117226395" />
  <Point X="59" Y="217" T="117226404" />
  <Point X="62" Y="218" T="117226412" />
  <Point X="65" Y="218" T="117226420" />
  <Point X="68" Y="218" T="117226428" />
  <Point X="71" Y="218" T="117226436" />
  <Point X="73" Y="217" T="117226443" />
  <Point X="77" Y="216" T="117226450" />
  <Point X="81" Y="216" T="117226458" />
  <Point X="86" Y="215" T="117226465" />
  <Point X="90" Y="214" T="117226473" />
  <Point X="93" Y="213" T="117226481" />
  <Point X="95" Y="213" T="117226489" />
  <Point X="101" Y="210" T="117226497" />
  <Point X="103" Y="209" T="117226506" />
  <Point X="106" Y="207" T="117226514" />
  <Point X="110" Y="204" T="117226523" />
  <Point X="113" Y="202" T="117226524" />
  <Point X="115" Y="200" T="117226534" />
  <Point X="119" Y="197" T="117226543" />
  <Point X="122" Y="195" T="117226544" />
  <Point X="125" Y="191" T="117226554" />
  <Point X="128" Y="188" T="117226565" />
  <Point X="130" Y="186" T="117226575" />
  <Point X="133" Y="180" T="117226586" />
  <Point X="135" Y="177" T="117226597" />
  <Point X="136" Y="174" T="117226607" />
  <Point X="138" Y="171" T="117226609" />
  <Point X="138" Y="168" T="117226620" />
  <Point X="139" Y="163" T="117226632" />
  <Point X="140" Y="161" T="117226643" />
  <Point X="140" Y="158" T="117226645" />
  <Point X="140" Y="156" T="117226657" />
  <Point X="139" Y="153" T="117226669" />
  <Point X="137" Y="148" T="117226681" />
  <Point X="136" Y="146" T="117226694" />
  <Point X="134" Y="144" T="117226707" />
  <Point X="130" Y="141" T="117226720" />
  <Point X="125" Y="141" T="117226734" />
  <Point X="123" Y="142" T="117226748" />
  <Point X="120" Y="142" T="117226749" />
  <Point X="118" Y="144" T="117226763" />
  <Point X="114" Y="146" T="117226777" />
  <Point X="111" Y="148" T="117226792" />
  <Point X="109" Y="150" T="117226807" />
  <Point X="108" Y="153" T="117226808" />
  <Point X="106" Y="155" T="117226824" />
  <Point X="103" Y="164" T="117226842" />
  <Point X="102" Y="170" T="117226858" />
  <Point X="101" Y="179" T="117226874" />
  <Point X="101" Y="185" T="117226890" />
  <Point X="102" Y="192" T="117226907" />
  <Point X="103" Y="198" T="117226923" />
  <Point X="105" Y="204" T="117226940" />
  <Point X="107" Y="206" T="117226941" />
  <Point X="111" Y="210" T="117226958" />
  <Point X="117" Y="214" T="117226975" />
  <Point X="123" Y="216" T="117226993" />
  <Point X="133" Y="218" T="117227011" />
  <Point X="136" Y="218" T="117227012" />
  <Point X="145" Y="217" T="117227031" />
  <Point X="157" Y="214" T="117227050" />
  <Point X="169" Y="208" T="117227069" />
  <Point X="180" Y="199" T="117227088" />
  <Point X="185" Y="193" T="117227108" />
  <Point X="188" Y="189" T="117227109" />
  <Point X="195" Y="180" T="117227128" />
  <Point X="197" Y="173" T="117227149" />
  <Point X="197" Y="170" T="117227168" />
</Gesture>