﻿<?xml version="1.0" encoding="utf-8" standalone="yes"?>
<Gesture Name="pigtail01" Subject="4" Speed="fast" Number="1" NumPts="68" Millseconds="815" AppName="Gestures" AppVer="3.7.0.0" Date="Friday, March 09, 2007" TimeOfDay="8:29:41 PM">
  <Point X="62" Y="206" T="117224928" />
  <Point X="63" Y="208" T="117224944" />
  <Point X="65" Y="208" T="117224964" />
  <Point X="67" Y="209" T="117224977" />
  <Point X="69" Y="210" T="117224988" />
  <Point X="72" Y="210" T="117225001" />
  <Point X="74" Y="209" T="117225009" />
  <Point X="77" Y="210" T="117225017" />
  <Point X="79" Y="211" T="117225025" />
  <Point X="82" Y="210" T="117225033" />
  <Point X="86" Y="209" T="117225041" />
  <Point X="89" Y="207" T="117225049" />
  <Point X="92" Y="207" T="117225057" />
  <Point X="96" Y="205" T="117225066" />
  <Point X="99" Y="205" T="117225073" />
  <Point X="102" Y="203" T="117225081" />
  <Point X="106" Y="202" T="117225089" />
  <Point X="110" Y="199" T="117225097" />
  <Point X="113" Y="197" T="117225106" />
  <Point X="116" Y="194" T="117225114" />
  <Point X="119" Y="192" T="117225123" />
  <Point X="122" Y="190" T="117225132" />
  <Point X="125" Y="187" T="117225142" />
  <Point X="127" Y="186" T="117225151" />
  <Point X="129" Y="183" T="117225161" />
  <Point X="131" Y="181" T="117225162" />
  <Point X="133" Y="178" T="117225172" />
  <Point X="135" Y="175" T="117225182" />
  <Point X="138" Y="170" T="117225193" />
  <Point X="140" Y="167" T="117225205" />
  <Point X="142" Y="162" T="117225218" />
  <Point X="143" Y="160" T="117225231" />
  <Point X="144" Y="155" T="117225242" />
  <Point X="144" Y="152" T="117225254" />
  <Point X="144" Y="149" T="117225266" />
  <Point X="143" Y="147" T="117225282" />
  <Point X="141" Y="145" T="117225295" />
  <Point X="139" Y="143" T="117225308" />
  <Point X="136" Y="143" T="117225320" />
  <Point X="133" Y="143" T="117225333" />
  <Point X="131" Y="142" T="117225345" />
  <Point X="128" Y="143" T="117225358" />
  <Point X="125" Y="144" T="117225372" />
  <Point X="123" Y="146" T="117225385" />
  <Point X="120" Y="148" T="117225399" />
  <Point X="118" Y="150" T="117225413" />
  <Point X="115" Y="153" T="117225428" />
  <Point X="113" Y="155" T="117225429" />
  <Point X="111" Y="158" T="117225443" />
  <Point X="110" Y="160" T="117225444" />
  <Point X="109" Y="163" T="117225460" />
  <Point X="108" Y="166" T="117225461" />
  <Point X="106" Y="172" T="117225477" />
  <Point X="106" Y="177" T="117225493" />
  <Point X="106" Y="184" T="117225509" />
  <Point X="108" Y="190" T="117225525" />
  <Point X="111" Y="195" T="117225542" />
  <Point X="116" Y="199" T="117225559" />
  <Point X="121" Y="203" T="117225576" />
  <Point X="130" Y="207" T="117225594" />
  <Point X="140" Y="208" T="117225612" />
  <Point X="149" Y="208" T="117225631" />
  <Point X="161" Y="204" T="117225650" />
  <Point X="172" Y="199" T="117225669" />
  <Point X="180" Y="193" T="117225687" />
  <Point X="187" Y="188" T="117225706" />
  <Point X="192" Y="180" T="117225725" />
  <Point X="192" Y="178" T="117225743" />
</Gesture>