﻿<?xml version="1.0" encoding="utf-8" standalone="yes"?>
<Gesture Name="pigtail10" Subject="4" Speed="fast" Number="10" NumPts="75" Millseconds="874" AppName="Gestures" AppVer="3.7.0.0" Date="Friday, March 09, 2007" TimeOfDay="8:29:56 PM">
  <Point X="56" Y="222" T="117239730" />
  <Point X="58" Y="224" T="117239746" />
  <Point X="60" Y="224" T="117239754" />
  <Point X="62" Y="224" T="117239762" />
  <Point X="65" Y="225" T="117239770" />
  <Point X="68" Y="226" T="117239777" />
  <Point X="71" Y="226" T="117239785" />
  <Point X="74" Y="226" T="117239793" />
  <Point X="78" Y="227" T="117239801" />
  <Point X="80" Y="226" T="117239808" />
  <Point X="82" Y="226" T="117239814" />
  <Point X="85" Y="225" T="117239821" />
  <Point X="89" Y="225" T="117239829" />
  <Point X="92" Y="225" T="117239836" />
  <Point X="95" Y="224" T="117239844" />
  <Point X="98" Y="224" T="117239852" />
  <Point X="102" Y="222" T="117239860" />
  <Point X="105" Y="221" T="117239868" />
  <Point X="108" Y="220" T="117239877" />
  <Point X="112" Y="219" T="117239886" />
  <Point X="115" Y="217" T="117239895" />
  <Point X="119" Y="216" T="117239904" />
  <Point X="122" Y="215" T="117239905" />
  <Point X="125" Y="214" T="117239915" />
  <Point X="128" Y="212" T="117239924" />
  <Point X="131" Y="210" T="117239934" />
  <Point X="134" Y="209" T="117239944" />
  <Point X="138" Y="206" T="117239945" />
  <Point X="141" Y="204" T="117239956" />
  <Point X="144" Y="202" T="117239967" />
  <Point X="149" Y="198" T="117239978" />
  <Point X="152" Y="196" T="117239989" />
  <Point X="154" Y="194" T="117240000" />
  <Point X="156" Y="192" T="117240001" />
  <Point X="158" Y="188" T="117240013" />
  <Point X="160" Y="185" T="117240025" />
  <Point X="163" Y="181" T="117240037" />
  <Point X="163" Y="178" T="117240050" />
  <Point X="164" Y="172" T="117240062" />
  <Point X="164" Y="170" T="117240075" />
  <Point X="164" Y="168" T="117240088" />
  <Point X="163" Y="166" T="117240102" />
  <Point X="161" Y="164" T="117240116" />
  <Point X="157" Y="162" T="117240130" />
  <Point X="155" Y="161" T="117240143" />
  <Point X="151" Y="163" T="117240158" />
  <Point X="148" Y="163" T="117240172" />
  <Point X="146" Y="165" T="117240173" />
  <Point X="144" Y="166" T="117240188" />
  <Point X="138" Y="169" T="117240203" />
  <Point X="133" Y="172" T="117240218" />
  <Point X="128" Y="175" T="117240234" />
  <Point X="123" Y="179" T="117240250" />
  <Point X="119" Y="183" T="117240266" />
  <Point X="116" Y="189" T="117240282" />
  <Point X="114" Y="195" T="117240298" />
  <Point X="113" Y="200" T="117240317" />
  <Point X="114" Y="205" T="117240334" />
  <Point X="116" Y="212" T="117240351" />
  <Point X="118" Y="214" T="117240368" />
  <Point X="120" Y="215" T="117240369" />
  <Point X="125" Y="218" T="117240387" />
  <Point X="131" Y="220" T="117240406" />
  <Point X="138" Y="222" T="117240424" />
  <Point X="142" Y="222" T="117240425" />
  <Point X="148" Y="222" T="117240444" />
  <Point X="152" Y="222" T="117240445" />
  <Point X="159" Y="222" T="117240464" />
  <Point X="166" Y="221" T="117240484" />
  <Point X="177" Y="218" T="117240503" />
  <Point X="183" Y="216" T="117240523" />
  <Point X="191" Y="211" T="117240543" />
  <Point X="195" Y="208" T="117240563" />
  <Point X="200" Y="204" T="117240583" />
  <Point X="203" Y="200" T="117240604" />
</Gesture>