﻿<?xml version="1.0" encoding="utf-8" standalone="yes"?>
<Gesture Name="pigtail03" Subject="4" Speed="fast" Number="3" NumPts="70" Millseconds="850" AppName="Gestures" AppVer="3.7.0.0" Date="Friday, March 09, 2007" TimeOfDay="8:29:44 PM">
  <Point X="51" Y="209" T="117227776" />
  <Point X="53" Y="210" T="117227812" />
  <Point X="56" Y="211" T="117227832" />
  <Point X="58" Y="212" T="117227844" />
  <Point X="60" Y="213" T="117227855" />
  <Point X="63" Y="214" T="117227868" />
  <Point X="65" Y="215" T="117227876" />
  <Point X="67" Y="215" T="117227884" />
  <Point X="70" Y="215" T="117227892" />
  <Point X="72" Y="216" T="117227900" />
  <Point X="75" Y="216" T="117227908" />
  <Point X="78" Y="216" T="117227916" />
  <Point X="81" Y="215" T="117227924" />
  <Point X="84" Y="215" T="117227933" />
  <Point X="87" Y="215" T="117227940" />
  <Point X="90" Y="214" T="117227948" />
  <Point X="93" Y="213" T="117227956" />
  <Point X="97" Y="211" T="117227965" />
  <Point X="100" Y="209" T="117227973" />
  <Point X="103" Y="208" T="117227983" />
  <Point X="106" Y="206" T="117227993" />
  <Point X="109" Y="204" T="117228002" />
  <Point X="112" Y="202" T="117228012" />
  <Point X="115" Y="200" T="117228013" />
  <Point X="118" Y="197" T="117228022" />
  <Point X="121" Y="195" T="117228032" />
  <Point X="123" Y="192" T="117228042" />
  <Point X="128" Y="185" T="117228053" />
  <Point X="130" Y="182" T="117228064" />
  <Point X="132" Y="179" T="117228075" />
  <Point X="136" Y="173" T="117228085" />
  <Point X="137" Y="170" T="117228097" />
  <Point X="138" Y="168" T="117228108" />
  <Point X="138" Y="165" T="117228109" />
  <Point X="139" Y="162" T="117228120" />
  <Point X="139" Y="157" T="117228132" />
  <Point X="138" Y="154" T="117228144" />
  <Point X="137" Y="152" T="117228156" />
  <Point X="135" Y="150" T="117228169" />
  <Point X="133" Y="148" T="117228181" />
  <Point X="130" Y="148" T="117228194" />
  <Point X="128" Y="147" T="117228207" />
  <Point X="123" Y="147" T="117228220" />
  <Point X="121" Y="147" T="117228233" />
  <Point X="118" Y="148" T="117228247" />
  <Point X="116" Y="149" T="117228264" />
  <Point X="113" Y="154" T="117228278" />
  <Point X="110" Y="158" T="117228293" />
  <Point X="108" Y="164" T="117228308" />
  <Point X="108" Y="168" T="117228323" />
  <Point X="106" Y="171" T="117228324" />
  <Point X="105" Y="176" T="117228340" />
  <Point X="105" Y="178" T="117228341" />
  <Point X="104" Y="183" T="117228357" />
  <Point X="103" Y="189" T="117228373" />
  <Point X="103" Y="194" T="117228389" />
  <Point X="105" Y="202" T="117228405" />
  <Point X="108" Y="207" T="117228423" />
  <Point X="112" Y="211" T="117228440" />
  <Point X="117" Y="214" T="117228457" />
  <Point X="123" Y="218" T="117228474" />
  <Point X="131" Y="219" T="117228492" />
  <Point X="140" Y="218" T="117228511" />
  <Point X="150" Y="215" T="117228529" />
  <Point X="158" Y="210" T="117228548" />
  <Point X="165" Y="207" T="117228568" />
  <Point X="168" Y="205" T="117228569" />
  <Point X="173" Y="201" T="117228588" />
  <Point X="176" Y="196" T="117228607" />
  <Point X="177" Y="194" T="117228626" />
</Gesture>