﻿<?xml version="1.0" encoding="utf-8" standalone="yes"?>
<Gesture Name="pigtail09" Subject="4" Speed="fast" Number="9" NumPts="74" Millseconds="861" AppName="Gestures" AppVer="3.7.0.0" Date="Friday, March 09, 2007" TimeOfDay="8:29:54 PM">
  <Point X="43" Y="222" T="117237774" />
  <Point X="45" Y="222" T="117237794" />
  <Point X="48" Y="223" T="117237806" />
  <Point X="51" Y="222" T="117237813" />
  <Point X="53" Y="222" T="117237822" />
  <Point X="56" Y="222" T="117237829" />
  <Point X="59" Y="221" T="117237838" />
  <Point X="61" Y="221" T="117237844" />
  <Point X="64" Y="221" T="117237851" />
  <Point X="66" Y="222" T="117237857" />
  <Point X="70" Y="221" T="117237864" />
  <Point X="72" Y="221" T="117237871" />
  <Point X="78" Y="220" T="117237879" />
  <Point X="80" Y="219" T="117237886" />
  <Point X="83" Y="219" T="117237894" />
  <Point X="87" Y="217" T="117237902" />
  <Point X="90" Y="216" T="117237910" />
  <Point X="93" Y="215" T="117237918" />
  <Point X="96" Y="214" T="117237927" />
  <Point X="98" Y="213" T="117237935" />
  <Point X="101" Y="211" T="117237944" />
  <Point X="103" Y="210" T="117237953" />
  <Point X="106" Y="208" T="117237954" />
  <Point X="109" Y="206" T="117237964" />
  <Point X="111" Y="204" T="117237974" />
  <Point X="114" Y="201" T="117237983" />
  <Point X="117" Y="199" T="117237993" />
  <Point X="119" Y="195" T="117237994" />
  <Point X="122" Y="193" T="117238005" />
  <Point X="124" Y="190" T="117238016" />
  <Point X="129" Y="183" T="117238027" />
  <Point X="131" Y="180" T="117238038" />
  <Point X="133" Y="175" T="117238049" />
  <Point X="133" Y="172" T="117238061" />
  <Point X="134" Y="168" T="117238073" />
  <Point X="134" Y="165" T="117238085" />
  <Point X="134" Y="162" T="117238097" />
  <Point X="133" Y="160" T="117238109" />
  <Point X="131" Y="160" T="117238121" />
  <Point X="129" Y="157" T="117238134" />
  <Point X="127" Y="157" T="117238147" />
  <Point X="125" Y="157" T="117238161" />
  <Point X="123" Y="159" T="117238174" />
  <Point X="121" Y="160" T="117238188" />
  <Point X="118" Y="162" T="117238202" />
  <Point X="117" Y="165" T="117238203" />
  <Point X="114" Y="166" T="117238217" />
  <Point X="111" Y="171" T="117238231" />
  <Point X="110" Y="173" T="117238246" />
  <Point X="106" Y="180" T="117238261" />
  <Point X="104" Y="183" T="117238276" />
  <Point X="102" Y="187" T="117238291" />
  <Point X="100" Y="192" T="117238307" />
  <Point X="98" Y="197" T="117238323" />
  <Point X="98" Y="200" T="117238341" />
  <Point X="98" Y="202" T="117238342" />
  <Point X="98" Y="204" T="117238359" />
  <Point X="101" Y="209" T="117238375" />
  <Point X="104" Y="212" T="117238393" />
  <Point X="112" Y="216" T="117238410" />
  <Point X="119" Y="219" T="117238428" />
  <Point X="126" Y="219" T="117238446" />
  <Point X="133" Y="221" T="117238464" />
  <Point X="141" Y="221" T="117238481" />
  <Point X="144" Y="220" T="117238483" />
  <Point X="149" Y="220" T="117238501" />
  <Point X="160" Y="215" T="117238519" />
  <Point X="167" Y="212" T="117238538" />
  <Point X="173" Y="209" T="117238557" />
  <Point X="181" Y="203" T="117238576" />
  <Point X="185" Y="199" T="117238595" />
  <Point X="190" Y="196" T="117238615" />
  <Point X="192" Y="194" T="117238634" />
  <Point X="193" Y="192" T="117238635" />
</Gesture>