﻿<?xml version="1.0" encoding="utf-8" standalone="yes"?>
<Gesture Name="pigtail05" Subject="4" Speed="fast" Number="5" NumPts="75" Millseconds="864" AppName="Gestures" AppVer="3.7.0.0" Date="Friday, March 09, 2007" TimeOfDay="8:29:47 PM">
  <Point X="48" Y="225" T="117231004" />
  <Point X="50" Y="225" T="117231032" />
  <Point X="52" Y="226" T="117231048" />
  <Point X="55" Y="225" T="117231060" />
  <Point X="57" Y="226" T="117231068" />
  <Point X="60" Y="226" T="117231076" />
  <Point X="62" Y="225" T="117231085" />
  <Point X="65" Y="225" T="117231093" />
  <Point X="68" Y="226" T="117231101" />
  <Point X="71" Y="225" T="117231109" />
  <Point X="74" Y="223" T="117231117" />
  <Point X="76" Y="223" T="117231125" />
  <Point X="79" Y="223" T="117231133" />
  <Point X="83" Y="222" T="117231141" />
  <Point X="86" Y="220" T="117231150" />
  <Point X="89" Y="219" T="117231158" />
  <Point X="92" Y="217" T="117231166" />
  <Point X="94" Y="216" T="117231174" />
  <Point X="97" Y="214" T="117231183" />
  <Point X="101" Y="210" T="117231191" />
  <Point X="102" Y="208" T="117231200" />
  <Point X="105" Y="206" T="117231201" />
  <Point X="108" Y="204" T="117231211" />
  <Point X="111" Y="201" T="117231220" />
  <Point X="113" Y="197" T="117231230" />
  <Point X="115" Y="194" T="117231240" />
  <Point X="119" Y="190" T="117231250" />
  <Point X="121" Y="186" T="117231261" />
  <Point X="121" Y="184" T="117231262" />
  <Point X="122" Y="182" T="117231272" />
  <Point X="123" Y="180" T="117231274" />
  <Point X="124" Y="176" T="117231285" />
  <Point X="125" Y="172" T="117231296" />
  <Point X="126" Y="167" T="117231308" />
  <Point X="126" Y="165" T="117231320" />
  <Point X="126" Y="160" T="117231332" />
  <Point X="125" Y="158" T="117231344" />
  <Point X="124" Y="156" T="117231357" />
  <Point X="122" Y="153" T="117231370" />
  <Point X="120" Y="152" T="117231382" />
  <Point X="117" Y="151" T="117231396" />
  <Point X="115" Y="151" T="117231409" />
  <Point X="112" Y="151" T="117231423" />
  <Point X="110" Y="152" T="117231437" />
  <Point X="107" Y="154" T="117231438" />
  <Point X="105" Y="156" T="117231453" />
  <Point X="101" Y="160" T="117231468" />
  <Point X="98" Y="164" T="117231483" />
  <Point X="95" Y="170" T="117231498" />
  <Point X="93" Y="175" T="117231513" />
  <Point X="92" Y="179" T="117231528" />
  <Point X="91" Y="182" T="117231529" />
  <Point X="91" Y="185" T="117231545" />
  <Point X="90" Y="188" T="117231546" />
  <Point X="90" Y="194" T="117231564" />
  <Point X="90" Y="197" T="117231580" />
  <Point X="91" Y="200" T="117231581" />
  <Point X="93" Y="206" T="117231598" />
  <Point X="96" Y="211" T="117231616" />
  <Point X="101" Y="215" T="117231633" />
  <Point X="106" Y="218" T="117231651" />
  <Point X="111" Y="222" T="117231668" />
  <Point X="114" Y="223" T="117231669" />
  <Point X="119" Y="225" T="117231688" />
  <Point X="125" Y="226" T="117231706" />
  <Point X="132" Y="225" T="117231725" />
  <Point X="136" Y="225" T="117231726" />
  <Point X="144" Y="223" T="117231745" />
  <Point X="146" Y="223" T="117231746" />
  <Point X="156" Y="220" T="117231766" />
  <Point X="168" Y="215" T="117231787" />
  <Point X="178" Y="210" T="117231807" />
  <Point X="185" Y="208" T="117231827" />
  <Point X="189" Y="203" T="117231847" />
  <Point X="190" Y="201" T="117231868" />
</Gesture>