﻿<?xml version="1.0" encoding="utf-8" standalone="yes"?>
<Gesture Name="question_mark03" Subject="4" Speed="fast" Number="3" NumPts="70" Millseconds="857" AppName="Gestures" AppVer="3.7.0.0" Date="Friday, March 09, 2007" TimeOfDay="8:39:11 PM">
  <Point X="81" Y="184" T="117796144" />
  <Point X="79" Y="183" T="117796160" />
  <Point X="77" Y="181" T="117796180" />
  <Point X="76" Y="179" T="117796196" />
  <Point X="75" Y="177" T="117796213" />
  <Point X="75" Y="174" T="117796224" />
  <Point X="75" Y="172" T="117796240" />
  <Point X="75" Y="169" T="117796249" />
  <Point X="75" Y="167" T="117796260" />
  <Point X="75" Y="165" T="117796272" />
  <Point X="76" Y="162" T="117796284" />
  <Point X="77" Y="159" T="117796296" />
  <Point X="79" Y="157" T="117796304" />
  <Point X="81" Y="155" T="117796316" />
  <Point X="83" Y="153" T="117796328" />
  <Point X="85" Y="151" T="117796337" />
  <Point X="88" Y="149" T="117796345" />
  <Point X="90" Y="147" T="117796353" />
  <Point X="92" Y="146" T="117796361" />
  <Point X="95" Y="144" T="117796370" />
  <Point X="97" Y="143" T="117796379" />
  <Point X="100" Y="142" T="117796388" />
  <Point X="103" Y="142" T="117796397" />
  <Point X="106" Y="141" T="117796407" />
  <Point X="111" Y="139" T="117796417" />
  <Point X="114" Y="139" T="117796427" />
  <Point X="117" Y="139" T="117796437" />
  <Point X="119" Y="139" T="117796448" />
  <Point X="122" Y="140" T="117796449" />
  <Point X="125" Y="140" T="117796459" />
  <Point X="127" Y="140" T="117796470" />
  <Point X="132" Y="141" T="117796482" />
  <Point X="134" Y="142" T="117796493" />
  <Point X="136" Y="144" T="117796504" />
  <Point X="139" Y="145" T="117796516" />
  <Point X="140" Y="147" T="117796528" />
  <Point X="141" Y="149" T="117796541" />
  <Point X="143" Y="152" T="117796553" />
  <Point X="143" Y="157" T="117796566" />
  <Point X="144" Y="159" T="117796579" />
  <Point X="144" Y="161" T="117796592" />
  <Point X="144" Y="164" T="117796593" />
  <Point X="144" Y="167" T="117796606" />
  <Point X="144" Y="169" T="117796620" />
  <Point X="144" Y="171" T="117796621" />
  <Point X="143" Y="173" T="117796635" />
  <Point X="141" Y="178" T="117796649" />
  <Point X="140" Y="181" T="117796664" />
  <Point X="138" Y="184" T="117796679" />
  <Point X="136" Y="186" T="117796693" />
  <Point X="131" Y="190" T="117796709" />
  <Point X="129" Y="191" T="117796724" />
  <Point X="125" Y="194" T="117796741" />
  <Point X="122" Y="196" T="117796756" />
  <Point X="120" Y="197" T="117796772" />
  <Point X="117" Y="200" T="117796788" />
  <Point X="115" Y="202" T="117796804" />
  <Point X="114" Y="204" T="117796805" />
  <Point X="113" Y="206" T="117796821" />
  <Point X="111" Y="211" T="117796838" />
  <Point X="110" Y="213" T="117796855" />
  <Point X="110" Y="215" T="117796856" />
  <Point X="110" Y="218" T="117796873" />
  <Point X="111" Y="222" T="117796891" />
  <Point X="111" Y="224" T="117796892" />
  <Point X="112" Y="226" T="117796910" />
  <Point X="112" Y="231" T="117796929" />
  <Point X="113" Y="234" T="117796947" />
  <Point X="113" Y="236" T="117796966" />
  <Point X="113" Y="234" T="117797001" />
</Gesture>