﻿<?xml version="1.0" encoding="utf-8" standalone="yes"?>
<Gesture Name="question_mark09" Subject="4" Speed="fast" Number="9" NumPts="74" Millseconds="1060" AppName="Gestures" AppVer="3.7.0.0" Date="Friday, March 09, 2007" TimeOfDay="8:39:20 PM">
  <Point X="97" Y="198" T="117804527" />
  <Point X="95" Y="198" T="117804546" />
  <Point X="94" Y="196" T="117804562" />
  <Point X="92" Y="194" T="117804582" />
  <Point X="90" Y="191" T="117804599" />
  <Point X="89" Y="189" T="117804615" />
  <Point X="88" Y="186" T="117804631" />
  <Point X="87" Y="184" T="117804639" />
  <Point X="87" Y="182" T="117804652" />
  <Point X="87" Y="180" T="117804664" />
  <Point X="87" Y="178" T="117804676" />
  <Point X="87" Y="174" T="117804693" />
  <Point X="88" Y="172" T="117804701" />
  <Point X="89" Y="169" T="117804717" />
  <Point X="90" Y="167" T="117804729" />
  <Point X="92" Y="165" T="117804745" />
  <Point X="93" Y="163" T="117804758" />
  <Point X="95" Y="161" T="117804766" />
  <Point X="97" Y="159" T="117804778" />
  <Point X="99" Y="156" T="117804790" />
  <Point X="101" Y="154" T="117804799" />
  <Point X="104" Y="153" T="117804810" />
  <Point X="107" Y="151" T="117804822" />
  <Point X="109" Y="149" T="117804834" />
  <Point X="112" Y="148" T="117804845" />
  <Point X="114" Y="147" T="117804858" />
  <Point X="117" Y="147" T="117804870" />
  <Point X="119" Y="145" T="117804882" />
  <Point X="122" Y="145" T="117804894" />
  <Point X="125" Y="145" T="117804906" />
  <Point X="127" Y="145" T="117804918" />
  <Point X="129" Y="146" T="117804929" />
  <Point X="132" Y="145" T="117804941" />
  <Point X="135" Y="145" T="117804952" />
  <Point X="138" Y="147" T="117804964" />
  <Point X="140" Y="147" T="117804975" />
  <Point X="142" Y="147" T="117804987" />
  <Point X="144" Y="149" T="117805000" />
  <Point X="147" Y="150" T="117805014" />
  <Point X="149" Y="152" T="117805030" />
  <Point X="150" Y="155" T="117805043" />
  <Point X="152" Y="156" T="117805058" />
  <Point X="154" Y="159" T="117805071" />
  <Point X="155" Y="162" T="117805086" />
  <Point X="155" Y="164" T="117805100" />
  <Point X="156" Y="166" T="117805114" />
  <Point X="157" Y="170" T="117805127" />
  <Point X="157" Y="172" T="117805147" />
  <Point X="157" Y="174" T="117805162" />
  <Point X="156" Y="177" T="117805176" />
  <Point X="154" Y="181" T="117805192" />
  <Point X="153" Y="183" T="117805207" />
  <Point X="150" Y="188" T="117805222" />
  <Point X="148" Y="189" T="117805238" />
  <Point X="146" Y="192" T="117805253" />
  <Point X="142" Y="196" T="117805269" />
  <Point X="141" Y="198" T="117805286" />
  <Point X="136" Y="202" T="117805302" />
  <Point X="135" Y="204" T="117805318" />
  <Point X="133" Y="206" T="117805319" />
  <Point X="131" Y="208" T="117805336" />
  <Point X="128" Y="213" T="117805355" />
  <Point X="126" Y="215" T="117805372" />
  <Point X="124" Y="220" T="117805390" />
  <Point X="122" Y="223" T="117805408" />
  <Point X="120" Y="227" T="117805428" />
  <Point X="120" Y="232" T="117805450" />
  <Point X="120" Y="234" T="117805471" />
  <Point X="121" Y="236" T="117805472" />
  <Point X="122" Y="238" T="117805491" />
  <Point X="124" Y="241" T="117805510" />
  <Point X="126" Y="245" T="117805529" />
  <Point X="127" Y="243" T="117805568" />
  <Point X="126" Y="240" T="117805587" />
</Gesture>