﻿<?xml version="1.0" encoding="utf-8" standalone="yes"?>
<Gesture Name="question_mark08" Subject="4" Speed="fast" Number="8" NumPts="71" Millseconds="903" AppName="Gestures" AppVer="3.7.0.0" Date="Friday, March 09, 2007" TimeOfDay="8:39:18 PM">
  <Point X="95" Y="197" T="117803117" />
  <Point X="93" Y="196" T="117803141" />
  <Point X="92" Y="194" T="117803154" />
  <Point X="90" Y="191" T="117803169" />
  <Point X="88" Y="191" T="117803186" />
  <Point X="86" Y="188" T="117803203" />
  <Point X="85" Y="185" T="117803211" />
  <Point X="84" Y="183" T="117803219" />
  <Point X="83" Y="181" T="117803231" />
  <Point X="83" Y="178" T="117803239" />
  <Point X="83" Y="176" T="117803252" />
  <Point X="83" Y="173" T="117803264" />
  <Point X="84" Y="171" T="117803272" />
  <Point X="85" Y="169" T="117803281" />
  <Point X="87" Y="166" T="117803296" />
  <Point X="88" Y="164" T="117803305" />
  <Point X="90" Y="162" T="117803313" />
  <Point X="93" Y="160" T="117803324" />
  <Point X="95" Y="158" T="117803332" />
  <Point X="98" Y="156" T="117803341" />
  <Point X="100" Y="155" T="117803350" />
  <Point X="103" Y="153" T="117803359" />
  <Point X="105" Y="151" T="117803368" />
  <Point X="108" Y="150" T="117803378" />
  <Point X="111" Y="148" T="117803387" />
  <Point X="113" Y="148" T="117803388" />
  <Point X="116" Y="147" T="117803398" />
  <Point X="119" Y="146" T="117803409" />
  <Point X="122" Y="147" T="117803419" />
  <Point X="127" Y="145" T="117803430" />
  <Point X="130" Y="146" T="117803441" />
  <Point X="132" Y="146" T="117803452" />
  <Point X="135" Y="146" T="117803453" />
  <Point X="137" Y="146" T="117803464" />
  <Point X="139" Y="148" T="117803475" />
  <Point X="141" Y="147" T="117803477" />
  <Point X="143" Y="149" T="117803489" />
  <Point X="145" Y="149" T="117803501" />
  <Point X="148" Y="153" T="117803514" />
  <Point X="150" Y="154" T="117803528" />
  <Point X="151" Y="157" T="117803541" />
  <Point X="152" Y="159" T="117803554" />
  <Point X="153" Y="162" T="117803567" />
  <Point X="154" Y="165" T="117803581" />
  <Point X="155" Y="167" T="117803595" />
  <Point X="155" Y="172" T="117803609" />
  <Point X="155" Y="174" T="117803624" />
  <Point X="155" Y="176" T="117803625" />
  <Point X="155" Y="179" T="117803644" />
  <Point X="154" Y="181" T="117803659" />
  <Point X="153" Y="183" T="117803674" />
  <Point X="151" Y="186" T="117803689" />
  <Point X="148" Y="190" T="117803705" />
  <Point X="145" Y="192" T="117803720" />
  <Point X="143" Y="194" T="117803737" />
  <Point X="142" Y="196" T="117803753" />
  <Point X="137" Y="200" T="117803770" />
  <Point X="135" Y="202" T="117803787" />
  <Point X="131" Y="206" T="117803805" />
  <Point X="129" Y="208" T="117803821" />
  <Point X="127" Y="210" T="117803839" />
  <Point X="124" Y="213" T="117803857" />
  <Point X="122" Y="216" T="117803874" />
  <Point X="121" Y="218" T="117803891" />
  <Point X="119" Y="223" T="117803909" />
  <Point X="118" Y="226" T="117803927" />
  <Point X="119" Y="230" T="117803945" />
  <Point X="120" Y="235" T="117803964" />
  <Point X="121" Y="237" T="117803983" />
  <Point X="122" Y="242" T="117804001" />
  <Point X="123" Y="244" T="117804020" />
</Gesture>