﻿<?xml version="1.0" encoding="utf-8" standalone="yes"?>
<Gesture Name="question_mark01" Subject="4" Speed="fast" Number="1" NumPts="71" Millseconds="921" AppName="Gestures" AppVer="3.7.0.0" Date="Friday, March 09, 2007" TimeOfDay="8:39:08 PM">
  <Point X="91" Y="185" T="117793092" />
  <Point X="91" Y="187" T="117793104" />
  <Point X="89" Y="185" T="117793149" />
  <Point X="88" Y="183" T="117793169" />
  <Point X="85" Y="181" T="117793194" />
  <Point X="85" Y="179" T="117793209" />
  <Point X="84" Y="176" T="117793221" />
  <Point X="84" Y="174" T="117793229" />
  <Point X="84" Y="171" T="117793250" />
  <Point X="84" Y="168" T="117793258" />
  <Point X="85" Y="166" T="117793270" />
  <Point X="85" Y="163" T="117793283" />
  <Point X="86" Y="161" T="117793291" />
  <Point X="87" Y="159" T="117793299" />
  <Point X="89" Y="157" T="117793308" />
  <Point X="90" Y="154" T="117793316" />
  <Point X="91" Y="152" T="117793324" />
  <Point X="93" Y="149" T="117793332" />
  <Point X="95" Y="147" T="117793343" />
  <Point X="97" Y="144" T="117793352" />
  <Point X="99" Y="142" T="117793360" />
  <Point X="101" Y="141" T="117793370" />
  <Point X="103" Y="140" T="117793379" />
  <Point X="105" Y="138" T="117793389" />
  <Point X="107" Y="136" T="117793398" />
  <Point X="109" Y="136" T="117793399" />
  <Point X="111" Y="134" T="117793410" />
  <Point X="114" Y="133" T="117793420" />
  <Point X="116" Y="132" T="117793430" />
  <Point X="118" Y="133" T="117793432" />
  <Point X="121" Y="133" T="117793444" />
  <Point X="125" Y="132" T="117793457" />
  <Point X="127" Y="134" T="117793470" />
  <Point X="130" Y="134" T="117793471" />
  <Point X="132" Y="133" T="117793484" />
  <Point X="137" Y="134" T="117793497" />
  <Point X="139" Y="134" T="117793510" />
  <Point X="141" Y="136" T="117793522" />
  <Point X="143" Y="137" T="117793523" />
  <Point X="145" Y="138" T="117793536" />
  <Point X="147" Y="140" T="117793551" />
  <Point X="149" Y="143" T="117793564" />
  <Point X="150" Y="146" T="117793579" />
  <Point X="150" Y="148" T="117793593" />
  <Point X="151" Y="150" T="117793607" />
  <Point X="152" Y="154" T="117793621" />
  <Point X="152" Y="158" T="117793636" />
  <Point X="153" Y="160" T="117793650" />
  <Point X="153" Y="163" T="117793651" />
  <Point X="153" Y="165" T="117793666" />
  <Point X="153" Y="167" T="117793682" />
  <Point X="152" Y="169" T="117793698" />
  <Point X="152" Y="172" T="117793713" />
  <Point X="149" Y="176" T="117793729" />
  <Point X="147" Y="177" T="117793745" />
  <Point X="141" Y="182" T="117793761" />
  <Point X="139" Y="184" T="117793778" />
  <Point X="134" Y="188" T="117793794" />
  <Point X="130" Y="192" T="117793811" />
  <Point X="128" Y="195" T="117793828" />
  <Point X="126" Y="197" T="117793845" />
  <Point X="123" Y="202" T="117793863" />
  <Point X="120" Y="204" T="117793881" />
  <Point X="119" Y="209" T="117793899" />
  <Point X="118" Y="214" T="117793917" />
  <Point X="118" Y="216" T="117793936" />
  <Point X="119" Y="223" T="117793955" />
  <Point X="119" Y="225" T="117793956" />
  <Point X="121" Y="229" T="117793975" />
  <Point X="122" Y="235" T="117793994" />
  <Point X="123" Y="237" T="117794013" />
</Gesture>