﻿<?xml version="1.0" encoding="utf-8" standalone="yes"?>
<Gesture Name="question_mark02" Subject="4" Speed="fast" Number="2" NumPts="75" Millseconds="1028" AppName="Gestures" AppVer="3.7.0.0" Date="Friday, March 09, 2007" TimeOfDay="8:39:10 PM">
  <Point X="82" Y="184" T="117794612" />
  <Point X="81" Y="182" T="117794631" />
  <Point X="79" Y="180" T="117794655" />
  <Point X="78" Y="177" T="117794672" />
  <Point X="77" Y="175" T="117794689" />
  <Point X="76" Y="173" T="117794700" />
  <Point X="76" Y="171" T="117794708" />
  <Point X="76" Y="169" T="117794720" />
  <Point X="76" Y="166" T="117794733" />
  <Point X="76" Y="164" T="117794745" />
  <Point X="77" Y="162" T="117794753" />
  <Point X="77" Y="160" T="117794765" />
  <Point X="79" Y="157" T="117794778" />
  <Point X="80" Y="155" T="117794790" />
  <Point X="83" Y="152" T="117794802" />
  <Point X="84" Y="150" T="117794811" />
  <Point X="87" Y="149" T="117794822" />
  <Point X="90" Y="147" T="117794835" />
  <Point X="93" Y="145" T="117794843" />
  <Point X="95" Y="144" T="117794852" />
  <Point X="98" Y="142" T="117794861" />
  <Point X="101" Y="141" T="117794870" />
  <Point X="104" Y="141" T="117794880" />
  <Point X="107" Y="140" T="117794889" />
  <Point X="113" Y="138" T="117794899" />
  <Point X="116" Y="137" T="117794909" />
  <Point X="119" Y="137" T="117794919" />
  <Point X="121" Y="136" T="117794930" />
  <Point X="124" Y="136" T="117794941" />
  <Point X="129" Y="137" T="117794952" />
  <Point X="131" Y="137" T="117794963" />
  <Point X="134" Y="138" T="117794975" />
  <Point X="136" Y="140" T="117794987" />
  <Point X="139" Y="141" T="117795000" />
  <Point X="141" Y="142" T="117795012" />
  <Point X="143" Y="145" T="117795024" />
  <Point X="145" Y="147" T="117795039" />
  <Point X="147" Y="149" T="117795055" />
  <Point X="148" Y="151" T="117795068" />
  <Point X="148" Y="154" T="117795080" />
  <Point X="149" Y="156" T="117795094" />
  <Point X="149" Y="158" T="117795107" />
  <Point X="149" Y="161" T="117795121" />
  <Point X="149" Y="163" T="117795134" />
  <Point X="149" Y="166" T="117795148" />
  <Point X="148" Y="168" T="117795163" />
  <Point X="146" Y="173" T="117795178" />
  <Point X="145" Y="175" T="117795192" />
  <Point X="142" Y="178" T="117795207" />
  <Point X="141" Y="180" T="117795222" />
  <Point X="137" Y="185" T="117795237" />
  <Point X="135" Y="186" T="117795252" />
  <Point X="131" Y="188" T="117795271" />
  <Point X="128" Y="190" T="117795287" />
  <Point X="126" Y="190" T="117795302" />
  <Point X="123" Y="192" T="117795318" />
  <Point X="121" Y="194" T="117795319" />
  <Point X="119" Y="195" T="117795336" />
  <Point X="117" Y="197" T="117795352" />
  <Point X="115" Y="199" T="117795369" />
  <Point X="113" Y="201" T="117795386" />
  <Point X="112" Y="203" T="117795403" />
  <Point X="110" Y="207" T="117795420" />
  <Point X="110" Y="209" T="117795439" />
  <Point X="110" Y="212" T="117795456" />
  <Point X="110" Y="214" T="117795474" />
  <Point X="110" Y="216" T="117795475" />
  <Point X="110" Y="218" T="117795494" />
  <Point X="112" Y="223" T="117795512" />
  <Point X="113" Y="227" T="117795531" />
  <Point X="113" Y="230" T="117795551" />
  <Point X="114" Y="232" T="117795570" />
  <Point X="114" Y="234" T="117795571" />
  <Point X="114" Y="236" T="117795594" />
  <Point X="114" Y="234" T="117795640" />
</Gesture>