﻿<?xml version="1.0" encoding="utf-8" standalone="yes"?>
<Gesture Name="question_mark04" Subject="4" Speed="fast" Number="4" NumPts="70" Millseconds="879" AppName="Gestures" AppVer="3.7.0.0" Date="Friday, March 09, 2007" TimeOfDay="8:39:13 PM">
  <Point X="81" Y="187" T="117797438" />
  <Point X="78" Y="186" T="117797462" />
  <Point X="77" Y="184" T="117797474" />
  <Point X="75" Y="182" T="117797502" />
  <Point X="75" Y="180" T="117797513" />
  <Point X="74" Y="178" T="117797521" />
  <Point X="73" Y="176" T="117797533" />
  <Point X="73" Y="174" T="117797549" />
  <Point X="72" Y="172" T="117797557" />
  <Point X="72" Y="169" T="117797569" />
  <Point X="73" Y="167" T="117797581" />
  <Point X="74" Y="164" T="117797601" />
  <Point X="75" Y="162" T="117797609" />
  <Point X="77" Y="160" T="117797621" />
  <Point X="79" Y="158" T="117797630" />
  <Point X="81" Y="155" T="117797641" />
  <Point X="84" Y="154" T="117797654" />
  <Point X="86" Y="151" T="117797662" />
  <Point X="89" Y="149" T="117797671" />
  <Point X="91" Y="148" T="117797679" />
  <Point X="93" Y="147" T="117797688" />
  <Point X="96" Y="146" T="117797697" />
  <Point X="98" Y="145" T="117797706" />
  <Point X="101" Y="143" T="117797716" />
  <Point X="103" Y="144" T="117797726" />
  <Point X="105" Y="143" T="117797727" />
  <Point X="108" Y="142" T="117797737" />
  <Point X="110" Y="142" T="117797747" />
  <Point X="115" Y="141" T="117797759" />
  <Point X="118" Y="141" T="117797770" />
  <Point X="120" Y="141" T="117797781" />
  <Point X="123" Y="142" T="117797782" />
  <Point X="125" Y="141" T="117797794" />
  <Point X="127" Y="142" T="117797805" />
  <Point X="130" Y="142" T="117797817" />
  <Point X="132" Y="143" T="117797818" />
  <Point X="134" Y="144" T="117797830" />
  <Point X="137" Y="146" T="117797843" />
  <Point X="139" Y="147" T="117797855" />
  <Point X="141" Y="150" T="117797868" />
  <Point X="142" Y="152" T="117797881" />
  <Point X="143" Y="155" T="117797894" />
  <Point X="144" Y="159" T="117797908" />
  <Point X="145" Y="162" T="117797923" />
  <Point X="145" Y="164" T="117797937" />
  <Point X="145" Y="169" T="117797951" />
  <Point X="144" Y="172" T="117797965" />
  <Point X="143" Y="176" T="117797980" />
  <Point X="141" Y="180" T="117797994" />
  <Point X="140" Y="182" T="117798009" />
  <Point X="137" Y="187" T="117798024" />
  <Point X="134" Y="189" T="117798039" />
  <Point X="132" Y="191" T="117798055" />
  <Point X="128" Y="194" T="117798071" />
  <Point X="125" Y="194" T="117798086" />
  <Point X="121" Y="196" T="117798102" />
  <Point X="119" Y="199" T="117798119" />
  <Point X="117" Y="200" T="117798137" />
  <Point X="114" Y="202" T="117798154" />
  <Point X="113" Y="205" T="117798171" />
  <Point X="112" Y="207" T="117798187" />
  <Point X="111" Y="212" T="117798205" />
  <Point X="110" Y="215" T="117798222" />
  <Point X="111" Y="220" T="117798240" />
  <Point X="112" Y="222" T="117798257" />
  <Point X="112" Y="224" T="117798259" />
  <Point X="113" Y="226" T="117798277" />
  <Point X="113" Y="229" T="117798278" />
  <Point X="114" Y="231" T="117798298" />
  <Point X="115" Y="233" T="117798317" />
</Gesture>