﻿<?xml version="1.0" encoding="utf-8" standalone="yes"?>
<Gesture Name="question_mark06" Subject="4" Speed="fast" Number="6" NumPts="69" Millseconds="863" AppName="Gestures" AppVer="3.7.0.0" Date="Friday, March 09, 2007" TimeOfDay="8:39:15 PM">
  <Point X="88" Y="192" T="117800215" />
  <Point X="86" Y="190" T="117800240" />
  <Point X="83" Y="189" T="117800259" />
  <Point X="82" Y="187" T="117800276" />
  <Point X="80" Y="185" T="117800292" />
  <Point X="80" Y="183" T="117800301" />
  <Point X="79" Y="181" T="117800313" />
  <Point X="78" Y="179" T="117800325" />
  <Point X="78" Y="177" T="117800333" />
  <Point X="78" Y="174" T="117800341" />
  <Point X="78" Y="172" T="117800353" />
  <Point X="78" Y="170" T="117800361" />
  <Point X="79" Y="168" T="117800373" />
  <Point X="80" Y="165" T="117800385" />
  <Point X="82" Y="163" T="117800397" />
  <Point X="83" Y="161" T="117800406" />
  <Point X="84" Y="158" T="117800414" />
  <Point X="87" Y="156" T="117800425" />
  <Point X="90" Y="153" T="117800437" />
  <Point X="92" Y="152" T="117800446" />
  <Point X="94" Y="151" T="117800454" />
  <Point X="96" Y="149" T="117800463" />
  <Point X="98" Y="148" T="117800473" />
  <Point X="101" Y="146" T="117800483" />
  <Point X="104" Y="147" T="117800492" />
  <Point X="106" Y="147" T="117800494" />
  <Point X="109" Y="146" T="117800504" />
  <Point X="111" Y="145" T="117800514" />
  <Point X="114" Y="146" T="117800525" />
  <Point X="116" Y="145" T="117800526" />
  <Point X="118" Y="145" T="117800537" />
  <Point X="121" Y="146" T="117800548" />
  <Point X="124" Y="146" T="117800559" />
  <Point X="126" Y="145" T="117800571" />
  <Point X="128" Y="147" T="117800582" />
  <Point X="130" Y="148" T="117800594" />
  <Point X="133" Y="148" T="117800607" />
  <Point X="135" Y="153" T="117800619" />
  <Point X="137" Y="155" T="117800633" />
  <Point X="138" Y="157" T="117800646" />
  <Point X="138" Y="159" T="117800659" />
  <Point X="139" Y="165" T="117800672" />
  <Point X="139" Y="167" T="117800686" />
  <Point X="140" Y="169" T="117800700" />
  <Point X="140" Y="175" T="117800714" />
  <Point X="140" Y="177" T="117800728" />
  <Point X="139" Y="179" T="117800744" />
  <Point X="139" Y="181" T="117800758" />
  <Point X="138" Y="183" T="117800773" />
  <Point X="136" Y="185" T="117800788" />
  <Point X="135" Y="188" T="117800802" />
  <Point X="131" Y="192" T="117800818" />
  <Point X="128" Y="193" T="117800833" />
  <Point X="127" Y="195" T="117800848" />
  <Point X="125" Y="196" T="117800849" />
  <Point X="123" Y="198" T="117800866" />
  <Point X="121" Y="201" T="117800882" />
  <Point X="120" Y="203" T="117800898" />
  <Point X="118" Y="205" T="117800917" />
  <Point X="117" Y="208" T="117800934" />
  <Point X="117" Y="211" T="117800951" />
  <Point X="117" Y="216" T="117800968" />
  <Point X="118" Y="219" T="117800985" />
  <Point X="118" Y="221" T="117800986" />
  <Point X="119" Y="225" T="117801004" />
  <Point X="120" Y="228" T="117801022" />
  <Point X="120" Y="230" T="117801039" />
  <Point X="120" Y="233" T="117801058" />
  <Point X="120" Y="235" T="117801078" />
</Gesture>