﻿<?xml version="1.0" encoding="utf-8" standalone="yes"?>
<Gesture Name="question_mark10" Subject="4" Speed="fast" Number="10" NumPts="33" Millseconds="774" AppName="Gestures" AppVer="3.7.0.0" Date="Friday, March 09, 2007" TimeOfDay="8:39:21 PM">
  <Point X="100" Y="183" T="117806050" />
  <Point X="98" Y="183" T="117806095" />
  <Point X="96" Y="184" T="117806132" />
  <Point X="94" Y="185" T="117806152" />
  <Point X="93" Y="183" T="117806280" />
  <Point X="93" Y="181" T="117806296" />
  <Point X="93" Y="183" T="117806313" />
  <Point X="93" Y="181" T="117806325" />
  <Point X="93" Y="179" T="117806365" />
  <Point X="93" Y="177" T="117806381" />
  <Point X="93" Y="175" T="117806401" />
  <Point X="93" Y="173" T="117806417" />
  <Point X="94" Y="170" T="117806437" />
  <Point X="96" Y="168" T="117806458" />
  <Point X="98" Y="166" T="117806470" />
  <Point X="99" Y="163" T="117806479" />
  <Point X="101" Y="161" T="117806487" />
  <Point X="103" Y="159" T="117806502" />
  <Point X="105" Y="157" T="117806514" />
  <Point X="108" Y="155" T="117806526" />
  <Point X="109" Y="153" T="117806535" />
  <Point X="112" Y="150" T="117806544" />
  <Point X="114" Y="150" T="117806553" />
  <Point X="116" Y="148" T="117806563" />
  <Point X="119" Y="146" T="117806574" />
  <Point X="121" Y="145" T="117806586" />
  <Point X="123" Y="144" T="117806598" />
  <Point X="125" Y="144" T="117806614" />
  <Point X="127" Y="143" T="117806634" />
  <Point X="129" Y="143" T="117806650" />
  <Point X="131" Y="143" T="117806666" />
  <Point X="133" Y="143" T="117806695" />
  <Point X="131" Y="144" T="117806824" />
</Gesture>