﻿<?xml version="1.0" encoding="utf-8" standalone="yes"?>
<Gesture Name="question_mark07" Subject="4" Speed="fast" Number="7" NumPts="73" Millseconds="927" AppName="Gestures" AppVer="3.7.0.0" Date="Friday, March 09, 2007" TimeOfDay="8:39:17 PM">
  <Point X="91" Y="194" T="117801476" />
  <Point X="89" Y="192" T="117801492" />
  <Point X="87" Y="189" T="117801512" />
  <Point X="86" Y="187" T="117801520" />
  <Point X="85" Y="184" T="117801537" />
  <Point X="84" Y="182" T="117801548" />
  <Point X="84" Y="180" T="117801561" />
  <Point X="83" Y="177" T="117801573" />
  <Point X="83" Y="175" T="117801581" />
  <Point X="84" Y="173" T="117801589" />
  <Point X="84" Y="170" T="117801597" />
  <Point X="84" Y="168" T="117801605" />
  <Point X="85" Y="166" T="117801618" />
  <Point X="86" Y="164" T="117801626" />
  <Point X="88" Y="161" T="117801639" />
  <Point X="90" Y="158" T="117801647" />
  <Point X="91" Y="156" T="117801656" />
  <Point X="93" Y="154" T="117801664" />
  <Point X="96" Y="152" T="117801675" />
  <Point X="98" Y="150" T="117801684" />
  <Point X="100" Y="149" T="117801692" />
  <Point X="102" Y="147" T="117801701" />
  <Point X="104" Y="147" T="117801711" />
  <Point X="107" Y="146" T="117801720" />
  <Point X="109" Y="145" T="117801730" />
  <Point X="114" Y="144" T="117801740" />
  <Point X="116" Y="144" T="117801750" />
  <Point X="118" Y="143" T="117801760" />
  <Point X="121" Y="143" T="117801770" />
  <Point X="123" Y="143" T="117801771" />
  <Point X="125" Y="144" T="117801783" />
  <Point X="127" Y="144" T="117801794" />
  <Point X="132" Y="144" T="117801805" />
  <Point X="134" Y="144" T="117801817" />
  <Point X="136" Y="146" T="117801829" />
  <Point X="138" Y="146" T="117801840" />
  <Point X="141" Y="146" T="117801852" />
  <Point X="143" Y="149" T="117801865" />
  <Point X="145" Y="150" T="117801878" />
  <Point X="147" Y="152" T="117801890" />
  <Point X="148" Y="154" T="117801903" />
  <Point X="150" Y="157" T="117801917" />
  <Point X="151" Y="159" T="117801930" />
  <Point X="151" Y="161" T="117801944" />
  <Point X="152" Y="166" T="117801958" />
  <Point X="153" Y="168" T="117801972" />
  <Point X="153" Y="171" T="117801989" />
  <Point X="153" Y="175" T="117802004" />
  <Point X="153" Y="177" T="117802018" />
  <Point X="153" Y="179" T="117802020" />
  <Point X="153" Y="181" T="117802034" />
  <Point X="153" Y="183" T="117802035" />
  <Point X="152" Y="186" T="117802052" />
  <Point X="152" Y="188" T="117802067" />
  <Point X="151" Y="191" T="117802082" />
  <Point X="150" Y="193" T="117802098" />
  <Point X="148" Y="195" T="117802114" />
  <Point X="144" Y="199" T="117802131" />
  <Point X="141" Y="201" T="117802148" />
  <Point X="139" Y="202" T="117802165" />
  <Point X="134" Y="204" T="117802182" />
  <Point X="131" Y="206" T="117802200" />
  <Point X="126" Y="208" T="117802217" />
  <Point X="123" Y="212" T="117802235" />
  <Point X="120" Y="214" T="117802254" />
  <Point X="118" Y="216" T="117802272" />
  <Point X="115" Y="221" T="117802290" />
  <Point X="114" Y="223" T="117802308" />
  <Point X="113" Y="228" T="117802327" />
  <Point X="113" Y="231" T="117802345" />
  <Point X="113" Y="236" T="117802364" />
  <Point X="114" Y="239" T="117802383" />
  <Point X="115" Y="244" T="117802403" />
</Gesture>