﻿<?xml version="1.0" encoding="utf-8" standalone="yes"?>
<Gesture Name="question_mark05" Subject="4" Speed="fast" Number="5" NumPts="70" Millseconds="880" AppName="Gestures" AppVer="3.7.0.0" Date="Friday, March 09, 2007" TimeOfDay="8:39:14 PM">
  <Point X="81" Y="188" T="117798813" />
  <Point X="79" Y="186" T="117798833" />
  <Point X="77" Y="184" T="117798853" />
  <Point X="75" Y="182" T="117798872" />
  <Point X="75" Y="179" T="117798884" />
  <Point X="75" Y="177" T="117798892" />
  <Point X="75" Y="175" T="117798901" />
  <Point X="75" Y="173" T="117798914" />
  <Point X="75" Y="171" T="117798922" />
  <Point X="75" Y="169" T="117798930" />
  <Point X="76" Y="166" T="117798938" />
  <Point X="77" Y="164" T="117798946" />
  <Point X="79" Y="161" T="117798959" />
  <Point X="81" Y="159" T="117798967" />
  <Point X="83" Y="156" T="117798976" />
  <Point X="85" Y="155" T="117798983" />
  <Point X="88" Y="153" T="117798991" />
  <Point X="90" Y="152" T="117799000" />
  <Point X="93" Y="150" T="117799008" />
  <Point X="96" Y="148" T="117799016" />
  <Point X="99" Y="146" T="117799025" />
  <Point X="102" Y="145" T="117799034" />
  <Point X="106" Y="143" T="117799044" />
  <Point X="109" Y="143" T="117799053" />
  <Point X="112" Y="141" T="117799062" />
  <Point X="116" Y="141" T="117799063" />
  <Point X="119" Y="141" T="117799074" />
  <Point X="122" Y="141" T="117799084" />
  <Point X="125" Y="141" T="117799094" />
  <Point X="130" Y="142" T="117799105" />
  <Point X="133" Y="143" T="117799116" />
  <Point X="135" Y="144" T="117799127" />
  <Point X="138" Y="146" T="117799138" />
  <Point X="140" Y="148" T="117799150" />
  <Point X="142" Y="149" T="117799163" />
  <Point X="143" Y="151" T="117799175" />
  <Point X="143" Y="154" T="117799187" />
  <Point X="144" Y="157" T="117799200" />
  <Point X="145" Y="162" T="117799212" />
  <Point X="145" Y="164" T="117799225" />
  <Point X="145" Y="166" T="117799238" />
  <Point X="146" Y="171" T="117799251" />
  <Point X="146" Y="174" T="117799265" />
  <Point X="145" Y="177" T="117799278" />
  <Point X="144" Y="181" T="117799292" />
  <Point X="143" Y="184" T="117799306" />
  <Point X="142" Y="186" T="117799321" />
  <Point X="138" Y="190" T="117799336" />
  <Point X="135" Y="193" T="117799350" />
  <Point X="133" Y="195" T="117799368" />
  <Point X="128" Y="198" T="117799383" />
  <Point X="126" Y="200" T="117799398" />
  <Point X="124" Y="202" T="117799400" />
  <Point X="121" Y="203" T="117799415" />
  <Point X="119" Y="205" T="117799431" />
  <Point X="116" Y="207" T="117799447" />
  <Point X="114" Y="209" T="117799448" />
  <Point X="112" Y="211" T="117799464" />
  <Point X="109" Y="215" T="117799481" />
  <Point X="108" Y="217" T="117799498" />
  <Point X="108" Y="219" T="117799515" />
  <Point X="108" Y="221" T="117799532" />
  <Point X="108" Y="225" T="117799549" />
  <Point X="109" Y="228" T="117799567" />
  <Point X="109" Y="231" T="117799584" />
  <Point X="112" Y="236" T="117799602" />
  <Point X="112" Y="239" T="117799620" />
  <Point X="114" Y="241" T="117799649" />
  <Point X="114" Y="239" T="117799673" />
  <Point X="115" Y="236" T="117799693" />
</Gesture>