﻿<?xml version="1.0" encoding="utf-8" standalone="yes"?>
<Gesture Name="rectangle09" Subject="4" Speed="fast" Number="9" NumPts="85" Millseconds="1311" AppName="Gestures" AppVer="3.7.0.0" Date="Friday, March 09, 2007" TimeOfDay="8:31:51 PM">
  <Point X="62" Y="155" T="117354132" />
  <Point X="63" Y="153" T="117354152" />
  <Point X="65" Y="154" T="117354192" />
  <Point X="66" Y="157" T="117354209" />
  <Point X="66" Y="159" T="117354220" />
  <Point X="66" Y="161" T="117354228" />
  <Point X="65" Y="163" T="117354234" />
  <Point X="65" Y="167" T="117354241" />
  <Point X="65" Y="169" T="117354247" />
  <Point X="65" Y="171" T="117354248" />
  <Point X="64" Y="173" T="117354255" />
  <Point X="64" Y="177" T="117354262" />
  <Point X="64" Y="183" T="117354270" />
  <Point X="63" Y="187" T="117354277" />
  <Point X="63" Y="193" T="117354285" />
  <Point X="64" Y="199" T="117354293" />
  <Point X="64" Y="205" T="117354301" />
  <Point X="65" Y="210" T="117354310" />
  <Point X="65" Y="216" T="117354319" />
  <Point X="65" Y="222" T="117354327" />
  <Point X="65" Y="224" T="117354328" />
  <Point X="65" Y="230" T="117354338" />
  <Point X="65" Y="232" T="117354347" />
  <Point X="66" Y="236" T="117354348" />
  <Point X="66" Y="240" T="117354358" />
  <Point X="67" Y="243" T="117354368" />
  <Point X="67" Y="247" T="117354378" />
  <Point X="69" Y="252" T="117354389" />
  <Point X="71" Y="253" T="117354429" />
  <Point X="73" Y="252" T="117354461" />
  <Point X="75" Y="251" T="117354480" />
  <Point X="77" Y="249" T="117354492" />
  <Point X="79" Y="249" T="117354504" />
  <Point X="82" Y="248" T="117354515" />
  <Point X="85" Y="247" T="117354517" />
  <Point X="89" Y="248" T="117354529" />
  <Point X="98" Y="246" T="117354541" />
  <Point X="105" Y="247" T="117354554" />
  <Point X="113" Y="245" T="117354567" />
  <Point X="116" Y="244" T="117354568" />
  <Point X="124" Y="244" T="117354582" />
  <Point X="133" Y="243" T="117354596" />
  <Point X="136" Y="243" T="117354597" />
  <Point X="145" Y="243" T="117354611" />
  <Point X="155" Y="244" T="117354626" />
  <Point X="164" Y="243" T="117354640" />
  <Point X="168" Y="242" T="117354655" />
  <Point X="174" Y="243" T="117354670" />
  <Point X="179" Y="245" T="117354685" />
  <Point X="183" Y="245" T="117354702" />
  <Point X="186" Y="246" T="117354718" />
  <Point X="191" Y="248" T="117354733" />
  <Point X="194" Y="248" T="117354749" />
  <Point X="196" Y="249" T="117354765" />
  <Point X="198" Y="249" T="117354781" />
  <Point X="200" Y="247" T="117354853" />
  <Point X="199" Y="244" T="117354869" />
  <Point X="196" Y="235" T="117354886" />
  <Point X="193" Y="225" T="117354904" />
  <Point X="190" Y="211" T="117354922" />
  <Point X="189" Y="197" T="117354940" />
  <Point X="189" Y="182" T="117354958" />
  <Point X="190" Y="168" T="117354977" />
  <Point X="192" Y="162" T="117354996" />
  <Point X="193" Y="157" T="117355014" />
  <Point X="193" Y="155" T="117355032" />
  <Point X="194" Y="153" T="117355050" />
  <Point X="191" Y="154" T="117355094" />
  <Point X="187" Y="156" T="117355113" />
  <Point X="177" Y="158" T="117355133" />
  <Point X="162" Y="160" T="117355153" />
  <Point X="145" Y="160" T="117355173" />
  <Point X="129" Y="162" T="117355193" />
  <Point X="116" Y="163" T="117355213" />
  <Point X="113" Y="162" T="117355214" />
  <Point X="107" Y="161" T="117355235" />
  <Point X="99" Y="159" T="117355255" />
  <Point X="93" Y="159" T="117355276" />
  <Point X="84" Y="157" T="117355297" />
  <Point X="79" Y="156" T="117355318" />
  <Point X="76" Y="156" T="117355339" />
  <Point X="74" Y="156" T="117355360" />
  <Point X="76" Y="156" T="117355399" />
  <Point X="79" Y="155" T="117355421" />
  <Point X="81" Y="156" T="117355443" />
</Gesture>