﻿<?xml version="1.0" encoding="utf-8" standalone="yes"?>
<Gesture Name="rectangle03" Subject="4" Speed="fast" Number="3" NumPts="91" Millseconds="1362" AppName="Gestures" AppVer="3.7.0.0" Date="Friday, March 09, 2007" TimeOfDay="8:31:41 PM">
  <Point X="47" Y="152" T="117344395" />
  <Point X="48" Y="154" T="117344465" />
  <Point X="48" Y="157" T="117344478" />
  <Point X="48" Y="159" T="117344486" />
  <Point X="48" Y="161" T="117344492" />
  <Point X="48" Y="164" T="117344498" />
  <Point X="48" Y="168" T="117344506" />
  <Point X="48" Y="170" T="117344512" />
  <Point X="49" Y="175" T="117344519" />
  <Point X="49" Y="178" T="117344525" />
  <Point X="49" Y="181" T="117344527" />
  <Point X="49" Y="184" T="117344533" />
  <Point X="49" Y="186" T="117344535" />
  <Point X="50" Y="192" T="117344542" />
  <Point X="50" Y="194" T="117344550" />
  <Point X="50" Y="197" T="117344551" />
  <Point X="51" Y="201" T="117344559" />
  <Point X="51" Y="206" T="117344567" />
  <Point X="52" Y="211" T="117344576" />
  <Point X="52" Y="214" T="117344585" />
  <Point X="53" Y="218" T="117344594" />
  <Point X="54" Y="222" T="117344603" />
  <Point X="54" Y="225" T="117344612" />
  <Point X="55" Y="227" T="117344622" />
  <Point X="55" Y="230" T="117344623" />
  <Point X="56" Y="233" T="117344633" />
  <Point X="56" Y="236" T="117344643" />
  <Point X="57" Y="238" T="117344653" />
  <Point X="57" Y="241" T="117344663" />
  <Point X="57" Y="243" T="117344679" />
  <Point X="58" Y="245" T="117344695" />
  <Point X="59" Y="247" T="117344715" />
  <Point X="61" Y="248" T="117344744" />
  <Point X="63" Y="249" T="117344761" />
  <Point X="66" Y="248" T="117344773" />
  <Point X="68" Y="248" T="117344785" />
  <Point X="74" Y="246" T="117344798" />
  <Point X="80" Y="245" T="117344810" />
  <Point X="87" Y="243" T="117344824" />
  <Point X="96" Y="242" T="117344837" />
  <Point X="98" Y="242" T="117344838" />
  <Point X="107" Y="241" T="117344851" />
  <Point X="118" Y="241" T="117344866" />
  <Point X="127" Y="242" T="117344880" />
  <Point X="139" Y="242" T="117344894" />
  <Point X="150" Y="243" T="117344909" />
  <Point X="158" Y="243" T="117344924" />
  <Point X="160" Y="243" T="117344925" />
  <Point X="165" Y="243" T="117344940" />
  <Point X="168" Y="243" T="117344941" />
  <Point X="172" Y="242" T="117344956" />
  <Point X="175" Y="242" T="117344957" />
  <Point X="180" Y="242" T="117344976" />
  <Point X="182" Y="241" T="117344991" />
  <Point X="184" Y="242" T="117345007" />
  <Point X="186" Y="242" T="117345023" />
  <Point X="188" Y="240" T="117345084" />
  <Point X="189" Y="237" T="117345104" />
  <Point X="190" Y="235" T="117345121" />
  <Point X="190" Y="230" T="117345138" />
  <Point X="190" Y="223" T="117345155" />
  <Point X="190" Y="221" T="117345156" />
  <Point X="190" Y="210" T="117345175" />
  <Point X="189" Y="196" T="117345193" />
  <Point X="187" Y="180" T="117345213" />
  <Point X="185" Y="170" T="117345232" />
  <Point X="185" Y="167" T="117345233" />
  <Point X="183" Y="157" T="117345252" />
  <Point X="182" Y="150" T="117345271" />
  <Point X="181" Y="142" T="117345290" />
  <Point X="180" Y="140" T="117345310" />
  <Point X="180" Y="138" T="117345329" />
  <Point X="178" Y="138" T="117345368" />
  <Point X="175" Y="140" T="117345388" />
  <Point X="168" Y="143" T="117345409" />
  <Point X="159" Y="144" T="117345429" />
  <Point X="147" Y="146" T="117345451" />
  <Point X="132" Y="147" T="117345475" />
  <Point X="121" Y="149" T="117345497" />
  <Point X="116" Y="147" T="117345518" />
  <Point X="105" Y="148" T="117345539" />
  <Point X="93" Y="147" T="117345562" />
  <Point X="82" Y="149" T="117345585" />
  <Point X="76" Y="149" T="117345607" />
  <Point X="74" Y="149" T="117345608" />
  <Point X="71" Y="149" T="117345631" />
  <Point X="69" Y="151" T="117345661" />
  <Point X="67" Y="151" T="117345689" />
  <Point X="65" Y="150" T="117345712" />
  <Point X="63" Y="149" T="117345734" />
  <Point X="61" Y="150" T="117345757" />
</Gesture>