﻿<?xml version="1.0" encoding="utf-8" standalone="yes"?>
<Gesture Name="rectangle06" Subject="4" Speed="fast" Number="6" NumPts="84" Millseconds="1304" AppName="Gestures" AppVer="3.7.0.0" Date="Friday, March 09, 2007" TimeOfDay="8:31:46 PM">
  <Point X="57" Y="150" T="117349140" />
  <Point X="59" Y="150" T="117349189" />
  <Point X="60" Y="153" T="117349218" />
  <Point X="60" Y="155" T="117349225" />
  <Point X="60" Y="158" T="117349234" />
  <Point X="60" Y="160" T="117349240" />
  <Point X="60" Y="163" T="117349247" />
  <Point X="59" Y="165" T="117349253" />
  <Point X="59" Y="168" T="117349254" />
  <Point X="59" Y="170" T="117349261" />
  <Point X="58" Y="175" T="117349268" />
  <Point X="58" Y="181" T="117349275" />
  <Point X="57" Y="187" T="117349283" />
  <Point X="57" Y="194" T="117349290" />
  <Point X="57" Y="199" T="117349299" />
  <Point X="57" Y="206" T="117349307" />
  <Point X="57" Y="212" T="117349315" />
  <Point X="57" Y="217" T="117349323" />
  <Point X="57" Y="222" T="117349332" />
  <Point X="58" Y="227" T="117349340" />
  <Point X="58" Y="232" T="117349349" />
  <Point X="59" Y="235" T="117349350" />
  <Point X="59" Y="239" T="117349360" />
  <Point X="60" Y="242" T="117349369" />
  <Point X="61" Y="245" T="117349379" />
  <Point X="61" Y="248" T="117349389" />
  <Point X="63" Y="250" T="117349400" />
  <Point X="64" Y="252" T="117349410" />
  <Point X="64" Y="254" T="117349420" />
  <Point X="66" Y="256" T="117349433" />
  <Point X="68" Y="255" T="117349453" />
  <Point X="70" Y="255" T="117349465" />
  <Point X="72" Y="255" T="117349477" />
  <Point X="77" Y="255" T="117349490" />
  <Point X="83" Y="255" T="117349504" />
  <Point X="90" Y="254" T="117349517" />
  <Point X="92" Y="255" T="117349518" />
  <Point X="100" Y="254" T="117349531" />
  <Point X="108" Y="256" T="117349544" />
  <Point X="118" Y="256" T="117349558" />
  <Point X="126" Y="257" T="117349572" />
  <Point X="136" Y="259" T="117349586" />
  <Point X="144" Y="259" T="117349599" />
  <Point X="154" Y="262" T="117349614" />
  <Point X="161" Y="261" T="117349628" />
  <Point X="163" Y="261" T="117349629" />
  <Point X="169" Y="260" T="117349644" />
  <Point X="176" Y="259" T="117349659" />
  <Point X="181" Y="259" T="117349674" />
  <Point X="183" Y="258" T="117349689" />
  <Point X="185" Y="257" T="117349705" />
  <Point X="187" Y="255" T="117349791" />
  <Point X="189" Y="253" T="117349812" />
  <Point X="191" Y="251" T="117349830" />
  <Point X="193" Y="248" T="117349846" />
  <Point X="195" Y="241" T="117349862" />
  <Point X="196" Y="232" T="117349879" />
  <Point X="195" Y="220" T="117349896" />
  <Point X="194" Y="217" T="117349897" />
  <Point X="193" Y="203" T="117349917" />
  <Point X="190" Y="185" T="117349935" />
  <Point X="189" Y="174" T="117349953" />
  <Point X="187" Y="165" T="117349971" />
  <Point X="186" Y="159" T="117349989" />
  <Point X="185" Y="154" T="117350007" />
  <Point X="185" Y="152" T="117350027" />
  <Point X="184" Y="150" T="117350058" />
  <Point X="182" Y="149" T="117350094" />
  <Point X="180" Y="148" T="117350113" />
  <Point X="174" Y="148" T="117350133" />
  <Point X="163" Y="149" T="117350152" />
  <Point X="150" Y="149" T="117350173" />
  <Point X="135" Y="150" T="117350193" />
  <Point X="132" Y="150" T="117350197" />
  <Point X="114" Y="151" T="117350218" />
  <Point X="101" Y="152" T="117350239" />
  <Point X="90" Y="151" T="117350261" />
  <Point X="84" Y="151" T="117350282" />
  <Point X="80" Y="149" T="117350304" />
  <Point X="75" Y="148" T="117350325" />
  <Point X="70" Y="147" T="117350347" />
  <Point X="68" Y="148" T="117350368" />
  <Point X="70" Y="150" T="117350423" />
  <Point X="73" Y="151" T="117350444" />
</Gesture>