﻿<?xml version="1.0" encoding="utf-8" standalone="yes"?>
<Gesture Name="rectangle01" Subject="4" Speed="fast" Number="1" NumPts="84" Millseconds="1191" AppName="Gestures" AppVer="3.7.0.0" Date="Friday, March 09, 2007" TimeOfDay="8:31:38 PM">
  <Point X="51" Y="153" T="117341241" />
  <Point X="51" Y="156" T="117341281" />
  <Point X="51" Y="158" T="117341293" />
  <Point X="51" Y="161" T="117341310" />
  <Point X="51" Y="165" T="117341317" />
  <Point X="51" Y="167" T="117341323" />
  <Point X="51" Y="170" T="117341330" />
  <Point X="51" Y="172" T="117341336" />
  <Point X="51" Y="174" T="117341342" />
  <Point X="51" Y="181" T="117341349" />
  <Point X="51" Y="184" T="117341356" />
  <Point X="51" Y="189" T="117341363" />
  <Point X="52" Y="194" T="117341370" />
  <Point X="52" Y="196" T="117341378" />
  <Point X="52" Y="202" T="117341386" />
  <Point X="52" Y="204" T="117341394" />
  <Point X="53" Y="207" T="117341402" />
  <Point X="53" Y="211" T="117341410" />
  <Point X="53" Y="215" T="117341418" />
  <Point X="54" Y="220" T="117341428" />
  <Point X="54" Y="223" T="117341436" />
  <Point X="54" Y="226" T="117341446" />
  <Point X="54" Y="230" T="117341456" />
  <Point X="55" Y="233" T="117341467" />
  <Point X="56" Y="238" T="117341477" />
  <Point X="57" Y="240" T="117341488" />
  <Point X="57" Y="243" T="117341498" />
  <Point X="58" Y="245" T="117341509" />
  <Point X="58" Y="247" T="117341520" />
  <Point X="60" Y="249" T="117341581" />
  <Point X="62" Y="249" T="117341593" />
  <Point X="64" Y="249" T="117341605" />
  <Point X="67" Y="249" T="117341616" />
  <Point X="70" Y="248" T="117341628" />
  <Point X="77" Y="248" T="117341640" />
  <Point X="79" Y="249" T="117341641" />
  <Point X="85" Y="247" T="117341654" />
  <Point X="92" Y="246" T="117341667" />
  <Point X="99" Y="245" T="117341680" />
  <Point X="109" Y="245" T="117341693" />
  <Point X="116" Y="245" T="117341707" />
  <Point X="123" Y="245" T="117341721" />
  <Point X="126" Y="245" T="117341722" />
  <Point X="133" Y="245" T="117341736" />
  <Point X="142" Y="246" T="117341750" />
  <Point X="146" Y="246" T="117341765" />
  <Point X="149" Y="246" T="117341766" />
  <Point X="152" Y="246" T="117341780" />
  <Point X="158" Y="246" T="117341795" />
  <Point X="163" Y="246" T="117341812" />
  <Point X="165" Y="246" T="117341813" />
  <Point X="167" Y="244" T="117341829" />
  <Point X="170" Y="244" T="117341844" />
  <Point X="172" Y="244" T="117341865" />
  <Point X="172" Y="241" T="117341898" />
  <Point X="172" Y="239" T="117341926" />
  <Point X="171" Y="234" T="117341943" />
  <Point X="171" Y="228" T="117341960" />
  <Point X="169" Y="218" T="117341977" />
  <Point X="167" Y="204" T="117341995" />
  <Point X="166" Y="191" T="117342013" />
  <Point X="165" Y="176" T="117342031" />
  <Point X="165" Y="168" T="117342049" />
  <Point X="164" Y="164" T="117342050" />
  <Point X="164" Y="158" T="117342069" />
  <Point X="163" Y="148" T="117342088" />
  <Point X="162" Y="143" T="117342106" />
  <Point X="161" Y="141" T="117342125" />
  <Point X="159" Y="140" T="117342144" />
  <Point X="156" Y="140" T="117342163" />
  <Point X="151" Y="141" T="117342182" />
  <Point X="147" Y="142" T="117342202" />
  <Point X="136" Y="145" T="117342223" />
  <Point X="125" Y="146" T="117342244" />
  <Point X="112" Y="147" T="117342265" />
  <Point X="99" Y="148" T="117342286" />
  <Point X="96" Y="148" T="117342287" />
  <Point X="86" Y="148" T="117342308" />
  <Point X="80" Y="149" T="117342329" />
  <Point X="78" Y="148" T="117342330" />
  <Point X="73" Y="148" T="117342352" />
  <Point X="71" Y="148" T="117342374" />
  <Point X="71" Y="146" T="117342410" />
  <Point X="73" Y="146" T="117342432" />
</Gesture>