﻿<?xml version="1.0" encoding="utf-8" standalone="yes"?>
<Gesture Name="rectangle04" Subject="4" Speed="fast" Number="4" NumPts="87" Millseconds="1288" AppName="Gestures" AppVer="3.7.0.0" Date="Friday, March 09, 2007" TimeOfDay="8:31:43 PM">
  <Point X="52" Y="151" T="117346053" />
  <Point X="53" Y="154" T="117346122" />
  <Point X="52" Y="157" T="117346134" />
  <Point X="52" Y="160" T="117346142" />
  <Point X="52" Y="163" T="117346150" />
  <Point X="52" Y="167" T="117346159" />
  <Point X="52" Y="169" T="117346165" />
  <Point X="51" Y="174" T="117346171" />
  <Point X="51" Y="176" T="117346178" />
  <Point X="51" Y="181" T="117346184" />
  <Point X="51" Y="186" T="117346192" />
  <Point X="52" Y="188" T="117346198" />
  <Point X="52" Y="192" T="117346200" />
  <Point X="52" Y="197" T="117346207" />
  <Point X="52" Y="199" T="117346215" />
  <Point X="53" Y="203" T="117346216" />
  <Point X="54" Y="207" T="117346224" />
  <Point X="55" Y="212" T="117346232" />
  <Point X="56" Y="217" T="117346241" />
  <Point X="56" Y="221" T="117346250" />
  <Point X="58" Y="226" T="117346259" />
  <Point X="59" Y="231" T="117346268" />
  <Point X="59" Y="234" T="117346277" />
  <Point X="60" Y="236" T="117346287" />
  <Point X="60" Y="238" T="117346297" />
  <Point X="61" Y="240" T="117346307" />
  <Point X="61" Y="243" T="117346317" />
  <Point X="61" Y="245" T="117346327" />
  <Point X="62" Y="247" T="117346346" />
  <Point X="62" Y="249" T="117346357" />
  <Point X="63" Y="251" T="117346400" />
  <Point X="65" Y="252" T="117346429" />
  <Point X="68" Y="252" T="117346441" />
  <Point X="71" Y="252" T="117346453" />
  <Point X="74" Y="250" T="117346465" />
  <Point X="77" Y="249" T="117346466" />
  <Point X="84" Y="249" T="117346479" />
  <Point X="92" Y="248" T="117346492" />
  <Point X="103" Y="247" T="117346505" />
  <Point X="113" Y="247" T="117346518" />
  <Point X="122" Y="247" T="117346532" />
  <Point X="136" Y="246" T="117346549" />
  <Point X="139" Y="245" T="117346550" />
  <Point X="147" Y="246" T="117346564" />
  <Point X="157" Y="246" T="117346578" />
  <Point X="166" Y="246" T="117346593" />
  <Point X="172" Y="247" T="117346608" />
  <Point X="179" Y="247" T="117346623" />
  <Point X="185" Y="249" T="117346638" />
  <Point X="191" Y="249" T="117346653" />
  <Point X="193" Y="249" T="117346668" />
  <Point X="195" Y="248" T="117346669" />
  <Point X="197" Y="248" T="117346685" />
  <Point X="199" Y="248" T="117346700" />
  <Point X="198" Y="246" T="117346757" />
  <Point X="197" Y="243" T="117346773" />
  <Point X="195" Y="238" T="117346790" />
  <Point X="192" Y="231" T="117346806" />
  <Point X="190" Y="222" T="117346824" />
  <Point X="188" Y="209" T="117346842" />
  <Point X="187" Y="197" T="117346860" />
  <Point X="187" Y="183" T="117346878" />
  <Point X="187" Y="172" T="117346896" />
  <Point X="187" Y="170" T="117346897" />
  <Point X="187" Y="162" T="117346916" />
  <Point X="187" Y="153" T="117346934" />
  <Point X="186" Y="149" T="117346953" />
  <Point X="185" Y="147" T="117346972" />
  <Point X="183" Y="145" T="117346991" />
  <Point X="181" Y="144" T="117347010" />
  <Point X="179" Y="144" T="117347030" />
  <Point X="171" Y="146" T="117347049" />
  <Point X="162" Y="148" T="117347070" />
  <Point X="149" Y="150" T="117347090" />
  <Point X="136" Y="150" T="117347111" />
  <Point X="122" Y="150" T="117347133" />
  <Point X="120" Y="151" T="117347134" />
  <Point X="105" Y="151" T="117347156" />
  <Point X="90" Y="153" T="117347180" />
  <Point X="88" Y="152" T="117347181" />
  <Point X="81" Y="152" T="117347203" />
  <Point X="77" Y="152" T="117347224" />
  <Point X="74" Y="151" T="117347225" />
  <Point X="72" Y="150" T="117347247" />
  <Point X="67" Y="149" T="117347270" />
  <Point X="65" Y="149" T="117347292" />
  <Point X="67" Y="150" T="117347341" />
</Gesture>