﻿<?xml version="1.0" encoding="utf-8" standalone="yes"?>
<Gesture Name="rectangle05" Subject="4" Speed="fast" Number="5" NumPts="82" Millseconds="1181" AppName="Gestures" AppVer="3.7.0.0" Date="Friday, March 09, 2007" TimeOfDay="8:31:44 PM">
  <Point X="52" Y="151" T="117347631" />
  <Point X="52" Y="154" T="117347709" />
  <Point X="53" Y="156" T="117347717" />
  <Point X="53" Y="159" T="117347726" />
  <Point X="53" Y="161" T="117347733" />
  <Point X="53" Y="164" T="117347741" />
  <Point X="54" Y="167" T="117347747" />
  <Point X="54" Y="170" T="117347753" />
  <Point X="53" Y="174" T="117347760" />
  <Point X="53" Y="179" T="117347766" />
  <Point X="54" Y="183" T="117347773" />
  <Point X="54" Y="187" T="117347780" />
  <Point X="54" Y="190" T="117347781" />
  <Point X="55" Y="195" T="117347789" />
  <Point X="55" Y="198" T="117347797" />
  <Point X="56" Y="201" T="117347798" />
  <Point X="57" Y="206" T="117347806" />
  <Point X="58" Y="211" T="117347814" />
  <Point X="59" Y="216" T="117347823" />
  <Point X="59" Y="221" T="117347832" />
  <Point X="61" Y="229" T="117347841" />
  <Point X="61" Y="233" T="117347851" />
  <Point X="62" Y="238" T="117347860" />
  <Point X="63" Y="241" T="117347870" />
  <Point X="64" Y="245" T="117347880" />
  <Point X="65" Y="251" T="117347890" />
  <Point X="65" Y="254" T="117347901" />
  <Point X="65" Y="257" T="117347913" />
  <Point X="66" Y="259" T="117347925" />
  <Point X="66" Y="261" T="117347945" />
  <Point X="66" Y="263" T="117347961" />
  <Point X="68" Y="264" T="117348010" />
  <Point X="71" Y="263" T="117348022" />
  <Point X="73" Y="262" T="117348034" />
  <Point X="77" Y="261" T="117348045" />
  <Point X="80" Y="260" T="117348047" />
  <Point X="87" Y="258" T="117348060" />
  <Point X="94" Y="256" T="117348073" />
  <Point X="105" Y="252" T="117348087" />
  <Point X="114" Y="252" T="117348100" />
  <Point X="128" Y="251" T="117348114" />
  <Point X="141" Y="251" T="117348131" />
  <Point X="150" Y="251" T="117348145" />
  <Point X="161" Y="250" T="117348159" />
  <Point X="168" Y="249" T="117348174" />
  <Point X="171" Y="250" T="117348175" />
  <Point X="177" Y="250" T="117348190" />
  <Point X="179" Y="250" T="117348191" />
  <Point X="185" Y="250" T="117348206" />
  <Point X="187" Y="250" T="117348207" />
  <Point X="193" Y="250" T="117348222" />
  <Point X="200" Y="250" T="117348238" />
  <Point X="204" Y="249" T="117348254" />
  <Point X="206" Y="246" T="117348320" />
  <Point X="206" Y="244" T="117348341" />
  <Point X="205" Y="238" T="117348358" />
  <Point X="202" Y="231" T="117348374" />
  <Point X="199" Y="220" T="117348391" />
  <Point X="196" Y="208" T="117348409" />
  <Point X="195" Y="205" T="117348410" />
  <Point X="192" Y="192" T="117348428" />
  <Point X="189" Y="176" T="117348446" />
  <Point X="187" Y="167" T="117348465" />
  <Point X="186" Y="164" T="117348466" />
  <Point X="185" Y="158" T="117348484" />
  <Point X="184" Y="152" T="117348503" />
  <Point X="182" Y="148" T="117348522" />
  <Point X="180" Y="144" T="117348540" />
  <Point X="177" Y="142" T="117348560" />
  <Point X="174" Y="141" T="117348579" />
  <Point X="169" Y="141" T="117348598" />
  <Point X="158" Y="144" T="117348618" />
  <Point X="145" Y="146" T="117348639" />
  <Point X="128" Y="148" T="117348663" />
  <Point X="115" Y="149" T="117348684" />
  <Point X="104" Y="151" T="117348705" />
  <Point X="102" Y="151" T="117348706" />
  <Point X="92" Y="150" T="117348727" />
  <Point X="83" Y="151" T="117348748" />
  <Point X="74" Y="151" T="117348770" />
  <Point X="72" Y="151" T="117348791" />
  <Point X="70" Y="151" T="117348812" />
</Gesture>