﻿<?xml version="1.0" encoding="utf-8" standalone="yes"?>
<Gesture Name="rectangle02" Subject="4" Speed="fast" Number="2" NumPts="82" Millseconds="1207" AppName="Gestures" AppVer="3.7.0.0" Date="Friday, March 09, 2007" TimeOfDay="8:31:39 PM">
  <Point X="48" Y="150" T="117342844" />
  <Point X="48" Y="148" T="117342876" />
  <Point X="48" Y="150" T="117342897" />
  <Point X="49" Y="152" T="117342914" />
  <Point X="49" Y="155" T="117342921" />
  <Point X="49" Y="158" T="117342934" />
  <Point X="49" Y="160" T="117342942" />
  <Point X="49" Y="163" T="117342948" />
  <Point X="49" Y="168" T="117342955" />
  <Point X="49" Y="170" T="117342961" />
  <Point X="49" Y="173" T="117342968" />
  <Point X="49" Y="177" T="117342975" />
  <Point X="49" Y="182" T="117342983" />
  <Point X="49" Y="188" T="117342990" />
  <Point X="49" Y="191" T="117342998" />
  <Point X="49" Y="193" T="117342999" />
  <Point X="50" Y="199" T="117343007" />
  <Point X="50" Y="204" T="117343015" />
  <Point X="51" Y="208" T="117343024" />
  <Point X="52" Y="214" T="117343033" />
  <Point X="52" Y="220" T="117343042" />
  <Point X="53" Y="223" T="117343051" />
  <Point X="54" Y="226" T="117343060" />
  <Point X="54" Y="229" T="117343070" />
  <Point X="54" Y="231" T="117343080" />
  <Point X="54" Y="234" T="117343089" />
  <Point X="55" Y="236" T="117343099" />
  <Point X="55" Y="238" T="117343110" />
  <Point X="55" Y="241" T="117343120" />
  <Point X="56" Y="243" T="117343134" />
  <Point X="56" Y="245" T="117343166" />
  <Point X="57" Y="247" T="117343190" />
  <Point X="59" Y="249" T="117343218" />
  <Point X="61" Y="248" T="117343231" />
  <Point X="64" Y="248" T="117343242" />
  <Point X="66" Y="248" T="117343254" />
  <Point X="72" Y="247" T="117343267" />
  <Point X="81" Y="246" T="117343279" />
  <Point X="88" Y="245" T="117343293" />
  <Point X="97" Y="245" T="117343306" />
  <Point X="100" Y="245" T="117343307" />
  <Point X="109" Y="243" T="117343321" />
  <Point X="121" Y="244" T="117343335" />
  <Point X="130" Y="244" T="117343349" />
  <Point X="140" Y="244" T="117343363" />
  <Point X="148" Y="245" T="117343378" />
  <Point X="154" Y="245" T="117343393" />
  <Point X="161" Y="245" T="117343408" />
  <Point X="166" Y="244" T="117343423" />
  <Point X="171" Y="244" T="117343441" />
  <Point X="173" Y="243" T="117343456" />
  <Point X="175" Y="243" T="117343471" />
  <Point X="177" Y="243" T="117343487" />
  <Point X="179" Y="241" T="117343551" />
  <Point X="180" Y="239" T="117343583" />
  <Point X="180" Y="235" T="117343599" />
  <Point X="180" Y="230" T="117343616" />
  <Point X="179" Y="218" T="117343633" />
  <Point X="178" Y="208" T="117343651" />
  <Point X="178" Y="204" T="117343652" />
  <Point X="177" Y="192" T="117343670" />
  <Point X="176" Y="174" T="117343688" />
  <Point X="175" Y="163" T="117343707" />
  <Point X="174" Y="161" T="117343708" />
  <Point X="173" Y="155" T="117343726" />
  <Point X="173" Y="150" T="117343744" />
  <Point X="172" Y="148" T="117343763" />
  <Point X="172" Y="146" T="117343764" />
  <Point X="171" Y="144" T="117343795" />
  <Point X="168" Y="144" T="117343815" />
  <Point X="164" Y="145" T="117343835" />
  <Point X="155" Y="145" T="117343854" />
  <Point X="153" Y="145" T="117343856" />
  <Point X="140" Y="148" T="117343876" />
  <Point X="124" Y="149" T="117343897" />
  <Point X="106" Y="152" T="117343921" />
  <Point X="97" Y="151" T="117343942" />
  <Point X="87" Y="152" T="117343963" />
  <Point X="83" Y="151" T="117343984" />
  <Point X="78" Y="148" T="117344006" />
  <Point X="74" Y="147" T="117344030" />
  <Point X="72" Y="147" T="117344051" />
</Gesture>