﻿<?xml version="1.0" encoding="utf-8" standalone="yes"?>
<Gesture Name="rectangle10" Subject="4" Speed="fast" Number="10" NumPts="81" Millseconds="1193" AppName="Gestures" AppVer="3.7.0.0" Date="Friday, March 09, 2007" TimeOfDay="8:31:52 PM">
  <Point X="64" Y="152" T="117355730" />
  <Point X="64" Y="154" T="117355795" />
  <Point X="64" Y="157" T="117355804" />
  <Point X="64" Y="159" T="117355811" />
  <Point X="63" Y="161" T="117355824" />
  <Point X="63" Y="165" T="117355832" />
  <Point X="63" Y="167" T="117355838" />
  <Point X="63" Y="171" T="117355844" />
  <Point X="63" Y="173" T="117355851" />
  <Point X="63" Y="179" T="117355857" />
  <Point X="64" Y="184" T="117355864" />
  <Point X="64" Y="187" T="117355871" />
  <Point X="64" Y="190" T="117355872" />
  <Point X="64" Y="192" T="117355880" />
  <Point X="64" Y="194" T="117355881" />
  <Point X="65" Y="199" T="117355888" />
  <Point X="66" Y="205" T="117355897" />
  <Point X="66" Y="210" T="117355905" />
  <Point X="67" Y="217" T="117355913" />
  <Point X="68" Y="222" T="117355922" />
  <Point X="69" Y="226" T="117355931" />
  <Point X="69" Y="229" T="117355932" />
  <Point X="70" Y="234" T="117355942" />
  <Point X="71" Y="238" T="117355952" />
  <Point X="71" Y="240" T="117355953" />
  <Point X="72" Y="243" T="117355962" />
  <Point X="72" Y="246" T="117355973" />
  <Point X="73" Y="248" T="117355983" />
  <Point X="73" Y="250" T="117355993" />
  <Point X="76" Y="248" T="117356060" />
  <Point X="78" Y="247" T="117356072" />
  <Point X="80" Y="246" T="117356083" />
  <Point X="83" Y="245" T="117356095" />
  <Point X="90" Y="243" T="117356107" />
  <Point X="97" Y="241" T="117356119" />
  <Point X="100" Y="240" T="117356120" />
  <Point X="108" Y="241" T="117356133" />
  <Point X="117" Y="239" T="117356146" />
  <Point X="127" Y="240" T="117356159" />
  <Point X="131" Y="240" T="117356160" />
  <Point X="143" Y="238" T="117356174" />
  <Point X="158" Y="237" T="117356188" />
  <Point X="167" Y="237" T="117356202" />
  <Point X="177" Y="237" T="117356217" />
  <Point X="181" Y="238" T="117356231" />
  <Point X="186" Y="238" T="117356245" />
  <Point X="189" Y="237" T="117356260" />
  <Point X="191" Y="238" T="117356261" />
  <Point X="193" Y="238" T="117356278" />
  <Point X="196" Y="238" T="117356293" />
  <Point X="198" Y="239" T="117356308" />
  <Point X="200" Y="240" T="117356323" />
  <Point X="202" Y="240" T="117356339" />
  <Point X="203" Y="238" T="117356393" />
  <Point X="202" Y="235" T="117356409" />
  <Point X="198" Y="227" T="117356425" />
  <Point X="195" Y="219" T="117356442" />
  <Point X="192" Y="208" T="117356460" />
  <Point X="191" Y="192" T="117356477" />
  <Point X="191" Y="180" T="117356496" />
  <Point X="192" Y="165" T="117356514" />
  <Point X="193" Y="155" T="117356532" />
  <Point X="194" Y="148" T="117356550" />
  <Point X="194" Y="146" T="117356568" />
  <Point X="194" Y="143" T="117356586" />
  <Point X="194" Y="141" T="117356604" />
  <Point X="192" Y="142" T="117356633" />
  <Point X="189" Y="142" T="117356651" />
  <Point X="181" Y="144" T="117356670" />
  <Point X="171" Y="145" T="117356690" />
  <Point X="156" Y="146" T="117356711" />
  <Point X="141" Y="147" T="117356731" />
  <Point X="125" Y="149" T="117356755" />
  <Point X="111" Y="151" T="117356775" />
  <Point X="98" Y="153" T="117356796" />
  <Point X="95" Y="152" T="117356797" />
  <Point X="88" Y="152" T="117356818" />
  <Point X="84" Y="152" T="117356840" />
  <Point X="82" Y="152" T="117356861" />
  <Point X="79" Y="150" T="117356901" />
  <Point X="77" Y="149" T="117356923" />
</Gesture>