﻿<?xml version="1.0" encoding="utf-8" standalone="yes"?>
<Gesture Name="rectangle08" Subject="4" Speed="fast" Number="8" NumPts="83" Millseconds="1266" AppName="Gestures" AppVer="3.7.0.0" Date="Friday, March 09, 2007" TimeOfDay="8:31:49 PM">
  <Point X="61" Y="158" T="117352500" />
  <Point X="61" Y="156" T="117352512" />
  <Point X="61" Y="154" T="117352524" />
  <Point X="61" Y="156" T="117352576" />
  <Point X="61" Y="159" T="117352588" />
  <Point X="62" Y="161" T="117352601" />
  <Point X="62" Y="164" T="117352609" />
  <Point X="62" Y="167" T="117352615" />
  <Point X="63" Y="169" T="117352622" />
  <Point X="63" Y="173" T="117352629" />
  <Point X="63" Y="175" T="117352636" />
  <Point X="64" Y="180" T="117352643" />
  <Point X="64" Y="184" T="117352650" />
  <Point X="65" Y="189" T="117352658" />
  <Point X="65" Y="195" T="117352666" />
  <Point X="66" Y="200" T="117352674" />
  <Point X="66" Y="204" T="117352682" />
  <Point X="67" Y="209" T="117352690" />
  <Point X="68" Y="214" T="117352699" />
  <Point X="69" Y="218" T="117352708" />
  <Point X="69" Y="223" T="117352717" />
  <Point X="70" Y="228" T="117352726" />
  <Point X="71" Y="232" T="117352736" />
  <Point X="71" Y="235" T="117352745" />
  <Point X="71" Y="238" T="117352755" />
  <Point X="73" Y="241" T="117352765" />
  <Point X="73" Y="243" T="117352777" />
  <Point X="73" Y="245" T="117352793" />
  <Point X="75" Y="246" T="117352854" />
  <Point X="78" Y="246" T="117352866" />
  <Point X="81" Y="245" T="117352877" />
  <Point X="86" Y="244" T="117352888" />
  <Point X="92" Y="243" T="117352900" />
  <Point X="100" Y="242" T="117352912" />
  <Point X="108" Y="240" T="117352924" />
  <Point X="117" Y="240" T="117352937" />
  <Point X="126" Y="239" T="117352949" />
  <Point X="129" Y="239" T="117352950" />
  <Point X="139" Y="239" T="117352963" />
  <Point X="148" Y="239" T="117352977" />
  <Point X="159" Y="239" T="117352991" />
  <Point X="166" Y="240" T="117353005" />
  <Point X="172" Y="240" T="117353019" />
  <Point X="178" Y="240" T="117353033" />
  <Point X="184" Y="240" T="117353047" />
  <Point X="186" Y="240" T="117353061" />
  <Point X="190" Y="239" T="117353078" />
  <Point X="193" Y="239" T="117353092" />
  <Point X="195" Y="239" T="117353107" />
  <Point X="197" Y="237" T="117353177" />
  <Point X="197" Y="234" T="117353193" />
  <Point X="198" Y="231" T="117353213" />
  <Point X="197" Y="228" T="117353229" />
  <Point X="197" Y="226" T="117353230" />
  <Point X="195" Y="219" T="117353246" />
  <Point X="194" Y="209" T="117353262" />
  <Point X="193" Y="199" T="117353279" />
  <Point X="192" Y="187" T="117353296" />
  <Point X="192" Y="184" T="117353297" />
  <Point X="192" Y="173" T="117353315" />
  <Point X="191" Y="165" T="117353332" />
  <Point X="191" Y="163" T="117353334" />
  <Point X="192" Y="155" T="117353352" />
  <Point X="192" Y="148" T="117353369" />
  <Point X="193" Y="145" T="117353387" />
  <Point X="193" Y="143" T="117353406" />
  <Point X="192" Y="141" T="117353424" />
  <Point X="189" Y="142" T="117353449" />
  <Point X="187" Y="143" T="117353468" />
  <Point X="184" Y="144" T="117353470" />
  <Point X="178" Y="145" T="117353490" />
  <Point X="165" Y="146" T="117353510" />
  <Point X="150" Y="149" T="117353531" />
  <Point X="129" Y="151" T="117353555" />
  <Point X="113" Y="153" T="117353576" />
  <Point X="100" Y="154" T="117353597" />
  <Point X="94" Y="154" T="117353618" />
  <Point X="86" Y="154" T="117353639" />
  <Point X="78" Y="152" T="117353661" />
  <Point X="71" Y="153" T="117353682" />
  <Point X="67" Y="152" T="117353704" />
  <Point X="70" Y="153" T="117353745" />
  <Point X="73" Y="153" T="117353766" />
</Gesture>