﻿<?xml version="1.0" encoding="utf-8" standalone="yes"?>
<Gesture Name="rectangle07" Subject="4" Speed="fast" Number="7" NumPts="79" Millseconds="1259" AppName="Gestures" AppVer="3.7.0.0" Date="Friday, March 09, 2007" TimeOfDay="8:31:47 PM">
  <Point X="59" Y="155" T="117350827" />
  <Point X="58" Y="153" T="117350839" />
  <Point X="58" Y="151" T="117350851" />
  <Point X="58" Y="154" T="117350909" />
  <Point X="58" Y="156" T="117350916" />
  <Point X="58" Y="160" T="117350925" />
  <Point X="58" Y="162" T="117350933" />
  <Point X="57" Y="165" T="117350939" />
  <Point X="57" Y="169" T="117350946" />
  <Point X="58" Y="172" T="117350952" />
  <Point X="58" Y="174" T="117350953" />
  <Point X="58" Y="177" T="117350961" />
  <Point X="58" Y="180" T="117350962" />
  <Point X="59" Y="186" T="117350969" />
  <Point X="59" Y="190" T="117350977" />
  <Point X="60" Y="193" T="117350978" />
  <Point X="60" Y="199" T="117350986" />
  <Point X="61" Y="206" T="117350994" />
  <Point X="61" Y="211" T="117351003" />
  <Point X="62" Y="216" T="117351012" />
  <Point X="62" Y="223" T="117351021" />
  <Point X="62" Y="228" T="117351031" />
  <Point X="62" Y="230" T="117351040" />
  <Point X="62" Y="236" T="117351050" />
  <Point X="62" Y="239" T="117351060" />
  <Point X="62" Y="242" T="117351070" />
  <Point X="61" Y="245" T="117351080" />
  <Point X="62" Y="247" T="117351117" />
  <Point X="64" Y="247" T="117351157" />
  <Point X="66" Y="246" T="117351173" />
  <Point X="69" Y="246" T="117351184" />
  <Point X="71" Y="244" T="117351195" />
  <Point X="77" Y="242" T="117351207" />
  <Point X="82" Y="242" T="117351218" />
  <Point X="90" Y="239" T="117351231" />
  <Point X="97" Y="240" T="117351243" />
  <Point X="105" Y="240" T="117351256" />
  <Point X="118" Y="240" T="117351269" />
  <Point X="127" Y="239" T="117351282" />
  <Point X="136" Y="240" T="117351296" />
  <Point X="148" Y="239" T="117351309" />
  <Point X="156" Y="241" T="117351323" />
  <Point X="162" Y="241" T="117351337" />
  <Point X="164" Y="242" T="117351338" />
  <Point X="168" Y="243" T="117351352" />
  <Point X="174" Y="245" T="117351366" />
  <Point X="179" Y="243" T="117351383" />
  <Point X="184" Y="242" T="117351398" />
  <Point X="186" Y="242" T="117351413" />
  <Point X="188" Y="242" T="117351428" />
  <Point X="189" Y="240" T="117351543" />
  <Point X="187" Y="237" T="117351558" />
  <Point X="184" Y="232" T="117351574" />
  <Point X="182" Y="225" T="117351590" />
  <Point X="181" Y="222" T="117351591" />
  <Point X="179" Y="213" T="117351608" />
  <Point X="178" Y="200" T="117351625" />
  <Point X="177" Y="189" T="117351642" />
  <Point X="177" Y="177" T="117351660" />
  <Point X="177" Y="172" T="117351676" />
  <Point X="177" Y="168" T="117351694" />
  <Point X="177" Y="166" T="117351712" />
  <Point X="177" Y="159" T="117351730" />
  <Point X="177" Y="156" T="117351748" />
  <Point X="177" Y="154" T="117351766" />
  <Point X="175" Y="153" T="117351790" />
  <Point X="173" Y="152" T="117351808" />
  <Point X="168" Y="153" T="117351827" />
  <Point X="160" Y="154" T="117351847" />
  <Point X="148" Y="154" T="117351867" />
  <Point X="132" Y="157" T="117351887" />
  <Point X="112" Y="159" T="117351910" />
  <Point X="104" Y="158" T="117351931" />
  <Point X="97" Y="156" T="117351951" />
  <Point X="93" Y="155" T="117351971" />
  <Point X="89" Y="154" T="117351992" />
  <Point X="84" Y="152" T="117352013" />
  <Point X="82" Y="151" T="117352033" />
  <Point X="80" Y="151" T="117352086" />
</Gesture>