﻿<?xml version="1.0" encoding="utf-8" standalone="yes"?>
<Gesture Name="right_curly_brace03" Subject="4" Speed="fast" Number="3" NumPts="62" Millseconds="1181" AppName="Gestures" AppVer="3.7.0.0" Date="Friday, March 09, 2007" TimeOfDay="8:25:00 PM">
  <Point X="79" Y="143" T="116942760" />
  <Point X="79" Y="141" T="116942766" />
  <Point X="81" Y="141" T="116942795" />
  <Point X="83" Y="140" T="116942815" />
  <Point X="86" Y="139" T="116942839" />
  <Point X="88" Y="141" T="116942867" />
  <Point X="89" Y="144" T="116942899" />
  <Point X="90" Y="146" T="116942916" />
  <Point X="90" Y="148" T="116942936" />
  <Point X="90" Y="150" T="116942956" />
  <Point X="90" Y="153" T="116942969" />
  <Point X="90" Y="155" T="116942981" />
  <Point X="90" Y="158" T="116942997" />
  <Point X="90" Y="160" T="116943013" />
  <Point X="90" Y="163" T="116943026" />
  <Point X="90" Y="165" T="116943042" />
  <Point X="90" Y="167" T="116943055" />
  <Point X="90" Y="169" T="116943068" />
  <Point X="90" Y="172" T="116943083" />
  <Point X="91" Y="174" T="116943095" />
  <Point X="91" Y="177" T="116943107" />
  <Point X="92" Y="179" T="116943119" />
  <Point X="93" Y="181" T="116943135" />
  <Point X="94" Y="184" T="116943144" />
  <Point X="96" Y="185" T="116943162" />
  <Point X="97" Y="187" T="116943175" />
  <Point X="99" Y="189" T="116943196" />
  <Point X="101" Y="190" T="116943212" />
  <Point X="104" Y="192" T="116943232" />
  <Point X="106" Y="193" T="116943260" />
  <Point X="104" Y="194" T="116943404" />
  <Point X="102" Y="196" T="116943449" />
  <Point X="101" Y="198" T="116943473" />
  <Point X="100" Y="200" T="116943506" />
  <Point X="99" Y="202" T="116943523" />
  <Point X="98" Y="205" T="116943540" />
  <Point X="98" Y="207" T="116943560" />
  <Point X="97" Y="210" T="116943572" />
  <Point X="96" Y="213" T="116943585" />
  <Point X="96" Y="215" T="116943598" />
  <Point X="96" Y="217" T="116943612" />
  <Point X="96" Y="219" T="116943625" />
  <Point X="96" Y="221" T="116943639" />
  <Point X="96" Y="223" T="116943652" />
  <Point X="96" Y="228" T="116943666" />
  <Point X="97" Y="232" T="116943681" />
  <Point X="97" Y="234" T="116943695" />
  <Point X="97" Y="239" T="116943709" />
  <Point X="97" Y="241" T="116943725" />
  <Point X="97" Y="244" T="116943740" />
  <Point X="96" Y="247" T="116943755" />
  <Point X="93" Y="251" T="116943771" />
  <Point X="91" Y="254" T="116943787" />
  <Point X="86" Y="256" T="116943803" />
  <Point X="79" Y="257" T="116943822" />
  <Point X="75" Y="257" T="116943838" />
  <Point X="72" Y="257" T="116943855" />
  <Point X="71" Y="254" T="116943871" />
  <Point X="69" Y="248" T="116943888" />
  <Point X="69" Y="245" T="116943905" />
  <Point X="69" Y="241" T="116943923" />
  <Point X="69" Y="239" T="116943941" />
</Gesture>