﻿<?xml version="1.0" encoding="utf-8" standalone="yes"?>
<Gesture Name="right_curly_brace04" Subject="4" Speed="fast" Number="4" NumPts="65" Millseconds="1473" AppName="Gestures" AppVer="3.7.0.0" Date="Friday, March 09, 2007" TimeOfDay="8:25:08 PM">
  <Point X="68" Y="139" T="116949984" />
  <Point X="70" Y="138" T="116950011" />
  <Point X="71" Y="136" T="116950023" />
  <Point X="73" Y="136" T="116950040" />
  <Point X="75" Y="135" T="116950060" />
  <Point X="77" Y="135" T="116950085" />
  <Point X="79" Y="134" T="116950113" />
  <Point X="81" Y="135" T="116950145" />
  <Point X="82" Y="137" T="116950165" />
  <Point X="84" Y="139" T="116950208" />
  <Point X="85" Y="141" T="116950261" />
  <Point X="86" Y="143" T="116950281" />
  <Point X="87" Y="145" T="116950314" />
  <Point X="87" Y="147" T="116950343" />
  <Point X="87" Y="150" T="116950363" />
  <Point X="87" Y="152" T="116950383" />
  <Point X="86" Y="154" T="116950408" />
  <Point X="86" Y="157" T="116950432" />
  <Point X="86" Y="159" T="116950456" />
  <Point X="86" Y="161" T="116950476" />
  <Point X="86" Y="164" T="116950496" />
  <Point X="86" Y="166" T="116950515" />
  <Point X="86" Y="168" T="116950531" />
  <Point X="86" Y="171" T="116950548" />
  <Point X="86" Y="173" T="116950563" />
  <Point X="87" Y="177" T="116950586" />
  <Point X="87" Y="179" T="116950614" />
  <Point X="88" Y="181" T="116950630" />
  <Point X="89" Y="183" T="116950650" />
  <Point X="89" Y="185" T="116950662" />
  <Point X="91" Y="187" T="116950682" />
  <Point X="92" Y="190" T="116950702" />
  <Point X="94" Y="191" T="116950727" />
  <Point X="96" Y="193" T="116950755" />
  <Point X="98" Y="193" T="116950784" />
  <Point X="96" Y="195" T="116950898" />
  <Point X="94" Y="195" T="116950926" />
  <Point X="93" Y="197" T="116950959" />
  <Point X="92" Y="199" T="116950975" />
  <Point X="91" Y="201" T="116951003" />
  <Point X="91" Y="203" T="116951016" />
  <Point X="90" Y="205" T="116951043" />
  <Point X="89" Y="207" T="116951066" />
  <Point X="89" Y="209" T="116951079" />
  <Point X="89" Y="211" T="116951098" />
  <Point X="89" Y="214" T="116951118" />
  <Point X="89" Y="216" T="116951135" />
  <Point X="89" Y="218" T="116951149" />
  <Point X="90" Y="220" T="116951164" />
  <Point X="90" Y="222" T="116951179" />
  <Point X="90" Y="225" T="116951194" />
  <Point X="90" Y="229" T="116951210" />
  <Point X="89" Y="236" T="116951246" />
  <Point X="89" Y="238" T="116951262" />
  <Point X="86" Y="243" T="116951278" />
  <Point X="84" Y="246" T="116951294" />
  <Point X="82" Y="247" T="116951311" />
  <Point X="79" Y="250" T="116951330" />
  <Point X="74" Y="252" T="116951350" />
  <Point X="70" Y="252" T="116951367" />
  <Point X="65" Y="250" T="116951385" />
  <Point X="63" Y="249" T="116951402" />
  <Point X="59" Y="245" T="116951420" />
  <Point X="57" Y="243" T="116951439" />
  <Point X="56" Y="240" T="116951457" />
</Gesture>