﻿<?xml version="1.0" encoding="utf-8" standalone="yes"?>
<Gesture Name="right_curly_brace09" Subject="4" Speed="fast" Number="9" NumPts="67" Millseconds="1433" AppName="Gestures" AppVer="3.7.0.0" Date="Friday, March 09, 2007" TimeOfDay="8:25:20 PM">
  <Point X="77" Y="152" T="116962033" />
  <Point X="79" Y="150" T="116962089" />
  <Point X="82" Y="149" T="116962109" />
  <Point X="84" Y="148" T="116962126" />
  <Point X="86" Y="148" T="116962146" />
  <Point X="88" Y="149" T="116962170" />
  <Point X="90" Y="150" T="116962198" />
  <Point X="92" Y="152" T="116962226" />
  <Point X="92" Y="155" T="116962242" />
  <Point X="92" Y="157" T="116962258" />
  <Point X="92" Y="159" T="116962286" />
  <Point X="92" Y="161" T="116962302" />
  <Point X="91" Y="164" T="116962314" />
  <Point X="91" Y="166" T="116962322" />
  <Point X="91" Y="168" T="116962347" />
  <Point X="91" Y="170" T="116962368" />
  <Point X="91" Y="172" T="116962389" />
  <Point X="91" Y="174" T="116962408" />
  <Point X="91" Y="177" T="116962424" />
  <Point X="91" Y="179" T="116962444" />
  <Point X="91" Y="181" T="116962453" />
  <Point X="92" Y="183" T="116962480" />
  <Point X="92" Y="185" T="116962497" />
  <Point X="93" Y="187" T="116962509" />
  <Point X="93" Y="189" T="116962525" />
  <Point X="94" Y="192" T="116962546" />
  <Point X="95" Y="194" T="116962562" />
  <Point X="96" Y="196" T="116962582" />
  <Point X="97" Y="198" T="116962594" />
  <Point X="98" Y="200" T="116962614" />
  <Point X="100" Y="202" T="116962642" />
  <Point X="102" Y="203" T="116962662" />
  <Point X="104" Y="204" T="116962687" />
  <Point X="106" Y="204" T="116962724" />
  <Point X="106" Y="206" T="116962832" />
  <Point X="104" Y="208" T="116962875" />
  <Point X="102" Y="209" T="116962908" />
  <Point X="100" Y="211" T="116962940" />
  <Point X="99" Y="213" T="116962969" />
  <Point X="97" Y="215" T="116962989" />
  <Point X="95" Y="217" T="116963013" />
  <Point X="95" Y="219" T="116963029" />
  <Point X="94" Y="221" T="116963049" />
  <Point X="93" Y="224" T="116963073" />
  <Point X="93" Y="226" T="116963093" />
  <Point X="92" Y="228" T="116963117" />
  <Point X="93" Y="230" T="116963133" />
  <Point X="93" Y="233" T="116963147" />
  <Point X="93" Y="235" T="116963164" />
  <Point X="93" Y="237" T="116963179" />
  <Point X="93" Y="239" T="116963194" />
  <Point X="91" Y="244" T="116963209" />
  <Point X="91" Y="246" T="116963225" />
  <Point X="88" Y="251" T="116963241" />
  <Point X="86" Y="252" T="116963257" />
  <Point X="84" Y="254" T="116963273" />
  <Point X="81" Y="254" T="116963289" />
  <Point X="76" Y="255" T="116963306" />
  <Point X="72" Y="256" T="116963323" />
  <Point X="68" Y="255" T="116963340" />
  <Point X="64" Y="253" T="116963357" />
  <Point X="62" Y="251" T="116963375" />
  <Point X="60" Y="247" T="116963393" />
  <Point X="59" Y="244" T="116963411" />
  <Point X="60" Y="240" T="116963429" />
  <Point X="61" Y="237" T="116963447" />
  <Point X="63" Y="234" T="116963466" />
</Gesture>