﻿<?xml version="1.0" encoding="utf-8" standalone="yes"?>
<Gesture Name="right_curly_brace01" Subject="4" Speed="fast" Number="1" NumPts="60" Millseconds="1158" AppName="Gestures" AppVer="3.7.0.0" Date="Friday, March 09, 2007" TimeOfDay="8:24:55 PM">
  <Point X="89" Y="145" T="116937588" />
  <Point X="91" Y="143" T="116937613" />
  <Point X="93" Y="144" T="116937641" />
  <Point X="95" Y="142" T="116937662" />
  <Point X="97" Y="142" T="116937682" />
  <Point X="99" Y="144" T="116937707" />
  <Point X="100" Y="146" T="116937739" />
  <Point X="100" Y="148" T="116937751" />
  <Point X="100" Y="150" T="116937763" />
  <Point X="100" Y="153" T="116937791" />
  <Point X="99" Y="155" T="116937811" />
  <Point X="99" Y="158" T="116937823" />
  <Point X="98" Y="161" T="116937841" />
  <Point X="98" Y="163" T="116937859" />
  <Point X="98" Y="165" T="116937873" />
  <Point X="98" Y="167" T="116937892" />
  <Point X="98" Y="169" T="116937905" />
  <Point X="98" Y="171" T="116937918" />
  <Point X="99" Y="174" T="116937936" />
  <Point X="99" Y="176" T="116937945" />
  <Point X="100" Y="178" T="116937964" />
  <Point X="101" Y="180" T="116937981" />
  <Point X="103" Y="182" T="116937996" />
  <Point X="105" Y="184" T="116938017" />
  <Point X="107" Y="185" T="116938033" />
  <Point X="109" Y="186" T="116938049" />
  <Point X="111" Y="188" T="116938065" />
  <Point X="113" Y="187" T="116938089" />
  <Point X="112" Y="190" T="116938223" />
  <Point X="110" Y="190" T="116938248" />
  <Point X="108" Y="192" T="116938272" />
  <Point X="106" Y="195" T="116938301" />
  <Point X="106" Y="197" T="116938313" />
  <Point X="105" Y="199" T="116938333" />
  <Point X="103" Y="201" T="116938357" />
  <Point X="103" Y="203" T="116938378" />
  <Point X="102" Y="205" T="116938395" />
  <Point X="102" Y="207" T="116938411" />
  <Point X="102" Y="210" T="116938440" />
  <Point X="102" Y="213" T="116938456" />
  <Point X="101" Y="215" T="116938472" />
  <Point X="101" Y="217" T="116938485" />
  <Point X="101" Y="219" T="116938499" />
  <Point X="101" Y="224" T="116938513" />
  <Point X="101" Y="226" T="116938526" />
  <Point X="101" Y="230" T="116938540" />
  <Point X="99" Y="234" T="116938554" />
  <Point X="97" Y="238" T="116938569" />
  <Point X="95" Y="241" T="116938584" />
  <Point X="93" Y="242" T="116938599" />
  <Point X="87" Y="244" T="116938614" />
  <Point X="82" Y="244" T="116938630" />
  <Point X="77" Y="243" T="116938646" />
  <Point X="73" Y="240" T="116938662" />
  <Point X="70" Y="239" T="116938678" />
  <Point X="68" Y="234" T="116938695" />
  <Point X="67" Y="232" T="116938711" />
  <Point X="68" Y="230" T="116938712" />
  <Point X="69" Y="227" T="116938729" />
  <Point X="70" Y="225" T="116938746" />
</Gesture>