﻿<?xml version="1.0" encoding="utf-8" standalone="yes"?>
<Gesture Name="right_sq_bracket01" Subject="4" Speed="fast" Number="1" NumPts="57" Millseconds="760" AppName="Gestures" AppVer="3.7.0.0" Date="Friday, March 09, 2007" TimeOfDay="8:18:41 PM">
  <Point X="106" Y="139" T="116563292" />
  <Point X="108" Y="139" T="116563312" />
  <Point X="111" Y="138" T="116563324" />
  <Point X="113" Y="139" T="116563333" />
  <Point X="116" Y="139" T="116563340" />
  <Point X="118" Y="139" T="116563348" />
  <Point X="120" Y="139" T="116563356" />
  <Point X="123" Y="139" T="116563364" />
  <Point X="126" Y="140" T="116563372" />
  <Point X="129" Y="140" T="116563380" />
  <Point X="132" Y="140" T="116563388" />
  <Point X="135" Y="140" T="116563396" />
  <Point X="139" Y="140" T="116563405" />
  <Point X="142" Y="140" T="116563412" />
  <Point X="145" Y="140" T="116563420" />
  <Point X="148" Y="140" T="116563429" />
  <Point X="150" Y="140" T="116563438" />
  <Point X="153" Y="140" T="116563446" />
  <Point X="155" Y="140" T="116563458" />
  <Point X="157" Y="139" T="116563475" />
  <Point X="156" Y="141" T="116563539" />
  <Point X="154" Y="143" T="116563559" />
  <Point X="153" Y="146" T="116563570" />
  <Point X="152" Y="148" T="116563580" />
  <Point X="151" Y="150" T="116563589" />
  <Point X="150" Y="153" T="116563599" />
  <Point X="149" Y="155" T="116563609" />
  <Point X="148" Y="160" T="116563620" />
  <Point X="147" Y="163" T="116563630" />
  <Point X="146" Y="168" T="116563641" />
  <Point X="146" Y="171" T="116563652" />
  <Point X="145" Y="177" T="116563664" />
  <Point X="145" Y="184" T="116563676" />
  <Point X="144" Y="187" T="116563688" />
  <Point X="144" Y="193" T="116563700" />
  <Point X="144" Y="196" T="116563712" />
  <Point X="144" Y="202" T="116563724" />
  <Point X="144" Y="205" T="116563736" />
  <Point X="144" Y="208" T="116563749" />
  <Point X="145" Y="212" T="116563762" />
  <Point X="145" Y="215" T="116563775" />
  <Point X="147" Y="220" T="116563788" />
  <Point X="147" Y="222" T="116563802" />
  <Point X="147" Y="224" T="116563815" />
  <Point X="147" Y="226" T="116563829" />
  <Point X="145" Y="226" T="116563895" />
  <Point X="142" Y="226" T="116563909" />
  <Point X="136" Y="226" T="116563924" />
  <Point X="129" Y="225" T="116563939" />
  <Point X="123" Y="225" T="116563955" />
  <Point X="115" Y="226" T="116563970" />
  <Point X="113" Y="226" T="116563971" />
  <Point X="105" Y="227" T="116563988" />
  <Point X="98" Y="231" T="116564004" />
  <Point X="92" Y="234" T="116564020" />
  <Point X="90" Y="234" T="116564036" />
  <Point X="88" Y="235" T="116564052" />
</Gesture>