﻿<?xml version="1.0" encoding="utf-8" standalone="yes"?>
<Gesture Name="right_curly_brace06" Subject="4" Speed="fast" Number="6" NumPts="67" Millseconds="1279" AppName="Gestures" AppVer="3.7.0.0" Date="Friday, March 09, 2007" TimeOfDay="8:25:12 PM">
  <Point X="85" Y="143" T="116954777" />
  <Point X="87" Y="142" T="116954801" />
  <Point X="89" Y="140" T="116954818" />
  <Point X="91" Y="138" T="116954838" />
  <Point X="93" Y="138" T="116954863" />
  <Point X="95" Y="140" T="116954903" />
  <Point X="96" Y="142" T="116954927" />
  <Point X="96" Y="144" T="116954952" />
  <Point X="96" Y="146" T="116954964" />
  <Point X="96" Y="149" T="116954976" />
  <Point X="96" Y="151" T="116954996" />
  <Point X="95" Y="154" T="116955008" />
  <Point X="95" Y="156" T="116955031" />
  <Point X="95" Y="158" T="116955047" />
  <Point X="95" Y="160" T="116955063" />
  <Point X="95" Y="162" T="116955080" />
  <Point X="95" Y="164" T="116955092" />
  <Point X="95" Y="167" T="116955113" />
  <Point X="95" Y="169" T="116955121" />
  <Point X="95" Y="172" T="116955133" />
  <Point X="95" Y="174" T="116955149" />
  <Point X="95" Y="176" T="116955161" />
  <Point X="96" Y="179" T="116955182" />
  <Point X="96" Y="182" T="116955191" />
  <Point X="96" Y="184" T="116955206" />
  <Point X="98" Y="186" T="116955222" />
  <Point X="99" Y="188" T="116955234" />
  <Point X="99" Y="190" T="116955246" />
  <Point X="101" Y="192" T="116955266" />
  <Point X="103" Y="194" T="116955286" />
  <Point X="105" Y="195" T="116955306" />
  <Point X="107" Y="196" T="116955343" />
  <Point X="109" Y="195" T="116955383" />
  <Point X="108" Y="197" T="116955490" />
  <Point X="107" Y="199" T="116955510" />
  <Point X="105" Y="202" T="116955547" />
  <Point X="103" Y="204" T="116955575" />
  <Point X="102" Y="206" T="116955599" />
  <Point X="101" Y="208" T="116955611" />
  <Point X="100" Y="210" T="116955635" />
  <Point X="99" Y="212" T="116955648" />
  <Point X="99" Y="214" T="116955663" />
  <Point X="99" Y="216" T="116955683" />
  <Point X="99" Y="219" T="116955699" />
  <Point X="99" Y="222" T="116955715" />
  <Point X="99" Y="224" T="116955731" />
  <Point X="99" Y="226" T="116955747" />
  <Point X="99" Y="229" T="116955762" />
  <Point X="99" Y="231" T="116955776" />
  <Point X="98" Y="234" T="116955792" />
  <Point X="98" Y="238" T="116955809" />
  <Point X="96" Y="240" T="116955826" />
  <Point X="95" Y="242" T="116955827" />
  <Point X="94" Y="245" T="116955844" />
  <Point X="91" Y="247" T="116955863" />
  <Point X="89" Y="249" T="116955879" />
  <Point X="86" Y="250" T="116955880" />
  <Point X="84" Y="251" T="116955896" />
  <Point X="81" Y="251" T="116955913" />
  <Point X="76" Y="250" T="116955930" />
  <Point X="73" Y="249" T="116955947" />
  <Point X="69" Y="248" T="116955965" />
  <Point X="68" Y="246" T="116955982" />
  <Point X="67" Y="243" T="116956000" />
  <Point X="67" Y="239" T="116956019" />
  <Point X="68" Y="236" T="116956037" />
  <Point X="69" Y="233" T="116956056" />
</Gesture>