﻿<?xml version="1.0" encoding="utf-8" standalone="yes"?>
<Gesture Name="right_sq_bracket06" Subject="4" Speed="fast" Number="6" NumPts="60" Millseconds="834" AppName="Gestures" AppVer="3.7.0.0" Date="Friday, March 09, 2007" TimeOfDay="8:18:49 PM">
  <Point X="97" Y="149" T="116570825" />
  <Point X="97" Y="151" T="116570858" />
  <Point X="99" Y="151" T="116570882" />
  <Point X="101" Y="152" T="116570898" />
  <Point X="104" Y="152" T="116570914" />
  <Point X="106" Y="152" T="116570922" />
  <Point X="109" Y="150" T="116570934" />
  <Point X="111" Y="151" T="116570942" />
  <Point X="113" Y="151" T="116570950" />
  <Point X="116" Y="150" T="116570958" />
  <Point X="119" Y="150" T="116570966" />
  <Point X="121" Y="150" T="116570974" />
  <Point X="124" Y="149" T="116570982" />
  <Point X="127" Y="149" T="116570991" />
  <Point X="129" Y="150" T="116570998" />
  <Point X="132" Y="149" T="116571006" />
  <Point X="135" Y="149" T="116571014" />
  <Point X="137" Y="149" T="116571023" />
  <Point X="140" Y="149" T="116571031" />
  <Point X="143" Y="149" T="116571040" />
  <Point X="146" Y="150" T="116571049" />
  <Point X="149" Y="149" T="116571059" />
  <Point X="151" Y="148" T="116571068" />
  <Point X="153" Y="149" T="116571078" />
  <Point X="156" Y="150" T="116571079" />
  <Point X="158" Y="150" T="116571090" />
  <Point X="161" Y="151" T="116571102" />
  <Point X="163" Y="151" T="116571118" />
  <Point X="161" Y="153" T="116571195" />
  <Point X="159" Y="154" T="116571207" />
  <Point X="156" Y="157" T="116571219" />
  <Point X="155" Y="159" T="116571230" />
  <Point X="153" Y="162" T="116571242" />
  <Point X="151" Y="164" T="116571243" />
  <Point X="148" Y="169" T="116571255" />
  <Point X="146" Y="172" T="116571267" />
  <Point X="144" Y="178" T="116571280" />
  <Point X="140" Y="186" T="116571292" />
  <Point X="138" Y="193" T="116571305" />
  <Point X="137" Y="197" T="116571318" />
  <Point X="135" Y="201" T="116571322" />
  <Point X="132" Y="211" T="116571336" />
  <Point X="131" Y="215" T="116571349" />
  <Point X="130" Y="223" T="116571363" />
  <Point X="130" Y="226" T="116571377" />
  <Point X="131" Y="231" T="116571391" />
  <Point X="131" Y="233" T="116571406" />
  <Point X="132" Y="235" T="116571420" />
  <Point X="132" Y="237" T="116571435" />
  <Point X="130" Y="235" T="116571511" />
  <Point X="127" Y="233" T="116571526" />
  <Point X="122" Y="231" T="116571542" />
  <Point X="116" Y="229" T="116571558" />
  <Point X="111" Y="227" T="116571574" />
  <Point X="104" Y="226" T="116571590" />
  <Point X="98" Y="226" T="116571606" />
  <Point X="94" Y="226" T="116571607" />
  <Point X="88" Y="229" T="116571625" />
  <Point X="83" Y="231" T="116571642" />
  <Point X="81" Y="232" T="116571659" />
</Gesture>