﻿<?xml version="1.0" encoding="utf-8" standalone="yes"?>
<Gesture Name="right_sq_bracket04" Subject="4" Speed="fast" Number="4" NumPts="60" Millseconds="865" AppName="Gestures" AppVer="3.7.0.0" Date="Friday, March 09, 2007" TimeOfDay="8:18:46 PM">
  <Point X="102" Y="154" T="116567488" />
  <Point X="104" Y="156" T="116567581" />
  <Point X="107" Y="156" T="116567593" />
  <Point X="109" Y="156" T="116567601" />
  <Point X="111" Y="156" T="116567609" />
  <Point X="113" Y="156" T="116567617" />
  <Point X="115" Y="155" T="116567625" />
  <Point X="118" Y="155" T="116567633" />
  <Point X="120" Y="155" T="116567641" />
  <Point X="122" Y="155" T="116567649" />
  <Point X="125" Y="155" T="116567657" />
  <Point X="127" Y="155" T="116567665" />
  <Point X="129" Y="154" T="116567674" />
  <Point X="132" Y="155" T="116567683" />
  <Point X="135" Y="154" T="116567692" />
  <Point X="137" Y="154" T="116567700" />
  <Point X="140" Y="154" T="116567708" />
  <Point X="142" Y="154" T="116567716" />
  <Point X="145" Y="154" T="116567725" />
  <Point X="147" Y="154" T="116567734" />
  <Point X="149" Y="153" T="116567742" />
  <Point X="151" Y="154" T="116567752" />
  <Point X="153" Y="154" T="116567767" />
  <Point X="155" Y="156" T="116567815" />
  <Point X="153" Y="159" T="116567843" />
  <Point X="152" Y="161" T="116567859" />
  <Point X="150" Y="164" T="116567875" />
  <Point X="149" Y="166" T="116567885" />
  <Point X="148" Y="169" T="116567896" />
  <Point X="147" Y="171" T="116567906" />
  <Point X="146" Y="173" T="116567908" />
  <Point X="145" Y="176" T="116567919" />
  <Point X="145" Y="178" T="116567920" />
  <Point X="144" Y="183" T="116567932" />
  <Point X="144" Y="186" T="116567943" />
  <Point X="143" Y="192" T="116567955" />
  <Point X="142" Y="196" T="116567969" />
  <Point X="142" Y="202" T="116567985" />
  <Point X="141" Y="209" T="116567997" />
  <Point X="140" Y="214" T="116568011" />
  <Point X="140" Y="216" T="116568012" />
  <Point X="140" Y="218" T="116568025" />
  <Point X="140" Y="224" T="116568039" />
  <Point X="140" Y="227" T="116568052" />
  <Point X="140" Y="232" T="116568066" />
  <Point X="140" Y="235" T="116568081" />
  <Point X="140" Y="237" T="116568095" />
  <Point X="140" Y="239" T="116568096" />
  <Point X="141" Y="241" T="116568111" />
  <Point X="142" Y="243" T="116568143" />
  <Point X="139" Y="242" T="116568221" />
  <Point X="137" Y="241" T="116568236" />
  <Point X="135" Y="239" T="116568237" />
  <Point X="128" Y="239" T="116568253" />
  <Point X="121" Y="239" T="116568270" />
  <Point X="114" Y="239" T="116568286" />
  <Point X="108" Y="240" T="116568302" />
  <Point X="103" Y="241" T="116568319" />
  <Point X="98" Y="241" T="116568336" />
  <Point X="94" Y="244" T="116568353" />
</Gesture>