﻿<?xml version="1.0" encoding="utf-8" standalone="yes"?>
<Gesture Name="right_curly_brace10" Subject="4" Speed="fast" Number="10" NumPts="64" Millseconds="1679" AppName="Gestures" AppVer="3.7.0.0" Date="Friday, March 09, 2007" TimeOfDay="8:25:22 PM">
  <Point X="77" Y="154" T="116964233" />
  <Point X="78" Y="152" T="116964346" />
  <Point X="80" Y="151" T="116964470" />
  <Point X="82" Y="151" T="116964543" />
  <Point X="84" Y="153" T="116964592" />
  <Point X="85" Y="155" T="116964612" />
  <Point X="85" Y="157" T="116964636" />
  <Point X="86" Y="159" T="116964656" />
  <Point X="87" Y="161" T="116964688" />
  <Point X="87" Y="164" T="116964708" />
  <Point X="87" Y="166" T="116964744" />
  <Point X="88" Y="169" T="116964764" />
  <Point X="88" Y="172" T="116964788" />
  <Point X="88" Y="174" T="116964800" />
  <Point X="88" Y="176" T="116964817" />
  <Point X="88" Y="178" T="116964837" />
  <Point X="88" Y="181" T="116964854" />
  <Point X="89" Y="183" T="116964870" />
  <Point X="89" Y="185" T="116964890" />
  <Point X="89" Y="188" T="116964911" />
  <Point X="90" Y="191" T="116964931" />
  <Point X="91" Y="193" T="116964947" />
  <Point X="91" Y="195" T="116964963" />
  <Point X="92" Y="197" T="116964974" />
  <Point X="94" Y="200" T="116965003" />
  <Point X="96" Y="201" T="116965023" />
  <Point X="98" Y="203" T="116965047" />
  <Point X="100" Y="205" T="116965076" />
  <Point X="102" Y="206" T="116965116" />
  <Point X="103" Y="208" T="116965291" />
  <Point X="101" Y="210" T="116965350" />
  <Point X="99" Y="212" T="116965394" />
  <Point X="97" Y="213" T="116965422" />
  <Point X="96" Y="215" T="116965443" />
  <Point X="96" Y="217" T="116965459" />
  <Point X="95" Y="219" T="116965485" />
  <Point X="94" Y="221" T="116965501" />
  <Point X="93" Y="223" T="116965521" />
  <Point X="93" Y="225" T="116965533" />
  <Point X="92" Y="228" T="116965549" />
  <Point X="92" Y="230" T="116965562" />
  <Point X="92" Y="233" T="116965577" />
  <Point X="91" Y="236" T="116965593" />
  <Point X="91" Y="239" T="116965608" />
  <Point X="91" Y="241" T="116965625" />
  <Point X="90" Y="243" T="116965639" />
  <Point X="89" Y="245" T="116965653" />
  <Point X="89" Y="250" T="116965668" />
  <Point X="88" Y="252" T="116965682" />
  <Point X="86" Y="254" T="116965697" />
  <Point X="85" Y="256" T="116965712" />
  <Point X="82" Y="258" T="116965728" />
  <Point X="80" Y="258" T="116965743" />
  <Point X="76" Y="259" T="116965759" />
  <Point X="71" Y="259" T="116965776" />
  <Point X="68" Y="258" T="116965792" />
  <Point X="63" Y="255" T="116965809" />
  <Point X="60" Y="252" T="116965826" />
  <Point X="59" Y="249" T="116965842" />
  <Point X="57" Y="243" T="116965859" />
  <Point X="57" Y="241" T="116965876" />
  <Point X="58" Y="239" T="116965877" />
  <Point X="59" Y="237" T="116965895" />
  <Point X="60" Y="234" T="116965912" />
</Gesture>