﻿<?xml version="1.0" encoding="utf-8" standalone="yes"?>
<Gesture Name="right_sq_bracket08" Subject="4" Speed="fast" Number="8" NumPts="62" Millseconds="1005" AppName="Gestures" AppVer="3.7.0.0" Date="Friday, March 09, 2007" TimeOfDay="8:18:52 PM">
  <Point X="102" Y="145" T="116574056" />
  <Point X="105" Y="144" T="116574147" />
  <Point X="107" Y="146" T="116574168" />
  <Point X="109" Y="147" T="116574180" />
  <Point X="112" Y="147" T="116574192" />
  <Point X="114" Y="147" T="116574200" />
  <Point X="116" Y="147" T="116574208" />
  <Point X="119" Y="147" T="116574216" />
  <Point X="122" Y="147" T="116574224" />
  <Point X="124" Y="147" T="116574232" />
  <Point X="127" Y="147" T="116574240" />
  <Point X="129" Y="147" T="116574248" />
  <Point X="132" Y="148" T="116574256" />
  <Point X="134" Y="148" T="116574265" />
  <Point X="137" Y="148" T="116574273" />
  <Point X="140" Y="148" T="116574282" />
  <Point X="142" Y="148" T="116574291" />
  <Point X="145" Y="148" T="116574299" />
  <Point X="147" Y="148" T="116574308" />
  <Point X="150" Y="147" T="116574319" />
  <Point X="152" Y="146" T="116574331" />
  <Point X="154" Y="146" T="116574347" />
  <Point X="156" Y="148" T="116574428" />
  <Point X="157" Y="150" T="116574457" />
  <Point X="157" Y="152" T="116574472" />
  <Point X="156" Y="154" T="116574497" />
  <Point X="156" Y="156" T="116574509" />
  <Point X="155" Y="158" T="116574521" />
  <Point X="154" Y="160" T="116574532" />
  <Point X="154" Y="162" T="116574543" />
  <Point X="153" Y="165" T="116574554" />
  <Point X="153" Y="167" T="116574565" />
  <Point X="152" Y="170" T="116574566" />
  <Point X="152" Y="173" T="116574577" />
  <Point X="151" Y="179" T="116574590" />
  <Point X="151" Y="185" T="116574602" />
  <Point X="151" Y="187" T="116574614" />
  <Point X="150" Y="194" T="116574627" />
  <Point X="149" Y="198" T="116574640" />
  <Point X="149" Y="200" T="116574641" />
  <Point X="150" Y="203" T="116574654" />
  <Point X="150" Y="209" T="116574668" />
  <Point X="151" Y="215" T="116574681" />
  <Point X="151" Y="217" T="116574695" />
  <Point X="151" Y="222" T="116574709" />
  <Point X="152" Y="224" T="116574723" />
  <Point X="152" Y="226" T="116574737" />
  <Point X="152" Y="228" T="116574751" />
  <Point X="151" Y="226" T="116574812" />
  <Point X="149" Y="227" T="116574828" />
  <Point X="146" Y="226" T="116574843" />
  <Point X="141" Y="226" T="116574859" />
  <Point X="136" Y="227" T="116574875" />
  <Point X="130" Y="229" T="116574891" />
  <Point X="123" Y="231" T="116574907" />
  <Point X="117" Y="234" T="116574924" />
  <Point X="112" Y="236" T="116574940" />
  <Point X="110" Y="236" T="116574957" />
  <Point X="108" Y="238" T="116574974" />
  <Point X="105" Y="238" T="116574991" />
  <Point X="103" Y="240" T="116575008" />
  <Point X="104" Y="238" T="116575061" />
</Gesture>