﻿<?xml version="1.0" encoding="utf-8" standalone="yes"?>
<Gesture Name="right_sq_bracket03" Subject="4" Speed="fast" Number="3" NumPts="59" Millseconds="868" AppName="Gestures" AppVer="3.7.0.0" Date="Friday, March 09, 2007" TimeOfDay="8:18:44 PM">
  <Point X="100" Y="150" T="116566059" />
  <Point X="102" Y="150" T="116566158" />
  <Point X="105" Y="150" T="116566175" />
  <Point X="107" Y="151" T="116566187" />
  <Point X="109" Y="150" T="116566196" />
  <Point X="111" Y="150" T="116566204" />
  <Point X="113" Y="149" T="116566212" />
  <Point X="115" Y="150" T="116566220" />
  <Point X="118" Y="150" T="116566228" />
  <Point X="120" Y="149" T="116566236" />
  <Point X="122" Y="149" T="116566244" />
  <Point X="125" Y="149" T="116566252" />
  <Point X="128" Y="149" T="116566260" />
  <Point X="131" Y="149" T="116566269" />
  <Point X="134" Y="148" T="116566276" />
  <Point X="136" Y="148" T="116566284" />
  <Point X="139" Y="149" T="116566292" />
  <Point X="141" Y="148" T="116566301" />
  <Point X="143" Y="148" T="116566309" />
  <Point X="146" Y="148" T="116566319" />
  <Point X="149" Y="148" T="116566331" />
  <Point X="151" Y="147" T="116566343" />
  <Point X="153" Y="147" T="116566359" />
  <Point X="155" Y="147" T="116566382" />
  <Point X="156" Y="149" T="116566414" />
  <Point X="155" Y="151" T="116566441" />
  <Point X="155" Y="154" T="116566453" />
  <Point X="154" Y="156" T="116566464" />
  <Point X="152" Y="158" T="116566475" />
  <Point X="152" Y="161" T="116566486" />
  <Point X="150" Y="163" T="116566497" />
  <Point X="150" Y="166" T="116566508" />
  <Point X="149" Y="169" T="116566519" />
  <Point X="148" Y="175" T="116566531" />
  <Point X="147" Y="180" T="116566543" />
  <Point X="146" Y="186" T="116566556" />
  <Point X="146" Y="192" T="116566568" />
  <Point X="145" Y="196" T="116566581" />
  <Point X="145" Y="199" T="116566582" />
  <Point X="144" Y="202" T="116566594" />
  <Point X="144" Y="207" T="116566608" />
  <Point X="144" Y="214" T="116566621" />
  <Point X="144" Y="219" T="116566635" />
  <Point X="144" Y="223" T="116566648" />
  <Point X="144" Y="226" T="116566666" />
  <Point X="145" Y="228" T="116566680" />
  <Point X="145" Y="230" T="116566694" />
  <Point X="146" Y="232" T="116566708" />
  <Point X="144" Y="232" T="116566781" />
  <Point X="142" Y="231" T="116566796" />
  <Point X="137" Y="228" T="116566811" />
  <Point X="130" Y="226" T="116566827" />
  <Point X="120" Y="226" T="116566843" />
  <Point X="112" Y="226" T="116566860" />
  <Point X="106" Y="225" T="116566876" />
  <Point X="99" Y="224" T="116566892" />
  <Point X="96" Y="224" T="116566894" />
  <Point X="91" Y="226" T="116566910" />
  <Point X="89" Y="226" T="116566927" />
</Gesture>