﻿<?xml version="1.0" encoding="utf-8" standalone="yes"?>
<Gesture Name="right_sq_bracket07" Subject="4" Speed="fast" Number="7" NumPts="65" Millseconds="962" AppName="Gestures" AppVer="3.7.0.0" Date="Friday, March 09, 2007" TimeOfDay="8:18:51 PM">
  <Point X="102" Y="147" T="116572453" />
  <Point X="104" Y="148" T="116572509" />
  <Point X="106" Y="147" T="116572525" />
  <Point X="109" Y="147" T="116572538" />
  <Point X="111" Y="147" T="116572546" />
  <Point X="113" Y="147" T="116572554" />
  <Point X="115" Y="146" T="116572562" />
  <Point X="117" Y="147" T="116572570" />
  <Point X="120" Y="147" T="116572578" />
  <Point X="123" Y="147" T="116572586" />
  <Point X="125" Y="148" T="116572594" />
  <Point X="128" Y="147" T="116572602" />
  <Point X="131" Y="148" T="116572610" />
  <Point X="134" Y="148" T="116572619" />
  <Point X="137" Y="147" T="116572626" />
  <Point X="139" Y="147" T="116572634" />
  <Point X="142" Y="147" T="116572642" />
  <Point X="145" Y="148" T="116572651" />
  <Point X="148" Y="147" T="116572659" />
  <Point X="151" Y="147" T="116572668" />
  <Point X="154" Y="147" T="116572677" />
  <Point X="156" Y="146" T="116572686" />
  <Point X="158" Y="145" T="116572696" />
  <Point X="160" Y="145" T="116572705" />
  <Point X="162" Y="146" T="116572715" />
  <Point X="164" Y="145" T="116572726" />
  <Point X="166" Y="148" T="116572803" />
  <Point X="165" Y="150" T="116572828" />
  <Point X="163" Y="152" T="116572844" />
  <Point X="161" Y="154" T="116572856" />
  <Point X="159" Y="157" T="116572867" />
  <Point X="158" Y="159" T="116572879" />
  <Point X="157" Y="161" T="116572890" />
  <Point X="154" Y="167" T="116572902" />
  <Point X="152" Y="169" T="116572914" />
  <Point X="150" Y="173" T="116572926" />
  <Point X="149" Y="176" T="116572938" />
  <Point X="148" Y="182" T="116572951" />
  <Point X="146" Y="188" T="116572967" />
  <Point X="144" Y="195" T="116572979" />
  <Point X="144" Y="201" T="116572993" />
  <Point X="144" Y="204" T="116573006" />
  <Point X="144" Y="209" T="116573020" />
  <Point X="144" Y="214" T="116573033" />
  <Point X="144" Y="217" T="116573047" />
  <Point X="144" Y="220" T="116573048" />
  <Point X="144" Y="224" T="116573063" />
  <Point X="144" Y="229" T="116573078" />
  <Point X="144" Y="234" T="116573093" />
  <Point X="144" Y="236" T="116573107" />
  <Point X="144" Y="239" T="116573124" />
  <Point X="145" Y="241" T="116573148" />
  <Point X="142" Y="239" T="116573225" />
  <Point X="140" Y="239" T="116573241" />
  <Point X="138" Y="238" T="116573242" />
  <Point X="133" Y="236" T="116573258" />
  <Point X="126" Y="234" T="116573275" />
  <Point X="119" Y="233" T="116573292" />
  <Point X="111" Y="232" T="116573309" />
  <Point X="105" Y="232" T="116573326" />
  <Point X="101" Y="232" T="116573344" />
  <Point X="96" Y="233" T="116573362" />
  <Point X="92" Y="233" T="116573380" />
  <Point X="90" Y="234" T="116573397" />
  <Point X="88" Y="233" T="116573415" />
</Gesture>