﻿<?xml version="1.0" encoding="utf-8" standalone="yes"?>
<Gesture Name="right_curly_brace07" Subject="4" Speed="fast" Number="7" NumPts="65" Millseconds="1494" AppName="Gestures" AppVer="3.7.0.0" Date="Friday, March 09, 2007" TimeOfDay="8:25:14 PM">
  <Point X="85" Y="151" T="116956513" />
  <Point X="87" Y="151" T="116956597" />
  <Point X="89" Y="149" T="116956618" />
  <Point X="91" Y="148" T="116956641" />
  <Point X="93" Y="147" T="116956667" />
  <Point X="95" Y="149" T="116956698" />
  <Point X="96" Y="151" T="116956718" />
  <Point X="97" Y="153" T="116956734" />
  <Point X="98" Y="156" T="116956758" />
  <Point X="98" Y="158" T="116956778" />
  <Point X="98" Y="161" T="116956798" />
  <Point X="98" Y="163" T="116956806" />
  <Point X="98" Y="165" T="116956830" />
  <Point X="98" Y="167" T="116956846" />
  <Point X="98" Y="169" T="116956855" />
  <Point X="98" Y="172" T="116956882" />
  <Point X="98" Y="174" T="116956899" />
  <Point X="97" Y="177" T="116956916" />
  <Point X="97" Y="179" T="116956927" />
  <Point X="97" Y="181" T="116956952" />
  <Point X="97" Y="183" T="116956972" />
  <Point X="97" Y="185" T="116956988" />
  <Point X="98" Y="187" T="116957000" />
  <Point X="98" Y="189" T="116957012" />
  <Point X="99" Y="191" T="116957037" />
  <Point X="100" Y="193" T="116957057" />
  <Point X="101" Y="195" T="116957089" />
  <Point X="103" Y="197" T="116957117" />
  <Point X="105" Y="199" T="116957166" />
  <Point X="105" Y="201" T="116957399" />
  <Point X="104" Y="204" T="116957447" />
  <Point X="103" Y="206" T="116957479" />
  <Point X="101" Y="208" T="116957511" />
  <Point X="100" Y="210" T="116957531" />
  <Point X="99" Y="213" T="116957552" />
  <Point X="98" Y="215" T="116957564" />
  <Point X="97" Y="217" T="116957584" />
  <Point X="96" Y="219" T="116957597" />
  <Point X="96" Y="221" T="116957609" />
  <Point X="96" Y="223" T="116957622" />
  <Point X="95" Y="225" T="116957635" />
  <Point X="95" Y="228" T="116957657" />
  <Point X="95" Y="230" T="116957670" />
  <Point X="94" Y="232" T="116957684" />
  <Point X="93" Y="235" T="116957698" />
  <Point X="92" Y="237" T="116957712" />
  <Point X="92" Y="239" T="116957727" />
  <Point X="90" Y="242" T="116957741" />
  <Point X="89" Y="244" T="116957756" />
  <Point X="87" Y="246" T="116957771" />
  <Point X="85" Y="248" T="116957787" />
  <Point X="83" Y="250" T="116957803" />
  <Point X="78" Y="251" T="116957818" />
  <Point X="74" Y="251" T="116957834" />
  <Point X="72" Y="251" T="116957850" />
  <Point X="67" Y="251" T="116957867" />
  <Point X="63" Y="248" T="116957883" />
  <Point X="60" Y="246" T="116957900" />
  <Point X="58" Y="243" T="116957916" />
  <Point X="56" Y="241" T="116957917" />
  <Point X="55" Y="239" T="116957935" />
  <Point X="54" Y="235" T="116957952" />
  <Point X="55" Y="230" T="116957971" />
  <Point X="57" Y="228" T="116957989" />
  <Point X="58" Y="226" T="116958007" />
</Gesture>