﻿<?xml version="1.0" encoding="utf-8" standalone="yes"?>
<Gesture Name="right_curly_brace08" Subject="4" Speed="fast" Number="8" NumPts="66" Millseconds="1298" AppName="Gestures" AppVer="3.7.0.0" Date="Friday, March 09, 2007" TimeOfDay="8:25:18 PM">
  <Point X="77" Y="148" T="116960207" />
  <Point X="78" Y="146" T="116960221" />
  <Point X="80" Y="144" T="116960241" />
  <Point X="83" Y="143" T="116960262" />
  <Point X="85" Y="142" T="116960274" />
  <Point X="87" Y="141" T="116960286" />
  <Point X="89" Y="141" T="116960306" />
  <Point X="91" Y="142" T="116960334" />
  <Point X="93" Y="144" T="116960359" />
  <Point X="94" Y="146" T="116960383" />
  <Point X="94" Y="149" T="116960399" />
  <Point X="94" Y="151" T="116960415" />
  <Point X="94" Y="153" T="116960434" />
  <Point X="94" Y="156" T="116960447" />
  <Point X="93" Y="158" T="116960459" />
  <Point X="93" Y="161" T="116960472" />
  <Point X="93" Y="163" T="116960485" />
  <Point X="93" Y="166" T="116960497" />
  <Point X="93" Y="168" T="116960505" />
  <Point X="93" Y="170" T="116960521" />
  <Point X="93" Y="172" T="116960530" />
  <Point X="94" Y="174" T="116960545" />
  <Point X="94" Y="177" T="116960562" />
  <Point X="95" Y="179" T="116960572" />
  <Point X="96" Y="181" T="116960586" />
  <Point X="97" Y="184" T="116960599" />
  <Point X="99" Y="186" T="116960622" />
  <Point X="100" Y="189" T="116960634" />
  <Point X="101" Y="191" T="116960654" />
  <Point X="103" Y="193" T="116960678" />
  <Point X="105" Y="195" T="116960702" />
  <Point X="107" Y="196" T="116960726" />
  <Point X="109" Y="196" T="116960775" />
  <Point X="107" Y="196" T="116960904" />
  <Point X="105" Y="198" T="116960933" />
  <Point X="103" Y="199" T="116960966" />
  <Point X="101" Y="202" T="116961001" />
  <Point X="100" Y="204" T="116961034" />
  <Point X="98" Y="206" T="116961057" />
  <Point X="97" Y="209" T="116961074" />
  <Point X="96" Y="211" T="116961103" />
  <Point X="95" Y="213" T="116961116" />
  <Point X="95" Y="215" T="116961130" />
  <Point X="94" Y="217" T="116961143" />
  <Point X="94" Y="220" T="116961159" />
  <Point X="93" Y="222" T="116961175" />
  <Point X="93" Y="224" T="116961190" />
  <Point X="93" Y="227" T="116961204" />
  <Point X="93" Y="231" T="116961220" />
  <Point X="93" Y="235" T="116961237" />
  <Point X="93" Y="237" T="116961252" />
  <Point X="92" Y="239" T="116961267" />
  <Point X="91" Y="242" T="116961283" />
  <Point X="89" Y="244" T="116961298" />
  <Point X="88" Y="247" T="116961314" />
  <Point X="85" Y="248" T="116961331" />
  <Point X="80" Y="250" T="116961348" />
  <Point X="77" Y="250" T="116961364" />
  <Point X="73" Y="250" T="116961381" />
  <Point X="69" Y="248" T="116961398" />
  <Point X="66" Y="246" T="116961416" />
  <Point X="64" Y="244" T="116961433" />
  <Point X="64" Y="242" T="116961450" />
  <Point X="64" Y="239" T="116961468" />
  <Point X="66" Y="234" T="116961487" />
  <Point X="67" Y="232" T="116961505" />
</Gesture>