﻿<?xml version="1.0" encoding="utf-8" standalone="yes"?>
<Gesture Name="right_sq_bracket02" Subject="4" Speed="fast" Number="2" NumPts="61" Millseconds="913" AppName="Gestures" AppVer="3.7.0.0" Date="Friday, March 09, 2007" TimeOfDay="8:18:43 PM">
  <Point X="102" Y="145" T="116564595" />
  <Point X="104" Y="146" T="116564678" />
  <Point X="106" Y="146" T="116564690" />
  <Point X="108" Y="146" T="116564703" />
  <Point X="110" Y="145" T="116564716" />
  <Point X="113" Y="147" T="116564727" />
  <Point X="115" Y="147" T="116564735" />
  <Point X="118" Y="147" T="116564747" />
  <Point X="120" Y="147" T="116564755" />
  <Point X="122" Y="147" T="116564763" />
  <Point X="125" Y="147" T="116564771" />
  <Point X="127" Y="148" T="116564779" />
  <Point X="129" Y="148" T="116564787" />
  <Point X="132" Y="148" T="116564795" />
  <Point X="134" Y="148" T="116564804" />
  <Point X="137" Y="149" T="116564812" />
  <Point X="139" Y="148" T="116564820" />
  <Point X="141" Y="149" T="116564828" />
  <Point X="144" Y="149" T="116564837" />
  <Point X="146" Y="149" T="116564845" />
  <Point X="148" Y="149" T="116564854" />
  <Point X="151" Y="149" T="116564864" />
  <Point X="153" Y="149" T="116564876" />
  <Point X="154" Y="151" T="116564944" />
  <Point X="153" Y="153" T="116564956" />
  <Point X="150" Y="156" T="116564977" />
  <Point X="149" Y="158" T="116564989" />
  <Point X="147" Y="160" T="116565001" />
  <Point X="146" Y="163" T="116565013" />
  <Point X="145" Y="165" T="116565024" />
  <Point X="144" Y="167" T="116565036" />
  <Point X="143" Y="172" T="116565048" />
  <Point X="143" Y="176" T="116565059" />
  <Point X="142" Y="180" T="116565072" />
  <Point X="141" Y="187" T="116565084" />
  <Point X="141" Y="190" T="116565096" />
  <Point X="140" Y="193" T="116565097" />
  <Point X="140" Y="198" T="116565110" />
  <Point X="140" Y="204" T="116565126" />
  <Point X="140" Y="210" T="116565138" />
  <Point X="140" Y="215" T="116565152" />
  <Point X="140" Y="218" T="116565165" />
  <Point X="140" Y="222" T="116565178" />
  <Point X="140" Y="226" T="116565193" />
  <Point X="140" Y="228" T="116565207" />
  <Point X="140" Y="231" T="116565221" />
  <Point X="140" Y="233" T="116565235" />
  <Point X="141" Y="235" T="116565250" />
  <Point X="142" Y="237" T="116565273" />
  <Point X="140" Y="238" T="116565330" />
  <Point X="137" Y="237" T="116565345" />
  <Point X="135" Y="238" T="116565360" />
  <Point X="130" Y="236" T="116565376" />
  <Point X="124" Y="236" T="116565392" />
  <Point X="118" Y="237" T="116565408" />
  <Point X="113" Y="237" T="116565424" />
  <Point X="107" Y="236" T="116565440" />
  <Point X="102" Y="236" T="116565457" />
  <Point X="98" Y="235" T="116565474" />
  <Point X="96" Y="235" T="116565491" />
  <Point X="94" Y="235" T="116565508" />
</Gesture>