﻿<?xml version="1.0" encoding="utf-8" standalone="yes"?>
<Gesture Name="right_sq_bracket05" Subject="4" Speed="fast" Number="5" NumPts="60" Millseconds="831" AppName="Gestures" AppVer="3.7.0.0" Date="Friday, March 09, 2007" TimeOfDay="8:18:47 PM">
  <Point X="106" Y="148" T="116568983" />
  <Point X="108" Y="149" T="116569056" />
  <Point X="110" Y="150" T="116569068" />
  <Point X="113" Y="149" T="116569079" />
  <Point X="115" Y="149" T="116569088" />
  <Point X="118" Y="149" T="116569096" />
  <Point X="121" Y="149" T="116569104" />
  <Point X="124" Y="148" T="116569112" />
  <Point X="127" Y="149" T="116569120" />
  <Point X="130" Y="151" T="116569128" />
  <Point X="133" Y="151" T="116569136" />
  <Point X="136" Y="151" T="116569144" />
  <Point X="139" Y="150" T="116569152" />
  <Point X="142" Y="150" T="116569161" />
  <Point X="144" Y="150" T="116569169" />
  <Point X="147" Y="150" T="116569178" />
  <Point X="150" Y="149" T="116569186" />
  <Point X="153" Y="149" T="116569195" />
  <Point X="155" Y="148" T="116569203" />
  <Point X="157" Y="149" T="116569212" />
  <Point X="159" Y="148" T="116569221" />
  <Point X="161" Y="147" T="116569230" />
  <Point X="163" Y="147" T="116569242" />
  <Point X="165" Y="147" T="116569267" />
  <Point X="167" Y="150" T="116569315" />
  <Point X="166" Y="153" T="116569335" />
  <Point X="165" Y="155" T="116569347" />
  <Point X="163" Y="158" T="116569363" />
  <Point X="162" Y="160" T="116569374" />
  <Point X="161" Y="163" T="116569384" />
  <Point X="157" Y="169" T="116569396" />
  <Point X="156" Y="171" T="116569407" />
  <Point X="154" Y="174" T="116569408" />
  <Point X="151" Y="178" T="116569419" />
  <Point X="147" Y="184" T="116569431" />
  <Point X="145" Y="189" T="116569444" />
  <Point X="143" Y="195" T="116569456" />
  <Point X="142" Y="202" T="116569469" />
  <Point X="141" Y="205" T="116569482" />
  <Point X="140" Y="211" T="116569495" />
  <Point X="140" Y="213" T="116569496" />
  <Point X="140" Y="215" T="116569509" />
  <Point X="140" Y="220" T="116569522" />
  <Point X="140" Y="222" T="116569536" />
  <Point X="140" Y="224" T="116569550" />
  <Point X="140" Y="227" T="116569564" />
  <Point X="140" Y="229" T="116569579" />
  <Point X="140" Y="231" T="116569580" />
  <Point X="140" Y="233" T="116569599" />
  <Point X="137" Y="233" T="116569651" />
  <Point X="135" Y="233" T="116569666" />
  <Point X="133" Y="233" T="116569681" />
  <Point X="129" Y="233" T="116569697" />
  <Point X="124" Y="232" T="116569713" />
  <Point X="117" Y="231" T="116569729" />
  <Point X="110" Y="228" T="116569746" />
  <Point X="104" Y="230" T="116569762" />
  <Point X="99" Y="231" T="116569780" />
  <Point X="94" Y="235" T="116569796" />
  <Point X="92" Y="237" T="116569814" />
</Gesture>