﻿<?xml version="1.0" encoding="utf-8" standalone="yes"?>
<Gesture Name="right_sq_bracket09" Subject="4" Speed="fast" Number="9" NumPts="60" Millseconds="933" AppName="Gestures" AppVer="3.7.0.0" Date="Friday, March 09, 2007" TimeOfDay="8:18:54 PM">
  <Point X="110" Y="151" T="116575639" />
  <Point X="112" Y="150" T="116575771" />
  <Point X="114" Y="150" T="116575788" />
  <Point X="117" Y="151" T="116575800" />
  <Point X="119" Y="151" T="116575808" />
  <Point X="121" Y="151" T="116575817" />
  <Point X="124" Y="151" T="116575825" />
  <Point X="126" Y="151" T="116575833" />
  <Point X="129" Y="151" T="116575841" />
  <Point X="132" Y="151" T="116575849" />
  <Point X="135" Y="151" T="116575857" />
  <Point X="138" Y="152" T="116575865" />
  <Point X="141" Y="152" T="116575873" />
  <Point X="144" Y="152" T="116575882" />
  <Point X="147" Y="153" T="116575889" />
  <Point X="150" Y="153" T="116575897" />
  <Point X="152" Y="153" T="116575905" />
  <Point X="154" Y="152" T="116575914" />
  <Point X="156" Y="152" T="116575922" />
  <Point X="159" Y="151" T="116575933" />
  <Point X="161" Y="151" T="116575945" />
  <Point X="163" Y="151" T="116575965" />
  <Point X="165" Y="152" T="116576025" />
  <Point X="165" Y="155" T="116576057" />
  <Point X="164" Y="157" T="116576070" />
  <Point X="162" Y="160" T="116576086" />
  <Point X="161" Y="162" T="116576098" />
  <Point X="161" Y="165" T="116576109" />
  <Point X="159" Y="167" T="116576119" />
  <Point X="159" Y="170" T="116576130" />
  <Point X="158" Y="172" T="116576141" />
  <Point X="157" Y="176" T="116576153" />
  <Point X="156" Y="181" T="116576164" />
  <Point X="155" Y="186" T="116576176" />
  <Point X="154" Y="189" T="116576188" />
  <Point X="153" Y="195" T="116576200" />
  <Point X="153" Y="198" T="116576212" />
  <Point X="152" Y="204" T="116576225" />
  <Point X="152" Y="206" T="116576237" />
  <Point X="152" Y="209" T="116576238" />
  <Point X="152" Y="212" T="116576251" />
  <Point X="152" Y="216" T="116576265" />
  <Point X="152" Y="220" T="116576278" />
  <Point X="152" Y="222" T="116576292" />
  <Point X="152" Y="224" T="116576306" />
  <Point X="153" Y="226" T="116576320" />
  <Point X="153" Y="228" T="116576334" />
  <Point X="153" Y="230" T="116576348" />
  <Point X="153" Y="232" T="116576363" />
  <Point X="151" Y="231" T="116576439" />
  <Point X="149" Y="232" T="116576454" />
  <Point X="146" Y="231" T="116576455" />
  <Point X="144" Y="231" T="116576471" />
  <Point X="141" Y="231" T="116576472" />
  <Point X="134" Y="233" T="116576488" />
  <Point X="128" Y="235" T="116576504" />
  <Point X="122" Y="238" T="116576521" />
  <Point X="117" Y="240" T="116576538" />
  <Point X="115" Y="242" T="116576554" />
  <Point X="112" Y="245" T="116576572" />
</Gesture>