﻿<?xml version="1.0" encoding="utf-8" standalone="yes"?>
<Gesture Name="right_sq_bracket10" Subject="4" Speed="fast" Number="10" NumPts="59" Millseconds="869" AppName="Gestures" AppVer="3.7.0.0" Date="Friday, March 09, 2007" TimeOfDay="8:18:55 PM">
  <Point X="110" Y="151" T="116577081" />
  <Point X="112" Y="152" T="116577129" />
  <Point X="114" Y="151" T="116577149" />
  <Point X="116" Y="149" T="116577165" />
  <Point X="118" Y="150" T="116577177" />
  <Point X="120" Y="151" T="116577186" />
  <Point X="123" Y="149" T="116577198" />
  <Point X="126" Y="149" T="116577206" />
  <Point X="128" Y="149" T="116577214" />
  <Point X="130" Y="149" T="116577222" />
  <Point X="133" Y="149" T="116577230" />
  <Point X="135" Y="151" T="116577239" />
  <Point X="138" Y="151" T="116577246" />
  <Point X="141" Y="152" T="116577255" />
  <Point X="143" Y="152" T="116577263" />
  <Point X="146" Y="153" T="116577270" />
  <Point X="150" Y="153" T="116577279" />
  <Point X="153" Y="154" T="116577287" />
  <Point X="156" Y="154" T="116577295" />
  <Point X="159" Y="154" T="116577304" />
  <Point X="162" Y="156" T="116577313" />
  <Point X="164" Y="156" T="116577323" />
  <Point X="166" Y="156" T="116577332" />
  <Point X="168" Y="155" T="116577341" />
  <Point X="171" Y="157" T="116577351" />
  <Point X="173" Y="157" T="116577361" />
  <Point X="175" Y="156" T="116577371" />
  <Point X="178" Y="155" T="116577387" />
  <Point X="178" Y="158" T="116577463" />
  <Point X="176" Y="160" T="116577479" />
  <Point X="174" Y="162" T="116577491" />
  <Point X="172" Y="164" T="116577504" />
  <Point X="171" Y="166" T="116577515" />
  <Point X="169" Y="168" T="116577527" />
  <Point X="166" Y="173" T="116577539" />
  <Point X="164" Y="178" T="116577552" />
  <Point X="163" Y="181" T="116577564" />
  <Point X="161" Y="186" T="116577576" />
  <Point X="159" Y="193" T="116577589" />
  <Point X="158" Y="197" T="116577602" />
  <Point X="157" Y="200" T="116577603" />
  <Point X="156" Y="203" T="116577617" />
  <Point X="154" Y="210" T="116577631" />
  <Point X="153" Y="217" T="116577644" />
  <Point X="153" Y="219" T="116577658" />
  <Point X="153" Y="221" T="116577659" />
  <Point X="154" Y="223" T="116577674" />
  <Point X="155" Y="228" T="116577688" />
  <Point X="155" Y="230" T="116577703" />
  <Point X="156" Y="232" T="116577718" />
  <Point X="157" Y="234" T="116577733" />
  <Point X="158" Y="236" T="116577752" />
  <Point X="156" Y="237" T="116577852" />
  <Point X="153" Y="236" T="116577868" />
  <Point X="148" Y="236" T="116577884" />
  <Point X="142" Y="236" T="116577900" />
  <Point X="135" Y="236" T="116577917" />
  <Point X="129" Y="236" T="116577933" />
  <Point X="124" Y="237" T="116577950" />
</Gesture>