﻿<?xml version="1.0" encoding="utf-8" standalone="yes"?>
<Gesture Name="right_curly_brace02" Subject="4" Speed="fast" Number="2" NumPts="68" Millseconds="1383" AppName="Gestures" AppVer="3.7.0.0" Date="Friday, March 09, 2007" TimeOfDay="8:24:57 PM">
  <Point X="86" Y="147" T="116939204" />
  <Point X="87" Y="145" T="116939253" />
  <Point X="89" Y="143" T="116939270" />
  <Point X="91" Y="142" T="116939282" />
  <Point X="93" Y="142" T="116939294" />
  <Point X="95" Y="142" T="116939306" />
  <Point X="97" Y="141" T="116939323" />
  <Point X="99" Y="143" T="116939343" />
  <Point X="101" Y="144" T="116939363" />
  <Point X="102" Y="146" T="116939379" />
  <Point X="103" Y="148" T="116939396" />
  <Point X="103" Y="150" T="116939404" />
  <Point X="103" Y="153" T="116939420" />
  <Point X="103" Y="155" T="116939432" />
  <Point X="103" Y="157" T="116939449" />
  <Point X="103" Y="160" T="116939457" />
  <Point X="103" Y="162" T="116939474" />
  <Point X="102" Y="165" T="116939489" />
  <Point X="101" Y="167" T="116939502" />
  <Point X="101" Y="171" T="116939522" />
  <Point X="100" Y="173" T="116939538" />
  <Point X="99" Y="176" T="116939554" />
  <Point X="99" Y="178" T="116939567" />
  <Point X="98" Y="181" T="116939588" />
  <Point X="97" Y="183" T="116939598" />
  <Point X="97" Y="185" T="116939616" />
  <Point X="96" Y="188" T="116939629" />
  <Point X="96" Y="191" T="116939641" />
  <Point X="96" Y="193" T="116939657" />
  <Point X="95" Y="195" T="116939669" />
  <Point X="95" Y="197" T="116939685" />
  <Point X="95" Y="199" T="116939701" />
  <Point X="96" Y="201" T="116939717" />
  <Point X="98" Y="203" T="116939757" />
  <Point X="100" Y="205" T="116939778" />
  <Point X="102" Y="206" T="116939799" />
  <Point X="104" Y="205" T="116939822" />
  <Point X="106" Y="205" T="116939871" />
  <Point X="105" Y="207" T="116940020" />
  <Point X="104" Y="209" T="116940069" />
  <Point X="103" Y="211" T="116940097" />
  <Point X="102" Y="213" T="116940137" />
  <Point X="101" Y="215" T="116940158" />
  <Point X="100" Y="218" T="116940182" />
  <Point X="99" Y="220" T="116940206" />
  <Point X="98" Y="222" T="116940230" />
  <Point X="98" Y="225" T="116940244" />
  <Point X="98" Y="227" T="116940267" />
  <Point X="98" Y="230" T="116940282" />
  <Point X="98" Y="233" T="116940297" />
  <Point X="98" Y="236" T="116940312" />
  <Point X="98" Y="240" T="116940328" />
  <Point X="98" Y="243" T="116940343" />
  <Point X="98" Y="245" T="116940359" />
  <Point X="97" Y="248" T="116940375" />
  <Point X="95" Y="250" T="116940391" />
  <Point X="93" Y="252" T="116940407" />
  <Point X="88" Y="255" T="116940424" />
  <Point X="83" Y="257" T="116940441" />
  <Point X="78" Y="257" T="116940458" />
  <Point X="75" Y="257" T="116940460" />
  <Point X="70" Y="255" T="116940477" />
  <Point X="65" Y="255" T="116940495" />
  <Point X="62" Y="252" T="116940513" />
  <Point X="60" Y="250" T="116940531" />
  <Point X="60" Y="245" T="116940549" />
  <Point X="61" Y="238" T="116940568" />
  <Point X="62" Y="235" T="116940587" />
</Gesture>