﻿<?xml version="1.0" encoding="utf-8" standalone="yes"?>
<Gesture Name="right_curly_brace05" Subject="4" Speed="fast" Number="5" NumPts="70" Millseconds="1384" AppName="Gestures" AppVer="3.7.0.0" Date="Friday, March 09, 2007" TimeOfDay="8:25:10 PM">
  <Point X="79" Y="145" T="116952003" />
  <Point X="82" Y="143" T="116952044" />
  <Point X="84" Y="142" T="116952060" />
  <Point X="85" Y="140" T="116952076" />
  <Point X="87" Y="141" T="116952100" />
  <Point X="89" Y="140" T="116952121" />
  <Point X="91" Y="141" T="116952145" />
  <Point X="92" Y="143" T="116952161" />
  <Point X="94" Y="145" T="116952186" />
  <Point X="94" Y="147" T="116952206" />
  <Point X="94" Y="149" T="116952217" />
  <Point X="94" Y="152" T="116952229" />
  <Point X="95" Y="154" T="116952254" />
  <Point X="95" Y="157" T="116952274" />
  <Point X="95" Y="159" T="116952287" />
  <Point X="95" Y="161" T="116952316" />
  <Point X="95" Y="163" T="116952328" />
  <Point X="94" Y="165" T="116952340" />
  <Point X="94" Y="168" T="116952359" />
  <Point X="94" Y="171" T="116952376" />
  <Point X="94" Y="173" T="116952396" />
  <Point X="94" Y="176" T="116952408" />
  <Point X="94" Y="179" T="116952425" />
  <Point X="94" Y="181" T="116952441" />
  <Point X="94" Y="184" T="116952452" />
  <Point X="95" Y="186" T="116952473" />
  <Point X="97" Y="189" T="116952493" />
  <Point X="98" Y="191" T="116952513" />
  <Point X="100" Y="192" T="116952533" />
  <Point X="102" Y="194" T="116952553" />
  <Point X="104" Y="195" T="116952578" />
  <Point X="106" Y="196" T="116952618" />
  <Point X="104" Y="196" T="116952758" />
  <Point X="102" Y="198" T="116952786" />
  <Point X="101" Y="201" T="116952807" />
  <Point X="100" Y="203" T="116952836" />
  <Point X="98" Y="205" T="116952861" />
  <Point X="97" Y="207" T="116952881" />
  <Point X="96" Y="209" T="116952901" />
  <Point X="96" Y="211" T="116952922" />
  <Point X="96" Y="214" T="116952942" />
  <Point X="95" Y="216" T="116952966" />
  <Point X="95" Y="218" T="116952979" />
  <Point X="95" Y="220" T="116952995" />
  <Point X="96" Y="222" T="116953018" />
  <Point X="96" Y="225" T="116953032" />
  <Point X="96" Y="227" T="116953046" />
  <Point X="97" Y="231" T="116953061" />
  <Point X="97" Y="233" T="116953076" />
  <Point X="97" Y="236" T="116953091" />
  <Point X="97" Y="238" T="116953106" />
  <Point X="96" Y="241" T="116953107" />
  <Point X="96" Y="243" T="116953123" />
  <Point X="94" Y="248" T="116953139" />
  <Point X="92" Y="250" T="116953155" />
  <Point X="90" Y="254" T="116953171" />
  <Point X="86" Y="258" T="116953188" />
  <Point X="84" Y="260" T="116953204" />
  <Point X="81" Y="261" T="116953222" />
  <Point X="79" Y="261" T="116953223" />
  <Point X="75" Y="262" T="116953240" />
  <Point X="72" Y="262" T="116953257" />
  <Point X="68" Y="260" T="116953275" />
  <Point X="65" Y="259" T="116953293" />
  <Point X="62" Y="255" T="116953312" />
  <Point X="61" Y="252" T="116953330" />
  <Point X="60" Y="250" T="116953331" />
  <Point X="60" Y="248" T="116953349" />
  <Point X="60" Y="244" T="116953368" />
  <Point X="61" Y="241" T="116953387" />
</Gesture>