﻿<?xml version="1.0" encoding="utf-8" standalone="yes"?>
<Gesture Name="star04" Subject="4" Speed="fast" Number="4" NumPts="95" Millseconds="1418" AppName="Gestures" AppVer="3.7.0.0" Date="Friday, March 09, 2007" TimeOfDay="8:16:51 PM">
  <Point X="79" Y="252" T="116451805" />
  <Point X="79" Y="250" T="116451838" />
  <Point X="80" Y="246" T="116451850" />
  <Point X="80" Y="244" T="116451859" />
  <Point X="81" Y="241" T="116451867" />
  <Point X="82" Y="237" T="116451875" />
  <Point X="82" Y="235" T="116451881" />
  <Point X="82" Y="230" T="116451888" />
  <Point X="82" Y="226" T="116451895" />
  <Point X="83" Y="224" T="116451902" />
  <Point X="83" Y="219" T="116451909" />
  <Point X="84" Y="214" T="116451916" />
  <Point X="85" Y="207" T="116451923" />
  <Point X="85" Y="203" T="116451931" />
  <Point X="86" Y="199" T="116451932" />
  <Point X="87" Y="192" T="116451940" />
  <Point X="88" Y="186" T="116451948" />
  <Point X="89" Y="179" T="116451956" />
  <Point X="90" Y="173" T="116451965" />
  <Point X="91" Y="168" T="116451974" />
  <Point X="92" Y="161" T="116451983" />
  <Point X="92" Y="159" T="116451992" />
  <Point X="93" Y="153" T="116452002" />
  <Point X="93" Y="151" T="116452012" />
  <Point X="94" Y="148" T="116452021" />
  <Point X="95" Y="143" T="116452032" />
  <Point X="95" Y="141" T="116452042" />
  <Point X="96" Y="139" T="116452059" />
  <Point X="98" Y="141" T="116452111" />
  <Point X="99" Y="143" T="116452122" />
  <Point X="99" Y="146" T="116452133" />
  <Point X="101" Y="152" T="116452144" />
  <Point X="102" Y="158" T="116452156" />
  <Point X="105" Y="166" T="116452168" />
  <Point X="107" Y="174" T="116452180" />
  <Point X="110" Y="182" T="116452193" />
  <Point X="112" Y="192" T="116452206" />
  <Point X="115" Y="200" T="116452219" />
  <Point X="116" Y="202" T="116452220" />
  <Point X="118" Y="210" T="116452233" />
  <Point X="122" Y="217" T="116452247" />
  <Point X="123" Y="219" T="116452248" />
  <Point X="126" Y="227" T="116452262" />
  <Point X="127" Y="229" T="116452263" />
  <Point X="129" Y="233" T="116452277" />
  <Point X="133" Y="239" T="116452292" />
  <Point X="135" Y="243" T="116452307" />
  <Point X="136" Y="245" T="116452323" />
  <Point X="136" Y="247" T="116452338" />
  <Point X="134" Y="247" T="116452364" />
  <Point X="131" Y="246" T="116452379" />
  <Point X="127" Y="243" T="116452395" />
  <Point X="121" Y="238" T="116452411" />
  <Point X="115" Y="230" T="116452427" />
  <Point X="110" Y="224" T="116452443" />
  <Point X="107" Y="220" T="116452444" />
  <Point X="99" Y="212" T="116452461" />
  <Point X="91" Y="205" T="116452479" />
  <Point X="81" Y="198" T="116452497" />
  <Point X="73" Y="195" T="116452514" />
  <Point X="67" Y="192" T="116452532" />
  <Point X="63" Y="190" T="116452533" />
  <Point X="58" Y="188" T="116452551" />
  <Point X="53" Y="187" T="116452569" />
  <Point X="51" Y="186" T="116452587" />
  <Point X="49" Y="185" T="116452605" />
  <Point X="48" Y="183" T="116452628" />
  <Point X="51" Y="182" T="116452656" />
  <Point X="53" Y="182" T="116452675" />
  <Point X="62" Y="183" T="116452695" />
  <Point X="75" Y="184" T="116452715" />
  <Point X="90" Y="185" T="116452735" />
  <Point X="93" Y="184" T="116452736" />
  <Point X="110" Y="182" T="116452758" />
  <Point X="127" Y="179" T="116452779" />
  <Point X="143" Y="174" T="116452801" />
  <Point X="153" Y="172" T="116452822" />
  <Point X="158" Y="170" T="116452843" />
  <Point X="160" Y="169" T="116452844" />
  <Point X="162" Y="167" T="116452868" />
  <Point X="161" Y="170" T="116452916" />
  <Point X="155" Y="175" T="116452938" />
  <Point X="145" Y="182" T="116452960" />
  <Point X="135" Y="190" T="116452983" />
  <Point X="127" Y="199" T="116453006" />
  <Point X="118" Y="208" T="116453029" />
  <Point X="108" Y="219" T="116453052" />
  <Point X="103" Y="226" T="116453076" />
  <Point X="101" Y="229" T="116453077" />
  <Point X="95" Y="236" T="116453101" />
  <Point X="89" Y="243" T="116453125" />
  <Point X="85" Y="248" T="116453149" />
  <Point X="81" Y="251" T="116453173" />
  <Point X="80" Y="254" T="116453198" />
  <Point X="78" Y="256" T="116453223" />
</Gesture>