﻿<?xml version="1.0" encoding="utf-8" standalone="yes"?>
<Gesture Name="star02" Subject="4" Speed="fast" Number="2" NumPts="96" Millseconds="1444" AppName="Gestures" AppVer="3.7.0.0" Date="Friday, March 09, 2007" TimeOfDay="8:16:13 PM">
  <Point X="77" Y="242" T="116414116" />
  <Point X="77" Y="239" T="116414136" />
  <Point X="78" Y="237" T="116414147" />
  <Point X="79" Y="235" T="116414155" />
  <Point X="79" Y="233" T="116414164" />
  <Point X="80" Y="229" T="116414171" />
  <Point X="80" Y="225" T="116414178" />
  <Point X="81" Y="223" T="116414186" />
  <Point X="81" Y="221" T="116414193" />
  <Point X="82" Y="217" T="116414199" />
  <Point X="82" Y="215" T="116414206" />
  <Point X="82" Y="212" T="116414207" />
  <Point X="83" Y="210" T="116414214" />
  <Point X="83" Y="206" T="116414222" />
  <Point X="84" Y="204" T="116414223" />
  <Point X="84" Y="199" T="116414231" />
  <Point X="85" Y="194" T="116414239" />
  <Point X="86" Y="188" T="116414247" />
  <Point X="87" Y="182" T="116414256" />
  <Point X="88" Y="177" T="116414265" />
  <Point X="90" Y="168" T="116414274" />
  <Point X="92" Y="163" T="116414283" />
  <Point X="92" Y="160" T="116414293" />
  <Point X="94" Y="152" T="116414303" />
  <Point X="94" Y="150" T="116414312" />
  <Point X="96" Y="147" T="116414322" />
  <Point X="96" Y="143" T="116414333" />
  <Point X="97" Y="141" T="116414343" />
  <Point X="98" Y="139" T="116414358" />
  <Point X="100" Y="141" T="116414398" />
  <Point X="101" Y="143" T="116414410" />
  <Point X="102" Y="145" T="116414421" />
  <Point X="102" Y="147" T="116414422" />
  <Point X="103" Y="151" T="116414434" />
  <Point X="104" Y="154" T="116414446" />
  <Point X="105" Y="157" T="116414447" />
  <Point X="107" Y="165" T="116414459" />
  <Point X="109" Y="172" T="116414472" />
  <Point X="111" Y="177" T="116414485" />
  <Point X="113" Y="183" T="116414498" />
  <Point X="114" Y="187" T="116414499" />
  <Point X="117" Y="194" T="116414512" />
  <Point X="119" Y="201" T="116414526" />
  <Point X="121" Y="206" T="116414540" />
  <Point X="124" Y="212" T="116414554" />
  <Point X="125" Y="216" T="116414569" />
  <Point X="127" Y="222" T="116414583" />
  <Point X="129" Y="226" T="116414598" />
  <Point X="131" Y="232" T="116414616" />
  <Point X="131" Y="235" T="116414631" />
  <Point X="133" Y="240" T="116414647" />
  <Point X="133" Y="243" T="116414663" />
  <Point X="134" Y="245" T="116414682" />
  <Point X="132" Y="243" T="116414735" />
  <Point X="130" Y="241" T="116414751" />
  <Point X="126" Y="237" T="116414767" />
  <Point X="120" Y="233" T="116414784" />
  <Point X="110" Y="224" T="116414802" />
  <Point X="99" Y="213" T="116414819" />
  <Point X="90" Y="207" T="116414837" />
  <Point X="80" Y="199" T="116414856" />
  <Point X="74" Y="197" T="116414874" />
  <Point X="64" Y="192" T="116414892" />
  <Point X="60" Y="190" T="116414910" />
  <Point X="56" Y="187" T="116414928" />
  <Point X="54" Y="185" T="116414947" />
  <Point X="53" Y="183" T="116414996" />
  <Point X="55" Y="183" T="116415015" />
  <Point X="60" Y="184" T="116415034" />
  <Point X="70" Y="185" T="116415053" />
  <Point X="82" Y="186" T="116415073" />
  <Point X="97" Y="185" T="116415093" />
  <Point X="114" Y="182" T="116415115" />
  <Point X="129" Y="177" T="116415135" />
  <Point X="132" Y="177" T="116415136" />
  <Point X="144" Y="173" T="116415158" />
  <Point X="153" Y="171" T="116415179" />
  <Point X="160" Y="168" T="116415203" />
  <Point X="163" Y="168" T="116415224" />
  <Point X="163" Y="170" T="116415268" />
  <Point X="158" Y="174" T="116415289" />
  <Point X="152" Y="178" T="116415311" />
  <Point X="148" Y="181" T="116415312" />
  <Point X="138" Y="190" T="116415335" />
  <Point X="136" Y="191" T="116415336" />
  <Point X="126" Y="197" T="116415359" />
  <Point X="124" Y="199" T="116415360" />
  <Point X="115" Y="206" T="116415384" />
  <Point X="113" Y="208" T="116415385" />
  <Point X="103" Y="216" T="116415409" />
  <Point X="95" Y="222" T="116415433" />
  <Point X="87" Y="229" T="116415457" />
  <Point X="81" Y="236" T="116415483" />
  <Point X="77" Y="240" T="116415507" />
  <Point X="74" Y="245" T="116415531" />
  <Point X="73" Y="247" T="116415560" />
</Gesture>