﻿<?xml version="1.0" encoding="utf-8" standalone="yes"?>
<Gesture Name="star08" Subject="4" Speed="fast" Number="8" NumPts="89" Millseconds="1257" AppName="Gestures" AppVer="3.7.0.0" Date="Friday, March 09, 2007" TimeOfDay="8:17:00 PM">
  <Point X="85" Y="249" T="116461206" />
  <Point X="85" Y="247" T="116461242" />
  <Point X="86" Y="245" T="116461250" />
  <Point X="87" Y="242" T="116461257" />
  <Point X="87" Y="240" T="116461263" />
  <Point X="87" Y="237" T="116461268" />
  <Point X="88" Y="233" T="116461274" />
  <Point X="89" Y="231" T="116461280" />
  <Point X="89" Y="228" T="116461281" />
  <Point X="89" Y="226" T="116461288" />
  <Point X="90" Y="224" T="116461289" />
  <Point X="90" Y="221" T="116461296" />
  <Point X="91" Y="219" T="116461297" />
  <Point X="91" Y="217" T="116461305" />
  <Point X="92" Y="214" T="116461306" />
  <Point X="93" Y="207" T="116461314" />
  <Point X="93" Y="201" T="116461322" />
  <Point X="94" Y="194" T="116461331" />
  <Point X="96" Y="186" T="116461339" />
  <Point X="97" Y="179" T="116461349" />
  <Point X="98" Y="175" T="116461350" />
  <Point X="99" Y="168" T="116461359" />
  <Point X="99" Y="164" T="116461368" />
  <Point X="99" Y="162" T="116461369" />
  <Point X="100" Y="159" T="116461379" />
  <Point X="100" Y="152" T="116461389" />
  <Point X="100" Y="150" T="116461399" />
  <Point X="101" Y="147" T="116461410" />
  <Point X="101" Y="145" T="116461420" />
  <Point X="101" Y="143" T="116461431" />
  <Point X="103" Y="144" T="116461469" />
  <Point X="105" Y="146" T="116461481" />
  <Point X="106" Y="149" T="116461492" />
  <Point X="107" Y="154" T="116461504" />
  <Point X="108" Y="156" T="116461505" />
  <Point X="110" Y="163" T="116461518" />
  <Point X="112" Y="171" T="116461531" />
  <Point X="115" Y="179" T="116461544" />
  <Point X="115" Y="182" T="116461545" />
  <Point X="118" Y="189" T="116461559" />
  <Point X="122" Y="201" T="116461573" />
  <Point X="124" Y="209" T="116461587" />
  <Point X="127" Y="221" T="116461602" />
  <Point X="130" Y="227" T="116461616" />
  <Point X="134" Y="236" T="116461630" />
  <Point X="136" Y="239" T="116461644" />
  <Point X="137" Y="241" T="116461645" />
  <Point X="139" Y="243" T="116461660" />
  <Point X="141" Y="246" T="116461675" />
  <Point X="141" Y="250" T="116461690" />
  <Point X="139" Y="252" T="116461717" />
  <Point X="137" Y="251" T="116461732" />
  <Point X="132" Y="249" T="116461749" />
  <Point X="126" Y="245" T="116461766" />
  <Point X="117" Y="237" T="116461782" />
  <Point X="108" Y="229" T="116461799" />
  <Point X="99" Y="219" T="116461817" />
  <Point X="97" Y="217" T="116461818" />
  <Point X="87" Y="208" T="116461836" />
  <Point X="77" Y="200" T="116461854" />
  <Point X="69" Y="197" T="116461872" />
  <Point X="63" Y="194" T="116461890" />
  <Point X="58" Y="193" T="116461908" />
  <Point X="56" Y="193" T="116461926" />
  <Point X="58" Y="193" T="116461970" />
  <Point X="63" Y="194" T="116461989" />
  <Point X="74" Y="194" T="116462008" />
  <Point X="89" Y="192" T="116462027" />
  <Point X="105" Y="188" T="116462047" />
  <Point X="123" Y="185" T="116462067" />
  <Point X="141" Y="182" T="116462087" />
  <Point X="154" Y="179" T="116462108" />
  <Point X="161" Y="178" T="116462127" />
  <Point X="164" Y="178" T="116462147" />
  <Point X="166" Y="179" T="116462167" />
  <Point X="165" Y="181" T="116462194" />
  <Point X="161" Y="184" T="116462214" />
  <Point X="153" Y="190" T="116462235" />
  <Point X="143" Y="198" T="116462257" />
  <Point X="129" Y="209" T="116462279" />
  <Point X="119" Y="219" T="116462301" />
  <Point X="117" Y="221" T="116462302" />
  <Point X="107" Y="231" T="116462325" />
  <Point X="98" Y="242" T="116462348" />
  <Point X="91" Y="251" T="116462371" />
  <Point X="84" Y="260" T="116462394" />
  <Point X="82" Y="262" T="116462417" />
  <Point X="80" Y="265" T="116462440" />
  <Point X="81" Y="260" T="116462463" />
</Gesture>