﻿<?xml version="1.0" encoding="utf-8" standalone="yes"?>
<Gesture Name="star09" Subject="4" Speed="fast" Number="9" NumPts="80" Millseconds="1149" AppName="Gestures" AppVer="3.7.0.0" Date="Friday, March 09, 2007" TimeOfDay="8:17:03 PM">
  <Point X="83" Y="255" T="116464054" />
  <Point X="83" Y="253" T="116464066" />
  <Point X="84" Y="250" T="116464082" />
  <Point X="84" Y="248" T="116464090" />
  <Point X="85" Y="245" T="116464098" />
  <Point X="86" Y="241" T="116464107" />
  <Point X="86" Y="237" T="116464115" />
  <Point X="87" Y="233" T="116464123" />
  <Point X="88" Y="231" T="116464130" />
  <Point X="88" Y="226" T="116464136" />
  <Point X="89" Y="220" T="116464143" />
  <Point X="89" Y="217" T="116464150" />
  <Point X="90" Y="214" T="116464151" />
  <Point X="91" Y="207" T="116464159" />
  <Point X="91" Y="203" T="116464167" />
  <Point X="92" Y="198" T="116464168" />
  <Point X="94" Y="191" T="116464176" />
  <Point X="95" Y="182" T="116464184" />
  <Point X="97" Y="174" T="116464193" />
  <Point X="99" Y="166" T="116464202" />
  <Point X="100" Y="158" T="116464211" />
  <Point X="101" Y="153" T="116464220" />
  <Point X="101" Y="149" T="116464230" />
  <Point X="102" Y="146" T="116464239" />
  <Point X="102" Y="143" T="116464249" />
  <Point X="103" Y="141" T="116464267" />
  <Point X="105" Y="144" T="116464299" />
  <Point X="106" Y="146" T="116464311" />
  <Point X="107" Y="149" T="116464322" />
  <Point X="109" Y="155" T="116464333" />
  <Point X="111" Y="164" T="116464345" />
  <Point X="113" Y="171" T="116464356" />
  <Point X="116" Y="180" T="116464368" />
  <Point X="118" Y="189" T="116464381" />
  <Point X="121" Y="197" T="116464393" />
  <Point X="123" Y="207" T="116464406" />
  <Point X="125" Y="217" T="116464419" />
  <Point X="126" Y="219" T="116464420" />
  <Point X="128" Y="228" T="116464433" />
  <Point X="130" Y="234" T="116464446" />
  <Point X="133" Y="241" T="116464460" />
  <Point X="136" Y="246" T="116464474" />
  <Point X="138" Y="249" T="116464490" />
  <Point X="135" Y="249" T="116464545" />
  <Point X="132" Y="248" T="116464559" />
  <Point X="126" Y="245" T="116464573" />
  <Point X="121" Y="240" T="116464588" />
  <Point X="112" Y="233" T="116464603" />
  <Point X="103" Y="224" T="116464618" />
  <Point X="93" Y="214" T="116464634" />
  <Point X="83" Y="206" T="116464650" />
  <Point X="73" Y="198" T="116464666" />
  <Point X="67" Y="194" T="116464682" />
  <Point X="60" Y="193" T="116464698" />
  <Point X="56" Y="191" T="116464715" />
  <Point X="53" Y="191" T="116464731" />
  <Point X="56" Y="190" T="116464778" />
  <Point X="63" Y="191" T="116464795" />
  <Point X="73" Y="192" T="116464813" />
  <Point X="93" Y="190" T="116464831" />
  <Point X="110" Y="187" T="116464849" />
  <Point X="131" Y="184" T="116464867" />
  <Point X="145" Y="182" T="116464886" />
  <Point X="147" Y="182" T="116464887" />
  <Point X="154" Y="181" T="116464906" />
  <Point X="157" Y="180" T="116464907" />
  <Point X="162" Y="179" T="116464926" />
  <Point X="164" Y="178" T="116464944" />
  <Point X="167" Y="178" T="116464963" />
  <Point X="166" Y="181" T="116464990" />
  <Point X="161" Y="185" T="116465010" />
  <Point X="149" Y="194" T="116465030" />
  <Point X="136" Y="204" T="116465051" />
  <Point X="122" Y="217" T="116465072" />
  <Point X="108" Y="231" T="116465097" />
  <Point X="97" Y="241" T="116465119" />
  <Point X="92" Y="247" T="116465139" />
  <Point X="88" Y="251" T="116465161" />
  <Point X="87" Y="253" T="116465182" />
  <Point X="85" Y="255" T="116465203" />
</Gesture>