﻿<?xml version="1.0" encoding="utf-8" standalone="yes"?>
<Gesture Name="star05" Subject="4" Speed="fast" Number="5" NumPts="101" Millseconds="1609" AppName="Gestures" AppVer="3.7.0.0" Date="Friday, March 09, 2007" TimeOfDay="8:16:53 PM">
  <Point X="75" Y="265" T="116454056" />
  <Point X="76" Y="262" T="116454076" />
  <Point X="77" Y="260" T="116454088" />
  <Point X="78" Y="257" T="116454100" />
  <Point X="79" Y="255" T="116454108" />
  <Point X="80" Y="252" T="116454117" />
  <Point X="80" Y="249" T="116454125" />
  <Point X="81" Y="246" T="116454133" />
  <Point X="82" Y="243" T="116454141" />
  <Point X="82" Y="241" T="116454148" />
  <Point X="82" Y="236" T="116454155" />
  <Point X="83" Y="230" T="116454162" />
  <Point X="84" Y="225" T="116454170" />
  <Point X="85" Y="218" T="116454177" />
  <Point X="87" Y="212" T="116454185" />
  <Point X="88" Y="205" T="116454193" />
  <Point X="90" Y="198" T="116454201" />
  <Point X="92" Y="191" T="116454210" />
  <Point X="93" Y="186" T="116454218" />
  <Point X="94" Y="180" T="116454227" />
  <Point X="94" Y="175" T="116454236" />
  <Point X="94" Y="173" T="116454238" />
  <Point X="95" Y="167" T="116454247" />
  <Point X="95" Y="164" T="116454257" />
  <Point X="96" Y="161" T="116454258" />
  <Point X="97" Y="159" T="116454268" />
  <Point X="98" Y="151" T="116454278" />
  <Point X="99" Y="148" T="116454289" />
  <Point X="100" Y="146" T="116454299" />
  <Point X="101" Y="141" T="116454310" />
  <Point X="101" Y="139" T="116454321" />
  <Point X="102" Y="137" T="116454334" />
  <Point X="103" Y="135" T="116454357" />
  <Point X="104" Y="138" T="116454392" />
  <Point X="105" Y="140" T="116454404" />
  <Point X="106" Y="142" T="116454416" />
  <Point X="106" Y="149" T="116454429" />
  <Point X="107" Y="155" T="116454441" />
  <Point X="108" Y="163" T="116454455" />
  <Point X="110" Y="172" T="116454468" />
  <Point X="110" Y="174" T="116454469" />
  <Point X="112" Y="183" T="116454483" />
  <Point X="114" Y="192" T="116454498" />
  <Point X="117" Y="202" T="116454513" />
  <Point X="117" Y="204" T="116454514" />
  <Point X="119" Y="211" T="116454528" />
  <Point X="121" Y="218" T="116454543" />
  <Point X="124" Y="225" T="116454558" />
  <Point X="127" Y="235" T="116454573" />
  <Point X="128" Y="239" T="116454588" />
  <Point X="129" Y="242" T="116454590" />
  <Point X="131" Y="248" T="116454609" />
  <Point X="132" Y="252" T="116454625" />
  <Point X="132" Y="254" T="116454641" />
  <Point X="133" Y="256" T="116454657" />
  <Point X="131" Y="256" T="116454715" />
  <Point X="129" Y="254" T="116454731" />
  <Point X="125" Y="249" T="116454748" />
  <Point X="119" Y="243" T="116454768" />
  <Point X="108" Y="233" T="116454789" />
  <Point X="101" Y="228" T="116454807" />
  <Point X="99" Y="226" T="116454808" />
  <Point X="90" Y="219" T="116454826" />
  <Point X="88" Y="217" T="116454828" />
  <Point X="78" Y="212" T="116454847" />
  <Point X="72" Y="208" T="116454866" />
  <Point X="63" Y="203" T="116454885" />
  <Point X="59" Y="201" T="116454904" />
  <Point X="54" Y="198" T="116454923" />
  <Point X="52" Y="196" T="116454942" />
  <Point X="51" Y="194" T="116454975" />
  <Point X="54" Y="193" T="116455007" />
  <Point X="57" Y="193" T="116455027" />
  <Point X="59" Y="192" T="116455028" />
  <Point X="68" Y="193" T="116455048" />
  <Point X="80" Y="191" T="116455070" />
  <Point X="98" Y="190" T="116455091" />
  <Point X="116" Y="188" T="116455116" />
  <Point X="131" Y="183" T="116455138" />
  <Point X="146" Y="178" T="116455160" />
  <Point X="155" Y="176" T="116455182" />
  <Point X="164" Y="173" T="116455204" />
  <Point X="169" Y="170" T="116455226" />
  <Point X="171" Y="169" T="116455248" />
  <Point X="171" Y="172" T="116455284" />
  <Point X="169" Y="174" T="116455307" />
  <Point X="162" Y="179" T="116455330" />
  <Point X="153" Y="187" T="116455353" />
  <Point X="143" Y="195" T="116455377" />
  <Point X="130" Y="206" T="116455402" />
  <Point X="121" Y="215" T="116455427" />
  <Point X="117" Y="219" T="116455428" />
  <Point X="108" Y="227" T="116455453" />
  <Point X="101" Y="236" T="116455478" />
  <Point X="93" Y="244" T="116455504" />
  <Point X="91" Y="246" T="116455505" />
  <Point X="86" Y="251" T="116455530" />
  <Point X="82" Y="256" T="116455555" />
  <Point X="78" Y="263" T="116455581" />
  <Point X="76" Y="264" T="116455609" />
  <Point X="75" Y="266" T="116455665" />
</Gesture>