﻿<?xml version="1.0" encoding="utf-8" standalone="yes"?>
<Gesture Name="star01" Subject="4" Speed="fast" Number="1" NumPts="103" Millseconds="1702" AppName="Gestures" AppVer="3.7.0.0" Date="Friday, March 09, 2007" TimeOfDay="8:16:11 PM">
  <Point X="92" Y="230" T="116411370" />
  <Point X="93" Y="227" T="116411398" />
  <Point X="93" Y="225" T="116411406" />
  <Point X="94" Y="223" T="116411418" />
  <Point X="94" Y="219" T="116411426" />
  <Point X="95" Y="216" T="116411435" />
  <Point X="95" Y="214" T="116411443" />
  <Point X="95" Y="210" T="116411451" />
  <Point X="96" Y="207" T="116411459" />
  <Point X="96" Y="204" T="116411467" />
  <Point X="96" Y="202" T="116411474" />
  <Point X="97" Y="197" T="116411481" />
  <Point X="97" Y="192" T="116411489" />
  <Point X="98" Y="187" T="116411496" />
  <Point X="99" Y="183" T="116411504" />
  <Point X="99" Y="178" T="116411512" />
  <Point X="100" Y="172" T="116411520" />
  <Point X="101" Y="167" T="116411528" />
  <Point X="102" Y="161" T="116411537" />
  <Point X="103" Y="158" T="116411546" />
  <Point X="103" Y="154" T="116411555" />
  <Point X="103" Y="152" T="116411556" />
  <Point X="104" Y="148" T="116411565" />
  <Point X="105" Y="145" T="116411575" />
  <Point X="105" Y="142" T="116411585" />
  <Point X="106" Y="138" T="116411595" />
  <Point X="106" Y="136" T="116411596" />
  <Point X="106" Y="133" T="116411606" />
  <Point X="107" Y="130" T="116411616" />
  <Point X="107" Y="128" T="116411627" />
  <Point X="107" Y="126" T="116411639" />
  <Point X="107" Y="124" T="116411659" />
  <Point X="107" Y="126" T="116411695" />
  <Point X="109" Y="129" T="116411712" />
  <Point X="110" Y="132" T="116411725" />
  <Point X="112" Y="137" T="116411739" />
  <Point X="113" Y="139" T="116411740" />
  <Point X="115" Y="145" T="116411754" />
  <Point X="117" Y="151" T="116411767" />
  <Point X="119" Y="156" T="116411780" />
  <Point X="121" Y="162" T="116411793" />
  <Point X="124" Y="169" T="116411807" />
  <Point X="126" Y="177" T="116411820" />
  <Point X="127" Y="180" T="116411834" />
  <Point X="129" Y="188" T="116411849" />
  <Point X="131" Y="194" T="116411863" />
  <Point X="133" Y="202" T="116411878" />
  <Point X="135" Y="208" T="116411892" />
  <Point X="136" Y="211" T="116411907" />
  <Point X="138" Y="218" T="116411925" />
  <Point X="138" Y="220" T="116411940" />
  <Point X="139" Y="222" T="116411941" />
  <Point X="139" Y="225" T="116411956" />
  <Point X="140" Y="231" T="116411973" />
  <Point X="141" Y="233" T="116412028" />
  <Point X="139" Y="231" T="116412064" />
  <Point X="137" Y="229" T="116412080" />
  <Point X="133" Y="226" T="116412097" />
  <Point X="129" Y="222" T="116412114" />
  <Point X="124" Y="217" T="116412132" />
  <Point X="119" Y="213" T="116412150" />
  <Point X="110" Y="204" T="116412168" />
  <Point X="105" Y="199" T="116412186" />
  <Point X="96" Y="192" T="116412205" />
  <Point X="89" Y="188" T="116412223" />
  <Point X="83" Y="184" T="116412242" />
  <Point X="76" Y="180" T="116412261" />
  <Point X="71" Y="177" T="116412280" />
  <Point X="69" Y="174" T="116412299" />
  <Point X="66" Y="173" T="116412300" />
  <Point X="64" Y="172" T="116412320" />
  <Point X="62" Y="170" T="116412339" />
  <Point X="60" Y="168" T="116412359" />
  <Point X="62" Y="170" T="116412408" />
  <Point X="66" Y="170" T="116412428" />
  <Point X="75" Y="172" T="116412449" />
  <Point X="85" Y="173" T="116412471" />
  <Point X="101" Y="174" T="116412493" />
  <Point X="115" Y="173" T="116412515" />
  <Point X="118" Y="173" T="116412516" />
  <Point X="131" Y="171" T="116412539" />
  <Point X="146" Y="167" T="116412562" />
  <Point X="158" Y="165" T="116412584" />
  <Point X="165" Y="163" T="116412607" />
  <Point X="173" Y="161" T="116412629" />
  <Point X="178" Y="161" T="116412652" />
  <Point X="180" Y="160" T="116412675" />
  <Point X="177" Y="162" T="116412720" />
  <Point X="172" Y="163" T="116412743" />
  <Point X="165" Y="168" T="116412767" />
  <Point X="156" Y="175" T="116412791" />
  <Point X="144" Y="183" T="116412815" />
  <Point X="135" Y="192" T="116412839" />
  <Point X="131" Y="195" T="116412840" />
  <Point X="123" Y="202" T="116412866" />
  <Point X="116" Y="210" T="116412891" />
  <Point X="110" Y="217" T="116412916" />
  <Point X="104" Y="224" T="116412942" />
  <Point X="99" Y="228" T="116412967" />
  <Point X="94" Y="233" T="116412993" />
  <Point X="92" Y="235" T="116413018" />
  <Point X="90" Y="237" T="116413046" />
  <Point X="90" Y="235" T="116413072" />
</Gesture>