﻿<?xml version="1.0" encoding="utf-8" standalone="yes"?>
<Gesture Name="star03" Subject="4" Speed="fast" Number="3" NumPts="99" Millseconds="1559" AppName="Gestures" AppVer="3.7.0.0" Date="Friday, March 09, 2007" TimeOfDay="8:16:48 PM">
  <Point X="81" Y="234" T="116449297" />
  <Point X="81" Y="232" T="116449328" />
  <Point X="82" Y="230" T="116449336" />
  <Point X="83" Y="227" T="116449345" />
  <Point X="84" Y="224" T="116449353" />
  <Point X="85" Y="222" T="116449365" />
  <Point X="85" Y="219" T="116449373" />
  <Point X="86" Y="216" T="116449381" />
  <Point X="87" Y="213" T="116449389" />
  <Point X="87" Y="211" T="116449397" />
  <Point X="88" Y="207" T="116449405" />
  <Point X="89" Y="203" T="116449413" />
  <Point X="89" Y="199" T="116449421" />
  <Point X="90" Y="196" T="116449430" />
  <Point X="91" Y="191" T="116449437" />
  <Point X="92" Y="189" T="116449445" />
  <Point X="93" Y="183" T="116449454" />
  <Point X="94" Y="179" T="116449462" />
  <Point X="95" Y="175" T="116449470" />
  <Point X="96" Y="170" T="116449479" />
  <Point X="97" Y="166" T="116449488" />
  <Point X="98" Y="162" T="116449498" />
  <Point X="98" Y="159" T="116449507" />
  <Point X="99" Y="155" T="116449516" />
  <Point X="99" Y="153" T="116449517" />
  <Point X="99" Y="150" T="116449527" />
  <Point X="100" Y="148" T="116449538" />
  <Point X="100" Y="144" T="116449549" />
  <Point X="101" Y="141" T="116449550" />
  <Point X="102" Y="139" T="116449565" />
  <Point X="103" Y="136" T="116449581" />
  <Point X="103" Y="134" T="116449592" />
  <Point X="103" Y="132" T="116449614" />
  <Point X="105" Y="134" T="116449663" />
  <Point X="105" Y="137" T="116449675" />
  <Point X="106" Y="139" T="116449687" />
  <Point X="107" Y="146" T="116449700" />
  <Point X="107" Y="151" T="116449712" />
  <Point X="109" Y="158" T="116449726" />
  <Point X="112" Y="167" T="116449739" />
  <Point X="114" Y="173" T="116449753" />
  <Point X="116" Y="181" T="116449767" />
  <Point X="117" Y="184" T="116449768" />
  <Point X="119" Y="190" T="116449783" />
  <Point X="120" Y="192" T="116449784" />
  <Point X="122" Y="199" T="116449798" />
  <Point X="123" Y="201" T="116449799" />
  <Point X="124" Y="208" T="116449815" />
  <Point X="125" Y="210" T="116449816" />
  <Point X="126" Y="216" T="116449831" />
  <Point X="128" Y="224" T="116449847" />
  <Point X="130" Y="232" T="116449863" />
  <Point X="130" Y="234" T="116449882" />
  <Point X="131" Y="237" T="116449883" />
  <Point X="131" Y="239" T="116449900" />
  <Point X="129" Y="238" T="116449960" />
  <Point X="125" Y="234" T="116449977" />
  <Point X="120" Y="229" T="116449994" />
  <Point X="114" Y="224" T="116450011" />
  <Point X="106" Y="216" T="116450029" />
  <Point X="99" Y="208" T="116450046" />
  <Point X="92" Y="202" T="116450064" />
  <Point X="85" Y="196" T="116450083" />
  <Point X="76" Y="189" T="116450101" />
  <Point X="70" Y="187" T="116450119" />
  <Point X="65" Y="183" T="116450138" />
  <Point X="60" Y="181" T="116450156" />
  <Point X="56" Y="178" T="116450175" />
  <Point X="54" Y="176" T="116450194" />
  <Point X="52" Y="173" T="116450213" />
  <Point X="54" Y="173" T="116450252" />
  <Point X="57" Y="173" T="116450271" />
  <Point X="60" Y="173" T="116450272" />
  <Point X="70" Y="175" T="116450293" />
  <Point X="83" Y="177" T="116450314" />
  <Point X="98" Y="177" T="116450335" />
  <Point X="101" Y="177" T="116450337" />
  <Point X="120" Y="175" T="116450361" />
  <Point X="136" Y="172" T="116450383" />
  <Point X="138" Y="171" T="116450384" />
  <Point X="151" Y="169" T="116450406" />
  <Point X="160" Y="167" T="116450429" />
  <Point X="167" Y="165" T="116450451" />
  <Point X="169" Y="166" T="116450473" />
  <Point X="168" Y="168" T="116450520" />
  <Point X="162" Y="172" T="116450543" />
  <Point X="152" Y="178" T="116450566" />
  <Point X="140" Y="186" T="116450590" />
  <Point X="128" Y="195" T="116450614" />
  <Point X="118" Y="205" T="116450638" />
  <Point X="110" Y="212" T="116450662" />
  <Point X="103" Y="218" T="116450686" />
  <Point X="97" Y="225" T="116450711" />
  <Point X="93" Y="229" T="116450735" />
  <Point X="89" Y="233" T="116450760" />
  <Point X="87" Y="234" T="116450761" />
  <Point X="82" Y="237" T="116450786" />
  <Point X="81" Y="239" T="116450811" />
  <Point X="81" Y="237" T="116450856" />
</Gesture>