﻿<?xml version="1.0" encoding="utf-8" standalone="yes"?>
<Gesture Name="star10" Subject="4" Speed="fast" Number="10" NumPts="83" Millseconds="1211" AppName="Gestures" AppVer="3.7.0.0" Date="Friday, March 09, 2007" TimeOfDay="8:17:05 PM">
  <Point X="89" Y="246" T="116466285" />
  <Point X="89" Y="243" T="116466321" />
  <Point X="90" Y="240" T="116466329" />
  <Point X="91" Y="236" T="116466341" />
  <Point X="91" Y="234" T="116466346" />
  <Point X="92" Y="230" T="116466353" />
  <Point X="92" Y="227" T="116466359" />
  <Point X="93" Y="223" T="116466366" />
  <Point X="93" Y="220" T="116466372" />
  <Point X="94" Y="214" T="116466379" />
  <Point X="95" Y="208" T="116466386" />
  <Point X="96" Y="205" T="116466392" />
  <Point X="96" Y="201" T="116466394" />
  <Point X="97" Y="192" T="116466401" />
  <Point X="98" Y="188" T="116466409" />
  <Point X="98" Y="183" T="116466410" />
  <Point X="99" Y="175" T="116466418" />
  <Point X="100" Y="167" T="116466426" />
  <Point X="100" Y="160" T="116466435" />
  <Point X="101" Y="154" T="116466444" />
  <Point X="101" Y="150" T="116466454" />
  <Point X="100" Y="146" T="116466463" />
  <Point X="100" Y="144" T="116466472" />
  <Point X="102" Y="145" T="116466518" />
  <Point X="104" Y="148" T="116466530" />
  <Point X="105" Y="151" T="116466540" />
  <Point X="108" Y="160" T="116466551" />
  <Point X="110" Y="166" T="116466562" />
  <Point X="111" Y="169" T="116466563" />
  <Point X="113" Y="176" T="116466574" />
  <Point X="115" Y="179" T="116466575" />
  <Point X="118" Y="188" T="116466587" />
  <Point X="121" Y="197" T="116466599" />
  <Point X="124" Y="207" T="116466611" />
  <Point X="126" Y="216" T="116466623" />
  <Point X="128" Y="224" T="116466636" />
  <Point X="131" Y="233" T="116466649" />
  <Point X="134" Y="239" T="116466661" />
  <Point X="135" Y="242" T="116466662" />
  <Point X="137" Y="247" T="116466675" />
  <Point X="138" Y="251" T="116466689" />
  <Point X="141" Y="252" T="116466702" />
  <Point X="139" Y="251" T="116466746" />
  <Point X="136" Y="247" T="116466760" />
  <Point X="130" Y="242" T="116466774" />
  <Point X="125" Y="239" T="116466789" />
  <Point X="117" Y="232" T="116466803" />
  <Point X="108" Y="223" T="116466819" />
  <Point X="99" Y="216" T="116466834" />
  <Point X="91" Y="210" T="116466852" />
  <Point X="86" Y="206" T="116466868" />
  <Point X="79" Y="202" T="116466883" />
  <Point X="73" Y="199" T="116466899" />
  <Point X="69" Y="197" T="116466915" />
  <Point X="67" Y="195" T="116466931" />
  <Point X="65" Y="194" T="116466947" />
  <Point X="67" Y="193" T="116466992" />
  <Point X="71" Y="194" T="116467009" />
  <Point X="79" Y="194" T="116467026" />
  <Point X="90" Y="195" T="116467044" />
  <Point X="102" Y="195" T="116467062" />
  <Point X="118" Y="194" T="116467081" />
  <Point X="130" Y="191" T="116467099" />
  <Point X="133" Y="191" T="116467100" />
  <Point X="143" Y="190" T="116467119" />
  <Point X="146" Y="188" T="116467120" />
  <Point X="155" Y="186" T="116467139" />
  <Point X="157" Y="185" T="116467140" />
  <Point X="163" Y="182" T="116467160" />
  <Point X="168" Y="180" T="116467179" />
  <Point X="170" Y="179" T="116467199" />
  <Point X="168" Y="181" T="116467243" />
  <Point X="164" Y="185" T="116467263" />
  <Point X="153" Y="195" T="116467284" />
  <Point X="141" Y="204" T="116467305" />
  <Point X="131" Y="212" T="116467326" />
  <Point X="129" Y="213" T="116467327" />
  <Point X="119" Y="222" T="116467350" />
  <Point X="107" Y="233" T="116467372" />
  <Point X="99" Y="241" T="116467394" />
  <Point X="93" Y="249" T="116467419" />
  <Point X="91" Y="250" T="116467447" />
  <Point X="91" Y="248" T="116467496" />
</Gesture>