﻿<?xml version="1.0" encoding="utf-8" standalone="yes"?>
<Gesture Name="star07" Subject="4" Speed="fast" Number="7" NumPts="93" Millseconds="1285" AppName="Gestures" AppVer="3.7.0.0" Date="Friday, March 09, 2007" TimeOfDay="8:16:58 PM">
  <Point X="77" Y="249" T="116458993" />
  <Point X="79" Y="247" T="116459030" />
  <Point X="79" Y="244" T="116459038" />
  <Point X="80" Y="241" T="116459046" />
  <Point X="81" Y="238" T="116459054" />
  <Point X="81" Y="235" T="116459062" />
  <Point X="82" Y="233" T="116459068" />
  <Point X="82" Y="227" T="116459074" />
  <Point X="83" Y="225" T="116459081" />
  <Point X="84" Y="220" T="116459087" />
  <Point X="84" Y="214" T="116459094" />
  <Point X="85" Y="211" T="116459101" />
  <Point X="85" Y="207" T="116459102" />
  <Point X="86" Y="202" T="116459110" />
  <Point X="87" Y="199" T="116459111" />
  <Point X="88" Y="191" T="116459119" />
  <Point X="90" Y="182" T="116459127" />
  <Point X="92" Y="174" T="116459135" />
  <Point X="93" Y="168" T="116459144" />
  <Point X="94" Y="161" T="116459153" />
  <Point X="95" Y="158" T="116459154" />
  <Point X="96" Y="153" T="116459164" />
  <Point X="97" Y="148" T="116459173" />
  <Point X="98" Y="146" T="116459174" />
  <Point X="99" Y="144" T="116459184" />
  <Point X="100" Y="141" T="116459194" />
  <Point X="101" Y="138" T="116459204" />
  <Point X="102" Y="135" T="116459215" />
  <Point X="103" Y="133" T="116459225" />
  <Point X="105" Y="132" T="116459254" />
  <Point X="106" Y="134" T="116459266" />
  <Point X="107" Y="137" T="116459278" />
  <Point X="108" Y="140" T="116459289" />
  <Point X="108" Y="142" T="116459290" />
  <Point X="109" Y="147" T="116459303" />
  <Point X="111" Y="157" T="116459315" />
  <Point X="113" Y="165" T="116459328" />
  <Point X="115" Y="176" T="116459341" />
  <Point X="117" Y="184" T="116459353" />
  <Point X="118" Y="187" T="116459355" />
  <Point X="120" Y="195" T="116459368" />
  <Point X="123" Y="206" T="116459383" />
  <Point X="125" Y="212" T="116459397" />
  <Point X="127" Y="220" T="116459411" />
  <Point X="131" Y="227" T="116459425" />
  <Point X="133" Y="230" T="116459439" />
  <Point X="136" Y="234" T="116459454" />
  <Point X="137" Y="236" T="116459469" />
  <Point X="138" Y="238" T="116459486" />
  <Point X="139" Y="243" T="116459501" />
  <Point X="137" Y="242" T="116459538" />
  <Point X="135" Y="240" T="116459553" />
  <Point X="130" Y="236" T="116459569" />
  <Point X="123" Y="230" T="116459585" />
  <Point X="121" Y="229" T="116459587" />
  <Point X="113" Y="220" T="116459604" />
  <Point X="103" Y="212" T="116459621" />
  <Point X="91" Y="204" T="116459638" />
  <Point X="81" Y="201" T="116459656" />
  <Point X="71" Y="196" T="116459674" />
  <Point X="69" Y="196" T="116459675" />
  <Point X="63" Y="194" T="116459692" />
  <Point X="54" Y="190" T="116459711" />
  <Point X="52" Y="189" T="116459728" />
  <Point X="50" Y="188" T="116459747" />
  <Point X="49" Y="186" T="116459765" />
  <Point X="51" Y="184" T="116459783" />
  <Point X="57" Y="184" T="116459802" />
  <Point X="64" Y="184" T="116459822" />
  <Point X="66" Y="184" T="116459823" />
  <Point X="80" Y="183" T="116459843" />
  <Point X="98" Y="183" T="116459863" />
  <Point X="118" Y="181" T="116459884" />
  <Point X="137" Y="178" T="116459905" />
  <Point X="141" Y="177" T="116459906" />
  <Point X="158" Y="174" T="116459927" />
  <Point X="170" Y="171" T="116459949" />
  <Point X="176" Y="169" T="116459970" />
  <Point X="178" Y="168" T="116459991" />
  <Point X="176" Y="170" T="116460018" />
  <Point X="172" Y="173" T="116460040" />
  <Point X="160" Y="181" T="116460062" />
  <Point X="149" Y="190" T="116460085" />
  <Point X="147" Y="191" T="116460087" />
  <Point X="134" Y="201" T="116460110" />
  <Point X="131" Y="204" T="116460111" />
  <Point X="117" Y="218" T="116460135" />
  <Point X="104" Y="230" T="116460159" />
  <Point X="95" Y="240" T="116460183" />
  <Point X="87" Y="245" T="116460207" />
  <Point X="83" Y="248" T="116460231" />
  <Point X="80" Y="251" T="116460255" />
  <Point X="78" Y="251" T="116460278" />
</Gesture>