﻿<?xml version="1.0" encoding="utf-8" standalone="yes"?>
<Gesture Name="star06" Subject="4" Speed="fast" Number="6" NumPts="95" Millseconds="1518" AppName="Gestures" AppVer="3.7.0.0" Date="Friday, March 09, 2007" TimeOfDay="8:16:56 PM">
  <Point X="73" Y="247" T="116456758" />
  <Point X="74" Y="245" T="116456794" />
  <Point X="75" Y="242" T="116456801" />
  <Point X="75" Y="240" T="116456806" />
  <Point X="76" Y="238" T="116456813" />
  <Point X="77" Y="234" T="116456822" />
  <Point X="78" Y="232" T="116456828" />
  <Point X="79" Y="228" T="116456834" />
  <Point X="80" Y="225" T="116456842" />
  <Point X="81" Y="221" T="116456850" />
  <Point X="81" Y="218" T="116456857" />
  <Point X="82" Y="216" T="116456858" />
  <Point X="83" Y="212" T="116456866" />
  <Point X="85" Y="207" T="116456875" />
  <Point X="86" Y="202" T="116456883" />
  <Point X="88" Y="196" T="116456891" />
  <Point X="90" Y="191" T="116456899" />
  <Point X="92" Y="185" T="116456907" />
  <Point X="94" Y="179" T="116456916" />
  <Point X="95" Y="174" T="116456925" />
  <Point X="98" Y="166" T="116456934" />
  <Point X="99" Y="162" T="116456944" />
  <Point X="100" Y="158" T="116456953" />
  <Point X="101" Y="155" T="116456963" />
  <Point X="102" Y="149" T="116456973" />
  <Point X="103" Y="146" T="116456983" />
  <Point X="104" Y="143" T="116456993" />
  <Point X="105" Y="141" T="116457003" />
  <Point X="105" Y="139" T="116457014" />
  <Point X="106" Y="136" T="116457030" />
  <Point X="108" Y="137" T="116457098" />
  <Point X="108" Y="139" T="116457110" />
  <Point X="109" Y="141" T="116457121" />
  <Point X="110" Y="144" T="116457133" />
  <Point X="110" Y="147" T="116457134" />
  <Point X="111" Y="153" T="116457147" />
  <Point X="111" Y="157" T="116457159" />
  <Point X="113" Y="167" T="116457172" />
  <Point X="114" Y="173" T="116457185" />
  <Point X="117" Y="182" T="116457199" />
  <Point X="118" Y="186" T="116457212" />
  <Point X="120" Y="196" T="116457226" />
  <Point X="123" Y="204" T="116457240" />
  <Point X="125" Y="212" T="116457254" />
  <Point X="126" Y="217" T="116457269" />
  <Point X="129" Y="227" T="116457283" />
  <Point X="130" Y="230" T="116457298" />
  <Point X="131" Y="233" T="116457299" />
  <Point X="132" Y="239" T="116457316" />
  <Point X="133" Y="242" T="116457331" />
  <Point X="133" Y="245" T="116457347" />
  <Point X="133" Y="247" T="116457362" />
  <Point X="134" Y="249" T="116457377" />
  <Point X="132" Y="249" T="116457458" />
  <Point X="130" Y="248" T="116457474" />
  <Point X="125" Y="243" T="116457490" />
  <Point X="117" Y="236" T="116457508" />
  <Point X="108" Y="229" T="116457525" />
  <Point X="96" Y="220" T="116457543" />
  <Point X="87" Y="212" T="116457561" />
  <Point X="76" Y="206" T="116457579" />
  <Point X="70" Y="203" T="116457597" />
  <Point X="66" Y="201" T="116457598" />
  <Point X="60" Y="197" T="116457617" />
  <Point X="56" Y="194" T="116457635" />
  <Point X="52" Y="190" T="116457653" />
  <Point X="50" Y="189" T="116457672" />
  <Point X="50" Y="187" T="116457691" />
  <Point X="52" Y="185" T="116457727" />
  <Point X="55" Y="185" T="116457746" />
  <Point X="57" Y="184" T="116457747" />
  <Point X="66" Y="185" T="116457767" />
  <Point X="79" Y="186" T="116457788" />
  <Point X="95" Y="186" T="116457809" />
  <Point X="112" Y="186" T="116457830" />
  <Point X="130" Y="184" T="116457852" />
  <Point X="143" Y="183" T="116457874" />
  <Point X="157" Y="179" T="116457896" />
  <Point X="165" Y="177" T="116457917" />
  <Point X="169" Y="176" T="116457939" />
  <Point X="172" Y="174" T="116457960" />
  <Point X="174" Y="174" T="116457982" />
  <Point X="173" Y="177" T="116458008" />
  <Point X="171" Y="178" T="116458030" />
  <Point X="161" Y="185" T="116458053" />
  <Point X="147" Y="193" T="116458076" />
  <Point X="137" Y="200" T="116458100" />
  <Point X="135" Y="201" T="116458101" />
  <Point X="121" Y="211" T="116458127" />
  <Point X="106" Y="221" T="116458152" />
  <Point X="97" Y="229" T="116458178" />
  <Point X="84" Y="238" T="116458202" />
  <Point X="77" Y="245" T="116458227" />
  <Point X="72" Y="248" T="116458252" />
  <Point X="69" Y="252" T="116458276" />
</Gesture>