﻿<?xml version="1.0" encoding="utf-8" standalone="yes"?>
<Gesture Name="triangle10" Subject="4" Speed="fast" Number="10" NumPts="83" Millseconds="1220" AppName="Gestures" AppVer="3.7.0.0" Date="Friday, March 09, 2007" TimeOfDay="8:36:36 PM">
  <Point X="109" Y="134" T="117640171" />
  <Point X="107" Y="136" T="117640242" />
  <Point X="106" Y="138" T="117640254" />
  <Point X="105" Y="140" T="117640263" />
  <Point X="104" Y="142" T="117640270" />
  <Point X="102" Y="144" T="117640279" />
  <Point X="101" Y="146" T="117640285" />
  <Point X="99" Y="149" T="117640291" />
  <Point X="97" Y="153" T="117640299" />
  <Point X="96" Y="155" T="117640306" />
  <Point X="94" Y="158" T="117640312" />
  <Point X="91" Y="162" T="117640319" />
  <Point X="90" Y="164" T="117640326" />
  <Point X="89" Y="166" T="117640328" />
  <Point X="86" Y="169" T="117640335" />
  <Point X="84" Y="174" T="117640343" />
  <Point X="81" Y="177" T="117640351" />
  <Point X="78" Y="182" T="117640360" />
  <Point X="76" Y="187" T="117640368" />
  <Point X="73" Y="192" T="117640377" />
  <Point X="72" Y="194" T="117640386" />
  <Point X="70" Y="197" T="117640387" />
  <Point X="69" Y="199" T="117640397" />
  <Point X="67" Y="203" T="117640406" />
  <Point X="64" Y="210" T="117640416" />
  <Point X="63" Y="213" T="117640426" />
  <Point X="60" Y="218" T="117640436" />
  <Point X="59" Y="222" T="117640446" />
  <Point X="58" Y="224" T="117640447" />
  <Point X="57" Y="226" T="117640459" />
  <Point X="55" Y="230" T="117640470" />
  <Point X="54" Y="233" T="117640482" />
  <Point X="52" Y="236" T="117640494" />
  <Point X="51" Y="239" T="117640506" />
  <Point X="50" Y="241" T="117640518" />
  <Point X="49" Y="243" T="117640539" />
  <Point X="49" Y="245" T="117640551" />
  <Point X="51" Y="246" T="117640608" />
  <Point X="54" Y="247" T="117640624" />
  <Point X="56" Y="246" T="117640637" />
  <Point X="60" Y="245" T="117640650" />
  <Point X="63" Y="244" T="117640664" />
  <Point X="66" Y="244" T="117640665" />
  <Point X="69" Y="243" T="117640678" />
  <Point X="79" Y="241" T="117640693" />
  <Point X="85" Y="241" T="117640707" />
  <Point X="93" Y="240" T="117640722" />
  <Point X="101" Y="239" T="117640739" />
  <Point X="110" Y="239" T="117640754" />
  <Point X="118" Y="239" T="117640770" />
  <Point X="127" Y="240" T="117640785" />
  <Point X="136" Y="241" T="117640801" />
  <Point X="144" Y="241" T="117640817" />
  <Point X="150" Y="241" T="117640833" />
  <Point X="159" Y="240" T="117640849" />
  <Point X="166" Y="240" T="117640865" />
  <Point X="172" Y="239" T="117640882" />
  <Point X="177" Y="239" T="117640898" />
  <Point X="182" Y="240" T="117640915" />
  <Point X="186" Y="240" T="117640933" />
  <Point X="189" Y="240" T="117640950" />
  <Point X="193" Y="240" T="117640967" />
  <Point X="195" Y="240" T="117640984" />
  <Point X="193" Y="237" T="117641052" />
  <Point X="192" Y="235" T="117641070" />
  <Point X="186" Y="226" T="117641088" />
  <Point X="182" Y="219" T="117641107" />
  <Point X="176" Y="210" T="117641126" />
  <Point X="171" Y="204" T="117641145" />
  <Point X="165" Y="196" T="117641165" />
  <Point X="160" Y="188" T="117641184" />
  <Point X="155" Y="179" T="117641204" />
  <Point X="150" Y="173" T="117641223" />
  <Point X="148" Y="169" T="117641224" />
  <Point X="141" Y="162" T="117641245" />
  <Point X="137" Y="157" T="117641265" />
  <Point X="132" Y="152" T="117641285" />
  <Point X="129" Y="148" T="117641306" />
  <Point X="126" Y="143" T="117641327" />
  <Point X="124" Y="141" T="117641348" />
  <Point X="124" Y="139" T="117641349" />
  <Point X="122" Y="137" T="117641370" />
  <Point X="121" Y="135" T="117641391" />
</Gesture>