﻿<?xml version="1.0" encoding="utf-8" standalone="yes"?>
<Gesture Name="triangle04" Subject="4" Speed="fast" Number="4" NumPts="76" Millseconds="1151" AppName="Gestures" AppVer="3.7.0.0" Date="Friday, March 09, 2007" TimeOfDay="8:36:27 PM">
  <Point X="108" Y="140" T="117630555" />
  <Point X="106" Y="142" T="117630629" />
  <Point X="105" Y="144" T="117630645" />
  <Point X="104" Y="147" T="117630653" />
  <Point X="102" Y="149" T="117630666" />
  <Point X="101" Y="152" T="117630678" />
  <Point X="100" Y="154" T="117630686" />
  <Point X="98" Y="157" T="117630698" />
  <Point X="97" Y="161" T="117630706" />
  <Point X="96" Y="164" T="117630714" />
  <Point X="94" Y="166" T="117630722" />
  <Point X="93" Y="170" T="117630730" />
  <Point X="91" Y="174" T="117630738" />
  <Point X="90" Y="177" T="117630747" />
  <Point X="88" Y="180" T="117630754" />
  <Point X="88" Y="182" T="117630762" />
  <Point X="86" Y="186" T="117630770" />
  <Point X="85" Y="189" T="117630778" />
  <Point X="83" Y="193" T="117630787" />
  <Point X="81" Y="198" T="117630795" />
  <Point X="79" Y="201" T="117630804" />
  <Point X="78" Y="205" T="117630813" />
  <Point X="77" Y="207" T="117630815" />
  <Point X="76" Y="209" T="117630824" />
  <Point X="74" Y="214" T="117630834" />
  <Point X="73" Y="218" T="117630844" />
  <Point X="70" Y="225" T="117630854" />
  <Point X="69" Y="228" T="117630865" />
  <Point X="68" Y="231" T="117630875" />
  <Point X="66" Y="235" T="117630886" />
  <Point X="66" Y="238" T="117630887" />
  <Point X="64" Y="241" T="117630899" />
  <Point X="64" Y="243" T="117630910" />
  <Point X="63" Y="245" T="117630922" />
  <Point X="62" Y="247" T="117630935" />
  <Point X="62" Y="250" T="117630955" />
  <Point X="63" Y="252" T="117630992" />
  <Point X="65" Y="253" T="117631020" />
  <Point X="67" Y="253" T="117631032" />
  <Point X="70" Y="252" T="117631045" />
  <Point X="75" Y="252" T="117631059" />
  <Point X="82" Y="252" T="117631072" />
  <Point X="88" Y="251" T="117631086" />
  <Point X="97" Y="250" T="117631101" />
  <Point X="105" Y="249" T="117631115" />
  <Point X="115" Y="248" T="117631130" />
  <Point X="124" Y="249" T="117631145" />
  <Point X="131" Y="250" T="117631160" />
  <Point X="133" Y="250" T="117631161" />
  <Point X="143" Y="249" T="117631176" />
  <Point X="150" Y="249" T="117631192" />
  <Point X="152" Y="249" T="117631193" />
  <Point X="160" Y="247" T="117631209" />
  <Point X="168" Y="246" T="117631225" />
  <Point X="174" Y="246" T="117631241" />
  <Point X="178" Y="246" T="117631257" />
  <Point X="181" Y="245" T="117631273" />
  <Point X="183" Y="245" T="117631289" />
  <Point X="182" Y="243" T="117631386" />
  <Point X="180" Y="240" T="117631403" />
  <Point X="175" Y="234" T="117631420" />
  <Point X="171" Y="230" T="117631437" />
  <Point X="165" Y="222" T="117631455" />
  <Point X="161" Y="217" T="117631473" />
  <Point X="154" Y="206" T="117631491" />
  <Point X="150" Y="200" T="117631509" />
  <Point X="145" Y="191" T="117631527" />
  <Point X="141" Y="185" T="117631546" />
  <Point X="137" Y="180" T="117631565" />
  <Point X="131" Y="172" T="117631584" />
  <Point X="127" Y="165" T="117631605" />
  <Point X="124" Y="161" T="117631625" />
  <Point X="121" Y="156" T="117631645" />
  <Point X="119" Y="152" T="117631665" />
  <Point X="118" Y="150" T="117631685" />
  <Point X="116" Y="145" T="117631706" />
</Gesture>