﻿<?xml version="1.0" encoding="utf-8" standalone="yes"?>
<Gesture Name="triangle08" Subject="4" Speed="fast" Number="8" NumPts="82" Millseconds="1233" AppName="Gestures" AppVer="3.7.0.0" Date="Friday, March 09, 2007" TimeOfDay="8:36:33 PM">
  <Point X="116" Y="135" T="117636856" />
  <Point X="114" Y="137" T="117636888" />
  <Point X="113" Y="139" T="117636904" />
  <Point X="113" Y="141" T="117636912" />
  <Point X="112" Y="143" T="117636920" />
  <Point X="111" Y="145" T="117636928" />
  <Point X="110" Y="148" T="117636936" />
  <Point X="108" Y="151" T="117636945" />
  <Point X="107" Y="153" T="117636952" />
  <Point X="106" Y="157" T="117636960" />
  <Point X="104" Y="160" T="117636968" />
  <Point X="102" Y="163" T="117636976" />
  <Point X="102" Y="166" T="117636984" />
  <Point X="101" Y="168" T="117636985" />
  <Point X="99" Y="171" T="117636992" />
  <Point X="97" Y="174" T="117637000" />
  <Point X="96" Y="178" T="117637008" />
  <Point X="94" Y="183" T="117637017" />
  <Point X="92" Y="187" T="117637025" />
  <Point X="90" Y="191" T="117637034" />
  <Point X="90" Y="193" T="117637043" />
  <Point X="87" Y="201" T="117637052" />
  <Point X="86" Y="205" T="117637062" />
  <Point X="85" Y="208" T="117637071" />
  <Point X="84" Y="210" T="117637072" />
  <Point X="83" Y="214" T="117637083" />
  <Point X="82" Y="218" T="117637093" />
  <Point X="81" Y="222" T="117637104" />
  <Point X="80" Y="225" T="117637105" />
  <Point X="79" Y="227" T="117637115" />
  <Point X="78" Y="231" T="117637126" />
  <Point X="75" Y="236" T="117637138" />
  <Point X="73" Y="239" T="117637149" />
  <Point X="70" Y="246" T="117637161" />
  <Point X="69" Y="248" T="117637172" />
  <Point X="67" Y="250" T="117637185" />
  <Point X="66" Y="252" T="117637197" />
  <Point X="65" Y="254" T="117637209" />
  <Point X="64" Y="256" T="117637224" />
  <Point X="64" Y="259" T="117637240" />
  <Point X="64" Y="261" T="117637280" />
  <Point X="67" Y="261" T="117637301" />
  <Point X="69" Y="260" T="117637314" />
  <Point X="71" Y="260" T="117637328" />
  <Point X="77" Y="259" T="117637342" />
  <Point X="87" Y="257" T="117637357" />
  <Point X="95" Y="257" T="117637372" />
  <Point X="97" Y="257" T="117637373" />
  <Point X="104" Y="258" T="117637388" />
  <Point X="106" Y="258" T="117637389" />
  <Point X="116" Y="258" T="117637405" />
  <Point X="124" Y="257" T="117637422" />
  <Point X="133" Y="258" T="117637438" />
  <Point X="142" Y="259" T="117637454" />
  <Point X="151" Y="260" T="117637470" />
  <Point X="159" Y="260" T="117637487" />
  <Point X="169" Y="258" T="117637506" />
  <Point X="176" Y="257" T="117637523" />
  <Point X="181" Y="258" T="117637540" />
  <Point X="186" Y="257" T="117637556" />
  <Point X="190" Y="256" T="117637574" />
  <Point X="192" Y="255" T="117637592" />
  <Point X="195" Y="255" T="117637612" />
  <Point X="197" Y="254" T="117637630" />
  <Point X="195" Y="252" T="117637726" />
  <Point X="191" Y="247" T="117637745" />
  <Point X="185" Y="240" T="117637764" />
  <Point X="180" Y="234" T="117637782" />
  <Point X="173" Y="225" T="117637801" />
  <Point X="167" Y="217" T="117637821" />
  <Point X="162" Y="208" T="117637840" />
  <Point X="155" Y="197" T="117637860" />
  <Point X="149" Y="188" T="117637879" />
  <Point X="145" Y="180" T="117637899" />
  <Point X="139" Y="169" T="117637920" />
  <Point X="136" Y="162" T="117637943" />
  <Point X="133" Y="156" T="117637963" />
  <Point X="130" Y="151" T="117637984" />
  <Point X="129" Y="149" T="117638004" />
  <Point X="126" Y="145" T="117638025" />
  <Point X="126" Y="143" T="117638047" />
  <Point X="126" Y="145" T="117638089" />
</Gesture>