﻿<?xml version="1.0" encoding="utf-8" standalone="yes"?>
<Gesture Name="triangle03" Subject="4" Speed="fast" Number="3" NumPts="80" Millseconds="1199" AppName="Gestures" AppVer="3.7.0.0" Date="Friday, March 09, 2007" TimeOfDay="8:36:25 PM">
  <Point X="105" Y="142" T="117629048" />
  <Point X="104" Y="144" T="117629108" />
  <Point X="103" Y="147" T="117629125" />
  <Point X="103" Y="150" T="117629133" />
  <Point X="102" Y="152" T="117629144" />
  <Point X="101" Y="154" T="117629153" />
  <Point X="100" Y="157" T="117629161" />
  <Point X="99" Y="160" T="117629169" />
  <Point X="98" Y="163" T="117629177" />
  <Point X="97" Y="165" T="117629185" />
  <Point X="96" Y="169" T="117629193" />
  <Point X="95" Y="172" T="117629201" />
  <Point X="94" Y="174" T="117629209" />
  <Point X="93" Y="176" T="117629216" />
  <Point X="92" Y="178" T="117629217" />
  <Point X="92" Y="181" T="117629225" />
  <Point X="90" Y="184" T="117629233" />
  <Point X="89" Y="187" T="117629242" />
  <Point X="88" Y="190" T="117629250" />
  <Point X="86" Y="196" T="117629259" />
  <Point X="85" Y="198" T="117629268" />
  <Point X="84" Y="201" T="117629269" />
  <Point X="83" Y="205" T="117629278" />
  <Point X="82" Y="208" T="117629288" />
  <Point X="80" Y="214" T="117629298" />
  <Point X="79" Y="217" T="117629308" />
  <Point X="78" Y="222" T="117629318" />
  <Point X="77" Y="226" T="117629329" />
  <Point X="76" Y="229" T="117629340" />
  <Point X="75" Y="232" T="117629350" />
  <Point X="73" Y="237" T="117629362" />
  <Point X="72" Y="239" T="117629373" />
  <Point X="71" Y="242" T="117629384" />
  <Point X="69" Y="244" T="117629396" />
  <Point X="68" Y="247" T="117629407" />
  <Point X="67" Y="249" T="117629420" />
  <Point X="66" Y="252" T="117629433" />
  <Point X="66" Y="254" T="117629465" />
  <Point X="69" Y="254" T="117629497" />
  <Point X="71" Y="253" T="117629514" />
  <Point X="73" Y="253" T="117629527" />
  <Point X="78" Y="252" T="117629540" />
  <Point X="81" Y="252" T="117629554" />
  <Point X="84" Y="251" T="117629555" />
  <Point X="88" Y="251" T="117629569" />
  <Point X="98" Y="249" T="117629583" />
  <Point X="106" Y="249" T="117629598" />
  <Point X="113" Y="248" T="117629613" />
  <Point X="115" Y="248" T="117629617" />
  <Point X="124" Y="248" T="117629633" />
  <Point X="132" Y="249" T="117629648" />
  <Point X="142" Y="249" T="117629664" />
  <Point X="151" Y="249" T="117629680" />
  <Point X="160" Y="248" T="117629696" />
  <Point X="166" Y="248" T="117629712" />
  <Point X="171" Y="248" T="117629729" />
  <Point X="173" Y="248" T="117629745" />
  <Point X="175" Y="248" T="117629770" />
  <Point X="175" Y="246" T="117629859" />
  <Point X="173" Y="244" T="117629877" />
  <Point X="169" Y="238" T="117629895" />
  <Point X="166" Y="233" T="117629913" />
  <Point X="161" Y="225" T="117629930" />
  <Point X="159" Y="222" T="117629931" />
  <Point X="154" Y="217" T="117629950" />
  <Point X="146" Y="206" T="117629968" />
  <Point X="140" Y="195" T="117629988" />
  <Point X="136" Y="188" T="117630007" />
  <Point X="135" Y="186" T="117630008" />
  <Point X="129" Y="177" T="117630027" />
  <Point X="125" Y="171" T="117630047" />
  <Point X="122" Y="166" T="117630066" />
  <Point X="121" Y="163" T="117630067" />
  <Point X="118" Y="158" T="117630087" />
  <Point X="116" Y="155" T="117630107" />
  <Point X="115" Y="153" T="117630128" />
  <Point X="114" Y="151" T="117630148" />
  <Point X="113" Y="149" T="117630170" />
  <Point X="113" Y="147" T="117630191" />
  <Point X="113" Y="150" T="117630247" />
</Gesture>