﻿<?xml version="1.0" encoding="utf-8" standalone="yes"?>
<Gesture Name="triangle09" Subject="4" Speed="fast" Number="9" NumPts="84" Millseconds="1259" AppName="Gestures" AppVer="3.7.0.0" Date="Friday, March 09, 2007" TimeOfDay="8:36:34 PM">
  <Point X="114" Y="134" T="117638461" />
  <Point X="113" Y="136" T="117638509" />
  <Point X="113" Y="138" T="117638524" />
  <Point X="112" Y="140" T="117638541" />
  <Point X="111" Y="143" T="117638549" />
  <Point X="110" Y="146" T="117638557" />
  <Point X="108" Y="148" T="117638565" />
  <Point X="107" Y="151" T="117638573" />
  <Point X="106" Y="154" T="117638581" />
  <Point X="104" Y="158" T="117638589" />
  <Point X="104" Y="160" T="117638596" />
  <Point X="102" Y="163" T="117638603" />
  <Point X="100" Y="169" T="117638610" />
  <Point X="99" Y="172" T="117638618" />
  <Point X="97" Y="176" T="117638626" />
  <Point X="96" Y="179" T="117638634" />
  <Point X="94" Y="182" T="117638642" />
  <Point X="92" Y="187" T="117638650" />
  <Point X="89" Y="193" T="117638659" />
  <Point X="88" Y="195" T="117638667" />
  <Point X="85" Y="201" T="117638676" />
  <Point X="84" Y="203" T="117638678" />
  <Point X="83" Y="207" T="117638687" />
  <Point X="80" Y="214" T="117638697" />
  <Point X="78" Y="218" T="117638707" />
  <Point X="76" Y="221" T="117638717" />
  <Point X="75" Y="225" T="117638727" />
  <Point X="72" Y="232" T="117638737" />
  <Point X="71" Y="234" T="117638748" />
  <Point X="69" Y="241" T="117638759" />
  <Point X="68" Y="244" T="117638770" />
  <Point X="67" Y="246" T="117638780" />
  <Point X="65" Y="251" T="117638794" />
  <Point X="64" Y="253" T="117638805" />
  <Point X="64" Y="255" T="117638817" />
  <Point X="63" Y="257" T="117638818" />
  <Point X="62" Y="259" T="117638830" />
  <Point X="61" Y="262" T="117638842" />
  <Point X="60" Y="264" T="117638857" />
  <Point X="59" Y="266" T="117638877" />
  <Point X="59" Y="268" T="117638890" />
  <Point X="61" Y="268" T="117638946" />
  <Point X="63" Y="269" T="117638959" />
  <Point X="66" Y="267" T="117638973" />
  <Point X="71" Y="266" T="117638987" />
  <Point X="79" Y="264" T="117639001" />
  <Point X="81" Y="264" T="117639002" />
  <Point X="88" Y="262" T="117639017" />
  <Point X="90" Y="262" T="117639018" />
  <Point X="97" Y="261" T="117639034" />
  <Point X="100" Y="261" T="117639035" />
  <Point X="109" Y="261" T="117639051" />
  <Point X="118" Y="262" T="117639067" />
  <Point X="126" Y="263" T="117639084" />
  <Point X="133" Y="264" T="117639101" />
  <Point X="143" Y="265" T="117639117" />
  <Point X="145" Y="264" T="117639119" />
  <Point X="153" Y="264" T="117639136" />
  <Point X="162" Y="265" T="117639154" />
  <Point X="168" Y="265" T="117639172" />
  <Point X="173" Y="264" T="117639190" />
  <Point X="177" Y="265" T="117639207" />
  <Point X="180" Y="266" T="117639226" />
  <Point X="182" Y="264" T="117639250" />
  <Point X="181" Y="262" T="117639343" />
  <Point X="179" Y="257" T="117639361" />
  <Point X="175" Y="249" T="117639380" />
  <Point X="171" Y="240" T="117639400" />
  <Point X="166" Y="229" T="117639419" />
  <Point X="159" Y="220" T="117639439" />
  <Point X="158" Y="218" T="117639440" />
  <Point X="153" Y="209" T="117639460" />
  <Point X="147" Y="198" T="117639480" />
  <Point X="141" Y="187" T="117639500" />
  <Point X="138" Y="179" T="117639520" />
  <Point X="133" Y="170" T="117639541" />
  <Point X="129" Y="161" T="117639564" />
  <Point X="127" Y="156" T="117639584" />
  <Point X="125" Y="151" T="117639605" />
  <Point X="123" Y="146" T="117639626" />
  <Point X="122" Y="143" T="117639648" />
  <Point X="120" Y="141" T="117639669" />
  <Point X="119" Y="139" T="117639690" />
  <Point X="119" Y="141" T="117639720" />
</Gesture>