﻿<?xml version="1.0" encoding="utf-8" standalone="yes"?>
<Gesture Name="triangle06" Subject="4" Speed="fast" Number="6" NumPts="86" Millseconds="1238" AppName="Gestures" AppVer="3.7.0.0" Date="Friday, March 09, 2007" TimeOfDay="8:36:30 PM">
  <Point X="112" Y="137" T="117633623" />
  <Point X="111" Y="135" T="117633656" />
  <Point X="111" Y="138" T="117633685" />
  <Point X="108" Y="141" T="117633713" />
  <Point X="107" Y="143" T="117633721" />
  <Point X="106" Y="146" T="117633729" />
  <Point X="105" Y="149" T="117633738" />
  <Point X="104" Y="152" T="117633746" />
  <Point X="103" Y="154" T="117633752" />
  <Point X="101" Y="157" T="117633759" />
  <Point X="100" Y="161" T="117633767" />
  <Point X="99" Y="163" T="117633774" />
  <Point X="97" Y="167" T="117633781" />
  <Point X="96" Y="170" T="117633789" />
  <Point X="94" Y="174" T="117633796" />
  <Point X="93" Y="177" T="117633804" />
  <Point X="91" Y="182" T="117633812" />
  <Point X="89" Y="186" T="117633821" />
  <Point X="88" Y="190" T="117633830" />
  <Point X="87" Y="192" T="117633831" />
  <Point X="85" Y="197" T="117633840" />
  <Point X="83" Y="201" T="117633850" />
  <Point X="80" Y="208" T="117633859" />
  <Point X="79" Y="212" T="117633869" />
  <Point X="78" Y="218" T="117633879" />
  <Point X="77" Y="222" T="117633889" />
  <Point X="76" Y="224" T="117633890" />
  <Point X="75" Y="228" T="117633900" />
  <Point X="75" Y="231" T="117633911" />
  <Point X="74" Y="235" T="117633922" />
  <Point X="73" Y="237" T="117633923" />
  <Point X="72" Y="240" T="117633934" />
  <Point X="71" Y="243" T="117633945" />
  <Point X="69" Y="248" T="117633957" />
  <Point X="68" Y="251" T="117633969" />
  <Point X="67" Y="253" T="117633981" />
  <Point X="66" Y="255" T="117633994" />
  <Point X="65" Y="258" T="117634013" />
  <Point X="65" Y="260" T="117634053" />
  <Point X="68" Y="260" T="117634078" />
  <Point X="71" Y="259" T="117634091" />
  <Point X="73" Y="260" T="117634104" />
  <Point X="78" Y="259" T="117634117" />
  <Point X="85" Y="258" T="117634131" />
  <Point X="91" Y="259" T="117634145" />
  <Point X="93" Y="258" T="117634146" />
  <Point X="99" Y="257" T="117634161" />
  <Point X="101" Y="257" T="117634162" />
  <Point X="108" Y="257" T="117634177" />
  <Point X="110" Y="258" T="117634178" />
  <Point X="119" Y="258" T="117634194" />
  <Point X="126" Y="258" T="117634210" />
  <Point X="128" Y="258" T="117634211" />
  <Point X="136" Y="259" T="117634227" />
  <Point X="142" Y="260" T="117634243" />
  <Point X="152" Y="261" T="117634259" />
  <Point X="159" Y="261" T="117634275" />
  <Point X="165" Y="261" T="117634295" />
  <Point X="169" Y="260" T="117634312" />
  <Point X="174" Y="261" T="117634329" />
  <Point X="176" Y="260" T="117634346" />
  <Point X="179" Y="259" T="117634347" />
  <Point X="181" Y="257" T="117634365" />
  <Point X="183" Y="258" T="117634383" />
  <Point X="186" Y="257" T="117634401" />
  <Point X="188" Y="256" T="117634419" />
  <Point X="190" Y="256" T="117634457" />
  <Point X="190" Y="254" T="117634489" />
  <Point X="189" Y="252" T="117634508" />
  <Point X="186" Y="247" T="117634527" />
  <Point X="182" Y="241" T="117634546" />
  <Point X="174" Y="231" T="117634566" />
  <Point X="167" Y="222" T="117634586" />
  <Point X="160" Y="210" T="117634607" />
  <Point X="155" Y="202" T="117634627" />
  <Point X="148" Y="192" T="117634648" />
  <Point X="142" Y="184" T="117634669" />
  <Point X="137" Y="175" T="117634692" />
  <Point X="135" Y="172" T="117634693" />
  <Point X="132" Y="167" T="117634715" />
  <Point X="128" Y="158" T="117634736" />
  <Point X="127" Y="155" T="117634757" />
  <Point X="125" Y="150" T="117634779" />
  <Point X="124" Y="147" T="117634801" />
  <Point X="123" Y="145" T="117634802" />
  <Point X="121" Y="143" T="117634861" />
</Gesture>