﻿<?xml version="1.0" encoding="utf-8" standalone="yes"?>
<Gesture Name="triangle02" Subject="4" Speed="fast" Number="2" NumPts="80" Millseconds="1131" AppName="Gestures" AppVer="3.7.0.0" Date="Friday, March 09, 2007" TimeOfDay="8:36:23 PM">
  <Point X="100" Y="140" T="117627513" />
  <Point X="99" Y="142" T="117627562" />
  <Point X="98" Y="144" T="117627582" />
  <Point X="97" Y="146" T="117627598" />
  <Point X="96" Y="149" T="117627607" />
  <Point X="94" Y="152" T="117627619" />
  <Point X="93" Y="154" T="117627627" />
  <Point X="92" Y="156" T="117627635" />
  <Point X="91" Y="160" T="117627643" />
  <Point X="89" Y="163" T="117627651" />
  <Point X="88" Y="165" T="117627659" />
  <Point X="87" Y="167" T="117627666" />
  <Point X="86" Y="171" T="117627673" />
  <Point X="85" Y="173" T="117627680" />
  <Point X="84" Y="176" T="117627688" />
  <Point X="83" Y="180" T="117627696" />
  <Point X="82" Y="183" T="117627704" />
  <Point X="81" Y="187" T="117627712" />
  <Point X="80" Y="190" T="117627720" />
  <Point X="78" Y="194" T="117627729" />
  <Point X="78" Y="196" T="117627738" />
  <Point X="75" Y="203" T="117627747" />
  <Point X="73" Y="206" T="117627756" />
  <Point X="72" Y="210" T="117627767" />
  <Point X="70" Y="213" T="117627777" />
  <Point X="69" Y="217" T="117627786" />
  <Point X="68" Y="220" T="117627788" />
  <Point X="67" Y="223" T="117627798" />
  <Point X="65" Y="228" T="117627809" />
  <Point X="64" Y="232" T="117627820" />
  <Point X="63" Y="236" T="117627831" />
  <Point X="63" Y="238" T="117627843" />
  <Point X="62" Y="241" T="117627855" />
  <Point X="61" Y="243" T="117627879" />
  <Point X="62" Y="245" T="117627924" />
  <Point X="64" Y="244" T="117627945" />
  <Point X="66" Y="245" T="117627957" />
  <Point X="69" Y="244" T="117627969" />
  <Point X="72" Y="244" T="117627982" />
  <Point X="77" Y="245" T="117627995" />
  <Point X="80" Y="244" T="117628008" />
  <Point X="83" Y="244" T="117628009" />
  <Point X="87" Y="244" T="117628023" />
  <Point X="94" Y="244" T="117628037" />
  <Point X="102" Y="243" T="117628051" />
  <Point X="111" Y="244" T="117628066" />
  <Point X="118" Y="243" T="117628081" />
  <Point X="120" Y="244" T="117628082" />
  <Point X="130" Y="243" T="117628097" />
  <Point X="136" Y="245" T="117628113" />
  <Point X="138" Y="244" T="117628114" />
  <Point X="144" Y="244" T="117628130" />
  <Point X="151" Y="244" T="117628148" />
  <Point X="154" Y="244" T="117628149" />
  <Point X="159" Y="243" T="117628165" />
  <Point X="164" Y="242" T="117628182" />
  <Point X="168" Y="242" T="117628198" />
  <Point X="170" Y="242" T="117628215" />
  <Point X="172" Y="242" T="117628232" />
  <Point X="174" Y="242" T="117628249" />
  <Point X="173" Y="240" T="117628313" />
  <Point X="170" Y="238" T="117628330" />
  <Point X="168" Y="236" T="117628348" />
  <Point X="164" Y="230" T="117628366" />
  <Point X="160" Y="226" T="117628384" />
  <Point X="158" Y="224" T="117628385" />
  <Point X="154" Y="217" T="117628404" />
  <Point X="150" Y="210" T="117628423" />
  <Point X="143" Y="199" T="117628442" />
  <Point X="138" Y="190" T="117628461" />
  <Point X="134" Y="184" T="117628480" />
  <Point X="132" Y="181" T="117628481" />
  <Point X="127" Y="173" T="117628501" />
  <Point X="123" Y="168" T="117628522" />
  <Point X="119" Y="162" T="117628542" />
  <Point X="117" Y="157" T="117628562" />
  <Point X="114" Y="151" T="117628582" />
  <Point X="112" Y="147" T="117628602" />
  <Point X="111" Y="143" T="117628623" />
  <Point X="110" Y="141" T="117628644" />
</Gesture>