﻿<?xml version="1.0" encoding="utf-8" standalone="yes"?>
<Gesture Name="triangle07" Subject="4" Speed="fast" Number="7" NumPts="82" Millseconds="1183" AppName="Gestures" AppVer="3.7.0.0" Date="Friday, March 09, 2007" TimeOfDay="8:36:31 PM">
  <Point X="109" Y="138" T="117635285" />
  <Point X="107" Y="141" T="117635338" />
  <Point X="106" Y="143" T="117635358" />
  <Point X="105" Y="146" T="117635365" />
  <Point X="104" Y="148" T="117635378" />
  <Point X="103" Y="150" T="117635386" />
  <Point X="102" Y="153" T="117635395" />
  <Point X="101" Y="157" T="117635403" />
  <Point X="100" Y="159" T="117635411" />
  <Point X="99" Y="162" T="117635419" />
  <Point X="97" Y="166" T="117635427" />
  <Point X="96" Y="168" T="117635435" />
  <Point X="95" Y="170" T="117635442" />
  <Point X="94" Y="172" T="117635443" />
  <Point X="94" Y="175" T="117635451" />
  <Point X="91" Y="180" T="117635459" />
  <Point X="89" Y="184" T="117635467" />
  <Point X="87" Y="188" T="117635476" />
  <Point X="85" Y="192" T="117635484" />
  <Point X="85" Y="194" T="117635493" />
  <Point X="83" Y="197" T="117635501" />
  <Point X="81" Y="201" T="117635510" />
  <Point X="80" Y="203" T="117635511" />
  <Point X="78" Y="207" T="117635521" />
  <Point X="77" Y="210" T="117635531" />
  <Point X="75" Y="214" T="117635541" />
  <Point X="73" Y="219" T="117635551" />
  <Point X="72" Y="223" T="117635563" />
  <Point X="71" Y="226" T="117635574" />
  <Point X="70" Y="228" T="117635584" />
  <Point X="68" Y="233" T="117635596" />
  <Point X="67" Y="236" T="117635607" />
  <Point X="66" Y="239" T="117635618" />
  <Point X="65" Y="243" T="117635630" />
  <Point X="64" Y="245" T="117635642" />
  <Point X="64" Y="247" T="117635654" />
  <Point X="63" Y="249" T="117635666" />
  <Point X="62" Y="251" T="117635678" />
  <Point X="61" Y="254" T="117635692" />
  <Point X="60" Y="256" T="117635705" />
  <Point X="60" Y="258" T="117635739" />
  <Point X="61" Y="260" T="117635755" />
  <Point X="63" Y="259" T="117635772" />
  <Point X="65" Y="259" T="117635786" />
  <Point X="70" Y="257" T="117635800" />
  <Point X="72" Y="258" T="117635814" />
  <Point X="78" Y="257" T="117635829" />
  <Point X="86" Y="257" T="117635843" />
  <Point X="88" Y="257" T="117635845" />
  <Point X="95" Y="256" T="117635860" />
  <Point X="97" Y="256" T="117635861" />
  <Point X="106" Y="255" T="117635876" />
  <Point X="116" Y="255" T="117635893" />
  <Point X="124" Y="256" T="117635909" />
  <Point X="133" Y="256" T="117635925" />
  <Point X="142" Y="257" T="117635942" />
  <Point X="150" Y="257" T="117635958" />
  <Point X="158" Y="257" T="117635975" />
  <Point X="160" Y="257" T="117635977" />
  <Point X="166" Y="256" T="117635994" />
  <Point X="173" Y="256" T="117636011" />
  <Point X="181" Y="255" T="117636028" />
  <Point X="184" Y="254" T="117636046" />
  <Point X="186" Y="254" T="117636063" />
  <Point X="188" Y="254" T="117636113" />
  <Point X="189" Y="252" T="117636163" />
  <Point X="187" Y="249" T="117636181" />
  <Point X="183" Y="244" T="117636200" />
  <Point X="177" Y="234" T="117636219" />
  <Point X="176" Y="232" T="117636220" />
  <Point X="167" Y="222" T="117636240" />
  <Point X="159" Y="210" T="117636260" />
  <Point X="152" Y="199" T="117636280" />
  <Point X="145" Y="188" T="117636300" />
  <Point X="141" Y="180" T="117636321" />
  <Point X="136" Y="171" T="117636341" />
  <Point X="130" Y="163" T="117636362" />
  <Point X="126" Y="158" T="117636386" />
  <Point X="122" Y="155" T="117636406" />
  <Point X="121" Y="152" T="117636407" />
  <Point X="119" Y="150" T="117636428" />
  <Point X="118" Y="148" T="117636468" />
</Gesture>