﻿<?xml version="1.0" encoding="utf-8" standalone="yes"?>
<Gesture Name="triangle01" Subject="4" Speed="fast" Number="1" NumPts="74" Millseconds="1037" AppName="Gestures" AppVer="3.7.0.0" Date="Friday, March 09, 2007" TimeOfDay="8:36:22 PM">
  <Point X="99" Y="139" T="117626084" />
  <Point X="98" Y="141" T="117626137" />
  <Point X="97" Y="143" T="117626153" />
  <Point X="97" Y="146" T="117626162" />
  <Point X="96" Y="148" T="117626170" />
  <Point X="94" Y="150" T="117626182" />
  <Point X="93" Y="154" T="117626194" />
  <Point X="92" Y="157" T="117626202" />
  <Point X="91" Y="160" T="117626210" />
  <Point X="89" Y="163" T="117626222" />
  <Point X="88" Y="166" T="117626230" />
  <Point X="86" Y="169" T="117626238" />
  <Point X="85" Y="172" T="117626246" />
  <Point X="84" Y="174" T="117626253" />
  <Point X="83" Y="178" T="117626261" />
  <Point X="81" Y="181" T="117626269" />
  <Point X="80" Y="184" T="117626277" />
  <Point X="79" Y="187" T="117626286" />
  <Point X="77" Y="191" T="117626295" />
  <Point X="76" Y="194" T="117626304" />
  <Point X="74" Y="200" T="117626314" />
  <Point X="73" Y="204" T="117626325" />
  <Point X="72" Y="207" T="117626335" />
  <Point X="70" Y="210" T="117626346" />
  <Point X="69" Y="213" T="117626347" />
  <Point X="68" Y="216" T="117626357" />
  <Point X="67" Y="219" T="117626367" />
  <Point X="66" Y="221" T="117626377" />
  <Point X="65" Y="224" T="117626379" />
  <Point X="64" Y="227" T="117626389" />
  <Point X="63" Y="229" T="117626400" />
  <Point X="61" Y="232" T="117626411" />
  <Point X="60" Y="234" T="117626423" />
  <Point X="59" Y="237" T="117626434" />
  <Point X="59" Y="239" T="117626446" />
  <Point X="59" Y="241" T="117626463" />
  <Point X="59" Y="243" T="117626488" />
  <Point X="61" Y="242" T="117626516" />
  <Point X="63" Y="242" T="117626528" />
  <Point X="66" Y="242" T="117626541" />
  <Point X="69" Y="242" T="117626554" />
  <Point X="74" Y="241" T="117626567" />
  <Point X="81" Y="240" T="117626581" />
  <Point X="87" Y="239" T="117626595" />
  <Point X="96" Y="239" T="117626609" />
  <Point X="104" Y="237" T="117626625" />
  <Point X="111" Y="238" T="117626640" />
  <Point X="113" Y="238" T="117626641" />
  <Point X="119" Y="238" T="117626657" />
  <Point X="127" Y="236" T="117626672" />
  <Point X="134" Y="235" T="117626688" />
  <Point X="141" Y="234" T="117626703" />
  <Point X="146" Y="233" T="117626719" />
  <Point X="151" Y="233" T="117626735" />
  <Point X="156" Y="232" T="117626751" />
  <Point X="158" Y="231" T="117626767" />
  <Point X="160" Y="231" T="117626783" />
  <Point X="162" Y="230" T="117626800" />
  <Point X="162" Y="228" T="117626840" />
  <Point X="160" Y="226" T="117626857" />
  <Point X="158" Y="224" T="117626874" />
  <Point X="154" Y="220" T="117626891" />
  <Point X="147" Y="211" T="117626909" />
  <Point X="143" Y="205" T="117626926" />
  <Point X="138" Y="198" T="117626947" />
  <Point X="133" Y="191" T="117626965" />
  <Point X="130" Y="184" T="117626983" />
  <Point X="126" Y="176" T="117627003" />
  <Point X="121" Y="167" T="117627022" />
  <Point X="118" Y="161" T="117627041" />
  <Point X="114" Y="154" T="117627062" />
  <Point X="110" Y="149" T="117627081" />
  <Point X="108" Y="147" T="117627101" />
  <Point X="106" Y="143" T="117627121" />
</Gesture>