﻿<?xml version="1.0" encoding="utf-8" standalone="yes"?>
<Gesture Name="triangle05" Subject="4" Speed="fast" Number="5" NumPts="82" Millseconds="1167" AppName="Gestures" AppVer="3.7.0.0" Date="Friday, March 09, 2007" TimeOfDay="8:36:28 PM">
  <Point X="107" Y="137" T="117632141" />
  <Point X="105" Y="139" T="117632165" />
  <Point X="105" Y="142" T="117632177" />
  <Point X="104" Y="144" T="117632186" />
  <Point X="103" Y="146" T="117632194" />
  <Point X="101" Y="148" T="117632214" />
  <Point X="100" Y="151" T="117632222" />
  <Point X="99" Y="154" T="117632230" />
  <Point X="97" Y="158" T="117632238" />
  <Point X="95" Y="161" T="117632250" />
  <Point X="94" Y="164" T="117632258" />
  <Point X="92" Y="167" T="117632266" />
  <Point X="90" Y="170" T="117632274" />
  <Point X="89" Y="173" T="117632282" />
  <Point X="88" Y="175" T="117632290" />
  <Point X="86" Y="179" T="117632298" />
  <Point X="85" Y="182" T="117632306" />
  <Point X="83" Y="187" T="117632314" />
  <Point X="81" Y="191" T="117632323" />
  <Point X="80" Y="194" T="117632331" />
  <Point X="79" Y="198" T="117632340" />
  <Point X="77" Y="201" T="117632349" />
  <Point X="75" Y="207" T="117632359" />
  <Point X="73" Y="212" T="117632368" />
  <Point X="71" Y="215" T="117632378" />
  <Point X="70" Y="218" T="117632388" />
  <Point X="68" Y="224" T="117632398" />
  <Point X="67" Y="227" T="117632409" />
  <Point X="65" Y="231" T="117632419" />
  <Point X="63" Y="234" T="117632430" />
  <Point X="62" Y="237" T="117632441" />
  <Point X="61" Y="239" T="117632452" />
  <Point X="60" Y="242" T="117632463" />
  <Point X="59" Y="244" T="117632475" />
  <Point X="57" Y="247" T="117632487" />
  <Point X="57" Y="250" T="117632506" />
  <Point X="59" Y="251" T="117632558" />
  <Point X="62" Y="251" T="117632575" />
  <Point X="64" Y="251" T="117632587" />
  <Point X="66" Y="250" T="117632600" />
  <Point X="72" Y="249" T="117632613" />
  <Point X="75" Y="249" T="117632626" />
  <Point X="79" Y="248" T="117632628" />
  <Point X="84" Y="249" T="117632642" />
  <Point X="93" Y="248" T="117632656" />
  <Point X="99" Y="247" T="117632670" />
  <Point X="101" Y="246" T="117632671" />
  <Point X="108" Y="247" T="117632686" />
  <Point X="110" Y="247" T="117632687" />
  <Point X="116" Y="247" T="117632703" />
  <Point X="124" Y="247" T="117632718" />
  <Point X="126" Y="246" T="117632719" />
  <Point X="134" Y="247" T="117632735" />
  <Point X="142" Y="246" T="117632751" />
  <Point X="145" Y="246" T="117632767" />
  <Point X="149" Y="246" T="117632768" />
  <Point X="156" Y="246" T="117632784" />
  <Point X="162" Y="245" T="117632801" />
  <Point X="168" Y="245" T="117632818" />
  <Point X="173" Y="245" T="117632835" />
  <Point X="177" Y="245" T="117632853" />
  <Point X="180" Y="244" T="117632870" />
  <Point X="184" Y="244" T="117632891" />
  <Point X="184" Y="242" T="117632960" />
  <Point X="181" Y="239" T="117632978" />
  <Point X="177" Y="231" T="117632997" />
  <Point X="170" Y="222" T="117633015" />
  <Point X="169" Y="220" T="117633016" />
  <Point X="163" Y="211" T="117633035" />
  <Point X="162" Y="209" T="117633036" />
  <Point X="155" Y="197" T="117633056" />
  <Point X="148" Y="187" T="117633076" />
  <Point X="142" Y="177" T="117633096" />
  <Point X="137" Y="170" T="117633116" />
  <Point X="131" Y="162" T="117633137" />
  <Point X="127" Y="158" T="117633158" />
  <Point X="121" Y="153" T="117633181" />
  <Point X="118" Y="149" T="117633202" />
  <Point X="118" Y="147" T="117633223" />
  <Point X="116" Y="144" T="117633244" />
  <Point X="115" Y="142" T="117633284" />
  <Point X="116" Y="144" T="117633308" />
</Gesture>