﻿<?xml version="1.0" encoding="utf-8" standalone="yes"?>
<Gesture Name="v01" Subject="4" Speed="fast" Number="1" NumPts="55" Millseconds="774" AppName="Gestures" AppVer="3.7.0.0" Date="Friday, March 09, 2007" TimeOfDay="8:40:49 PM">
  <Point X="84" Y="159" T="117894234" />
  <Point X="85" Y="161" T="117894297" />
  <Point X="86" Y="163" T="117894309" />
  <Point X="88" Y="166" T="117894326" />
  <Point X="89" Y="168" T="117894334" />
  <Point X="90" Y="171" T="117894346" />
  <Point X="92" Y="174" T="117894358" />
  <Point X="94" Y="177" T="117894366" />
  <Point X="95" Y="179" T="117894374" />
  <Point X="96" Y="182" T="117894382" />
  <Point X="97" Y="184" T="117894390" />
  <Point X="98" Y="186" T="117894398" />
  <Point X="99" Y="189" T="117894406" />
  <Point X="101" Y="192" T="117894414" />
  <Point X="103" Y="195" T="117894427" />
  <Point X="104" Y="197" T="117894435" />
  <Point X="105" Y="199" T="117894444" />
  <Point X="106" Y="202" T="117894452" />
  <Point X="108" Y="204" T="117894465" />
  <Point X="109" Y="207" T="117894474" />
  <Point X="111" Y="210" T="117894483" />
  <Point X="112" Y="212" T="117894493" />
  <Point X="114" Y="215" T="117894503" />
  <Point X="115" Y="217" T="117894513" />
  <Point X="116" Y="220" T="117894523" />
  <Point X="118" Y="222" T="117894532" />
  <Point X="119" Y="224" T="117894533" />
  <Point X="121" Y="227" T="117894545" />
  <Point X="121" Y="229" T="117894556" />
  <Point X="123" Y="233" T="117894566" />
  <Point X="125" Y="235" T="117894578" />
  <Point X="126" Y="237" T="117894589" />
  <Point X="127" Y="240" T="117894600" />
  <Point X="129" Y="242" T="117894614" />
  <Point X="130" Y="245" T="117894626" />
  <Point X="131" Y="247" T="117894651" />
  <Point X="132" Y="244" T="117894716" />
  <Point X="133" Y="239" T="117894729" />
  <Point X="133" Y="234" T="117894741" />
  <Point X="133" Y="226" T="117894754" />
  <Point X="133" Y="219" T="117894768" />
  <Point X="133" Y="216" T="117894769" />
  <Point X="134" Y="208" T="117894783" />
  <Point X="135" Y="198" T="117894797" />
  <Point X="136" Y="191" T="117894811" />
  <Point X="139" Y="181" T="117894825" />
  <Point X="141" Y="172" T="117894840" />
  <Point X="142" Y="170" T="117894855" />
  <Point X="145" Y="162" T="117894870" />
  <Point X="149" Y="157" T="117894885" />
  <Point X="151" Y="152" T="117894901" />
  <Point X="154" Y="148" T="117894916" />
  <Point X="155" Y="145" T="117894932" />
  <Point X="155" Y="143" T="117894947" />
  <Point X="153" Y="145" T="117895008" />
</Gesture>