﻿<?xml version="1.0" encoding="utf-8" standalone="yes"?>
<Gesture Name="v02" Subject="4" Speed="fast" Number="2" NumPts="58" Millseconds="717" AppName="Gestures" AppVer="3.7.0.0" Date="Friday, March 09, 2007" TimeOfDay="8:40:50 PM">
  <Point X="83" Y="159" T="117895536" />
  <Point X="83" Y="161" T="117895576" />
  <Point X="83" Y="164" T="117895588" />
  <Point X="84" Y="166" T="117895604" />
  <Point X="84" Y="168" T="117895612" />
  <Point X="85" Y="172" T="117895623" />
  <Point X="86" Y="174" T="117895631" />
  <Point X="87" Y="176" T="117895639" />
  <Point X="87" Y="179" T="117895647" />
  <Point X="88" Y="181" T="117895655" />
  <Point X="89" Y="184" T="117895663" />
  <Point X="91" Y="186" T="117895671" />
  <Point X="92" Y="189" T="117895679" />
  <Point X="93" Y="192" T="117895686" />
  <Point X="93" Y="194" T="117895688" />
  <Point X="94" Y="196" T="117895695" />
  <Point X="96" Y="198" T="117895703" />
  <Point X="97" Y="202" T="117895712" />
  <Point X="98" Y="204" T="117895720" />
  <Point X="99" Y="206" T="117895728" />
  <Point X="99" Y="210" T="117895737" />
  <Point X="101" Y="212" T="117895746" />
  <Point X="102" Y="216" T="117895747" />
  <Point X="103" Y="219" T="117895757" />
  <Point X="104" Y="221" T="117895766" />
  <Point X="104" Y="224" T="117895776" />
  <Point X="105" Y="227" T="117895786" />
  <Point X="106" Y="229" T="117895787" />
  <Point X="107" Y="231" T="117895798" />
  <Point X="108" Y="233" T="117895809" />
  <Point X="109" Y="239" T="117895820" />
  <Point X="110" Y="241" T="117895832" />
  <Point X="111" Y="243" T="117895843" />
  <Point X="112" Y="245" T="117895854" />
  <Point X="113" Y="248" T="117895867" />
  <Point X="114" Y="250" T="117895880" />
  <Point X="114" Y="252" T="117895892" />
  <Point X="116" Y="254" T="117895920" />
  <Point X="117" Y="251" T="117896008" />
  <Point X="117" Y="248" T="117896021" />
  <Point X="118" Y="245" T="117896034" />
  <Point X="118" Y="239" T="117896047" />
  <Point X="119" Y="231" T="117896061" />
  <Point X="120" Y="224" T="117896075" />
  <Point X="121" Y="222" T="117896076" />
  <Point X="123" Y="214" T="117896091" />
  <Point X="123" Y="211" T="117896092" />
  <Point X="125" Y="204" T="117896107" />
  <Point X="125" Y="202" T="117896108" />
  <Point X="127" Y="191" T="117896124" />
  <Point X="129" Y="185" T="117896139" />
  <Point X="131" Y="176" T="117896155" />
  <Point X="134" Y="168" T="117896171" />
  <Point X="136" Y="161" T="117896187" />
  <Point X="138" Y="157" T="117896203" />
  <Point X="139" Y="152" T="117896220" />
  <Point X="141" Y="147" T="117896237" />
  <Point X="142" Y="145" T="117896253" />
</Gesture>