﻿<?xml version="1.0" encoding="utf-8" standalone="yes"?>
<Gesture Name="v03" Subject="4" Speed="fast" Number="3" NumPts="60" Millseconds="822" AppName="Gestures" AppVer="3.7.0.0" Date="Friday, March 09, 2007" TimeOfDay="8:40:52 PM">
  <Point X="84" Y="159" T="117896830" />
  <Point X="84" Y="162" T="117896874" />
  <Point X="84" Y="164" T="117896890" />
  <Point X="85" Y="167" T="117896911" />
  <Point X="86" Y="169" T="117896922" />
  <Point X="88" Y="172" T="117896935" />
  <Point X="89" Y="174" T="117896943" />
  <Point X="90" Y="178" T="117896951" />
  <Point X="91" Y="180" T="117896963" />
  <Point X="92" Y="182" T="117896971" />
  <Point X="93" Y="184" T="117896979" />
  <Point X="94" Y="187" T="117896987" />
  <Point X="95" Y="190" T="117896995" />
  <Point X="97" Y="192" T="117897003" />
  <Point X="99" Y="196" T="117897020" />
  <Point X="100" Y="198" T="117897028" />
  <Point X="101" Y="200" T="117897037" />
  <Point X="102" Y="202" T="117897045" />
  <Point X="104" Y="205" T="117897054" />
  <Point X="105" Y="208" T="117897062" />
  <Point X="106" Y="210" T="117897073" />
  <Point X="108" Y="213" T="117897082" />
  <Point X="108" Y="215" T="117897091" />
  <Point X="110" Y="218" T="117897102" />
  <Point X="111" Y="220" T="117897111" />
  <Point X="112" Y="223" T="117897122" />
  <Point X="114" Y="225" T="117897133" />
  <Point X="114" Y="227" T="117897143" />
  <Point X="116" Y="230" T="117897153" />
  <Point X="117" Y="232" T="117897164" />
  <Point X="118" Y="234" T="117897175" />
  <Point X="119" Y="237" T="117897186" />
  <Point X="119" Y="239" T="117897198" />
  <Point X="121" Y="242" T="117897214" />
  <Point X="122" Y="244" T="117897230" />
  <Point X="124" Y="246" T="117897250" />
  <Point X="125" Y="248" T="117897283" />
  <Point X="125" Y="250" T="117897316" />
  <Point X="125" Y="248" T="117897336" />
  <Point X="126" Y="245" T="117897352" />
  <Point X="126" Y="243" T="117897365" />
  <Point X="126" Y="239" T="117897379" />
  <Point X="128" Y="230" T="117897393" />
  <Point X="129" Y="223" T="117897407" />
  <Point X="131" Y="216" T="117897421" />
  <Point X="133" Y="206" T="117897436" />
  <Point X="134" Y="204" T="117897437" />
  <Point X="136" Y="196" T="117897452" />
  <Point X="137" Y="194" T="117897453" />
  <Point X="140" Y="182" T="117897468" />
  <Point X="142" Y="175" T="117897484" />
  <Point X="142" Y="172" T="117897485" />
  <Point X="145" Y="163" T="117897501" />
  <Point X="146" Y="158" T="117897516" />
  <Point X="148" Y="151" T="117897533" />
  <Point X="148" Y="149" T="117897549" />
  <Point X="150" Y="145" T="117897565" />
  <Point X="152" Y="141" T="117897582" />
  <Point X="154" Y="138" T="117897600" />
  <Point X="153" Y="141" T="117897652" />
</Gesture>