﻿<?xml version="1.0" encoding="utf-8" standalone="yes"?>
<Gesture Name="v04" Subject="4" Speed="fast" Number="4" NumPts="55" Millseconds="730" AppName="Gestures" AppVer="3.7.0.0" Date="Friday, March 09, 2007" TimeOfDay="8:40:53 PM">
  <Point X="85" Y="156" T="117898058" />
  <Point X="86" Y="158" T="117898114" />
  <Point X="87" Y="161" T="117898126" />
  <Point X="88" Y="163" T="117898139" />
  <Point X="89" Y="166" T="117898147" />
  <Point X="89" Y="168" T="117898153" />
  <Point X="90" Y="170" T="117898159" />
  <Point X="92" Y="173" T="117898167" />
  <Point X="93" Y="176" T="117898175" />
  <Point X="94" Y="180" T="117898183" />
  <Point X="96" Y="184" T="117898191" />
  <Point X="97" Y="186" T="117898199" />
  <Point X="98" Y="189" T="117898207" />
  <Point X="100" Y="192" T="117898215" />
  <Point X="100" Y="194" T="117898223" />
  <Point X="102" Y="199" T="117898231" />
  <Point X="103" Y="201" T="117898232" />
  <Point X="104" Y="204" T="117898240" />
  <Point X="105" Y="207" T="117898248" />
  <Point X="107" Y="210" T="117898257" />
  <Point X="108" Y="213" T="117898267" />
  <Point X="110" Y="217" T="117898277" />
  <Point X="111" Y="220" T="117898287" />
  <Point X="112" Y="222" T="117898288" />
  <Point X="114" Y="225" T="117898298" />
  <Point X="115" Y="228" T="117898308" />
  <Point X="116" Y="232" T="117898318" />
  <Point X="118" Y="236" T="117898328" />
  <Point X="120" Y="238" T="117898340" />
  <Point X="120" Y="241" T="117898350" />
  <Point X="121" Y="243" T="117898366" />
  <Point X="122" Y="245" T="117898378" />
  <Point X="123" Y="247" T="117898402" />
  <Point X="123" Y="249" T="117898463" />
  <Point X="124" Y="247" T="117898504" />
  <Point X="125" Y="243" T="117898516" />
  <Point X="126" Y="240" T="117898528" />
  <Point X="127" Y="232" T="117898541" />
  <Point X="128" Y="223" T="117898554" />
  <Point X="129" Y="213" T="117898567" />
  <Point X="130" Y="210" T="117898568" />
  <Point X="132" Y="201" T="117898582" />
  <Point X="135" Y="191" T="117898596" />
  <Point X="135" Y="188" T="117898597" />
  <Point X="138" Y="176" T="117898613" />
  <Point X="140" Y="167" T="117898628" />
  <Point X="142" Y="160" T="117898642" />
  <Point X="144" Y="154" T="117898657" />
  <Point X="145" Y="151" T="117898671" />
  <Point X="146" Y="148" T="117898672" />
  <Point X="148" Y="145" T="117898687" />
  <Point X="149" Y="143" T="117898703" />
  <Point X="150" Y="140" T="117898718" />
  <Point X="151" Y="138" T="117898763" />
  <Point X="150" Y="140" T="117898788" />
</Gesture>