﻿<?xml version="1.0" encoding="utf-8" standalone="yes"?>
<Gesture Name="v05" Subject="4" Speed="fast" Number="5" NumPts="56" Millseconds="695" AppName="Gestures" AppVer="3.7.0.0" Date="Friday, March 09, 2007" TimeOfDay="8:40:54 PM">
  <Point X="91" Y="160" T="117899292" />
  <Point X="91" Y="162" T="117899349" />
  <Point X="91" Y="164" T="117899361" />
  <Point X="91" Y="166" T="117899369" />
  <Point X="91" Y="168" T="117899376" />
  <Point X="92" Y="171" T="117899388" />
  <Point X="93" Y="174" T="117899397" />
  <Point X="94" Y="177" T="117899405" />
  <Point X="95" Y="180" T="117899413" />
  <Point X="96" Y="183" T="117899421" />
  <Point X="97" Y="186" T="117899429" />
  <Point X="98" Y="189" T="117899437" />
  <Point X="99" Y="191" T="117899446" />
  <Point X="100" Y="195" T="117899454" />
  <Point X="101" Y="198" T="117899462" />
  <Point X="102" Y="201" T="117899471" />
  <Point X="104" Y="204" T="117899480" />
  <Point X="105" Y="207" T="117899488" />
  <Point X="106" Y="210" T="117899496" />
  <Point X="107" Y="213" T="117899505" />
  <Point X="108" Y="216" T="117899514" />
  <Point X="109" Y="218" T="117899524" />
  <Point X="110" Y="221" T="117899533" />
  <Point X="111" Y="224" T="117899543" />
  <Point X="112" Y="227" T="117899553" />
  <Point X="112" Y="230" T="117899563" />
  <Point X="113" Y="232" T="117899573" />
  <Point X="114" Y="235" T="117899583" />
  <Point X="115" Y="237" T="117899593" />
  <Point X="115" Y="240" T="117899604" />
  <Point X="116" Y="242" T="117899605" />
  <Point X="116" Y="245" T="117899616" />
  <Point X="118" Y="247" T="117899632" />
  <Point X="118" Y="250" T="117899647" />
  <Point X="119" Y="252" T="117899663" />
  <Point X="120" Y="254" T="117899684" />
  <Point X="122" Y="251" T="117899749" />
  <Point X="123" Y="249" T="117899761" />
  <Point X="124" Y="242" T="117899774" />
  <Point X="125" Y="238" T="117899787" />
  <Point X="127" Y="228" T="117899801" />
  <Point X="127" Y="226" T="117899802" />
  <Point X="129" Y="218" T="117899816" />
  <Point X="130" Y="215" T="117899817" />
  <Point X="132" Y="207" T="117899832" />
  <Point X="135" Y="196" T="117899847" />
  <Point X="138" Y="185" T="117899862" />
  <Point X="139" Y="182" T="117899877" />
  <Point X="140" Y="177" T="117899878" />
  <Point X="142" Y="172" T="117899892" />
  <Point X="144" Y="166" T="117899908" />
  <Point X="147" Y="161" T="117899923" />
  <Point X="148" Y="156" T="117899939" />
  <Point X="150" Y="154" T="117899955" />
  <Point X="151" Y="152" T="117899971" />
  <Point X="152" Y="149" T="117899987" />
</Gesture>