﻿<?xml version="1.0" encoding="utf-8" standalone="yes"?>
<Gesture Name="v06" Subject="4" Speed="fast" Number="6" NumPts="59" Millseconds="812" AppName="Gestures" AppVer="3.7.0.0" Date="Friday, March 09, 2007" TimeOfDay="8:40:55 PM">
  <Point X="89" Y="163" T="117900492" />
  <Point X="89" Y="165" T="117900516" />
  <Point X="89" Y="167" T="117900536" />
  <Point X="90" Y="170" T="117900552" />
  <Point X="92" Y="173" T="117900569" />
  <Point X="93" Y="175" T="117900577" />
  <Point X="94" Y="178" T="117900585" />
  <Point X="95" Y="180" T="117900593" />
  <Point X="96" Y="182" T="117900601" />
  <Point X="97" Y="185" T="117900609" />
  <Point X="98" Y="188" T="117900617" />
  <Point X="99" Y="190" T="117900625" />
  <Point X="101" Y="192" T="117900633" />
  <Point X="103" Y="196" T="117900642" />
  <Point X="105" Y="198" T="117900653" />
  <Point X="106" Y="200" T="117900662" />
  <Point X="107" Y="202" T="117900671" />
  <Point X="108" Y="204" T="117900679" />
  <Point X="109" Y="207" T="117900688" />
  <Point X="111" Y="210" T="117900696" />
  <Point X="112" Y="213" T="117900705" />
  <Point X="113" Y="216" T="117900715" />
  <Point X="115" Y="218" T="117900724" />
  <Point X="116" Y="220" T="117900734" />
  <Point X="117" Y="223" T="117900743" />
  <Point X="118" Y="225" T="117900753" />
  <Point X="119" Y="230" T="117900764" />
  <Point X="120" Y="233" T="117900774" />
  <Point X="122" Y="236" T="117900787" />
  <Point X="123" Y="238" T="117900798" />
  <Point X="124" Y="240" T="117900808" />
  <Point X="125" Y="243" T="117900823" />
  <Point X="126" Y="246" T="117900834" />
  <Point X="127" Y="248" T="117900847" />
  <Point X="128" Y="251" T="117900864" />
  <Point X="129" Y="253" T="117900881" />
  <Point X="130" Y="251" T="117900974" />
  <Point X="131" Y="248" T="117900986" />
  <Point X="131" Y="245" T="117900999" />
  <Point X="131" Y="237" T="117901012" />
  <Point X="132" Y="234" T="117901025" />
  <Point X="133" Y="220" T="117901039" />
  <Point X="135" Y="214" T="117901054" />
  <Point X="136" Y="211" T="117901055" />
  <Point X="138" Y="204" T="117901069" />
  <Point X="141" Y="195" T="117901084" />
  <Point X="145" Y="186" T="117901099" />
  <Point X="148" Y="182" T="117901114" />
  <Point X="151" Y="175" T="117901129" />
  <Point X="152" Y="172" T="117901130" />
  <Point X="154" Y="169" T="117901146" />
  <Point X="156" Y="165" T="117901147" />
  <Point X="158" Y="161" T="117901162" />
  <Point X="161" Y="157" T="117901179" />
  <Point X="163" Y="152" T="117901195" />
  <Point X="164" Y="150" T="117901211" />
  <Point X="165" Y="147" T="117901227" />
  <Point X="165" Y="145" T="117901243" />
  <Point X="164" Y="148" T="117901304" />
</Gesture>