﻿<?xml version="1.0" encoding="utf-8" standalone="yes"?>
<Gesture Name="v07" Subject="4" Speed="fast" Number="7" NumPts="57" Millseconds="731" AppName="Gestures" AppVer="3.7.0.0" Date="Friday, March 09, 2007" TimeOfDay="8:40:57 PM">
  <Point X="84" Y="163" T="117901782" />
  <Point X="85" Y="165" T="117901803" />
  <Point X="85" Y="167" T="117901819" />
  <Point X="86" Y="170" T="117901832" />
  <Point X="87" Y="172" T="117901843" />
  <Point X="88" Y="176" T="117901852" />
  <Point X="89" Y="178" T="117901860" />
  <Point X="90" Y="182" T="117901868" />
  <Point X="91" Y="184" T="117901876" />
  <Point X="92" Y="187" T="117901884" />
  <Point X="93" Y="190" T="117901892" />
  <Point X="94" Y="193" T="117901900" />
  <Point X="95" Y="195" T="117901908" />
  <Point X="96" Y="197" T="117901915" />
  <Point X="97" Y="200" T="117901923" />
  <Point X="98" Y="202" T="117901931" />
  <Point X="99" Y="204" T="117901939" />
  <Point X="100" Y="208" T="117901947" />
  <Point X="102" Y="213" T="117901956" />
  <Point X="103" Y="215" T="117901965" />
  <Point X="105" Y="218" T="117901974" />
  <Point X="106" Y="221" T="117901983" />
  <Point X="107" Y="224" T="117901993" />
  <Point X="108" Y="226" T="117902002" />
  <Point X="109" Y="228" T="117902012" />
  <Point X="110" Y="230" T="117902013" />
  <Point X="110" Y="232" T="117902023" />
  <Point X="112" Y="235" T="117902034" />
  <Point X="113" Y="237" T="117902045" />
  <Point X="114" Y="240" T="117902056" />
  <Point X="114" Y="242" T="117902067" />
  <Point X="115" Y="244" T="117902078" />
  <Point X="117" Y="246" T="117902089" />
  <Point X="118" Y="249" T="117902101" />
  <Point X="119" Y="251" T="117902113" />
  <Point X="119" Y="253" T="117902126" />
  <Point X="121" Y="251" T="117902206" />
  <Point X="122" Y="248" T="117902218" />
  <Point X="122" Y="243" T="117902231" />
  <Point X="123" Y="238" T="117902244" />
  <Point X="124" Y="227" T="117902259" />
  <Point X="126" Y="219" T="117902273" />
  <Point X="129" Y="207" T="117902287" />
  <Point X="131" Y="199" T="117902301" />
  <Point X="132" Y="196" T="117902303" />
  <Point X="134" Y="188" T="117902317" />
  <Point X="135" Y="185" T="117902318" />
  <Point X="137" Y="178" T="117902334" />
  <Point X="138" Y="176" T="117902335" />
  <Point X="139" Y="170" T="117902350" />
  <Point X="141" Y="166" T="117902365" />
  <Point X="144" Y="160" T="117902381" />
  <Point X="146" Y="157" T="117902397" />
  <Point X="148" Y="154" T="117902412" />
  <Point X="150" Y="151" T="117902428" />
  <Point X="151" Y="149" T="117902444" />
  <Point X="149" Y="151" T="117902513" />
</Gesture>