﻿<?xml version="1.0" encoding="utf-8" standalone="yes"?>
<Gesture Name="v08" Subject="4" Speed="fast" Number="8" NumPts="58" Millseconds="834" AppName="Gestures" AppVer="3.7.0.0" Date="Friday, March 09, 2007" TimeOfDay="8:40:58 PM">
  <Point X="83" Y="162" T="117902916" />
  <Point X="83" Y="164" T="117902940" />
  <Point X="83" Y="166" T="117902956" />
  <Point X="84" Y="169" T="117902965" />
  <Point X="85" Y="171" T="117902980" />
  <Point X="86" Y="173" T="117902993" />
  <Point X="86" Y="175" T="117903000" />
  <Point X="87" Y="177" T="117903008" />
  <Point X="89" Y="180" T="117903021" />
  <Point X="90" Y="183" T="117903029" />
  <Point X="91" Y="185" T="117903037" />
  <Point X="93" Y="188" T="117903045" />
  <Point X="94" Y="191" T="117903053" />
  <Point X="95" Y="193" T="117903061" />
  <Point X="96" Y="196" T="117903070" />
  <Point X="97" Y="198" T="117903078" />
  <Point X="98" Y="200" T="117903086" />
  <Point X="100" Y="203" T="117903094" />
  <Point X="101" Y="205" T="117903102" />
  <Point X="102" Y="208" T="117903111" />
  <Point X="104" Y="210" T="117903121" />
  <Point X="105" Y="213" T="117903130" />
  <Point X="106" Y="216" T="117903139" />
  <Point X="108" Y="218" T="117903150" />
  <Point X="109" Y="220" T="117903159" />
  <Point X="110" Y="222" T="117903169" />
  <Point X="111" Y="224" T="117903180" />
  <Point X="113" Y="227" T="117903190" />
  <Point X="114" Y="230" T="117903201" />
  <Point X="115" Y="233" T="117903211" />
  <Point X="116" Y="238" T="117903222" />
  <Point X="117" Y="240" T="117903233" />
  <Point X="118" Y="242" T="117903246" />
  <Point X="118" Y="244" T="117903257" />
  <Point X="119" Y="247" T="117903270" />
  <Point X="121" Y="249" T="117903295" />
  <Point X="121" Y="251" T="117903312" />
  <Point X="123" Y="251" T="117903394" />
  <Point X="123" Y="249" T="117903409" />
  <Point X="124" Y="245" T="117903423" />
  <Point X="124" Y="239" T="117903438" />
  <Point X="125" Y="228" T="117903454" />
  <Point X="126" Y="220" T="117903470" />
  <Point X="127" Y="216" T="117903484" />
  <Point X="130" Y="207" T="117903498" />
  <Point X="133" Y="198" T="117903512" />
  <Point X="135" Y="192" T="117903526" />
  <Point X="139" Y="184" T="117903541" />
  <Point X="142" Y="176" T="117903556" />
  <Point X="145" Y="171" T="117903571" />
  <Point X="148" Y="164" T="117903586" />
  <Point X="151" Y="158" T="117903602" />
  <Point X="152" Y="156" T="117903617" />
  <Point X="153" Y="153" T="117903633" />
  <Point X="156" Y="147" T="117903649" />
  <Point X="157" Y="145" T="117903665" />
  <Point X="158" Y="141" T="117903680" />
  <Point X="156" Y="143" T="117903750" />
</Gesture>