﻿<?xml version="1.0" encoding="utf-8" standalone="yes"?>
<Gesture Name="v09" Subject="4" Speed="fast" Number="9" NumPts="56" Millseconds="754" AppName="Gestures" AppVer="3.7.0.0" Date="Friday, March 09, 2007" TimeOfDay="8:40:59 PM">
  <Point X="88" Y="160" T="117904165" />
  <Point X="89" Y="162" T="117904212" />
  <Point X="89" Y="164" T="117904224" />
  <Point X="90" Y="167" T="117904241" />
  <Point X="90" Y="170" T="117904249" />
  <Point X="91" Y="173" T="117904257" />
  <Point X="92" Y="176" T="117904264" />
  <Point X="93" Y="178" T="117904272" />
  <Point X="94" Y="181" T="117904280" />
  <Point X="95" Y="185" T="117904288" />
  <Point X="96" Y="188" T="117904296" />
  <Point X="97" Y="190" T="117904304" />
  <Point X="98" Y="192" T="117904311" />
  <Point X="98" Y="194" T="117904312" />
  <Point X="99" Y="197" T="117904320" />
  <Point X="101" Y="200" T="117904329" />
  <Point X="102" Y="203" T="117904337" />
  <Point X="103" Y="206" T="117904345" />
  <Point X="104" Y="210" T="117904354" />
  <Point X="105" Y="213" T="117904364" />
  <Point X="106" Y="217" T="117904373" />
  <Point X="108" Y="220" T="117904384" />
  <Point X="109" Y="223" T="117904393" />
  <Point X="110" Y="225" T="117904403" />
  <Point X="111" Y="228" T="117904412" />
  <Point X="112" Y="230" T="117904422" />
  <Point X="113" Y="233" T="117904432" />
  <Point X="114" Y="236" T="117904433" />
  <Point X="115" Y="239" T="117904444" />
  <Point X="116" Y="242" T="117904455" />
  <Point X="117" Y="244" T="117904466" />
  <Point X="118" Y="246" T="117904477" />
  <Point X="119" Y="248" T="117904494" />
  <Point X="120" Y="250" T="117904506" />
  <Point X="121" Y="252" T="117904559" />
  <Point X="122" Y="250" T="117904595" />
  <Point X="122" Y="248" T="117904607" />
  <Point X="123" Y="246" T="117904620" />
  <Point X="123" Y="241" T="117904632" />
  <Point X="125" Y="234" T="117904646" />
  <Point X="126" Y="224" T="117904659" />
  <Point X="128" Y="216" T="117904673" />
  <Point X="131" Y="207" T="117904686" />
  <Point X="132" Y="205" T="117904688" />
  <Point X="135" Y="194" T="117904704" />
  <Point X="138" Y="184" T="117904719" />
  <Point X="140" Y="179" T="117904734" />
  <Point X="142" Y="171" T="117904748" />
  <Point X="146" Y="161" T="117904764" />
  <Point X="150" Y="154" T="117904779" />
  <Point X="151" Y="151" T="117904795" />
  <Point X="152" Y="148" T="117904796" />
  <Point X="154" Y="143" T="117904812" />
  <Point X="154" Y="141" T="117904827" />
  <Point X="154" Y="139" T="117904844" />
  <Point X="152" Y="141" T="117904919" />
</Gesture>