﻿<?xml version="1.0" encoding="utf-8" standalone="yes"?>
<Gesture Name="v10" Subject="4" Speed="fast" Number="10" NumPts="55" Millseconds="668" AppName="Gestures" AppVer="3.7.0.0" Date="Friday, March 09, 2007" TimeOfDay="8:41:00 PM">
  <Point X="89" Y="159" T="117905352" />
  <Point X="89" Y="162" T="117905377" />
  <Point X="90" Y="164" T="117905394" />
  <Point X="91" Y="166" T="117905406" />
  <Point X="92" Y="169" T="117905414" />
  <Point X="92" Y="172" T="117905422" />
  <Point X="93" Y="175" T="117905431" />
  <Point X="94" Y="177" T="117905443" />
  <Point X="95" Y="179" T="117905450" />
  <Point X="96" Y="183" T="117905456" />
  <Point X="97" Y="186" T="117905464" />
  <Point X="98" Y="189" T="117905472" />
  <Point X="99" Y="191" T="117905480" />
  <Point X="100" Y="193" T="117905487" />
  <Point X="101" Y="196" T="117905495" />
  <Point X="103" Y="199" T="117905503" />
  <Point X="104" Y="201" T="117905511" />
  <Point X="104" Y="203" T="117905512" />
  <Point X="105" Y="206" T="117905521" />
  <Point X="107" Y="209" T="117905529" />
  <Point X="108" Y="212" T="117905538" />
  <Point X="108" Y="214" T="117905547" />
  <Point X="110" Y="216" T="117905557" />
  <Point X="111" Y="219" T="117905566" />
  <Point X="112" Y="222" T="117905576" />
  <Point X="112" Y="224" T="117905577" />
  <Point X="114" Y="227" T="117905589" />
  <Point X="114" Y="230" T="117905599" />
  <Point X="115" Y="232" T="117905610" />
  <Point X="116" Y="234" T="117905620" />
  <Point X="117" Y="238" T="117905631" />
  <Point X="118" Y="240" T="117905642" />
  <Point X="118" Y="243" T="117905653" />
  <Point X="119" Y="245" T="117905665" />
  <Point X="120" Y="247" T="117905676" />
  <Point X="120" Y="249" T="117905689" />
  <Point X="122" Y="251" T="117905714" />
  <Point X="123" Y="249" T="117905773" />
  <Point X="123" Y="247" T="117905786" />
  <Point X="124" Y="241" T="117905798" />
  <Point X="125" Y="234" T="117905812" />
  <Point X="127" Y="226" T="117905825" />
  <Point X="128" Y="219" T="117905839" />
  <Point X="131" Y="209" T="117905853" />
  <Point X="134" Y="202" T="117905867" />
  <Point X="137" Y="194" T="117905882" />
  <Point X="140" Y="187" T="117905896" />
  <Point X="144" Y="178" T="117905911" />
  <Point X="148" Y="169" T="117905926" />
  <Point X="150" Y="164" T="117905941" />
  <Point X="153" Y="159" T="117905956" />
  <Point X="155" Y="154" T="117905972" />
  <Point X="156" Y="152" T="117905988" />
  <Point X="156" Y="149" T="117906004" />
  <Point X="158" Y="147" T="117906020" />
</Gesture>