﻿<?xml version="1.0" encoding="utf-8" standalone="yes"?>
<Gesture Name="x01" Subject="4" Speed="fast" Number="1" NumPts="63" Millseconds="812" AppName="Gestures" AppVer="3.7.0.0" Date="Friday, March 09, 2007" TimeOfDay="8:26:37 PM">
  <Point X="91" Y="141" T="117040285" />
  <Point X="93" Y="142" T="117040309" />
  <Point X="95" Y="143" T="117040325" />
  <Point X="97" Y="144" T="117040337" />
  <Point X="99" Y="146" T="117040345" />
  <Point X="100" Y="149" T="117040353" />
  <Point X="102" Y="151" T="117040361" />
  <Point X="104" Y="154" T="117040369" />
  <Point X="107" Y="157" T="117040377" />
  <Point X="109" Y="161" T="117040385" />
  <Point X="111" Y="163" T="117040392" />
  <Point X="113" Y="166" T="117040399" />
  <Point X="116" Y="170" T="117040406" />
  <Point X="119" Y="173" T="117040414" />
  <Point X="121" Y="175" T="117040422" />
  <Point X="123" Y="177" T="117040431" />
  <Point X="126" Y="180" T="117040439" />
  <Point X="127" Y="182" T="117040447" />
  <Point X="129" Y="185" T="117040455" />
  <Point X="131" Y="189" T="117040464" />
  <Point X="134" Y="191" T="117040473" />
  <Point X="137" Y="195" T="117040482" />
  <Point X="139" Y="197" T="117040491" />
  <Point X="142" Y="200" T="117040502" />
  <Point X="143" Y="202" T="117040512" />
  <Point X="146" Y="203" T="117040522" />
  <Point X="147" Y="205" T="117040534" />
  <Point X="149" Y="205" T="117040571" />
  <Point X="149" Y="203" T="117040584" />
  <Point X="148" Y="200" T="117040599" />
  <Point X="147" Y="197" T="117040610" />
  <Point X="146" Y="194" T="117040621" />
  <Point X="143" Y="186" T="117040633" />
  <Point X="141" Y="179" T="117040645" />
  <Point X="140" Y="172" T="117040656" />
  <Point X="139" Y="165" T="117040669" />
  <Point X="138" Y="158" T="117040681" />
  <Point X="138" Y="152" T="117040694" />
  <Point X="138" Y="147" T="117040706" />
  <Point X="139" Y="144" T="117040707" />
  <Point X="140" Y="139" T="117040721" />
  <Point X="140" Y="136" T="117040734" />
  <Point X="141" Y="134" T="117040747" />
  <Point X="142" Y="132" T="117040760" />
  <Point X="142" Y="130" T="117040779" />
  <Point X="142" Y="132" T="117040811" />
  <Point X="141" Y="134" T="117040827" />
  <Point X="139" Y="137" T="117040842" />
  <Point X="135" Y="142" T="117040857" />
  <Point X="132" Y="148" T="117040872" />
  <Point X="130" Y="151" T="117040886" />
  <Point X="127" Y="154" T="117040887" />
  <Point X="123" Y="160" T="117040904" />
  <Point X="118" Y="169" T="117040920" />
  <Point X="111" Y="177" T="117040936" />
  <Point X="104" Y="187" T="117040952" />
  <Point X="101" Y="192" T="117040969" />
  <Point X="95" Y="201" T="117040985" />
  <Point X="91" Y="205" T="117041002" />
  <Point X="86" Y="210" T="117041019" />
  <Point X="84" Y="212" T="117041036" />
  <Point X="80" Y="216" T="117041054" />
  <Point X="81" Y="213" T="117041097" />
</Gesture>