﻿<?xml version="1.0" encoding="utf-8" standalone="yes"?>
<Gesture Name="x02" Subject="4" Speed="fast" Number="2" NumPts="62" Millseconds="845" AppName="Gestures" AppVer="3.7.0.0" Date="Friday, March 09, 2007" TimeOfDay="8:26:39 PM">
  <Point X="95" Y="141" T="117041674" />
  <Point X="95" Y="144" T="117041682" />
  <Point X="95" Y="146" T="117041695" />
  <Point X="96" Y="148" T="117041702" />
  <Point X="97" Y="151" T="117041711" />
  <Point X="98" Y="155" T="117041719" />
  <Point X="100" Y="157" T="117041727" />
  <Point X="102" Y="160" T="117041735" />
  <Point X="104" Y="162" T="117041741" />
  <Point X="106" Y="166" T="117041748" />
  <Point X="108" Y="168" T="117041756" />
  <Point X="111" Y="171" T="117041763" />
  <Point X="113" Y="175" T="117041771" />
  <Point X="115" Y="178" T="117041779" />
  <Point X="117" Y="180" T="117041788" />
  <Point X="119" Y="184" T="117041795" />
  <Point X="121" Y="186" T="117041803" />
  <Point X="122" Y="190" T="117041812" />
  <Point X="124" Y="192" T="117041820" />
  <Point X="126" Y="195" T="117041828" />
  <Point X="129" Y="198" T="117041839" />
  <Point X="131" Y="201" T="117041848" />
  <Point X="132" Y="203" T="117041857" />
  <Point X="134" Y="205" T="117041867" />
  <Point X="136" Y="207" T="117041880" />
  <Point X="137" Y="209" T="117041890" />
  <Point X="138" Y="211" T="117041905" />
  <Point X="139" Y="213" T="117041925" />
  <Point X="139" Y="210" T="117041990" />
  <Point X="139" Y="208" T="117042001" />
  <Point X="138" Y="205" T="117042011" />
  <Point X="138" Y="199" T="117042023" />
  <Point X="136" Y="194" T="117042034" />
  <Point X="135" Y="187" T="117042046" />
  <Point X="135" Y="180" T="117042058" />
  <Point X="135" Y="174" T="117042070" />
  <Point X="135" Y="169" T="117042083" />
  <Point X="135" Y="161" T="117042096" />
  <Point X="136" Y="155" T="117042108" />
  <Point X="136" Y="152" T="117042121" />
  <Point X="138" Y="145" T="117042134" />
  <Point X="140" Y="140" T="117042147" />
  <Point X="141" Y="137" T="117042162" />
  <Point X="141" Y="135" T="117042185" />
  <Point X="139" Y="136" T="117042238" />
  <Point X="137" Y="138" T="117042252" />
  <Point X="135" Y="140" T="117042266" />
  <Point X="132" Y="145" T="117042282" />
  <Point X="130" Y="147" T="117042283" />
  <Point X="128" Y="150" T="117042298" />
  <Point X="126" Y="153" T="117042299" />
  <Point X="120" Y="160" T="117042314" />
  <Point X="114" Y="167" T="117042330" />
  <Point X="107" Y="176" T="117042347" />
  <Point X="101" Y="183" T="117042363" />
  <Point X="94" Y="191" T="117042379" />
  <Point X="87" Y="199" T="117042396" />
  <Point X="85" Y="202" T="117042413" />
  <Point X="83" Y="204" T="117042430" />
  <Point X="81" Y="206" T="117042447" />
  <Point X="83" Y="204" T="117042502" />
  <Point X="85" Y="201" T="117042519" />
</Gesture>