﻿<?xml version="1.0" encoding="utf-8" standalone="yes"?>
<Gesture Name="x03" Subject="4" Speed="fast" Number="3" NumPts="58" Millseconds="823" AppName="Gestures" AppVer="3.7.0.0" Date="Friday, March 09, 2007" TimeOfDay="8:26:40 PM">
  <Point X="99" Y="144" T="117043246" />
  <Point X="99" Y="147" T="117043266" />
  <Point X="100" Y="149" T="117043281" />
  <Point X="102" Y="152" T="117043294" />
  <Point X="103" Y="155" T="117043302" />
  <Point X="105" Y="158" T="117043310" />
  <Point X="107" Y="162" T="117043319" />
  <Point X="109" Y="164" T="117043325" />
  <Point X="112" Y="167" T="117043332" />
  <Point X="114" Y="171" T="117043339" />
  <Point X="117" Y="174" T="117043347" />
  <Point X="120" Y="177" T="117043355" />
  <Point X="123" Y="178" T="117043363" />
  <Point X="126" Y="182" T="117043372" />
  <Point X="128" Y="185" T="117043379" />
  <Point X="130" Y="189" T="117043387" />
  <Point X="132" Y="191" T="117043395" />
  <Point X="134" Y="194" T="117043403" />
  <Point X="136" Y="197" T="117043412" />
  <Point X="138" Y="199" T="117043420" />
  <Point X="140" Y="201" T="117043431" />
  <Point X="141" Y="203" T="117043440" />
  <Point X="142" Y="205" T="117043450" />
  <Point X="143" Y="207" T="117043463" />
  <Point X="145" Y="205" T="117043540" />
  <Point X="145" Y="203" T="117043550" />
  <Point X="144" Y="199" T="117043561" />
  <Point X="144" Y="195" T="117043572" />
  <Point X="143" Y="190" T="117043583" />
  <Point X="142" Y="183" T="117043594" />
  <Point X="141" Y="175" T="117043605" />
  <Point X="140" Y="169" T="117043617" />
  <Point X="139" Y="162" T="117043629" />
  <Point X="138" Y="156" T="117043641" />
  <Point X="138" Y="153" T="117043653" />
  <Point X="138" Y="149" T="117043665" />
  <Point X="138" Y="144" T="117043677" />
  <Point X="138" Y="141" T="117043689" />
  <Point X="139" Y="139" T="117043702" />
  <Point X="140" Y="136" T="117043714" />
  <Point X="141" Y="134" T="117043730" />
  <Point X="139" Y="136" T="117043797" />
  <Point X="137" Y="139" T="117043810" />
  <Point X="135" Y="142" T="117043824" />
  <Point X="131" Y="147" T="117043838" />
  <Point X="126" Y="154" T="117043852" />
  <Point X="120" Y="162" T="117043866" />
  <Point X="113" Y="171" T="117043882" />
  <Point X="106" Y="180" T="117043897" />
  <Point X="100" Y="187" T="117043913" />
  <Point X="98" Y="190" T="117043914" />
  <Point X="91" Y="199" T="117043930" />
  <Point X="88" Y="203" T="117043946" />
  <Point X="86" Y="205" T="117043961" />
  <Point X="84" Y="207" T="117043977" />
  <Point X="84" Y="205" T="117044037" />
  <Point X="85" Y="203" T="117044053" />
  <Point X="85" Y="201" T="117044069" />
</Gesture>