﻿<?xml version="1.0" encoding="utf-8" standalone="yes"?>
<Gesture Name="x04" Subject="4" Speed="fast" Number="4" NumPts="64" Millseconds="884" AppName="Gestures" AppVer="3.7.0.0" Date="Friday, March 09, 2007" TimeOfDay="8:26:42 PM">
  <Point X="87" Y="139" T="117044629" />
  <Point X="88" Y="142" T="117044653" />
  <Point X="88" Y="144" T="117044661" />
  <Point X="89" Y="147" T="117044673" />
  <Point X="92" Y="149" T="117044685" />
  <Point X="92" Y="151" T="117044691" />
  <Point X="93" Y="153" T="117044696" />
  <Point X="95" Y="156" T="117044703" />
  <Point X="97" Y="159" T="117044710" />
  <Point X="100" Y="162" T="117044718" />
  <Point X="101" Y="164" T="117044725" />
  <Point X="103" Y="169" T="117044732" />
  <Point X="106" Y="171" T="117044739" />
  <Point X="108" Y="175" T="117044747" />
  <Point X="110" Y="179" T="117044754" />
  <Point X="113" Y="182" T="117044762" />
  <Point X="115" Y="185" T="117044770" />
  <Point X="117" Y="188" T="117044778" />
  <Point X="119" Y="191" T="117044787" />
  <Point X="121" Y="194" T="117044795" />
  <Point X="122" Y="196" T="117044804" />
  <Point X="124" Y="200" T="117044813" />
  <Point X="126" Y="201" T="117044814" />
  <Point X="128" Y="204" T="117044825" />
  <Point X="130" Y="206" T="117044834" />
  <Point X="132" Y="208" T="117044844" />
  <Point X="134" Y="211" T="117044854" />
  <Point X="136" Y="215" T="117044866" />
  <Point X="137" Y="217" T="117044877" />
  <Point X="139" Y="219" T="117044889" />
  <Point X="141" Y="221" T="117044905" />
  <Point X="143" Y="218" T="117044966" />
  <Point X="143" Y="215" T="117044977" />
  <Point X="143" Y="212" T="117044989" />
  <Point X="143" Y="206" T="117045001" />
  <Point X="142" Y="204" T="117045002" />
  <Point X="142" Y="198" T="117045015" />
  <Point X="141" Y="190" T="117045028" />
  <Point X="141" Y="182" T="117045041" />
  <Point X="141" Y="174" T="117045053" />
  <Point X="141" Y="164" T="117045067" />
  <Point X="142" Y="157" T="117045081" />
  <Point X="142" Y="148" T="117045095" />
  <Point X="141" Y="141" T="117045109" />
  <Point X="141" Y="139" T="117045123" />
  <Point X="141" Y="132" T="117045137" />
  <Point X="141" Y="130" T="117045151" />
  <Point X="141" Y="128" T="117045165" />
  <Point X="139" Y="130" T="117045226" />
  <Point X="137" Y="132" T="117045241" />
  <Point X="133" Y="140" T="117045256" />
  <Point X="129" Y="147" T="117045272" />
  <Point X="124" Y="155" T="117045288" />
  <Point X="120" Y="163" T="117045305" />
  <Point X="112" Y="175" T="117045321" />
  <Point X="103" Y="189" T="117045338" />
  <Point X="97" Y="199" T="117045355" />
  <Point X="94" Y="204" T="117045372" />
  <Point X="89" Y="212" T="117045389" />
  <Point X="87" Y="216" T="117045407" />
  <Point X="86" Y="218" T="117045423" />
  <Point X="85" Y="216" T="117045478" />
  <Point X="86" Y="213" T="117045495" />
  <Point X="87" Y="211" T="117045513" />
</Gesture>