﻿<?xml version="1.0" encoding="utf-8" standalone="yes"?>
<Gesture Name="x05" Subject="4" Speed="fast" Number="5" NumPts="68" Millseconds="990" AppName="Gestures" AppVer="3.7.0.0" Date="Friday, March 09, 2007" TimeOfDay="8:26:44 PM">
  <Point X="93" Y="144" T="117046984" />
  <Point X="94" Y="147" T="117047009" />
  <Point X="94" Y="149" T="117047017" />
  <Point X="96" Y="152" T="117047028" />
  <Point X="98" Y="156" T="117047036" />
  <Point X="99" Y="158" T="117047044" />
  <Point X="101" Y="161" T="117047052" />
  <Point X="102" Y="163" T="117047058" />
  <Point X="104" Y="166" T="117047065" />
  <Point X="106" Y="169" T="117047072" />
  <Point X="108" Y="172" T="117047080" />
  <Point X="110" Y="174" T="117047088" />
  <Point X="112" Y="176" T="117047096" />
  <Point X="114" Y="178" T="117047105" />
  <Point X="116" Y="180" T="117047112" />
  <Point X="117" Y="182" T="117047121" />
  <Point X="119" Y="185" T="117047129" />
  <Point X="121" Y="188" T="117047137" />
  <Point X="123" Y="189" T="117047146" />
  <Point X="125" Y="192" T="117047158" />
  <Point X="126" Y="194" T="117047167" />
  <Point X="127" Y="196" T="117047176" />
  <Point X="130" Y="197" T="117047186" />
  <Point X="130" Y="199" T="117047195" />
  <Point X="132" Y="201" T="117047206" />
  <Point X="133" Y="203" T="117047219" />
  <Point X="135" Y="206" T="117047231" />
  <Point X="136" Y="208" T="117047247" />
  <Point X="137" Y="211" T="117047259" />
  <Point X="139" Y="213" T="117047287" />
  <Point X="140" Y="215" T="117047299" />
  <Point X="142" Y="217" T="117047344" />
  <Point X="143" Y="214" T="117047381" />
  <Point X="143" Y="212" T="117047394" />
  <Point X="143" Y="210" T="117047408" />
  <Point X="142" Y="205" T="117047420" />
  <Point X="141" Y="202" T="117047432" />
  <Point X="140" Y="194" T="117047445" />
  <Point X="139" Y="191" T="117047457" />
  <Point X="137" Y="182" T="117047470" />
  <Point X="137" Y="179" T="117047472" />
  <Point X="136" Y="175" T="117047485" />
  <Point X="135" Y="167" T="117047505" />
  <Point X="133" Y="159" T="117047519" />
  <Point X="133" Y="151" T="117047534" />
  <Point X="133" Y="144" T="117047548" />
  <Point X="133" Y="142" T="117047562" />
  <Point X="133" Y="136" T="117047577" />
  <Point X="133" Y="134" T="117047591" />
  <Point X="133" Y="132" T="117047643" />
  <Point X="132" Y="134" T="117047663" />
  <Point X="130" Y="137" T="117047679" />
  <Point X="129" Y="139" T="117047695" />
  <Point X="124" Y="145" T="117047711" />
  <Point X="120" Y="149" T="117047727" />
  <Point X="114" Y="158" T="117047744" />
  <Point X="110" Y="166" T="117047760" />
  <Point X="106" Y="174" T="117047778" />
  <Point X="101" Y="186" T="117047795" />
  <Point X="97" Y="192" T="117047813" />
  <Point X="94" Y="197" T="117047830" />
  <Point X="90" Y="203" T="117047848" />
  <Point X="87" Y="208" T="117047866" />
  <Point X="83" Y="213" T="117047885" />
  <Point X="81" Y="216" T="117047903" />
  <Point X="80" Y="218" T="117047904" />
  <Point X="81" Y="215" T="117047955" />
  <Point X="82" Y="212" T="117047974" />
</Gesture>