﻿<?xml version="1.0" encoding="utf-8" standalone="yes"?>
<Gesture Name="x06" Subject="4" Speed="fast" Number="6" NumPts="72" Millseconds="1041" AppName="Gestures" AppVer="3.7.0.0" Date="Friday, March 09, 2007" TimeOfDay="8:26:46 PM">
  <Point X="91" Y="143" T="117049194" />
  <Point X="91" Y="145" T="117049230" />
  <Point X="92" Y="148" T="117049247" />
  <Point X="93" Y="150" T="117049254" />
  <Point X="94" Y="153" T="117049263" />
  <Point X="95" Y="155" T="117049270" />
  <Point X="97" Y="158" T="117049278" />
  <Point X="98" Y="161" T="117049286" />
  <Point X="100" Y="163" T="117049294" />
  <Point X="103" Y="166" T="117049302" />
  <Point X="105" Y="169" T="117049310" />
  <Point X="107" Y="172" T="117049318" />
  <Point X="109" Y="175" T="117049326" />
  <Point X="111" Y="177" T="117049335" />
  <Point X="114" Y="179" T="117049342" />
  <Point X="115" Y="182" T="117049350" />
  <Point X="117" Y="184" T="117049358" />
  <Point X="119" Y="185" T="117049367" />
  <Point X="121" Y="188" T="117049375" />
  <Point X="124" Y="189" T="117049387" />
  <Point X="125" Y="192" T="117049396" />
  <Point X="128" Y="194" T="117049407" />
  <Point X="129" Y="197" T="117049416" />
  <Point X="131" Y="199" T="117049426" />
  <Point X="133" Y="199" T="117049436" />
  <Point X="134" Y="201" T="117049446" />
  <Point X="135" Y="203" T="117049456" />
  <Point X="137" Y="205" T="117049475" />
  <Point X="139" Y="207" T="117049519" />
  <Point X="141" Y="205" T="117049588" />
  <Point X="142" Y="203" T="117049599" />
  <Point X="143" Y="199" T="117049610" />
  <Point X="143" Y="196" T="117049622" />
  <Point X="143" Y="192" T="117049634" />
  <Point X="143" Y="184" T="117049646" />
  <Point X="143" Y="178" T="117049658" />
  <Point X="143" Y="171" T="117049671" />
  <Point X="144" Y="164" T="117049684" />
  <Point X="145" Y="156" T="117049699" />
  <Point X="146" Y="154" T="117049700" />
  <Point X="146" Y="150" T="117049713" />
  <Point X="147" Y="147" T="117049727" />
  <Point X="147" Y="144" T="117049728" />
  <Point X="147" Y="142" T="117049742" />
  <Point X="148" Y="140" T="117049756" />
  <Point X="148" Y="137" T="117049757" />
  <Point X="149" Y="135" T="117049771" />
  <Point X="149" Y="130" T="117049786" />
  <Point X="149" Y="128" T="117049800" />
  <Point X="149" Y="126" T="117049824" />
  <Point X="147" Y="126" T="117049885" />
  <Point X="145" Y="127" T="117049901" />
  <Point X="143" Y="128" T="117049917" />
  <Point X="141" Y="130" T="117049933" />
  <Point X="139" Y="132" T="117049934" />
  <Point X="136" Y="137" T="117049950" />
  <Point X="132" Y="142" T="117049966" />
  <Point X="128" Y="148" T="117049983" />
  <Point X="122" Y="154" T="117050001" />
  <Point X="119" Y="158" T="117050002" />
  <Point X="112" Y="167" T="117050020" />
  <Point X="103" Y="176" T="117050038" />
  <Point X="98" Y="183" T="117050056" />
  <Point X="91" Y="192" T="117050074" />
  <Point X="89" Y="195" T="117050093" />
  <Point X="86" Y="198" T="117050094" />
  <Point X="85" Y="201" T="117050113" />
  <Point X="83" Y="204" T="117050114" />
  <Point X="82" Y="206" T="117050133" />
  <Point X="81" Y="208" T="117050152" />
  <Point X="81" Y="205" T="117050215" />
  <Point X="82" Y="203" T="117050235" />
</Gesture>