﻿<?xml version="1.0" encoding="utf-8" standalone="yes"?>
<Gesture Name="x07" Subject="4" Speed="fast" Number="7" NumPts="67" Millseconds="933" AppName="Gestures" AppVer="3.7.0.0" Date="Friday, March 09, 2007" TimeOfDay="8:26:49 PM">
  <Point X="89" Y="134" T="117052027" />
  <Point X="89" Y="136" T="117052038" />
  <Point X="90" Y="138" T="117052062" />
  <Point X="91" Y="141" T="117052074" />
  <Point X="92" Y="143" T="117052082" />
  <Point X="93" Y="145" T="117052090" />
  <Point X="94" Y="148" T="117052099" />
  <Point X="96" Y="151" T="117052107" />
  <Point X="97" Y="154" T="117052115" />
  <Point X="99" Y="158" T="117052123" />
  <Point X="100" Y="160" T="117052130" />
  <Point X="102" Y="164" T="117052137" />
  <Point X="105" Y="167" T="117052147" />
  <Point X="107" Y="170" T="117052155" />
  <Point X="109" Y="174" T="117052164" />
  <Point X="111" Y="176" T="117052172" />
  <Point X="113" Y="179" T="117052180" />
  <Point X="115" Y="181" T="117052188" />
  <Point X="118" Y="183" T="117052196" />
  <Point X="120" Y="186" T="117052205" />
  <Point X="122" Y="188" T="117052214" />
  <Point X="124" Y="191" T="117052223" />
  <Point X="125" Y="193" T="117052233" />
  <Point X="127" Y="194" T="117052242" />
  <Point X="129" Y="196" T="117052243" />
  <Point X="132" Y="199" T="117052255" />
  <Point X="133" Y="201" T="117052265" />
  <Point X="136" Y="203" T="117052275" />
  <Point X="138" Y="205" T="117052287" />
  <Point X="140" Y="207" T="117052307" />
  <Point X="141" Y="205" T="117052379" />
  <Point X="141" Y="203" T="117052391" />
  <Point X="141" Y="200" T="117052403" />
  <Point X="141" Y="198" T="117052414" />
  <Point X="141" Y="196" T="117052416" />
  <Point X="141" Y="194" T="117052428" />
  <Point X="141" Y="187" T="117052440" />
  <Point X="140" Y="182" T="117052453" />
  <Point X="140" Y="175" T="117052466" />
  <Point X="139" Y="167" T="117052480" />
  <Point X="139" Y="162" T="117052493" />
  <Point X="138" Y="153" T="117052507" />
  <Point X="137" Y="148" T="117052521" />
  <Point X="136" Y="141" T="117052535" />
  <Point X="136" Y="137" T="117052549" />
  <Point X="135" Y="133" T="117052564" />
  <Point X="135" Y="131" T="117052578" />
  <Point X="135" Y="126" T="117052593" />
  <Point X="136" Y="121" T="117052607" />
  <Point X="133" Y="124" T="117052687" />
  <Point X="132" Y="127" T="117052702" />
  <Point X="131" Y="129" T="117052703" />
  <Point X="128" Y="135" T="117052719" />
  <Point X="123" Y="143" T="117052736" />
  <Point X="119" Y="151" T="117052752" />
  <Point X="113" Y="160" T="117052769" />
  <Point X="106" Y="172" T="117052786" />
  <Point X="104" Y="175" T="117052787" />
  <Point X="97" Y="185" T="117052805" />
  <Point X="91" Y="193" T="117052823" />
  <Point X="86" Y="199" T="117052841" />
  <Point X="84" Y="201" T="117052858" />
  <Point X="83" Y="203" T="117052859" />
  <Point X="81" Y="205" T="117052877" />
  <Point X="80" Y="208" T="117052896" />
  <Point X="80" Y="206" T="117052940" />
  <Point X="81" Y="203" T="117052960" />
</Gesture>