﻿<?xml version="1.0" encoding="utf-8" standalone="yes"?>
<Gesture Name="x08" Subject="4" Speed="fast" Number="8" NumPts="68" Millseconds="997" AppName="Gestures" AppVer="3.7.0.0" Date="Friday, March 09, 2007" TimeOfDay="8:26:51 PM">
  <Point X="87" Y="136" T="117053578" />
  <Point X="87" Y="138" T="117053619" />
  <Point X="88" Y="140" T="117053635" />
  <Point X="89" Y="142" T="117053643" />
  <Point X="89" Y="145" T="117053650" />
  <Point X="91" Y="148" T="117053658" />
  <Point X="93" Y="151" T="117053666" />
  <Point X="94" Y="154" T="117053674" />
  <Point X="96" Y="158" T="117053682" />
  <Point X="98" Y="160" T="117053690" />
  <Point X="101" Y="164" T="117053698" />
  <Point X="102" Y="166" T="117053705" />
  <Point X="103" Y="168" T="117053706" />
  <Point X="105" Y="171" T="117053715" />
  <Point X="108" Y="175" T="117053723" />
  <Point X="110" Y="177" T="117053730" />
  <Point X="112" Y="181" T="117053738" />
  <Point X="115" Y="184" T="117053747" />
  <Point X="117" Y="186" T="117053755" />
  <Point X="119" Y="189" T="117053764" />
  <Point X="121" Y="191" T="117053773" />
  <Point X="123" Y="193" T="117053782" />
  <Point X="125" Y="196" T="117053791" />
  <Point X="127" Y="198" T="117053801" />
  <Point X="129" Y="201" T="117053811" />
  <Point X="131" Y="203" T="117053821" />
  <Point X="132" Y="205" T="117053831" />
  <Point X="134" Y="208" T="117053841" />
  <Point X="135" Y="210" T="117053852" />
  <Point X="137" Y="212" T="117053866" />
  <Point X="139" Y="215" T="117053878" />
  <Point X="141" Y="217" T="117053907" />
  <Point X="143" Y="214" T="117053971" />
  <Point X="143" Y="211" T="117053984" />
  <Point X="143" Y="209" T="117053996" />
  <Point X="143" Y="206" T="117054008" />
  <Point X="143" Y="201" T="117054020" />
  <Point X="143" Y="194" T="117054033" />
  <Point X="143" Y="188" T="117054046" />
  <Point X="143" Y="185" T="117054047" />
  <Point X="142" Y="177" T="117054061" />
  <Point X="141" Y="168" T="117054074" />
  <Point X="141" Y="166" T="117054076" />
  <Point X="141" Y="158" T="117054090" />
  <Point X="140" Y="150" T="117054104" />
  <Point X="140" Y="147" T="117054118" />
  <Point X="140" Y="141" T="117054132" />
  <Point X="140" Y="135" T="117054147" />
  <Point X="140" Y="132" T="117054162" />
  <Point X="140" Y="130" T="117054177" />
  <Point X="140" Y="128" T="117054192" />
  <Point X="140" Y="126" T="117054207" />
  <Point X="138" Y="127" T="117054260" />
  <Point X="136" Y="129" T="117054276" />
  <Point X="133" Y="135" T="117054292" />
  <Point X="127" Y="143" T="117054309" />
  <Point X="122" Y="150" T="117054325" />
  <Point X="117" Y="161" T="117054343" />
  <Point X="110" Y="173" T="117054360" />
  <Point X="103" Y="183" T="117054378" />
  <Point X="96" Y="196" T="117054396" />
  <Point X="93" Y="203" T="117054414" />
  <Point X="87" Y="213" T="117054433" />
  <Point X="85" Y="218" T="117054451" />
  <Point X="83" Y="220" T="117054472" />
  <Point X="83" Y="218" T="117054537" />
  <Point X="83" Y="214" T="117054556" />
  <Point X="84" Y="211" T="117054575" />
</Gesture>