﻿<?xml version="1.0" encoding="utf-8" standalone="yes"?>
<Gesture Name="x09" Subject="4" Speed="fast" Number="9" NumPts="70" Millseconds="991" AppName="Gestures" AppVer="3.7.0.0" Date="Friday, March 09, 2007" TimeOfDay="8:26:52 PM">
  <Point X="88" Y="138" T="117055050" />
  <Point X="88" Y="140" T="117055074" />
  <Point X="90" Y="142" T="117055094" />
  <Point X="91" Y="145" T="117055102" />
  <Point X="92" Y="147" T="117055110" />
  <Point X="93" Y="150" T="117055117" />
  <Point X="95" Y="153" T="117055125" />
  <Point X="96" Y="155" T="117055131" />
  <Point X="97" Y="158" T="117055138" />
  <Point X="99" Y="161" T="117055145" />
  <Point X="101" Y="164" T="117055153" />
  <Point X="103" Y="166" T="117055161" />
  <Point X="105" Y="169" T="117055169" />
  <Point X="107" Y="172" T="117055179" />
  <Point X="109" Y="176" T="117055187" />
  <Point X="112" Y="179" T="117055194" />
  <Point X="114" Y="182" T="117055203" />
  <Point X="117" Y="185" T="117055211" />
  <Point X="120" Y="188" T="117055220" />
  <Point X="123" Y="191" T="117055228" />
  <Point X="125" Y="195" T="117055237" />
  <Point X="128" Y="196" T="117055247" />
  <Point X="130" Y="199" T="117055256" />
  <Point X="134" Y="203" T="117055266" />
  <Point X="136" Y="206" T="117055277" />
  <Point X="138" Y="208" T="117055287" />
  <Point X="139" Y="210" T="117055297" />
  <Point X="140" Y="212" T="117055308" />
  <Point X="142" Y="215" T="117055321" />
  <Point X="143" Y="218" T="117055341" />
  <Point X="144" Y="220" T="117055369" />
  <Point X="144" Y="217" T="117055434" />
  <Point X="145" Y="215" T="117055445" />
  <Point X="145" Y="211" T="117055457" />
  <Point X="145" Y="209" T="117055469" />
  <Point X="145" Y="206" T="117055470" />
  <Point X="145" Y="199" T="117055483" />
  <Point X="145" Y="192" T="117055496" />
  <Point X="145" Y="184" T="117055509" />
  <Point X="145" Y="182" T="117055510" />
  <Point X="145" Y="173" T="117055524" />
  <Point X="146" Y="162" T="117055539" />
  <Point X="145" Y="154" T="117055553" />
  <Point X="145" Y="147" T="117055567" />
  <Point X="144" Y="144" T="117055581" />
  <Point X="144" Y="142" T="117055582" />
  <Point X="144" Y="138" T="117055597" />
  <Point X="144" Y="134" T="117055611" />
  <Point X="143" Y="131" T="117055625" />
  <Point X="143" Y="129" T="117055641" />
  <Point X="143" Y="126" T="117055655" />
  <Point X="144" Y="124" T="117055670" />
  <Point X="144" Y="122" T="117055695" />
  <Point X="143" Y="124" T="117055762" />
  <Point X="141" Y="127" T="117055778" />
  <Point X="138" Y="130" T="117055793" />
  <Point X="136" Y="133" T="117055795" />
  <Point X="131" Y="140" T="117055811" />
  <Point X="124" Y="151" T="117055829" />
  <Point X="115" Y="164" T="117055846" />
  <Point X="108" Y="173" T="117055864" />
  <Point X="101" Y="185" T="117055882" />
  <Point X="96" Y="192" T="117055900" />
  <Point X="91" Y="201" T="117055918" />
  <Point X="87" Y="207" T="117055936" />
  <Point X="83" Y="213" T="117055955" />
  <Point X="81" Y="215" T="117055973" />
  <Point X="80" Y="217" T="117055991" />
  <Point X="81" Y="215" T="117056022" />
  <Point X="82" Y="211" T="117056041" />
</Gesture>