﻿<?xml version="1.0" encoding="utf-8" standalone="yes"?>
<Gesture Name="x10" Subject="4" Speed="fast" Number="10" NumPts="69" Millseconds="968" AppName="Gestures" AppVer="3.7.0.0" Date="Friday, March 09, 2007" TimeOfDay="8:26:53 PM">
  <Point X="89" Y="134" T="117056409" />
  <Point X="89" Y="136" T="117056434" />
  <Point X="90" Y="138" T="117056446" />
  <Point X="91" Y="140" T="117056459" />
  <Point X="93" Y="143" T="117056466" />
  <Point X="94" Y="146" T="117056475" />
  <Point X="96" Y="149" T="117056483" />
  <Point X="98" Y="153" T="117056491" />
  <Point X="100" Y="155" T="117056498" />
  <Point X="101" Y="157" T="117056504" />
  <Point X="103" Y="161" T="117056511" />
  <Point X="104" Y="163" T="117056512" />
  <Point X="107" Y="166" T="117056519" />
  <Point X="109" Y="169" T="117056527" />
  <Point X="112" Y="173" T="117056536" />
  <Point X="115" Y="175" T="117056543" />
  <Point X="117" Y="178" T="117056551" />
  <Point X="119" Y="181" T="117056560" />
  <Point X="122" Y="184" T="117056568" />
  <Point X="124" Y="187" T="117056576" />
  <Point X="126" Y="190" T="117056585" />
  <Point X="128" Y="192" T="117056594" />
  <Point X="130" Y="194" T="117056604" />
  <Point X="132" Y="197" T="117056613" />
  <Point X="134" Y="199" T="117056623" />
  <Point X="136" Y="201" T="117056624" />
  <Point X="138" Y="204" T="117056635" />
  <Point X="139" Y="206" T="117056647" />
  <Point X="140" Y="208" T="117056659" />
  <Point X="142" Y="210" T="117056686" />
  <Point X="143" Y="208" T="117056759" />
  <Point X="144" Y="206" T="117056770" />
  <Point X="144" Y="204" T="117056781" />
  <Point X="144" Y="200" T="117056793" />
  <Point X="143" Y="194" T="117056805" />
  <Point X="143" Y="190" T="117056817" />
  <Point X="143" Y="182" T="117056830" />
  <Point X="143" Y="175" T="117056843" />
  <Point X="143" Y="166" T="117056856" />
  <Point X="144" Y="158" T="117056869" />
  <Point X="145" Y="151" T="117056882" />
  <Point X="145" Y="144" T="117056896" />
  <Point X="146" Y="140" T="117056909" />
  <Point X="146" Y="138" T="117056923" />
  <Point X="146" Y="135" T="117056924" />
  <Point X="147" Y="133" T="117056938" />
  <Point X="147" Y="129" T="117056952" />
  <Point X="147" Y="126" T="117056969" />
  <Point X="148" Y="124" T="117056984" />
  <Point X="149" Y="120" T="117057000" />
  <Point X="147" Y="122" T="117057070" />
  <Point X="145" Y="124" T="117057085" />
  <Point X="142" Y="129" T="117057102" />
  <Point X="138" Y="135" T="117057118" />
  <Point X="132" Y="143" T="117057135" />
  <Point X="127" Y="148" T="117057151" />
  <Point X="118" Y="158" T="117057168" />
  <Point X="110" Y="168" T="117057185" />
  <Point X="101" Y="180" T="117057203" />
  <Point X="95" Y="187" T="117057220" />
  <Point X="91" Y="193" T="117057237" />
  <Point X="87" Y="200" T="117057255" />
  <Point X="85" Y="201" T="117057273" />
  <Point X="84" Y="204" T="117057274" />
  <Point X="82" Y="207" T="117057292" />
  <Point X="80" Y="211" T="117057310" />
  <Point X="79" Y="213" T="117057328" />
  <Point X="80" Y="211" T="117057359" />
  <Point X="81" Y="209" T="117057377" />
</Gesture>