﻿<?xml version="1.0" encoding="utf-8" standalone="yes"?>
<Gesture Name="arrow06" Subject="5" Speed="fast" Number="6" NumPts="67" Millseconds="989" AppName="Gestures" AppVer="3.7.0.0" Date="Friday, March 09, 2007" TimeOfDay="9:54:16 PM">
  <Point X="60" Y="220" T="119770850" />
  <Point X="63" Y="219" T="119770858" />
  <Point X="67" Y="218" T="119770866" />
  <Point X="69" Y="219" T="119770871" />
  <Point X="71" Y="218" T="119770877" />
  <Point X="76" Y="216" T="119770883" />
  <Point X="78" Y="216" T="119770889" />
  <Point X="83" Y="214" T="119770895" />
  <Point X="86" Y="213" T="119770902" />
  <Point X="88" Y="212" T="119770903" />
  <Point X="91" Y="211" T="119770910" />
  <Point X="94" Y="210" T="119770911" />
  <Point X="99" Y="207" T="119770919" />
  <Point X="104" Y="204" T="119770926" />
  <Point X="106" Y="203" T="119770934" />
  <Point X="108" Y="202" T="119770935" />
  <Point X="113" Y="199" T="119770943" />
  <Point X="117" Y="197" T="119770951" />
  <Point X="122" Y="194" T="119770960" />
  <Point X="124" Y="192" T="119770969" />
  <Point X="127" Y="191" T="119770978" />
  <Point X="130" Y="188" T="119770979" />
  <Point X="132" Y="185" T="119770988" />
  <Point X="135" Y="184" T="119770998" />
  <Point X="137" Y="182" T="119771008" />
  <Point X="139" Y="180" T="119771018" />
  <Point X="141" Y="178" T="119771030" />
  <Point X="143" Y="176" T="119771051" />
  <Point X="146" Y="175" T="119771072" />
  <Point X="148" Y="174" T="119771089" />
  <Point X="149" Y="172" T="119771105" />
  <Point X="147" Y="170" T="119771233" />
  <Point X="145" Y="171" T="119771253" />
  <Point X="142" Y="172" T="119771266" />
  <Point X="140" Y="172" T="119771278" />
  <Point X="135" Y="173" T="119771292" />
  <Point X="131" Y="174" T="119771305" />
  <Point X="128" Y="175" T="119771306" />
  <Point X="120" Y="177" T="119771322" />
  <Point X="116" Y="178" T="119771336" />
  <Point X="112" Y="178" T="119771338" />
  <Point X="107" Y="180" T="119771353" />
  <Point X="102" Y="182" T="119771370" />
  <Point X="100" Y="182" T="119771385" />
  <Point X="102" Y="180" T="119771433" />
  <Point X="105" Y="180" T="119771448" />
  <Point X="108" Y="179" T="119771464" />
  <Point X="113" Y="178" T="119771480" />
  <Point X="120" Y="176" T="119771496" />
  <Point X="127" Y="175" T="119771512" />
  <Point X="134" Y="173" T="119771528" />
  <Point X="137" Y="172" T="119771530" />
  <Point X="142" Y="171" T="119771548" />
  <Point X="147" Y="171" T="119771565" />
  <Point X="149" Y="170" T="119771582" />
  <Point X="151" Y="170" T="119771600" />
  <Point X="153" Y="169" T="119771622" />
  <Point X="155" Y="167" T="119771650" />
  <Point X="155" Y="169" T="119771702" />
  <Point X="154" Y="173" T="119771720" />
  <Point X="151" Y="183" T="119771739" />
  <Point X="148" Y="196" T="119771759" />
  <Point X="146" Y="207" T="119771779" />
  <Point X="145" Y="215" T="119771798" />
  <Point X="145" Y="220" T="119771818" />
  <Point X="145" Y="222" T="119771819" />
  <Point X="147" Y="224" T="119771839" />
</Gesture>