﻿<?xml version="1.0" encoding="utf-8" standalone="yes"?>
<Gesture Name="arrow01" Subject="5" Speed="fast" Number="1" NumPts="60" Millseconds="857" AppName="Gestures" AppVer="3.7.0.0" Date="Friday, March 09, 2007" TimeOfDay="9:54:09 PM">
  <Point X="58" Y="215" T="119763800" />
  <Point X="56" Y="215" T="119763825" />
  <Point X="55" Y="217" T="119763861" />
  <Point X="57" Y="218" T="119763877" />
  <Point X="60" Y="218" T="119763885" />
  <Point X="63" Y="218" T="119763893" />
  <Point X="66" Y="218" T="119763901" />
  <Point X="68" Y="218" T="119763908" />
  <Point X="71" Y="218" T="119763910" />
  <Point X="76" Y="217" T="119763918" />
  <Point X="81" Y="214" T="119763926" />
  <Point X="87" Y="211" T="119763934" />
  <Point X="92" Y="210" T="119763942" />
  <Point X="98" Y="207" T="119763951" />
  <Point X="103" Y="205" T="119763960" />
  <Point X="108" Y="203" T="119763968" />
  <Point X="110" Y="202" T="119763970" />
  <Point X="115" Y="200" T="119763981" />
  <Point X="117" Y="199" T="119763982" />
  <Point X="119" Y="197" T="119763993" />
  <Point X="122" Y="196" T="119763994" />
  <Point X="125" Y="195" T="119764006" />
  <Point X="128" Y="192" T="119764016" />
  <Point X="130" Y="191" T="119764018" />
  <Point X="132" Y="190" T="119764030" />
  <Point X="134" Y="190" T="119764047" />
  <Point X="132" Y="190" T="119764112" />
  <Point X="130" Y="189" T="119764123" />
  <Point X="126" Y="189" T="119764135" />
  <Point X="119" Y="191" T="119764147" />
  <Point X="117" Y="191" T="119764149" />
  <Point X="110" Y="191" T="119764162" />
  <Point X="104" Y="191" T="119764174" />
  <Point X="101" Y="191" T="119764187" />
  <Point X="98" Y="190" T="119764189" />
  <Point X="95" Y="190" T="119764202" />
  <Point X="90" Y="189" T="119764216" />
  <Point X="88" Y="189" T="119764229" />
  <Point X="91" Y="188" T="119764297" />
  <Point X="94" Y="187" T="119764311" />
  <Point X="104" Y="186" T="119764325" />
  <Point X="111" Y="185" T="119764340" />
  <Point X="114" Y="184" T="119764342" />
  <Point X="124" Y="182" T="119764358" />
  <Point X="130" Y="182" T="119764373" />
  <Point X="132" Y="180" T="119764374" />
  <Point X="138" Y="179" T="119764391" />
  <Point X="141" Y="180" T="119764406" />
  <Point X="143" Y="178" T="119764422" />
  <Point X="145" Y="176" T="119764445" />
  <Point X="144" Y="178" T="119764473" />
  <Point X="142" Y="180" T="119764514" />
  <Point X="141" Y="183" T="119764531" />
  <Point X="138" Y="193" T="119764548" />
  <Point X="135" Y="207" T="119764566" />
  <Point X="132" Y="219" T="119764584" />
  <Point X="129" Y="234" T="119764603" />
  <Point X="128" Y="243" T="119764621" />
  <Point X="128" Y="247" T="119764639" />
  <Point X="128" Y="250" T="119764657" />
</Gesture>