﻿<?xml version="1.0" encoding="utf-8" standalone="yes"?>
<Gesture Name="arrow08" Subject="5" Speed="fast" Number="8" NumPts="59" Millseconds="842" AppName="Gestures" AppVer="3.7.0.0" Date="Friday, March 09, 2007" TimeOfDay="9:54:19 PM">
  <Point X="62" Y="217" T="119773525" />
  <Point X="65" Y="217" T="119773533" />
  <Point X="67" Y="216" T="119773538" />
  <Point X="69" Y="216" T="119773543" />
  <Point X="74" Y="214" T="119773549" />
  <Point X="77" Y="214" T="119773555" />
  <Point X="82" Y="213" T="119773561" />
  <Point X="85" Y="211" T="119773568" />
  <Point X="91" Y="210" T="119773574" />
  <Point X="97" Y="210" T="119773582" />
  <Point X="100" Y="208" T="119773589" />
  <Point X="103" Y="206" T="119773590" />
  <Point X="108" Y="204" T="119773597" />
  <Point X="113" Y="201" T="119773605" />
  <Point X="118" Y="199" T="119773614" />
  <Point X="122" Y="196" T="119773622" />
  <Point X="124" Y="195" T="119773631" />
  <Point X="128" Y="193" T="119773640" />
  <Point X="131" Y="190" T="119773641" />
  <Point X="134" Y="187" T="119773650" />
  <Point X="137" Y="185" T="119773660" />
  <Point X="139" Y="183" T="119773670" />
  <Point X="141" Y="181" T="119773680" />
  <Point X="145" Y="177" T="119773689" />
  <Point X="148" Y="175" T="119773701" />
  <Point X="150" Y="175" T="119773713" />
  <Point X="152" Y="173" T="119773725" />
  <Point X="154" Y="172" T="119773745" />
  <Point X="152" Y="171" T="119773826" />
  <Point X="150" Y="172" T="119773843" />
  <Point X="148" Y="171" T="119773855" />
  <Point X="146" Y="172" T="119773867" />
  <Point X="140" Y="172" T="119773880" />
  <Point X="137" Y="174" T="119773893" />
  <Point X="132" Y="174" T="119773906" />
  <Point X="124" Y="175" T="119773919" />
  <Point X="118" Y="175" T="119773933" />
  <Point X="116" Y="176" T="119773946" />
  <Point X="114" Y="177" T="119773948" />
  <Point X="112" Y="175" T="119773963" />
  <Point X="111" Y="172" T="119773983" />
  <Point X="113" Y="170" T="119774011" />
  <Point X="116" Y="169" T="119774026" />
  <Point X="118" Y="170" T="119774041" />
  <Point X="123" Y="170" T="119774056" />
  <Point X="133" Y="168" T="119774072" />
  <Point X="142" Y="166" T="119774088" />
  <Point X="149" Y="164" T="119774104" />
  <Point X="155" Y="163" T="119774120" />
  <Point X="157" Y="162" T="119774136" />
  <Point X="159" Y="161" T="119774152" />
  <Point X="161" Y="163" T="119774242" />
  <Point X="160" Y="170" T="119774259" />
  <Point X="157" Y="181" T="119774277" />
  <Point X="152" Y="196" T="119774295" />
  <Point X="149" Y="203" T="119774313" />
  <Point X="144" Y="214" T="119774331" />
  <Point X="143" Y="217" T="119774348" />
  <Point X="142" Y="221" T="119774367" />
</Gesture>