﻿<?xml version="1.0" encoding="utf-8" standalone="yes"?>
<Gesture Name="caret07" Subject="5" Speed="fast" Number="7" NumPts="64" Millseconds="759" AppName="Gestures" AppVer="3.7.0.0" Date="Friday, March 09, 2007" TimeOfDay="9:52:42 PM">
  <Point X="74" Y="218" T="119676269" />
  <Point X="75" Y="215" T="119676281" />
  <Point X="76" Y="213" T="119676293" />
  <Point X="78" Y="211" T="119676301" />
  <Point X="79" Y="209" T="119676310" />
  <Point X="80" Y="207" T="119676316" />
  <Point X="82" Y="204" T="119676323" />
  <Point X="84" Y="202" T="119676330" />
  <Point X="86" Y="199" T="119676338" />
  <Point X="88" Y="195" T="119676346" />
  <Point X="88" Y="193" T="119676353" />
  <Point X="90" Y="191" T="119676360" />
  <Point X="92" Y="188" T="119676367" />
  <Point X="94" Y="185" T="119676375" />
  <Point X="95" Y="182" T="119676383" />
  <Point X="96" Y="179" T="119676391" />
  <Point X="97" Y="177" T="119676400" />
  <Point X="98" Y="175" T="119676409" />
  <Point X="99" Y="173" T="119676410" />
  <Point X="100" Y="171" T="119676420" />
  <Point X="101" Y="167" T="119676430" />
  <Point X="103" Y="161" T="119676439" />
  <Point X="104" Y="158" T="119676449" />
  <Point X="105" Y="156" T="119676459" />
  <Point X="106" Y="154" T="119676468" />
  <Point X="108" Y="148" T="119676478" />
  <Point X="109" Y="146" T="119676488" />
  <Point X="109" Y="143" T="119676499" />
  <Point X="110" Y="141" T="119676509" />
  <Point X="110" Y="139" T="119676510" />
  <Point X="111" Y="137" T="119676521" />
  <Point X="112" Y="134" T="119676533" />
  <Point X="113" Y="130" T="119676544" />
  <Point X="114" Y="125" T="119676559" />
  <Point X="114" Y="123" T="119676571" />
  <Point X="115" Y="120" T="119676584" />
  <Point X="116" Y="118" T="119676596" />
  <Point X="116" Y="116" T="119676608" />
  <Point X="116" Y="113" T="119676621" />
  <Point X="116" Y="111" T="119676638" />
  <Point X="116" Y="113" T="119676710" />
  <Point X="116" Y="115" T="119676730" />
  <Point X="116" Y="117" T="119676750" />
  <Point X="117" Y="120" T="119676764" />
  <Point X="118" Y="122" T="119676777" />
  <Point X="118" Y="126" T="119676792" />
  <Point X="119" Y="134" T="119676807" />
  <Point X="121" Y="140" T="119676822" />
  <Point X="121" Y="142" T="119676823" />
  <Point X="123" Y="151" T="119676839" />
  <Point X="126" Y="161" T="119676855" />
  <Point X="129" Y="170" T="119676871" />
  <Point X="133" Y="180" T="119676888" />
  <Point X="136" Y="188" T="119676904" />
  <Point X="141" Y="200" T="119676921" />
  <Point X="142" Y="203" T="119676922" />
  <Point X="147" Y="213" T="119676939" />
  <Point X="151" Y="218" T="119676957" />
  <Point X="154" Y="224" T="119676974" />
  <Point X="156" Y="227" T="119676975" />
  <Point X="158" Y="232" T="119676992" />
  <Point X="159" Y="234" T="119677010" />
  <Point X="160" Y="237" T="119677011" />
  <Point X="161" Y="239" T="119677028" />
</Gesture>