Recognition Log: Lunafreya Nguyen and Diego Batista Cruz // $1 Unistroke Recognizer // Provided XML // USER-DEPENDENT RANDOM-100,,,,,,,,,,,
User,GestureType,RandomIteration,numOfTrainingExamples,TotalSizeOfTrainingSet,TrainingSetContents,Candidate,RecoResultGestureType,CorrectIncorrect,RecoResultScore,RecoResultBestMatch,RecoResultNBestSorted
2,arrow02,1,1,1,arrow02,candidate,arrow02,right,58.38
2,caret03,2,1,1,caret03,candidate,right_sq_bracket09,wrong,57.43
2,check03,3,1,1,check03,candidate,check03,right,32.39
2,circle07,4,1,1,circle07,candidate,circle07,right,33.99
2,delete_mark04,5,1,1,delete_mark04,candidate,delete_mark04,right,34.58
2,left_curly_brace08,6,1,1,left_curly_brace08,candidate,left_curly_brace08,right,30.36
2,left_sq_bracket09,7,1,1,left_sq_bracket09,candidate,left_sq_bracket09,right,39.45
2,pigtail06,8,1,1,pigtail06,candidate,pigtail06,right,73.78
2,question_mark05,9,1,1,question_mark05,candidate,question_mark05,right,48.81
2,rectangle02,10,1,1,rectangle02,candidate,rectangle02,right,44.61
3,right_curly_brace08,1,1,1,right_curly_brace08,candidate,right_curly_brace08,right,40.27
3,right_sq_bracket09,2,1,1,right_sq_bracket09,candidate,right_sq_bracket09,right,39.94
3,star05,3,1,1,star05,candidate,star05,right,40.77
3,triangle04,4,1,1,triangle04,candidate,triangle04,right,52.23
3,v09,5,1,1,v09,candidate,v09,right,46.23
3,x10,6,1,1,x10,candidate,x10,right,89.58
3,arrow02,7,1,1,arrow02,candidate,arrow10,right,72.19
3,caret03,8,1,1,caret03,candidate,caret07,right,63.47
3,check03,9,1,1,check03,candidate,check04,right,36.51
3,circle07,10,1,1,circle07,candidate,circle07,right,40.65
4,delete_mark04,1,1,1,delete_mark04,candidate,delete_mark04,right,42.21
4,left_curly_brace08,2,1,1,left_curly_brace08,candidate,left_curly_brace02,right,39.64
4,left_sq_bracket09,3,1,1,left_sq_bracket09,candidate,left_sq_bracket04,right,36.11
4,pigtail06,4,1,1,pigtail06,candidate,x09,wrong,74.79
4,question_mark05,5,1,1,question_mark05,candidate,question_mark06,right,47.69
4,rectangle02,6,1,1,rectangle02,candidate,rectangle02,right,58.52
4,right_curly_brace08,7,1,1,right_curly_brace08,candidate,right_curly_brace08,right,40.15
4,right_sq_bracket09,8,1,1,right_sq_bracket09,candidate,right_sq_bracket09,right,47.25
4,star05,9,1,1,star05,candidate,star01,right,45.84
4,triangle04,10,1,1,triangle04,candidate,rectangle02,wrong,46.10
5,v09,1,1,1,v09,candidate,v10,right,51.02
5,x10,2,1,1,x10,candidate,x09,right,88.67
5,arrow02,3,1,1,arrow02,candidate,arrow10,right,69.91
5,caret03,4,1,1,caret03,candidate,caret07,right,60.13
5,check03,5,1,1,check03,candidate,check09,right,31.90
5,circle07,6,1,1,circle07,candidate,circle02,right,34.81
5,delete_mark04,7,1,1,delete_mark04,candidate,delete_mark05,right,50.45
5,left_curly_brace08,8,1,1,left_curly_brace08,candidate,left_curly_brace02,right,27.92
5,left_sq_bracket09,9,1,1,left_sq_bracket09,candidate,left_sq_bracket09,right,30.20
5,pigtail06,10,1,1,pigtail06,candidate,pigtail01,right,74.53
6,question_mark05,1,1,1,question_mark05,candidate,question_mark05,right,53.43
6,rectangle02,2,1,1,rectangle02,candidate,rectangle08,right,41.04
6,right_curly_brace08,3,1,1,right_curly_brace08,candidate,right_curly_brace04,right,50.02
6,right_sq_bracket09,4,1,1,right_sq_bracket09,candidate,right_sq_bracket09,right,47.65
6,star05,5,1,1,star05,candidate,star01,right,55.24
6,triangle04,6,1,1,triangle04,candidate,triangle09,right,44.97
6,v09,7,1,1,v09,candidate,v09,right,44.09
6,x10,8,1,1,x10,candidate,x01,right,92.48
6,arrow02,9,1,1,arrow02,candidate,arrow10,right,71.52
6,caret03,10,1,1,caret03,candidate,caret03,right,72.26
7,check03,1,1,1,check03,candidate,check09,right,36.58
7,circle07,2,1,1,circle07,candidate,circle02,right,44.97
7,delete_mark04,3,1,1,delete_mark04,candidate,delete_mark04,right,49.80
7,left_curly_brace08,4,1,1,left_curly_brace08,candidate,left_curly_brace02,right,37.76
7,left_sq_bracket09,5,1,1,left_sq_bracket09,candidate,left_sq_bracket02,right,35.02
7,pigtail06,6,1,1,pigtail06,candidate,x01,wrong,77.49
7,question_mark05,7,1,1,question_mark05,candidate,question_mark03,right,52.01
7,rectangle02,8,1,1,rectangle02,candidate,rectangle02,right,51.92
7,right_curly_brace08,9,1,1,right_curly_brace08,candidate,right_curly_brace04,right,46.40
7,right_sq_bracket09,10,1,1,right_sq_bracket09,candidate,right_sq_bracket09,right,45.49
8,star05,1,1,1,star05,candidate,star07,right,48.67
8,triangle04,2,1,1,triangle04,candidate,triangle09,right,48.48
8,v09,3,1,1,v09,candidate,v10,right,49.94
8,x10,4,1,1,x10,candidate,x09,right,90.66
8,arrow02,5,1,1,arrow02,candidate,arrow10,right,73.93
8,caret03,6,1,1,caret03,candidate,caret03,right,68.61
8,check03,7,1,1,check03,candidate,check09,right,41.64
8,circle07,8,1,1,circle07,candidate,circle02,right,47.22
8,delete_mark04,9,1,1,delete_mark04,candidate,delete_mark04,right,48.33
8,left_curly_brace08,10,1,1,left_curly_brace08,candidate,left_curly_brace04,right,36.78
9,left_sq_bracket09,1,1,1,left_sq_bracket09,candidate,left_sq_bracket09,right,44.36
9,pigtail06,2,1,1,pigtail06,candidate,pigtail10,right,73.11
9,question_mark05,3,1,1,question_mark05,candidate,question_mark03,right,44.62
9,rectangle02,4,1,1,rectangle02,candidate,rectangle05,right,57.20
9,right_curly_brace08,5,1,1,right_curly_brace08,candidate,right_curly_brace01,right,46.86
9,right_sq_bracket09,6,1,1,right_sq_bracket09,candidate,right_sq_bracket07,right,44.18
9,star05,7,1,1,star05,candidate,star01,right,54.49
9,triangle04,8,1,1,triangle04,candidate,triangle09,right,58.01
9,v09,9,1,1,v09,candidate,v05,right,46.37
9,x10,10,1,1,x10,candidate,x07,right,94.13
10,arrow02,1,1,1,arrow02,candidate,arrow10,right,75.51
10,caret03,2,1,1,caret03,candidate,caret04,right,60.13
10,check03,3,1,1,check03,candidate,check04,right,35.30
10,circle07,4,1,1,circle07,candidate,circle10,right,38.29
10,delete_mark04,5,1,1,delete_mark04,candidate,delete_mark03,right,45.03
10,left_curly_brace08,6,1,1,left_curly_brace08,candidate,left_curly_brace03,right,40.65
10,left_sq_bracket09,7,1,1,left_sq_bracket09,candidate,left_sq_bracket04,right,35.90
10,pigtail06,8,1,1,pigtail06,candidate,pigtail01,right,69.20
10,question_mark05,9,1,1,question_mark05,candidate,question_mark03,right,50.12
10,rectangle02,10,1,1,rectangle02,candidate,rectangle02,right,51.02
11,right_curly_brace08,1,1,1,right_curly_brace08,candidate,right_curly_brace04,right,46.36
11,right_sq_bracket09,2,1,1,right_sq_bracket09,candidate,right_sq_bracket09,right,51.09
11,star05,3,1,1,star05,candidate,star01,right,56.45
11,triangle04,4,1,1,triangle04,candidate,triangle06,right,53.60
11,v09,5,1,1,v09,candidate,v06,right,47.82
11,x10,6,1,1,x10,candidate,x06,right,95.42
11,arrow02,7,1,1,arrow02,candidate,arrow01,right,58.38
11,caret03,8,1,1,caret03,candidate,caret10,right,58.68
11,check03,9,1,1,check03,candidate,check04,right,35.30
11,circle07,10,1,1,circle07,candidate,circle02,right,25.74
undefined,delete_mark04,undefined,1,1,delete_mark04,candidate,delete_mark03,right,38.16
undefined,left_curly_brace08,undefined,1,1,left_curly_brace08,candidate,left_curly_brace02,right,37.92
undefined,left_sq_bracket09,undefined,1,1,left_sq_bracket09,candidate,left_sq_bracket09,right,34.62
undefined,pigtail06,undefined,1,1,pigtail06,candidate,pigtail09,right,71.92
undefined,question_mark05,undefined,1,1,question_mark05,candidate,question_mark05,right,46.56
undefined,rectangle02,undefined,1,1,rectangle02,candidate,rectangle05,right,48.85
undefined,right_curly_brace08,undefined,1,1,right_curly_brace08,candidate,right_curly_brace09,right,43.25
undefined,right_sq_bracket09,undefined,1,1,right_sq_bracket09,candidate,right_sq_bracket04,right,39.94
undefined,star05,undefined,1,1,star05,candidate,star08,right,46.52
undefined,triangle04,undefined,1,1,triangle04,candidate,triangle02,right,50.24
undefined,v09,undefined,1,1,v09,candidate,v07,right,45.66
undefined,x10,undefined,1,1,x10,candidate,x10,right,91.60
undefined,arrow02,undefined,1,1,arrow02,candidate,arrow04,right,77.80
undefined,caret03,undefined,1,1,caret03,candidate,caret04,right,59.35
undefined,check03,undefined,1,1,check03,candidate,check09,right,34.13
undefined,circle07,undefined,1,1,circle07,candidate,circle09,right,33.65
undefined,delete_mark04,undefined,1,1,delete_mark04,candidate,delete_mark07,right,48.56
undefined,left_curly_brace08,undefined,1,1,left_curly_brace08,candidate,left_curly_brace04,right,33.93
undefined,left_sq_bracket09,undefined,1,1,left_sq_bracket09,candidate,check03,wrong,32.64
undefined,pigtail06,undefined,1,1,pigtail06,candidate,pigtail09,right,74.49
undefined,question_mark05,undefined,1,1,question_mark05,candidate,question_mark02,right,52.12
undefined,rectangle02,undefined,1,1,rectangle02,candidate,rectangle08,right,37.14
undefined,right_curly_brace08,undefined,1,1,right_curly_brace08,candidate,right_curly_brace04,right,49.12
undefined,right_sq_bracket09,undefined,1,1,right_sq_bracket09,candidate,right_sq_bracket03,right,54.89
undefined,star05,undefined,1,1,star05,candidate,star08,right,53.90
undefined,triangle04,undefined,1,1,triangle04,candidate,triangle04,right,37.71
undefined,v09,undefined,1,1,v09,candidate,v08,right,40.31
undefined,x10,undefined,1,1,x10,candidate,x07,right,88.34
undefined,arrow02,undefined,1,1,arrow02,candidate,arrow01,right,64.95
undefined,caret03,undefined,1,1,caret03,candidate,caret04,right,56.99
undefined,check03,undefined,1,1,check03,candidate,check04,right,37.23
undefined,circle07,undefined,1,1,circle07,candidate,circle07,right,37.01
undefined,delete_mark04,undefined,1,1,delete_mark04,candidate,delete_mark03,right,47.93
undefined,left_curly_brace08,undefined,1,1,left_curly_brace08,candidate,left_curly_brace09,right,30.45
undefined,left_sq_bracket09,undefined,1,1,left_sq_bracket09,candidate,left_sq_bracket08,right,35.64
undefined,pigtail06,undefined,1,1,pigtail06,candidate,pigtail05,right,78.42
undefined,question_mark05,undefined,1,1,question_mark05,candidate,question_mark05,right,51.54
undefined,rectangle02,undefined,1,1,rectangle02,candidate,rectangle07,right,51.92
undefined,right_curly_brace08,undefined,1,1,right_curly_brace08,candidate,right_curly_brace09,right,44.72
undefined,right_sq_bracket09,undefined,1,1,right_sq_bracket09,candidate,right_sq_bracket07,right,43.54
undefined,star05,undefined,1,1,star05,candidate,star10,right,49.88
undefined,triangle04,undefined,1,1,triangle04,candidate,rectangle02,wrong,44.62
undefined,v09,undefined,1,1,v09,candidate,v06,right,50.81
undefined,x10,undefined,1,1,x10,candidate,x09,right,90.66
undefined,arrow02,undefined,1,1,arrow02,candidate,arrow04,right,74.09
undefined,caret03,undefined,1,1,caret03,candidate,caret10,right,59.99
undefined,check03,undefined,1,1,check03,candidate,check09,right,37.19
undefined,circle07,undefined,1,1,circle07,candidate,circle05,right,36.21
undefined,delete_mark04,undefined,1,1,delete_mark04,candidate,delete_mark08,right,41.75
undefined,left_curly_brace08,undefined,1,1,left_curly_brace08,candidate,left_curly_brace08,right,31.97
undefined,left_sq_bracket09,undefined,1,1,left_sq_bracket09,candidate,left_sq_bracket09,right,31.07
undefined,pigtail06,undefined,1,1,pigtail06,candidate,pigtail01,right,70.94
undefined,question_mark05,undefined,1,1,question_mark05,candidate,question_mark10,right,47.70
undefined,rectangle02,undefined,1,1,rectangle02,candidate,rectangle05,right,48.85
undefined,right_curly_brace08,undefined,1,1,right_curly_brace08,candidate,right_curly_brace04,right,42.25
undefined,right_sq_bracket09,undefined,1,1,right_sq_bracket09,candidate,right_sq_bracket04,right,44.22
undefined,star05,undefined,1,1,star05,candidate,star08,right,43.32
undefined,triangle04,undefined,1,1,triangle04,candidate,triangle02,right,50.24
undefined,v09,undefined,1,1,v09,candidate,v05,right,37.69
undefined,x10,undefined,1,1,x10,candidate,x07,right,92.00
undefined,arrow02,undefined,1,1,arrow02,candidate,arrow04,right,74.26
undefined,caret03,undefined,1,1,caret03,candidate,caret04,right,56.75
undefined,check03,undefined,1,1,check03,candidate,check09,right,41.52
undefined,circle07,undefined,1,1,circle07,candidate,circle05,right,33.42
undefined,delete_mark04,undefined,1,1,delete_mark04,candidate,delete_mark03,right,44.71
undefined,left_curly_brace08,undefined,1,1,left_curly_brace08,candidate,left_curly_brace02,right,31.82
undefined,left_sq_bracket09,undefined,1,1,left_sq_bracket09,candidate,left_sq_bracket04,right,40.16
undefined,pigtail06,undefined,1,1,pigtail06,candidate,pigtail05,right,69.13
undefined,question_mark05,undefined,1,1,question_mark05,candidate,question_mark10,right,46.75
undefined,rectangle02,undefined,1,1,rectangle02,candidate,rectangle05,right,59.14
undefined,right_curly_brace08,undefined,1,1,right_curly_brace08,candidate,right_curly_brace04,right,46.18
undefined,right_sq_bracket09,undefined,1,1,right_sq_bracket09,candidate,right_sq_bracket07,right,41.78
undefined,star05,undefined,1,1,star05,candidate,star07,right,50.91
undefined,triangle04,undefined,1,1,triangle04,candidate,triangle06,right,60.75
undefined,v09,undefined,1,1,v09,candidate,v07,right,52.12
undefined,x10,undefined,1,1,x10,candidate,x05,right,83.63
undefined,arrow02,undefined,1,1,arrow02,candidate,arrow02,right,64.27
undefined,caret03,undefined,1,1,caret03,candidate,caret07,right,59.39
undefined,check03,undefined,1,1,check03,candidate,check04,right,35.76
undefined,circle07,undefined,1,1,circle07,candidate,circle10,right,40.08
undefined,delete_mark04,undefined,1,1,delete_mark04,candidate,delete_mark03,right,47.86
undefined,left_curly_brace08,undefined,1,1,left_curly_brace08,candidate,left_curly_brace03,right,39.54
undefined,left_sq_bracket09,undefined,1,1,left_sq_bracket09,candidate,left_sq_bracket02,right,33.95
undefined,pigtail06,undefined,1,1,pigtail06,candidate,pigtail09,right,71.52
undefined,question_mark05,undefined,1,1,question_mark05,candidate,question_mark05,right,46.96
undefined,rectangle02,undefined,1,1,rectangle02,candidate,rectangle07,right,55.40
undefined,right_curly_brace08,undefined,1,1,right_curly_brace08,candidate,right_curly_brace04,right,45.30
undefined,right_sq_bracket09,undefined,1,1,right_sq_bracket09,candidate,right_sq_bracket10,right,41.64
undefined,star05,undefined,1,1,star05,candidate,star10,right,50.52
undefined,triangle04,undefined,1,1,triangle04,candidate,triangle06,right,51.50
undefined,v09,undefined,1,1,v09,candidate,v07,right,49.79
undefined,x10,undefined,1,1,x10,candidate,x07,right,92.98
undefined,arrow02,undefined,1,1,arrow02,candidate,arrow04,right,73.87
undefined,caret03,undefined,1,1,caret03,candidate,caret09,right,54.63
undefined,check03,undefined,1,1,check03,candidate,check07,right,35.90
undefined,circle07,undefined,1,1,circle07,candidate,circle07,right,41.49
undefined,delete_mark04,undefined,1,1,delete_mark04,candidate,delete_mark07,right,49.31
undefined,left_curly_brace08,undefined,1,1,left_curly_brace08,candidate,left_curly_brace09,right,34.93
undefined,left_sq_bracket09,undefined,1,1,left_sq_bracket09,candidate,left_sq_bracket09,right,36.36
undefined,pigtail06,undefined,1,1,pigtail06,candidate,pigtail10,right,73.11
undefined,question_mark05,undefined,1,1,question_mark05,candidate,question_mark07,right,50.35
undefined,rectangle02,undefined,1,1,rectangle02,candidate,rectangle04,right,53.45
undefined,right_curly_brace08,undefined,1,1,right_curly_brace08,candidate,right_curly_brace04,right,47.99
undefined,right_sq_bracket09,undefined,1,1,right_sq_bracket09,candidate,right_sq_bracket09,right,43.43
undefined,star05,undefined,1,1,star05,candidate,star05,right,53.08
undefined,triangle04,undefined,1,1,triangle04,candidate,triangle06,right,52.80
undefined,v09,undefined,1,1,v09,candidate,v01,right,51.59
undefined,x10,undefined,1,1,x10,candidate,x06,right,93.23
undefined,arrow02,undefined,1,1,arrow02,candidate,arrow03,right,68.75
undefined,caret03,undefined,1,1,caret03,candidate,caret04,right,58.86
undefined,check03,undefined,1,1,check03,candidate,check10,right,38.49
undefined,circle07,undefined,1,1,circle07,candidate,circle10,right,41.88
undefined,delete_mark04,undefined,1,1,delete_mark04,candidate,delete_mark01,right,45.16
undefined,left_curly_brace08,undefined,1,1,left_curly_brace08,candidate,left_curly_brace02,right,36.06
undefined,left_sq_bracket09,undefined,1,1,left_sq_bracket09,candidate,left_sq_bracket02,right,33.95
undefined,pigtail06,undefined,1,1,pigtail06,candidate,pigtail03,right,74.44
undefined,question_mark05,undefined,1,1,question_mark05,candidate,question_mark02,right,47.39
undefined,rectangle02,undefined,1,1,rectangle02,candidate,rectangle04,right,57.02
undefined,right_curly_brace08,undefined,1,1,right_curly_brace08,candidate,right_curly_brace01,right,38.49
undefined,right_sq_bracket09,undefined,1,1,right_sq_bracket09,candidate,right_sq_bracket04,right,42.66
undefined,star05,undefined,1,1,star05,candidate,star05,right,52.79
undefined,triangle04,undefined,1,1,triangle04,candidate,triangle04,right,50.28
undefined,v09,undefined,1,1,v09,candidate,v04,right,41.16
undefined,x10,undefined,1,1,x10,candidate,x09,right,88.40
undefined,arrow02,undefined,1,1,arrow02,candidate,arrow04,right,72.19
undefined,caret03,undefined,1,1,caret03,candidate,caret04,right,63.47
undefined,check03,undefined,1,1,check03,candidate,check10,right,39.36
undefined,circle07,undefined,1,1,circle07,candidate,circle09,right,46.39
undefined,delete_mark04,undefined,1,1,delete_mark04,candidate,delete_mark06,right,51.52
undefined,left_curly_brace08,undefined,1,1,left_curly_brace08,candidate,left_curly_brace08,right,33.12
undefined,left_sq_bracket09,undefined,1,1,left_sq_bracket09,candidate,left_sq_bracket04,right,36.11
undefined,pigtail06,undefined,1,1,pigtail06,candidate,pigtail01,right,76.49
undefined,question_mark05,undefined,1,1,question_mark05,candidate,question_mark07,right,51.42
undefined,rectangle02,undefined,1,1,rectangle02,candidate,rectangle10,right,58.52
undefined,right_curly_brace08,undefined,1,1,right_curly_brace08,candidate,right_curly_brace03,right,47.22
undefined,right_sq_bracket09,undefined,1,1,right_sq_bracket09,candidate,right_sq_bracket07,right,42.36
undefined,star05,undefined,1,1,star05,candidate,star07,right,47.72
undefined,triangle04,undefined,1,1,triangle04,candidate,triangle06,right,55.56
undefined,v09,undefined,1,1,v09,candidate,v04,right,51.42
undefined,x10,undefined,1,1,x10,candidate,x07,right,90.13
undefined,arrow02,undefined,1,1,arrow02,candidate,arrow06,right,74.26
undefined,caret03,undefined,1,1,caret03,candidate,caret09,right,57.66
undefined,check03,undefined,1,1,check03,candidate,check10,right,40.66
undefined,circle07,undefined,1,1,circle07,candidate,circle09,right,48.72
undefined,delete_mark04,undefined,1,1,delete_mark04,candidate,delete_mark03,right,47.48
undefined,left_curly_brace08,undefined,1,1,left_curly_brace08,candidate,left_curly_brace09,right,33.46
undefined,left_sq_bracket09,undefined,1,1,left_sq_bracket09,candidate,left_sq_bracket04,right,40.16
undefined,pigtail06,undefined,1,1,pigtail06,candidate,pigtail05,right,69.13
undefined,question_mark05,undefined,1,1,question_mark05,candidate,question_mark02,right,43.37
undefined,rectangle02,undefined,1,1,rectangle02,candidate,rectangle07,right,56.93
undefined,right_curly_brace08,undefined,1,1,right_curly_brace08,candidate,right_curly_brace02,right,41.67
undefined,right_sq_bracket09,undefined,1,1,right_sq_bracket09,candidate,right_sq_bracket04,right,42.45
undefined,star05,undefined,1,1,star05,candidate,star09,right,50.91
undefined,triangle04,undefined,1,1,triangle04,candidate,triangle09,right,58.20
undefined,v09,undefined,1,1,v09,candidate,v06,right,51.54
undefined,x10,undefined,1,1,x10,candidate,x07,right,93.85
undefined,arrow02,undefined,1,1,arrow02,candidate,arrow10,right,68.00
undefined,caret03,undefined,1,1,caret03,candidate,caret10,right,60.41
undefined,check03,undefined,1,1,check03,candidate,check07,right,37.68
undefined,circle07,undefined,1,1,circle07,candidate,circle10,right,44.91
undefined,delete_mark04,undefined,1,1,delete_mark04,candidate,delete_mark08,right,45.09
undefined,left_curly_brace08,undefined,1,1,left_curly_brace08,candidate,left_curly_brace02,right,38.29
undefined,left_sq_bracket09,undefined,1,1,left_sq_bracket09,candidate,left_sq_bracket09,right,35.16
undefined,pigtail06,undefined,1,1,pigtail06,candidate,pigtail04,right,71.72
undefined,question_mark05,undefined,1,1,question_mark05,candidate,question_mark03,right,45.49
undefined,rectangle02,undefined,1,1,rectangle02,candidate,rectangle08,right,52.38
undefined,right_curly_brace08,undefined,1,1,right_curly_brace08,candidate,right_curly_brace05,right,46.22
undefined,right_sq_bracket09,undefined,1,1,right_sq_bracket09,candidate,right_sq_bracket04,right,43.77
undefined,star05,undefined,1,1,star05,candidate,star06,right,45.22
undefined,triangle04,undefined,1,1,triangle04,candidate,triangle02,right,60.58
undefined,v09,undefined,1,1,v09,candidate,v01,right,49.48
undefined,x10,undefined,1,1,x10,candidate,x07,right,93.85
undefined,arrow02,undefined,1,1,arrow02,candidate,arrow06,right,71.60
undefined,caret03,undefined,1,1,caret03,candidate,caret10,right,59.99
undefined,check03,undefined,1,1,check03,candidate,check06,right,35.97
undefined,circle07,undefined,1,1,circle07,candidate,circle07,right,32.96
undefined,delete_mark04,undefined,1,1,delete_mark04,candidate,delete_mark07,right,42.76
undefined,left_curly_brace08,undefined,1,1,left_curly_brace08,candidate,left_curly_brace04,right,35.34
undefined,left_sq_bracket09,undefined,1,1,left_sq_bracket09,candidate,left_sq_bracket04,right,37.03
undefined,pigtail06,undefined,1,1,pigtail06,candidate,pigtail04,right,74.82
undefined,question_mark05,undefined,1,1,question_mark05,candidate,question_mark02,right,46.89
undefined,rectangle02,undefined,1,1,rectangle02,candidate,rectangle04,right,44.61
undefined,right_curly_brace08,undefined,1,1,right_curly_brace08,candidate,right_curly_brace10,right,39.79
undefined,right_sq_bracket09,undefined,1,1,right_sq_bracket09,candidate,right_sq_bracket04,right,39.94
undefined,star05,undefined,1,1,star05,candidate,star01,right,47.64
undefined,triangle04,undefined,1,1,triangle04,candidate,triangle01,right,41.95
undefined,v09,undefined,1,1,v09,candidate,v04,right,44.71
undefined,x10,undefined,1,1,x10,candidate,x06,right,89.58
undefined,arrow02,undefined,1,1,arrow02,candidate,arrow07,right,68.49
undefined,caret03,undefined,1,1,caret03,candidate,caret04,right,57.37
undefined,check03,undefined,1,1,check03,candidate,check04,right,38.23
undefined,circle07,undefined,1,1,circle07,candidate,circle05,right,43.59
undefined,delete_mark04,undefined,1,1,delete_mark04,candidate,delete_mark03,right,47.86
undefined,left_curly_brace08,undefined,1,1,left_curly_brace08,candidate,left_curly_brace10,right,29.50
undefined,left_sq_bracket09,undefined,1,1,left_sq_bracket09,candidate,left_sq_bracket04,right,37.51
undefined,pigtail06,undefined,1,1,pigtail06,candidate,pigtail05,right,71.04
undefined,question_mark05,undefined,1,1,question_mark05,candidate,question_mark05,right,46.96
undefined,rectangle02,undefined,1,1,rectangle02,candidate,rectangle03,right,55.37
undefined,right_curly_brace08,undefined,1,1,right_curly_brace08,candidate,right_curly_brace09,right,41.73
undefined,right_sq_bracket09,undefined,1,1,right_sq_bracket09,candidate,right_sq_bracket03,right,46.58
undefined,star05,undefined,1,1,star05,candidate,star10,right,50.43
undefined,triangle04,undefined,1,1,triangle04,candidate,triangle06,right,56.49
undefined,v09,undefined,1,1,v09,candidate,v01,right,46.19
undefined,x10,undefined,1,1,x10,candidate,x07,right,92.98
undefined,arrow02,undefined,1,1,arrow02,candidate,arrow06,right,73.79
undefined,caret03,undefined,1,1,caret03,candidate,caret04,right,58.17
undefined,check03,undefined,1,1,check03,candidate,check06,right,38.17
undefined,circle07,undefined,1,1,circle07,candidate,circle10,right,36.68
undefined,delete_mark04,undefined,1,1,delete_mark04,candidate,delete_mark04,right,49.49
undefined,left_curly_brace08,undefined,1,1,left_curly_brace08,candidate,left_curly_brace06,right,34.25
undefined,left_sq_bracket09,undefined,1,1,left_sq_bracket09,candidate,left_sq_bracket04,right,39.26
undefined,pigtail06,undefined,1,1,pigtail06,candidate,pigtail01,right,69.36
undefined,question_mark05,undefined,1,1,question_mark05,candidate,question_mark10,right,50.25
undefined,rectangle02,undefined,1,1,rectangle02,candidate,rectangle08,right,45.21
undefined,right_curly_brace08,undefined,1,1,right_curly_brace08,candidate,right_curly_brace02,right,43.52
undefined,right_sq_bracket09,undefined,1,1,right_sq_bracket09,candidate,right_sq_bracket04,right,42.56
undefined,star05,undefined,1,1,star05,candidate,star10,right,50.61
undefined,triangle04,undefined,1,1,triangle04,candidate,triangle09,right,50.51
undefined,v09,undefined,1,1,v09,candidate,v09,right,48.83
undefined,x10,undefined,1,1,x10,candidate,x03,right,92.58
undefined,arrow02,undefined,1,1,arrow02,candidate,arrow08,right,70.92
undefined,caret03,undefined,1,1,caret03,candidate,caret01,right,58.40
undefined,check03,undefined,1,1,check03,candidate,check10,right,40.49
undefined,circle07,undefined,1,1,circle07,candidate,circle10,right,36.68
undefined,delete_mark04,undefined,1,1,delete_mark04,candidate,delete_mark04,right,49.49
undefined,left_curly_brace08,undefined,1,1,left_curly_brace08,candidate,left_curly_brace06,right,36.86
undefined,left_sq_bracket09,undefined,1,1,left_sq_bracket09,candidate,left_sq_bracket08,right,37.35
undefined,pigtail06,undefined,1,1,pigtail06,candidate,pigtail06,right,68.99
undefined,question_mark05,undefined,1,1,question_mark05,candidate,question_mark02,right,47.30
undefined,rectangle02,undefined,1,1,rectangle02,candidate,rectangle05,right,52.25
undefined,right_curly_brace08,undefined,1,1,right_curly_brace08,candidate,right_curly_brace02,right,43.52
undefined,right_sq_bracket09,undefined,1,1,right_sq_bracket09,candidate,right_sq_bracket04,right,42.56
undefined,star05,undefined,1,1,star05,candidate,star06,right,53.56
undefined,triangle04,undefined,1,1,triangle04,candidate,triangle09,right,50.51
undefined,v09,undefined,1,1,v09,candidate,v01,right,46.57
undefined,x10,undefined,1,1,x10,candidate,x03,right,92.58
undefined,arrow02,undefined,1,1,arrow02,candidate,arrow08,right,70.92
undefined,caret03,undefined,1,1,caret03,candidate,caret10,right,60.70
undefined,check03,undefined,1,1,check03,candidate,check07,right,34.84
undefined,circle07,undefined,1,1,circle07,candidate,circle09,right,42.82
undefined,delete_mark04,undefined,1,1,delete_mark04,candidate,delete_mark10,right,39.98
undefined,left_curly_brace08,undefined,1,1,left_curly_brace08,candidate,left_curly_brace03,right,41.68
undefined,left_sq_bracket09,undefined,1,1,left_sq_bracket09,candidate,left_sq_bracket08,right,37.35
undefined,pigtail06,undefined,1,1,pigtail06,candidate,pigtail04,right,73.25
undefined,question_mark05,undefined,1,1,question_mark05,candidate,question_mark07,right,48.99
undefined,rectangle02,undefined,1,1,rectangle02,candidate,rectangle03,right,50.52
undefined,right_curly_brace08,undefined,1,1,right_curly_brace08,candidate,right_curly_brace07,right,49.87
undefined,right_sq_bracket09,undefined,1,1,right_sq_bracket09,candidate,right_sq_bracket04,right,46.08
undefined,star05,undefined,1,1,star05,candidate,star05,right,52.71
undefined,triangle04,undefined,1,1,triangle04,candidate,triangle09,right,54.40
undefined,v09,undefined,1,1,v09,candidate,v09,right,48.83
undefined,x10,undefined,1,1,x10,candidate,x06,right,94.10
undefined,arrow02,undefined,1,1,arrow02,candidate,arrow05,right,77.56
undefined,caret03,undefined,1,1,caret03,candidate,caret09,right,60.66
undefined,check03,undefined,1,1,check03,candidate,check05,right,33.15
undefined,circle07,undefined,1,1,circle07,candidate,circle05,right,28.57
undefined,delete_mark04,undefined,1,1,delete_mark04,candidate,delete_mark03,right,48.00
undefined,left_curly_brace08,undefined,1,1,left_curly_brace08,candidate,left_curly_brace09,right,31.18
undefined,left_sq_bracket09,undefined,1,1,left_sq_bracket09,candidate,left_sq_bracket02,right,34.18
undefined,pigtail06,undefined,1,1,pigtail06,candidate,pigtail03,right,75.35
undefined,question_mark05,undefined,1,1,question_mark05,candidate,question_mark03,right,48.47
undefined,rectangle02,undefined,1,1,rectangle02,candidate,rectangle04,right,48.98
undefined,right_curly_brace08,undefined,1,1,right_curly_brace08,candidate,right_curly_brace09,right,45.94
undefined,right_sq_bracket09,undefined,1,1,right_sq_bracket09,candidate,right_sq_bracket10,right,45.03
undefined,star05,undefined,1,1,star05,candidate,star08,right,50.99
undefined,triangle04,undefined,1,1,triangle04,candidate,triangle09,right,51.89
undefined,v09,undefined,1,1,v09,candidate,v06,right,47.82
undefined,x10,undefined,1,1,x10,candidate,x03,right,90.85
undefined,arrow02,undefined,1,1,arrow02,candidate,arrow06,right,72.82
undefined,caret03,undefined,1,1,caret03,candidate,caret06,right,62.48
undefined,check03,undefined,1,1,check03,candidate,check06,right,35.76
undefined,circle07,undefined,1,1,circle07,candidate,circle05,right,29.67
undefined,delete_mark04,undefined,1,1,delete_mark04,candidate,delete_mark05,right,47.31
undefined,left_curly_brace08,undefined,1,1,left_curly_brace08,candidate,left_curly_brace09,right,27.80
undefined,left_sq_bracket09,undefined,1,1,left_sq_bracket09,candidate,left_sq_bracket08,right,36.65
undefined,pigtail06,undefined,1,1,pigtail06,candidate,pigtail10,right,73.66
undefined,question_mark05,undefined,1,1,question_mark05,candidate,question_mark02,right,56.34
undefined,rectangle02,undefined,1,1,rectangle02,candidate,rectangle07,right,42.41
undefined,right_curly_brace08,undefined,1,1,right_curly_brace08,candidate,right_curly_brace06,right,46.13
undefined,right_sq_bracket09,undefined,1,1,right_sq_bracket09,candidate,right_sq_bracket09,right,50.29
undefined,star05,undefined,1,1,star05,candidate,star04,right,50.10
undefined,triangle04,undefined,1,1,triangle04,candidate,triangle06,right,40.01
undefined,v09,undefined,1,1,v09,candidate,v08,right,40.31
undefined,x10,undefined,1,1,x10,candidate,x03,right,85.21
undefined,arrow02,undefined,1,1,arrow02,candidate,arrow03,right,69.63
undefined,caret03,undefined,1,1,caret03,candidate,caret03,right,56.94
undefined,check03,undefined,1,1,check03,candidate,check04,right,34.43
undefined,circle07,undefined,1,1,circle07,candidate,circle05,right,36.21
undefined,delete_mark04,undefined,1,1,delete_mark04,candidate,delete_mark04,right,44.68
undefined,left_curly_brace08,undefined,1,1,left_curly_brace08,candidate,left_curly_brace06,right,34.63
undefined,left_sq_bracket09,undefined,1,1,left_sq_bracket09,candidate,left_sq_bracket06,right,34.55
undefined,pigtail06,undefined,1,1,pigtail06,candidate,pigtail05,right,71.75
undefined,question_mark05,undefined,1,1,question_mark05,candidate,question_mark02,right,46.89
undefined,rectangle02,undefined,1,1,rectangle02,candidate,triangle05,wrong,48.85
undefined,right_curly_brace08,undefined,1,1,right_curly_brace08,candidate,right_curly_brace08,right,35.84
undefined,right_sq_bracket09,undefined,1,1,right_sq_bracket09,candidate,right_sq_bracket07,right,39.02
undefined,star05,undefined,1,1,star05,candidate,star02,right,40.77
undefined,triangle04,undefined,1,1,triangle04,candidate,triangle06,right,49.06
undefined,v09,undefined,1,1,v09,candidate,v08,right,41.41
undefined,x10,undefined,1,1,x10,candidate,x06,right,89.07
undefined,arrow02,undefined,1,1,arrow02,candidate,arrow10,right,69.11
undefined,caret03,undefined,1,1,caret03,candidate,caret03,right,56.94
undefined,check03,undefined,1,1,check03,candidate,check04,right,38.17
undefined,circle07,undefined,1,1,circle07,candidate,circle10,right,36.06
undefined,delete_mark04,undefined,1,1,delete_mark04,candidate,delete_mark02,right,42.76
undefined,left_curly_brace08,undefined,1,1,left_curly_brace08,candidate,left_curly_brace08,right,31.25
undefined,left_sq_bracket09,undefined,1,1,left_sq_bracket09,candidate,left_sq_bracket04,right,34.48
undefined,pigtail06,undefined,1,1,pigtail06,candidate,pigtail05,right,71.75
undefined,question_mark05,undefined,1,1,question_mark05,candidate,question_mark02,right,43.10
undefined,rectangle02,undefined,1,1,rectangle02,candidate,rectangle10,right,52.65
undefined,right_curly_brace08,undefined,1,1,right_curly_brace08,candidate,right_curly_brace07,right,47.34
undefined,right_sq_bracket09,undefined,1,1,right_sq_bracket09,candidate,right_sq_bracket01,right,44.58
undefined,star05,undefined,1,1,star05,candidate,star06,right,46.52
undefined,triangle04,undefined,1,1,triangle04,candidate,triangle06,right,49.94
undefined,v09,undefined,1,1,v09,candidate,v04,right,44.71
undefined,x10,undefined,1,1,x10,candidate,x06,right,89.56
undefined,arrow02,undefined,1,1,arrow02,candidate,arrow07,right,71.40
undefined,caret03,undefined,1,1,caret03,candidate,caret07,right,61.56
undefined,check03,undefined,1,1,check03,candidate,check06,right,39.22
undefined,circle07,undefined,1,1,circle07,candidate,circle10,right,44.66
undefined,delete_mark04,undefined,1,1,delete_mark04,candidate,delete_mark08,right,47.81
undefined,left_curly_brace08,undefined,1,1,left_curly_brace08,candidate,left_curly_brace06,right,39.13
undefined,left_sq_bracket09,undefined,1,1,left_sq_bracket09,candidate,left_sq_bracket08,right,44.36
undefined,pigtail06,undefined,1,1,pigtail06,candidate,pigtail04,right,75.23
undefined,question_mark05,undefined,1,1,question_mark05,candidate,question_mark02,right,48.67
undefined,rectangle02,undefined,1,1,rectangle02,candidate,rectangle08,right,50.91
undefined,right_curly_brace08,undefined,1,1,right_curly_brace08,candidate,right_curly_brace10,right,42.58
undefined,right_sq_bracket09,undefined,1,1,right_sq_bracket09,candidate,right_sq_bracket10,right,50.19
undefined,star05,undefined,1,1,star05,candidate,star04,right,47.54
undefined,triangle04,undefined,1,1,triangle04,candidate,triangle09,right,56.54
undefined,v09,undefined,1,1,v09,candidate,v02,right,51.59
undefined,x10,undefined,1,1,x10,candidate,x08,right,90.56
undefined,arrow02,undefined,1,1,arrow02,candidate,arrow03,right,76.21
undefined,caret03,undefined,1,1,caret03,candidate,caret01,right,62.42
undefined,check03,undefined,1,1,check03,candidate,check07,right,29.52
undefined,circle07,undefined,1,1,circle07,candidate,circle10,right,28.57
undefined,delete_mark04,undefined,1,1,delete_mark04,candidate,delete_mark05,right,47.31
undefined,left_curly_brace08,undefined,1,1,left_curly_brace08,candidate,left_curly_brace06,right,33.72
undefined,left_sq_bracket09,undefined,1,1,left_sq_bracket09,candidate,left_sq_bracket05,right,30.08
undefined,pigtail06,undefined,1,1,pigtail06,candidate,pigtail09,right,78.10
undefined,question_mark05,undefined,1,1,question_mark05,candidate,question_mark10,right,55.59
undefined,rectangle02,undefined,1,1,rectangle02,candidate,rectangle04,right,40.08
undefined,right_curly_brace08,undefined,1,1,right_curly_brace08,candidate,right_curly_brace06,right,46.13
undefined,right_sq_bracket09,undefined,1,1,right_sq_bracket09,candidate,right_sq_bracket10,right,49.63
undefined,star05,undefined,1,1,star05,candidate,star10,right,52.79
undefined,triangle04,undefined,1,1,triangle04,candidate,triangle02,right,43.59
undefined,v09,undefined,1,1,v09,candidate,v09,right,40.54
undefined,x10,undefined,1,1,x10,candidate,x03,right,85.21
undefined,arrow02,undefined,1,1,arrow02,candidate,arrow05,right,74.09
undefined,caret03,undefined,1,1,caret03,candidate,caret01,right,57.43
undefined,check03,undefined,1,1,check03,candidate,check07,right,31.46
undefined,circle07,undefined,1,1,circle07,candidate,circle05,right,36.21
undefined,delete_mark04,undefined,1,1,delete_mark04,candidate,delete_mark05,right,45.16
undefined,left_curly_brace08,undefined,1,1,left_curly_brace08,candidate,left_curly_brace04,right,35.34
undefined,left_sq_bracket09,undefined,1,1,left_sq_bracket09,candidate,left_sq_bracket06,right,34.55
undefined,pigtail06,undefined,1,1,pigtail06,candidate,pigtail08,right,70.94
undefined,question_mark05,undefined,1,1,question_mark05,candidate,question_mark07,right,48.14
undefined,rectangle02,undefined,1,1,rectangle02,candidate,rectangle07,right,47.12
undefined,right_curly_brace08,undefined,1,1,right_curly_brace08,candidate,right_curly_brace10,right,39.79
undefined,right_sq_bracket09,undefined,1,1,right_sq_bracket09,candidate,right_sq_bracket09,right,41.01
undefined,star05,undefined,1,1,star05,candidate,star09,right,43.42
undefined,triangle04,undefined,1,1,triangle04,candidate,triangle06,right,46.70
undefined,v09,undefined,1,1,v09,candidate,v08,right,41.41
undefined,x10,undefined,1,1,x10,candidate,x07,right,92.00
undefined,arrow02,undefined,1,1,arrow02,candidate,arrow02,right,64.29
undefined,caret03,undefined,1,1,caret03,candidate,caret04,right,59.78
undefined,check03,undefined,1,1,check03,candidate,check07,right,34.84
undefined,circle07,undefined,1,1,circle07,candidate,circle01,right,41.17
undefined,delete_mark04,undefined,1,1,delete_mark04,candidate,delete_mark04,right,49.49
undefined,left_curly_brace08,undefined,1,1,left_curly_brace08,candidate,left_curly_brace02,right,40.28
undefined,left_sq_bracket09,undefined,1,1,left_sq_bracket09,candidate,left_sq_bracket05,right,34.97
undefined,pigtail06,undefined,1,1,pigtail06,candidate,pigtail08,right,69.02
undefined,question_mark05,undefined,1,1,question_mark05,candidate,question_mark03,right,48.66
undefined,rectangle02,undefined,1,1,rectangle02,candidate,triangle05,wrong,52.00
undefined,right_curly_brace08,undefined,1,1,right_curly_brace08,candidate,right_curly_brace09,right,46.17
undefined,right_sq_bracket09,undefined,1,1,right_sq_bracket09,candidate,right_sq_bracket01,right,48.87
undefined,star05,undefined,1,1,star05,candidate,star05,right,52.71
undefined,triangle04,undefined,1,1,triangle04,candidate,triangle01,right,45.19
undefined,v09,undefined,1,1,v09,candidate,v01,right,49.62
undefined,x10,undefined,1,1,x10,candidate,x06,right,92.60
undefined,arrow02,undefined,1,1,arrow02,candidate,arrow04,right,76.36
undefined,caret03,undefined,1,1,caret03,candidate,caret03,right,63.75
undefined,check03,undefined,1,1,check03,candidate,check07,right,29.52
undefined,circle07,undefined,1,1,circle07,candidate,circle10,right,28.57
undefined,delete_mark04,undefined,1,1,delete_mark04,candidate,delete_mark08,right,42.31
undefined,left_curly_brace08,undefined,1,1,left_curly_brace08,candidate,left_curly_brace01,right,40.08
undefined,left_sq_bracket09,undefined,1,1,left_sq_bracket09,candidate,left_sq_bracket08,right,31.48
undefined,pigtail06,undefined,1,1,pigtail06,candidate,pigtail03,right,77.48
undefined,question_mark05,undefined,1,1,question_mark05,candidate,question_mark02,right,52.12
undefined,rectangle02,undefined,1,1,rectangle02,candidate,rectangle03,right,42.25
undefined,right_curly_brace08,undefined,1,1,right_curly_brace08,candidate,right_curly_brace01,right,45.34
undefined,right_sq_bracket09,undefined,1,1,right_sq_bracket09,candidate,right_sq_bracket06,right,52.54
undefined,star05,undefined,1,1,star05,candidate,star10,right,52.55
undefined,triangle04,undefined,1,1,triangle04,candidate,triangle09,right,41.09
undefined,v09,undefined,1,1,v09,candidate,v10,right,40.28
undefined,x10,undefined,1,1,x10,candidate,x06,right,83.64
undefined,arrow02,undefined,1,1,arrow02,candidate,arrow08,right,67.48
undefined,caret03,undefined,1,1,caret03,candidate,caret01,right,57.50
undefined,check03,undefined,1,1,check03,candidate,check06,right,35.90
undefined,circle07,undefined,1,1,circle07,candidate,circle05,right,43.59
undefined,delete_mark04,undefined,1,1,delete_mark04,candidate,delete_mark04,right,49.55
undefined,left_curly_brace08,undefined,1,1,left_curly_brace08,candidate,left_curly_brace08,right,31.10
undefined,left_sq_bracket09,undefined,1,1,left_sq_bracket09,candidate,left_sq_bracket08,right,40.80
undefined,pigtail06,undefined,1,1,pigtail06,candidate,pigtail03,right,74.44
undefined,question_mark05,undefined,1,1,question_mark05,candidate,question_mark02,right,43.00
undefined,rectangle02,undefined,1,1,rectangle02,candidate,rectangle10,right,60.17
undefined,right_curly_brace08,undefined,1,1,right_curly_brace08,candidate,right_curly_brace07,right,45.30
undefined,right_sq_bracket09,undefined,1,1,right_sq_bracket09,candidate,right_sq_bracket10,right,41.64
undefined,star05,undefined,1,1,star05,candidate,star10,right,50.43
undefined,triangle04,undefined,1,1,triangle04,candidate,triangle01,right,46.92
undefined,v09,undefined,1,1,v09,candidate,v09,right,49.44
undefined,x10,undefined,1,1,x10,candidate,x07,right,92.98
undefined,arrow02,undefined,1,1,arrow02,candidate,arrow04,right,73.05
undefined,caret03,undefined,1,1,caret03,candidate,caret04,right,59.46
undefined,check03,undefined,1,1,check03,candidate,check10,right,38.44
undefined,circle07,undefined,1,1,circle07,candidate,circle01,right,42.37
undefined,delete_mark04,undefined,1,1,delete_mark04,candidate,delete_mark02,right,48.00
undefined,left_curly_brace08,undefined,1,1,left_curly_brace08,candidate,left_curly_brace01,right,39.47
undefined,left_sq_bracket09,undefined,1,1,left_sq_bracket09,candidate,left_sq_bracket05,right,34.18
undefined,pigtail06,undefined,1,1,pigtail06,candidate,pigtail07,right,73.09
undefined,question_mark05,undefined,1,1,question_mark05,candidate,question_mark05,right,49.46
undefined,rectangle02,undefined,1,1,rectangle02,candidate,rectangle03,right,51.66
undefined,right_curly_brace08,undefined,1,1,right_curly_brace08,candidate,right_curly_brace10,right,44.76
undefined,right_sq_bracket09,undefined,1,1,right_sq_bracket09,candidate,right_sq_bracket06,right,48.52
undefined,star05,undefined,1,1,star05,candidate,star01,right,56.45
undefined,triangle04,undefined,1,1,triangle04,candidate,triangle06,right,54.28
undefined,v09,undefined,1,1,v09,candidate,v10,right,47.29
undefined,x10,undefined,1,1,x10,candidate,x06,right,95.42
undefined,arrow02,undefined,1,1,arrow02,candidate,arrow01,right,61.65
undefined,caret03,undefined,1,1,caret03,candidate,caret08,right,70.77
undefined,check03,undefined,1,1,check03,candidate,check07,right,28.58
undefined,circle07,undefined,1,1,circle07,candidate,circle09,right,38.83
undefined,delete_mark04,undefined,1,1,delete_mark04,candidate,delete_mark09,right,45.85
undefined,left_curly_brace08,undefined,1,1,left_curly_brace08,candidate,left_curly_brace03,right,34.05
undefined,left_sq_bracket09,undefined,1,1,left_sq_bracket09,candidate,left_sq_bracket06,right,30.61
undefined,pigtail06,undefined,1,1,pigtail06,candidate,pigtail06,right,66.69
undefined,question_mark05,undefined,1,1,question_mark05,candidate,question_mark07,right,55.27
undefined,rectangle02,undefined,1,1,rectangle02,candidate,triangle05,wrong,48.45
undefined,right_curly_brace08,undefined,1,1,right_curly_brace08,candidate,right_curly_brace09,right,47.39
undefined,right_sq_bracket09,undefined,1,1,right_sq_bracket09,candidate,right_sq_bracket04,right,49.02
undefined,star05,undefined,1,1,star05,candidate,star09,right,51.07
undefined,triangle04,undefined,1,1,triangle04,candidate,triangle04,right,42.20
undefined,v09,undefined,1,1,v09,candidate,v01,right,44.09
undefined,x10,undefined,1,1,x10,candidate,x07,right,89.83
undefined,arrow02,undefined,1,1,arrow02,candidate,arrow07,right,70.66
undefined,caret03,undefined,1,1,caret03,candidate,caret04,right,56.75
undefined,check03,undefined,1,1,check03,candidate,check10,right,41.52
undefined,circle07,undefined,1,1,circle07,candidate,circle07,right,41.25
undefined,delete_mark04,undefined,1,1,delete_mark04,candidate,delete_mark05,right,48.44
undefined,left_curly_brace08,undefined,1,1,left_curly_brace08,candidate,left_curly_brace08,right,35.04
undefined,left_sq_bracket09,undefined,1,1,left_sq_bracket09,candidate,left_sq_bracket04,right,37.63
undefined,pigtail06,undefined,1,1,pigtail06,candidate,pigtail10,right,69.51
undefined,question_mark05,undefined,1,1,question_mark05,candidate,question_mark07,right,46.43
undefined,rectangle02,undefined,1,1,rectangle02,candidate,rectangle04,right,55.43
undefined,right_curly_brace08,undefined,1,1,right_curly_brace08,candidate,right_curly_brace01,right,40.47
undefined,right_sq_bracket09,undefined,1,1,right_sq_bracket09,candidate,right_sq_bracket07,right,39.66
undefined,star05,undefined,1,1,star05,candidate,star01,right,54.52
undefined,triangle04,undefined,1,1,triangle04,candidate,triangle06,right,59.80
undefined,v09,undefined,1,1,v09,candidate,v10,right,50.88
undefined,x10,undefined,1,1,x10,candidate,x03,right,89.22
undefined,arrow02,undefined,1,1,arrow02,candidate,arrow03,right,69.63
undefined,caret03,undefined,1,1,caret03,candidate,caret04,right,57.20
undefined,check03,undefined,1,1,check03,candidate,check04,right,38.17
undefined,circle07,undefined,1,1,circle07,candidate,circle10,right,36.45
undefined,delete_mark04,undefined,1,1,delete_mark04,candidate,delete_mark09,right,34.58
undefined,left_curly_brace08,undefined,1,1,left_curly_brace08,candidate,left_curly_brace08,right,31.97
undefined,left_sq_bracket09,undefined,1,1,left_sq_bracket09,candidate,left_sq_bracket06,right,35.19
undefined,pigtail06,undefined,1,1,pigtail06,candidate,pigtail03,right,75.70
undefined,question_mark05,undefined,1,1,question_mark05,candidate,question_mark03,right,46.46
undefined,rectangle02,undefined,1,1,rectangle02,candidate,rectangle05,right,49.34
undefined,right_curly_brace08,undefined,1,1,right_curly_brace08,candidate,right_curly_brace10,right,39.79
undefined,right_sq_bracket09,undefined,1,1,right_sq_bracket09,candidate,right_sq_bracket10,right,46.04
undefined,star05,undefined,1,1,star05,candidate,star05,right,45.46
undefined,triangle04,undefined,1,1,triangle04,candidate,triangle06,right,46.70
undefined,v09,undefined,1,1,v09,candidate,v02,right,43.43
undefined,x10,undefined,1,1,x10,candidate,x08,right,87.39
undefined,arrow02,undefined,1,1,arrow02,candidate,arrow08,right,70.30
undefined,caret03,undefined,1,1,caret03,candidate,caret04,right,62.63
undefined,check03,undefined,1,1,check03,candidate,check10,right,37.90
undefined,circle07,undefined,1,1,circle07,candidate,circle10,right,38.77
undefined,delete_mark04,undefined,1,1,delete_mark04,candidate,delete_mark10,right,45.81
undefined,left_curly_brace08,undefined,1,1,left_curly_brace08,candidate,left_curly_brace08,right,32.18
undefined,left_sq_bracket09,undefined,1,1,left_sq_bracket09,candidate,left_sq_bracket06,right,34.81
undefined,pigtail06,undefined,1,1,pigtail06,candidate,pigtail09,right,83.49
undefined,question_mark05,undefined,1,1,question_mark05,candidate,question_mark03,right,52.01
undefined,rectangle02,undefined,1,1,rectangle02,candidate,rectangle05,right,53.69
undefined,right_curly_brace08,undefined,1,1,right_curly_brace08,candidate,right_curly_brace07,right,43.32
undefined,right_sq_bracket09,undefined,1,1,right_sq_bracket09,candidate,right_sq_bracket04,right,46.39
undefined,star05,undefined,1,1,star05,candidate,star08,right,49.08
undefined,triangle04,undefined,1,1,triangle04,candidate,triangle06,right,51.52
undefined,v09,undefined,1,1,v09,candidate,v10,right,49.71
undefined,x10,undefined,1,1,x10,candidate,x05,right,89.26
undefined,arrow02,undefined,1,1,arrow02,candidate,arrow07,right,72.20
undefined,caret03,undefined,1,1,caret03,candidate,caret06,right,59.88
undefined,check03,undefined,1,1,check03,candidate,check04,right,36.22
undefined,circle07,undefined,1,1,circle07,candidate,circle07,right,35.43
undefined,delete_mark04,undefined,1,1,delete_mark04,candidate,delete_mark09,right,41.83
undefined,left_curly_brace08,undefined,1,1,left_curly_brace08,candidate,left_curly_brace06,right,35.85
undefined,left_sq_bracket09,undefined,1,1,left_sq_bracket09,candidate,left_sq_bracket06,right,35.85
undefined,pigtail06,undefined,1,1,pigtail06,candidate,pigtail06,right,68.60
undefined,question_mark05,undefined,1,1,question_mark05,candidate,question_mark07,right,51.28
undefined,rectangle02,undefined,1,1,rectangle02,candidate,rectangle03,right,51.66
undefined,right_curly_brace08,undefined,1,1,right_curly_brace08,candidate,right_curly_brace01,right,42.84
undefined,right_sq_bracket09,undefined,1,1,right_sq_bracket09,candidate,right_sq_bracket06,right,48.52
undefined,star05,undefined,1,1,star05,candidate,star02,right,47.81
undefined,triangle04,undefined,1,1,triangle04,candidate,triangle06,right,50.00
undefined,v09,undefined,1,1,v09,candidate,v02,right,45.93
undefined,x10,undefined,1,1,x10,candidate,x07,right,92.58
undefined,arrow02,undefined,1,1,arrow02,candidate,arrow08,right,67.48
undefined,caret03,undefined,1,1,caret03,candidate,caret08,right,66.89
undefined,check03,undefined,1,1,check03,candidate,check06,right,35.90
undefined,circle07,undefined,1,1,circle07,candidate,circle10,right,42.14
undefined,delete_mark04,undefined,1,1,delete_mark04,candidate,delete_mark05,right,48.42
undefined,left_curly_brace08,undefined,1,1,left_curly_brace08,candidate,left_curly_brace02,right,36.06
undefined,left_sq_bracket09,undefined,1,1,left_sq_bracket09,candidate,left_sq_bracket06,right,35.64
undefined,pigtail06,undefined,1,1,pigtail06,candidate,pigtail10,right,69.35
undefined,question_mark05,undefined,1,1,question_mark05,candidate,question_mark03,right,46.67
undefined,rectangle02,undefined,1,1,rectangle02,candidate,rectangle03,right,55.37
undefined,right_curly_brace08,undefined,1,1,right_curly_brace08,candidate,right_curly_brace03,right,44.70
undefined,right_sq_bracket09,undefined,1,1,right_sq_bracket09,candidate,right_sq_bracket01,right,46.58
undefined,star05,undefined,1,1,star05,candidate,star10,right,50.52
undefined,triangle04,undefined,1,1,triangle04,candidate,triangle06,right,53.54
undefined,v09,undefined,1,1,v09,candidate,v10,right,48.30
undefined,x10,undefined,1,1,x10,candidate,x07,right,92.98
undefined,arrow02,undefined,1,1,arrow02,candidate,arrow06,right,68.58
undefined,caret03,undefined,1,1,caret03,candidate,caret07,right,60.51
undefined,check03,undefined,1,1,check03,candidate,check05,right,26.82
undefined,circle07,undefined,1,1,circle07,candidate,circle05,right,34.81
undefined,delete_mark04,undefined,1,1,delete_mark04,candidate,delete_mark06,right,50.62
undefined,left_curly_brace08,undefined,1,1,left_curly_brace08,candidate,left_curly_brace08,right,27.60
undefined,left_sq_bracket09,undefined,1,1,left_sq_bracket09,candidate,left_sq_bracket05,right,27.50
undefined,pigtail06,undefined,1,1,pigtail06,candidate,pigtail09,right,74.53
undefined,question_mark05,undefined,1,1,question_mark05,candidate,question_mark10,right,55.73
undefined,rectangle02,undefined,1,1,rectangle02,candidate,rectangle04,right,43.37
undefined,right_curly_brace08,undefined,1,1,right_curly_brace08,candidate,right_curly_brace08,right,41.59
undefined,right_sq_bracket09,undefined,1,1,right_sq_bracket09,candidate,right_sq_bracket04,right,47.84
undefined,star05,undefined,1,1,star05,candidate,star05,right,52.95
undefined,triangle04,undefined,1,1,triangle04,candidate,triangle06,right,44.68
undefined,v09,undefined,1,1,v09,candidate,v01,right,44.09
undefined,x10,undefined,1,1,x10,candidate,x03,right,87.09
undefined,arrow02,undefined,1,1,arrow02,candidate,arrow09,right,75.51
undefined,caret03,undefined,1,1,caret03,candidate,caret03,right,60.38
undefined,check03,undefined,1,1,check03,candidate,check04,right,38.96
undefined,circle07,undefined,1,1,circle07,candidate,circle10,right,35.99
undefined,delete_mark04,undefined,1,1,delete_mark04,candidate,delete_mark04,right,48.90
undefined,left_curly_brace08,undefined,1,1,left_curly_brace08,candidate,left_curly_brace10,right,31.82
undefined,left_sq_bracket09,undefined,1,1,left_sq_bracket09,candidate,left_sq_bracket04,right,38.43
undefined,pigtail06,undefined,1,1,pigtail06,candidate,pigtail09,right,72.53
undefined,question_mark05,undefined,1,1,question_mark05,candidate,question_mark07,right,51.28
undefined,rectangle02,undefined,1,1,rectangle02,candidate,rectangle04,right,49.56
undefined,right_curly_brace08,undefined,1,1,right_curly_brace08,candidate,right_curly_brace06,right,45.14
undefined,right_sq_bracket09,undefined,1,1,right_sq_bracket09,candidate,right_sq_bracket10,right,51.09
undefined,star05,undefined,1,1,star05,candidate,star01,right,56.45
undefined,triangle04,undefined,1,1,triangle04,candidate,triangle06,right,54.28
undefined,v09,undefined,1,1,v09,candidate,v07,right,48.78
undefined,x10,undefined,1,1,x10,candidate,x07,right,92.58
undefined,arrow02,undefined,1,1,arrow02,candidate,arrow10,right,69.91
undefined,caret03,undefined,1,1,caret03,candidate,caret09,right,59.81
undefined,check03,undefined,1,1,check03,candidate,check01,right,32.86
undefined,circle07,undefined,1,1,circle07,candidate,circle01,right,36.94
undefined,delete_mark04,undefined,1,1,delete_mark04,candidate,delete_mark08,right,42.13
undefined,left_curly_brace08,undefined,1,1,left_curly_brace08,candidate,left_curly_brace04,right,30.52
undefined,left_sq_bracket09,undefined,1,1,left_sq_bracket09,candidate,left_sq_bracket04,right,32.20
undefined,pigtail06,undefined,1,1,pigtail06,candidate,pigtail10,right,70.91
undefined,question_mark05,undefined,1,1,question_mark05,candidate,question_mark05,right,54.06
undefined,rectangle02,undefined,1,1,rectangle02,candidate,rectangle07,right,46.19
undefined,right_curly_brace08,undefined,1,1,right_curly_brace08,candidate,right_curly_brace10,right,43.82
undefined,right_sq_bracket09,undefined,1,1,right_sq_bracket09,candidate,right_sq_bracket10,right,51.27
undefined,star05,undefined,1,1,star05,candidate,star09,right,51.07
undefined,triangle04,undefined,1,1,triangle04,candidate,triangle06,right,43.08
undefined,v09,undefined,1,1,v09,candidate,v02,right,40.60
undefined,x10,undefined,1,1,x10,candidate,x09,right,88.59
undefined,arrow02,undefined,1,1,arrow02,candidate,arrow07,right,67.66
undefined,caret03,undefined,1,1,caret03,candidate,caret09,right,59.81
undefined,check03,undefined,1,1,check03,candidate,check04,right,32.69
undefined,circle07,undefined,1,1,circle07,candidate,circle09,right,38.83
undefined,delete_mark04,undefined,1,1,delete_mark04,candidate,delete_mark06,right,50.62
undefined,left_curly_brace08,undefined,1,1,left_curly_brace08,candidate,left_curly_brace08,right,27.60
undefined,left_sq_bracket09,undefined,1,1,left_sq_bracket09,candidate,left_sq_bracket09,right,26.42
undefined,pigtail06,undefined,1,1,pigtail06,candidate,pigtail04,right,71.86
undefined,question_mark05,undefined,1,1,question_mark05,candidate,question_mark03,right,54.22
undefined,rectangle02,undefined,1,1,rectangle02,candidate,rectangle03,right,46.84
undefined,right_curly_brace08,undefined,1,1,right_curly_brace08,candidate,right_curly_brace05,right,45.36
undefined,right_sq_bracket09,undefined,1,1,right_sq_bracket09,candidate,right_sq_bracket10,right,51.27
undefined,star05,undefined,1,1,star05,candidate,star10,right,52.37
undefined,triangle04,undefined,1,1,triangle04,candidate,triangle06,right,44.68
undefined,v09,undefined,1,1,v09,candidate,v01,right,44.09
undefined,x10,undefined,1,1,x10,candidate,x09,right,88.59
undefined,arrow02,undefined,1,1,arrow02,candidate,arrow08,right,74.75
undefined,caret03,undefined,1,1,caret03,candidate,caret01,right,62.42
undefined,check03,undefined,1,1,check03,candidate,check07,right,30.95
undefined,circle07,undefined,1,1,circle07,candidate,circle09,right,33.65
undefined,delete_mark04,undefined,1,1,delete_mark04,candidate,delete_mark05,right,47.31
undefined,left_curly_brace08,undefined,1,1,left_curly_brace08,candidate,left_curly_brace06,right,33.72
undefined,left_sq_bracket09,undefined,1,1,left_sq_bracket09,candidate,left_sq_bracket04,right,33.28
undefined,pigtail06,undefined,1,1,pigtail06,candidate,pigtail04,right,74.32
undefined,question_mark05,undefined,1,1,question_mark05,candidate,question_mark10,right,55.59
undefined,rectangle02,undefined,1,1,rectangle02,candidate,rectangle07,right,42.61
undefined,right_curly_brace08,undefined,1,1,right_curly_brace08,candidate,right_curly_brace07,right,54.89
undefined,right_sq_bracket09,undefined,1,1,right_sq_bracket09,candidate,right_sq_bracket06,right,52.54
undefined,star05,undefined,1,1,star05,candidate,star08,right,53.90
undefined,triangle04,undefined,1,1,triangle04,candidate,triangle06,right,39.11
undefined,v09,undefined,1,1,v09,candidate,v02,right,37.90
undefined,x10,undefined,1,1,x10,candidate,x07,right,89.76
undefined,arrow02,undefined,1,1,arrow02,candidate,arrow09,right,71.76
undefined,caret03,undefined,1,1,caret03,candidate,caret09,right,58.19
undefined,check03,undefined,1,1,check03,candidate,check04,right,35.76
undefined,circle07,undefined,1,1,circle07,candidate,circle05,right,30.16
undefined,delete_mark04,undefined,1,1,delete_mark04,candidate,delete_mark09,right,43.36
undefined,left_curly_brace08,undefined,1,1,left_curly_brace08,candidate,left_curly_brace05,right,32.36
undefined,left_sq_bracket09,undefined,1,1,left_sq_bracket09,candidate,left_sq_bracket04,right,35.00
undefined,pigtail06,undefined,1,1,pigtail06,candidate,pigtail10,right,69.35
undefined,question_mark05,undefined,1,1,question_mark05,candidate,question_mark07,right,47.24
undefined,rectangle02,undefined,1,1,rectangle02,candidate,rectangle10,right,60.17
undefined,right_curly_brace08,undefined,1,1,right_curly_brace08,candidate,right_curly_brace06,right,40.95
undefined,right_sq_bracket09,undefined,1,1,right_sq_bracket09,candidate,right_sq_bracket10,right,41.64
undefined,star05,undefined,1,1,star05,candidate,star04,right,48.03
undefined,triangle04,undefined,1,1,triangle04,candidate,triangle09,right,55.33
undefined,v09,undefined,1,1,v09,candidate,v04,right,41.16
undefined,x10,undefined,1,1,x10,candidate,x01,right,91.29
undefined,arrow02,undefined,1,1,arrow02,candidate,arrow10,right,67.21
undefined,caret03,undefined,1,1,caret03,candidate,caret04,right,58.86
undefined,check03,undefined,1,1,check03,candidate,check05,right,32.52
undefined,circle07,undefined,1,1,circle07,candidate,circle01,right,46.00
undefined,delete_mark04,undefined,1,1,delete_mark04,candidate,delete_mark04,right,49.55
undefined,left_curly_brace08,undefined,1,1,left_curly_brace08,candidate,left_curly_brace01,right,36.14
undefined,left_sq_bracket09,undefined,1,1,left_sq_bracket09,candidate,left_sq_bracket08,right,40.80
undefined,pigtail06,undefined,1,1,pigtail06,candidate,pigtail01,right,67.30
undefined,question_mark05,undefined,1,1,question_mark05,candidate,question_mark02,right,44.60
undefined,rectangle02,undefined,1,1,rectangle02,candidate,rectangle03,right,55.37
undefined,right_curly_brace08,undefined,1,1,right_curly_brace08,candidate,right_curly_brace01,right,38.49
undefined,right_sq_bracket09,undefined,1,1,right_sq_bracket09,candidate,right_sq_bracket10,right,41.64
undefined,star05,undefined,1,1,star05,candidate,star10,right,50.52
undefined,triangle04,undefined,1,1,triangle04,candidate,triangle06,right,53.21
undefined,v09,undefined,1,1,v09,candidate,v10,right,48.30
undefined,x10,undefined,1,1,x10,candidate,x07,right,93.33
undefined,arrow02,undefined,1,1,arrow02,candidate,arrow08,right,70.01
undefined,caret03,undefined,1,1,caret03,candidate,caret09,right,54.63
undefined,check03,undefined,1,1,check03,candidate,check04,right,41.55
undefined,circle07,undefined,1,1,circle07,candidate,circle10,right,43.40
undefined,delete_mark04,undefined,1,1,delete_mark04,candidate,delete_mark04,right,51.69
undefined,left_curly_brace08,undefined,1,1,left_curly_brace08,candidate,left_curly_brace05,right,36.78
undefined,left_sq_bracket09,undefined,1,1,left_sq_bracket09,candidate,left_sq_bracket08,right,44.36
undefined,pigtail06,undefined,1,1,pigtail06,candidate,pigtail08,right,71.11
undefined,question_mark05,undefined,1,1,question_mark05,candidate,question_mark05,right,48.54
undefined,rectangle02,undefined,1,1,rectangle02,candidate,rectangle04,right,53.94
undefined,right_curly_brace08,undefined,1,1,right_curly_brace08,candidate,right_curly_brace03,right,47.81
undefined,right_sq_bracket09,undefined,1,1,right_sq_bracket09,candidate,right_sq_bracket04,right,46.41
undefined,star05,undefined,1,1,star05,candidate,star07,right,50.95
undefined,triangle04,undefined,1,1,triangle04,candidate,triangle02,right,58.84
undefined,v09,undefined,1,1,v09,candidate,v04,right,52.89
undefined,x10,undefined,1,1,x10,candidate,x06,right,91.76
undefined,arrow02,undefined,1,1,arrow02,candidate,arrow05,right,74.09
undefined,caret03,undefined,1,1,caret03,candidate,caret06,right,56.61
undefined,check03,undefined,1,1,check03,candidate,check09,right,36.44
undefined,circle07,undefined,1,1,circle07,candidate,circle04,right,25.74
undefined,delete_mark04,undefined,1,1,delete_mark04,candidate,delete_mark10,right,35.29
undefined,left_curly_brace08,undefined,1,1,left_curly_brace08,candidate,left_curly_brace01,right,38.49
undefined,left_sq_bracket09,undefined,1,1,left_sq_bracket09,candidate,left_sq_bracket04,right,34.48
undefined,pigtail06,undefined,1,1,pigtail06,candidate,pigtail05,right,71.75
undefined,question_mark05,undefined,1,1,question_mark05,candidate,question_mark07,right,48.14
undefined,rectangle02,undefined,1,1,rectangle02,candidate,rectangle04,right,44.61
undefined,right_curly_brace08,undefined,1,1,right_curly_brace08,candidate,right_curly_brace06,right,40.27
undefined,right_sq_bracket09,undefined,1,1,right_sq_bracket09,candidate,right_sq_bracket09,right,41.01
undefined,star05,undefined,1,1,star05,candidate,star04,right,40.74
undefined,triangle04,undefined,1,1,triangle04,candidate,triangle09,right,47.50
undefined,v09,undefined,1,1,v09,candidate,v06,right,44.79
undefined,x10,undefined,1,1,x10,candidate,x07,right,90.38
undefined,arrow02,undefined,1,1,arrow02,candidate,arrow07,right,68.49
undefined,caret03,undefined,1,1,caret03,candidate,caret08,right,66.89
undefined,check03,undefined,1,1,check03,candidate,check09,right,37.24
undefined,circle07,undefined,1,1,circle07,candidate,circle04,right,42.14
undefined,delete_mark04,undefined,1,1,delete_mark04,candidate,delete_mark06,right,49.20
undefined,left_curly_brace08,undefined,1,1,left_curly_brace08,candidate,left_curly_brace01,right,36.14
undefined,left_sq_bracket09,undefined,1,1,left_sq_bracket09,candidate,left_sq_bracket06,right,36.38
undefined,pigtail06,undefined,1,1,pigtail06,candidate,pigtail05,right,71.04
undefined,question_mark05,undefined,1,1,question_mark05,candidate,question_mark03,right,46.67
undefined,rectangle02,undefined,1,1,rectangle02,candidate,rectangle03,right,55.37
undefined,right_curly_brace08,undefined,1,1,right_curly_brace08,candidate,right_curly_brace03,right,44.70
undefined,right_sq_bracket09,undefined,1,1,right_sq_bracket09,candidate,right_sq_bracket01,right,46.58
undefined,star05,undefined,1,1,star05,candidate,star10,right,50.43
undefined,triangle04,undefined,1,1,triangle04,candidate,triangle06,right,51.50
undefined,v09,undefined,1,1,v09,candidate,v10,right,48.30
undefined,x10,undefined,1,1,x10,candidate,x09,right,88.40
undefined,arrow02,undefined,1,1,arrow02,candidate,arrow05,right,73.71
undefined,caret03,undefined,1,1,caret03,candidate,caret04,right,58.86
undefined,check03,undefined,1,1,check03,candidate,check04,right,35.76
undefined,circle07,undefined,1,1,circle07,candidate,circle07,right,38.33
undefined,delete_mark04,undefined,1,1,delete_mark04,candidate,delete_mark06,right,49.20
undefined,left_curly_brace08,undefined,1,1,left_curly_brace08,candidate,left_curly_brace08,right,32.31
undefined,left_sq_bracket09,undefined,1,1,left_sq_bracket09,candidate,left_sq_bracket09,right,32.29
undefined,pigtail06,undefined,1,1,pigtail06,candidate,pigtail05,right,71.04
undefined,question_mark05,undefined,1,1,question_mark05,candidate,question_mark10,right,48.51
undefined,rectangle02,undefined,1,1,rectangle02,candidate,rectangle07,right,54.49
undefined,right_curly_brace08,undefined,1,1,right_curly_brace08,candidate,right_curly_brace10,right,40.03
undefined,right_sq_bracket09,undefined,1,1,right_sq_bracket09,candidate,right_sq_bracket10,right,41.64
undefined,star05,undefined,1,1,star05,candidate,star07,right,51.29
undefined,triangle04,undefined,1,1,triangle04,candidate,triangle09,right,55.33
undefined,v09,undefined,1,1,v09,candidate,v01,right,46.19
undefined,x10,undefined,1,1,x10,candidate,x03,right,89.84
undefined,arrow02,undefined,1,1,arrow02,candidate,arrow05,right,74.26
undefined,caret03,undefined,1,1,caret03,candidate,caret03,right,58.65
undefined,check03,undefined,1,1,check03,candidate,check04,right,37.45
undefined,circle07,undefined,1,1,circle07,candidate,circle01,right,48.72
undefined,delete_mark04,undefined,1,1,delete_mark04,candidate,delete_mark04,right,48.91
undefined,left_curly_brace08,undefined,1,1,left_curly_brace08,candidate,left_curly_brace01,right,38.37
undefined,left_sq_bracket09,undefined,1,1,left_sq_bracket09,candidate,left_sq_bracket09,right,35.16
undefined,pigtail06,undefined,1,1,pigtail06,candidate,pigtail07,right,70.02
undefined,question_mark05,undefined,1,1,question_mark05,candidate,question_mark02,right,43.37
undefined,rectangle02,undefined,1,1,rectangle02,candidate,rectangle08,right,52.38
undefined,right_curly_brace08,undefined,1,1,right_curly_brace08,candidate,right_curly_brace02,right,41.67
undefined,right_sq_bracket09,undefined,1,1,right_sq_bracket09,candidate,right_sq_bracket04,right,40.22
undefined,star05,undefined,1,1,star05,candidate,star04,right,47.50
undefined,triangle04,undefined,1,1,triangle04,candidate,triangle09,right,61.31
undefined,v09,undefined,1,1,v09,candidate,v07,right,52.12
undefined,x10,undefined,1,1,x10,candidate,x07,right,93.85
undefined,arrow02,undefined,1,1,arrow02,candidate,arrow02,right,63.80
undefined,caret03,undefined,1,1,caret03,candidate,caret01,right,59.61
undefined,check03,undefined,1,1,check03,candidate,check05,right,36.19
undefined,circle07,undefined,1,1,circle07,candidate,circle10,right,43.07
undefined,delete_mark04,undefined,1,1,delete_mark04,candidate,delete_mark06,right,50.21
undefined,left_curly_brace08,undefined,1,1,left_curly_brace08,candidate,left_curly_brace08,right,36.39
undefined,left_sq_bracket09,undefined,1,1,left_sq_bracket09,candidate,left_sq_bracket04,right,41.13
undefined,pigtail06,undefined,1,1,pigtail06,candidate,pigtail07,right,72.26
undefined,question_mark05,undefined,1,1,question_mark05,candidate,question_mark07,right,50.35
undefined,rectangle02,undefined,1,1,rectangle02,candidate,rectangle04,right,53.45
undefined,right_curly_brace08,undefined,1,1,right_curly_brace08,candidate,right_curly_brace02,right,42.94
undefined,right_sq_bracket09,undefined,1,1,right_sq_bracket09,candidate,right_sq_bracket10,right,43.89
undefined,star05,undefined,1,1,star05,candidate,star10,right,50.49
undefined,triangle04,undefined,1,1,triangle04,candidate,triangle09,right,56.54
undefined,v09,undefined,1,1,v09,candidate,v04,right,46.37
undefined,x10,undefined,1,1,x10,candidate,x06,right,91.76
undefined,arrow02,undefined,1,1,arrow02,candidate,arrow09,right,70.37
undefined,caret03,undefined,1,1,caret03,candidate,caret08,right,70.77
undefined,check03,undefined,1,1,check03,candidate,check04,right,28.36
undefined,circle07,undefined,1,1,circle07,candidate,circle09,right,38.83
undefined,delete_mark04,undefined,1,1,delete_mark04,candidate,delete_mark10,right,46.40
undefined,left_curly_brace08,undefined,1,1,left_curly_brace08,candidate,left_curly_brace03,right,34.05
undefined,left_sq_bracket09,undefined,1,1,left_sq_bracket09,candidate,left_sq_bracket05,right,27.50
undefined,pigtail06,undefined,1,1,pigtail06,candidate,pigtail10,right,70.91
undefined,question_mark05,undefined,1,1,question_mark05,candidate,question_mark05,right,54.06
undefined,rectangle02,undefined,1,1,rectangle02,candidate,triangle05,wrong,48.45
undefined,right_curly_brace08,undefined,1,1,right_curly_brace08,candidate,right_curly_brace05,right,45.36
undefined,right_sq_bracket09,undefined,1,1,right_sq_bracket09,candidate,right_sq_bracket10,right,46.69
undefined,star05,undefined,1,1,star05,candidate,star10,right,52.37
undefined,triangle04,undefined,1,1,triangle04,candidate,triangle02,right,49.23
undefined,v09,undefined,1,1,v09,candidate,v04,right,35.54
undefined,x10,undefined,1,1,x10,candidate,x06,right,91.33
undefined,arrow02,undefined,1,1,arrow02,candidate,arrow07,right,69.34
undefined,caret03,undefined,1,1,caret03,candidate,caret06,right,64.96
undefined,check03,undefined,1,1,check03,candidate,check07,right,32.59
undefined,circle07,undefined,1,1,circle07,candidate,circle01,right,44.76
undefined,delete_mark04,undefined,1,1,delete_mark04,candidate,delete_mark04,right,51.46
undefined,left_curly_brace08,undefined,1,1,left_curly_brace08,candidate,left_curly_brace03,right,41.41
undefined,left_sq_bracket09,undefined,1,1,left_sq_bracket09,candidate,left_sq_bracket05,right,36.56
undefined,pigtail06,undefined,1,1,pigtail06,candidate,pigtail10,right,78.43
undefined,question_mark05,undefined,1,1,question_mark05,candidate,question_mark10,right,51.10
undefined,rectangle02,undefined,1,1,rectangle02,candidate,rectangle04,right,51.00
undefined,right_curly_brace08,undefined,1,1,right_curly_brace08,candidate,right_curly_brace06,right,43.62
undefined,right_sq_bracket09,undefined,1,1,right_sq_bracket09,candidate,right_sq_bracket04,right,45.71
undefined,star05,undefined,1,1,star05,candidate,star05,right,49.45
undefined,triangle04,undefined,1,1,triangle04,candidate,triangle06,right,52.90
undefined,v09,undefined,1,1,v09,candidate,v02,right,49.53
undefined,x10,undefined,1,1,x10,candidate,x07,right,90.13
undefined,arrow02,undefined,1,1,arrow02,candidate,arrow03,right,68.28
undefined,caret03,undefined,1,1,caret03,candidate,caret08,right,65.62
undefined,check03,undefined,1,1,check03,candidate,check04,right,38.44
undefined,circle07,undefined,1,1,circle07,candidate,circle10,right,41.87
undefined,delete_mark04,undefined,1,1,delete_mark04,candidate,delete_mark09,right,41.95
undefined,left_curly_brace08,undefined,1,1,left_curly_brace08,candidate,left_curly_brace09,right,33.46
undefined,left_sq_bracket09,undefined,1,1,left_sq_bracket09,candidate,left_sq_bracket06,right,39.18
undefined,pigtail06,undefined,1,1,pigtail06,candidate,pigtail06,right,66.71
undefined,question_mark05,undefined,1,1,question_mark05,candidate,question_mark03,right,48.03
undefined,rectangle02,undefined,1,1,rectangle02,candidate,rectangle07,right,56.93
undefined,right_curly_brace08,undefined,1,1,right_curly_brace08,candidate,right_curly_brace07,right,46.18
undefined,right_sq_bracket09,undefined,1,1,right_sq_bracket09,candidate,right_sq_bracket10,right,41.78
undefined,star05,undefined,1,1,star05,candidate,star04,right,47.50
undefined,triangle04,undefined,1,1,triangle04,candidate,triangle06,right,56.42
undefined,v09,undefined,1,1,v09,candidate,v08,right,47.88
undefined,x10,undefined,1,1,x10,candidate,x07,right,93.85
undefined,arrow02,undefined,1,1,arrow02,candidate,arrow06,right,72.72
undefined,caret03,undefined,1,1,caret03,candidate,caret10,right,60.41
undefined,check03,undefined,1,1,check03,candidate,check10,right,40.66
undefined,circle07,undefined,1,1,circle07,candidate,circle04,right,33.42
undefined,delete_mark04,undefined,1,1,delete_mark04,candidate,delete_mark04,right,47.54
undefined,left_curly_brace08,undefined,1,1,left_curly_brace08,candidate,left_curly_brace03,right,42.62
undefined,left_sq_bracket09,undefined,1,1,left_sq_bracket09,candidate,left_sq_bracket08,right,43.43
undefined,pigtail06,undefined,1,1,pigtail06,candidate,pigtail04,right,71.72
undefined,question_mark05,undefined,1,1,question_mark05,candidate,question_mark02,right,43.37
undefined,rectangle02,undefined,1,1,rectangle02,candidate,rectangle03,right,57.67
undefined,right_curly_brace08,undefined,1,1,right_curly_brace08,candidate,right_curly_brace09,right,42.30
undefined,right_sq_bracket09,undefined,1,1,right_sq_bracket09,candidate,right_sq_bracket10,right,41.78
undefined,star05,undefined,1,1,star05,candidate,star10,right,50.79
undefined,triangle04,undefined,1,1,triangle04,candidate,triangle01,right,50.08
undefined,v09,undefined,1,1,v09,candidate,v07,right,52.12
undefined,x10,undefined,1,1,x10,candidate,x06,right,92.78
undefined,arrow02,undefined,1,1,arrow02,candidate,arrow04,right,69.54
undefined,caret03,undefined,1,1,caret03,candidate,caret06,right,62.90
undefined,check03,undefined,1,1,check03,candidate,check09,right,31.29
undefined,circle07,undefined,1,1,circle07,candidate,circle05,right,34.81
undefined,delete_mark04,undefined,1,1,delete_mark04,candidate,delete_mark02,right,50.46
undefined,left_curly_brace08,undefined,1,1,left_curly_brace08,candidate,left_curly_brace03,right,34.05
undefined,left_sq_bracket09,undefined,1,1,left_sq_bracket09,candidate,left_sq_bracket04,right,29.63
undefined,pigtail06,undefined,1,1,pigtail06,candidate,pigtail10,right,70.91
undefined,question_mark05,undefined,1,1,question_mark05,candidate,question_mark10,right,55.73
undefined,rectangle02,undefined,1,1,rectangle02,candidate,rectangle07,right,46.19
undefined,right_curly_brace08,undefined,1,1,right_curly_brace08,candidate,right_curly_brace07,right,50.02
undefined,right_sq_bracket09,undefined,1,1,right_sq_bracket09,candidate,right_sq_bracket07,right,45.20
undefined,star05,undefined,1,1,star05,candidate,star09,right,51.07
undefined,triangle04,undefined,1,1,triangle04,candidate,triangle06,right,43.08
undefined,v09,undefined,1,1,v09,candidate,v08,right,41.97
undefined,x10,undefined,1,1,x10,candidate,x06,right,90.98
undefined,arrow02,undefined,1,1,arrow02,candidate,arrow05,right,76.98
undefined,caret03,undefined,1,1,caret03,candidate,caret01,right,58.40
undefined,check03,undefined,1,1,check03,candidate,check04,right,36.83
undefined,circle07,undefined,1,1,circle07,candidate,circle01,right,41.17
undefined,delete_mark04,undefined,1,1,delete_mark04,candidate,delete_mark10,right,39.98
undefined,left_curly_brace08,undefined,1,1,left_curly_brace08,candidate,left_curly_brace08,right,33.49
undefined,left_sq_bracket09,undefined,1,1,left_sq_bracket09,candidate,left_sq_bracket06,right,36.84
undefined,pigtail06,undefined,1,1,pigtail06,candidate,pigtail06,right,68.99
undefined,question_mark05,undefined,1,1,question_mark05,candidate,question_mark07,right,51.15
undefined,rectangle02,undefined,1,1,rectangle02,candidate,rectangle10,right,55.11
undefined,right_curly_brace08,undefined,1,1,right_curly_brace08,candidate,right_curly_brace08,right,39.23
undefined,right_sq_bracket09,undefined,1,1,right_sq_bracket09,candidate,right_sq_bracket04,right,44.91
undefined,star05,undefined,1,1,star05,candidate,star05,right,52.71
undefined,triangle04,undefined,1,1,triangle04,candidate,triangle06,right,46.85
undefined,v09,undefined,1,1,v09,candidate,v07,right,49.47
undefined,x10,undefined,1,1,x10,candidate,x07,right,92.59
undefined,arrow02,undefined,1,1,arrow02,candidate,arrow02,right,60.24
undefined,caret03,undefined,1,1,caret03,candidate,caret09,right,53.35
undefined,check03,undefined,1,1,check03,candidate,check10,right,37.19
undefined,circle07,undefined,1,1,circle07,candidate,circle04,right,36.45
undefined,delete_mark04,undefined,1,1,delete_mark04,candidate,delete_mark08,right,41.75
undefined,left_curly_brace08,undefined,1,1,left_curly_brace08,candidate,left_curly_brace10,right,30.36
undefined,left_sq_bracket09,undefined,1,1,left_sq_bracket09,candidate,left_sq_bracket05,right,33.79
undefined,pigtail06,undefined,1,1,pigtail06,candidate,pigtail03,right,75.70
undefined,question_mark05,undefined,1,1,question_mark05,candidate,question_mark02,right,43.10
undefined,rectangle02,undefined,1,1,rectangle02,candidate,rectangle07,right,47.12
undefined,right_curly_brace08,undefined,1,1,right_curly_brace08,candidate,right_curly_brace08,right,35.84
undefined,right_sq_bracket09,undefined,1,1,right_sq_bracket09,candidate,right_sq_bracket01,right,44.58
undefined,star05,undefined,1,1,star05,candidate,star10,right,43.83
undefined,triangle04,undefined,1,1,triangle04,candidate,triangle04,right,44.50
undefined,v09,undefined,1,1,v09,candidate,v01,right,46.23
undefined,x10,undefined,1,1,x10,candidate,x06,right,89.07
undefined,arrow02,undefined,1,1,arrow02,candidate,arrow03,right,71.41
undefined,caret03,undefined,1,1,caret03,candidate,caret04,right,65.11
undefined,check03,undefined,1,1,check03,candidate,check07,right,32.59
undefined,circle07,undefined,1,1,circle07,candidate,circle04,right,31.10
undefined,delete_mark04,undefined,1,1,delete_mark04,candidate,delete_mark02,right,48.46
undefined,left_curly_brace08,undefined,1,1,left_curly_brace08,candidate,left_curly_brace05,right,34.56
undefined,left_sq_bracket09,undefined,1,1,left_sq_bracket09,candidate,left_sq_bracket04,right,38.65
undefined,pigtail06,undefined,1,1,pigtail06,candidate,pigtail01,right,76.49
undefined,question_mark05,undefined,1,1,question_mark05,candidate,question_mark10,right,50.93
undefined,rectangle02,undefined,1,1,rectangle02,candidate,rectangle08,right,48.14
undefined,right_curly_brace08,undefined,1,1,right_curly_brace08,candidate,right_curly_brace06,right,43.62
undefined,right_sq_bracket09,undefined,1,1,right_sq_bracket09,candidate,right_sq_bracket10,right,44.87
undefined,star05,undefined,1,1,star05,candidate,star10,right,47.26
undefined,triangle04,undefined,1,1,triangle04,candidate,triangle04,right,50.61
undefined,v09,undefined,1,1,v09,candidate,v06,right,51.84
undefined,x10,undefined,1,1,x10,candidate,x01,right,88.67
undefined,arrow02,undefined,1,1,arrow02,candidate,arrow10,right,71.34
undefined,caret03,undefined,1,1,caret03,candidate,caret09,right,55.25
undefined,check03,undefined,1,1,check03,candidate,check10,right,38.44
undefined,circle07,undefined,1,1,circle07,candidate,circle10,right,36.67
undefined,delete_mark04,undefined,1,1,delete_mark04,candidate,delete_mark06,right,49.82
undefined,left_curly_brace08,undefined,1,1,left_curly_brace08,candidate,left_curly_brace02,right,39.19
undefined,left_sq_bracket09,undefined,1,1,left_sq_bracket09,candidate,left_sq_bracket06,right,36.01
undefined,pigtail06,undefined,1,1,pigtail06,candidate,pigtail02,right,75.36
undefined,question_mark05,undefined,1,1,question_mark05,candidate,question_mark02,right,50.12
undefined,rectangle02,undefined,1,1,rectangle02,candidate,triangle05,wrong,52.73
undefined,right_curly_brace08,undefined,1,1,right_curly_brace08,candidate,right_curly_brace03,right,49.56
undefined,right_sq_bracket09,undefined,1,1,right_sq_bracket09,candidate,right_sq_bracket04,right,43.42
undefined,star05,undefined,1,1,star05,candidate,star05,right,54.65
undefined,triangle04,undefined,1,1,triangle04,candidate,triangle04,right,47.85
undefined,v09,undefined,1,1,v09,candidate,v04,right,48.20
undefined,x10,undefined,1,1,x10,candidate,x06,right,94.01
undefined,arrow02,undefined,1,1,arrow02,candidate,arrow06,right,72.82
undefined,caret03,undefined,1,1,caret03,candidate,caret01,right,62.42
undefined,check03,undefined,1,1,check03,candidate,check04,right,36.26
undefined,circle07,undefined,1,1,circle07,candidate,circle10,right,28.57
undefined,delete_mark04,undefined,1,1,delete_mark04,candidate,delete_mark05,right,47.31
undefined,left_curly_brace08,undefined,1,1,left_curly_brace08,candidate,left_curly_brace05,right,30.74
undefined,left_sq_bracket09,undefined,1,1,left_sq_bracket09,candidate,left_sq_bracket09,right,28.15
undefined,pigtail06,undefined,1,1,pigtail06,candidate,pigtail08,right,71.85
undefined,question_mark05,undefined,1,1,question_mark05,candidate,question_mark02,right,56.34
undefined,rectangle02,undefined,1,1,rectangle02,candidate,rectangle03,right,42.25
undefined,right_curly_brace08,undefined,1,1,right_curly_brace08,candidate,right_curly_brace03,right,51.96
undefined,right_sq_bracket09,undefined,1,1,right_sq_bracket09,candidate,right_sq_bracket01,right,54.89
undefined,star05,undefined,1,1,star05,candidate,star02,right,50.93
undefined,triangle04,undefined,1,1,triangle04,candidate,triangle01,right,35.91
undefined,v09,undefined,1,1,v09,candidate,v09,right,40.54
undefined,x10,undefined,1,1,x10,candidate,x08,right,89.25
undefined,arrow02,undefined,1,1,arrow02,candidate,arrow05,right,75.90
undefined,caret03,undefined,1,1,caret03,candidate,caret09,right,61.08
undefined,check03,undefined,1,1,check03,candidate,check07,right,36.55
undefined,circle07,undefined,1,1,circle07,candidate,circle09,right,48.80
undefined,delete_mark04,undefined,1,1,delete_mark04,candidate,delete_mark01,right,45.85
undefined,left_curly_brace08,undefined,1,1,left_curly_brace08,candidate,left_curly_brace06,right,39.13
undefined,left_sq_bracket09,undefined,1,1,left_sq_bracket09,candidate,left_sq_bracket05,right,38.04
undefined,pigtail06,undefined,1,1,pigtail06,candidate,pigtail01,right,71.21
