﻿<?xml version="1.0" encoding="utf-8" standalone="yes"?>
<Gesture Name="arrow10" Subject="2" Speed="fast" Number="10" NumPts="65" Millseconds="1070" AppName="Gestures" AppVer="3.5.0.0" Date="Monday, March 05, 2007" TimeOfDay="9:13:04 PM">
  <Point X="61" Y="263" T="11476496" />
  <Point X="63" Y="263" T="11476520" />
  <Point X="66" Y="261" T="11476532" />
  <Point X="68" Y="260" T="11476540" />
  <Point X="71" Y="258" T="11476549" />
  <Point X="75" Y="256" T="11476557" />
  <Point X="79" Y="254" T="11476565" />
  <Point X="81" Y="252" T="11476572" />
  <Point X="85" Y="249" T="11476579" />
  <Point X="89" Y="246" T="11476586" />
  <Point X="94" Y="244" T="11476594" />
  <Point X="99" Y="240" T="11476601" />
  <Point X="104" Y="237" T="11476609" />
  <Point X="109" Y="234" T="11476617" />
  <Point X="114" Y="232" T="11476626" />
  <Point X="119" Y="228" T="11476634" />
  <Point X="124" Y="226" T="11476643" />
  <Point X="131" Y="221" T="11476653" />
  <Point X="136" Y="218" T="11476662" />
  <Point X="141" Y="215" T="11476672" />
  <Point X="147" Y="209" T="11476682" />
  <Point X="151" Y="207" T="11476692" />
  <Point X="155" Y="204" T="11476702" />
  <Point X="158" Y="202" T="11476713" />
  <Point X="160" Y="200" T="11476714" />
  <Point X="163" Y="198" T="11476725" />
  <Point X="165" Y="196" T="11476736" />
  <Point X="167" Y="194" T="11476747" />
  <Point X="169" Y="193" T="11476759" />
  <Point X="171" Y="191" T="11476771" />
  <Point X="173" Y="190" T="11476789" />
  <Point X="174" Y="188" T="11476814" />
  <Point X="172" Y="188" T="11476878" />
  <Point X="170" Y="188" T="11476891" />
  <Point X="168" Y="190" T="11476903" />
  <Point X="162" Y="191" T="11476917" />
  <Point X="154" Y="192" T="11476931" />
  <Point X="147" Y="193" T="11476945" />
  <Point X="137" Y="196" T="11476961" />
  <Point X="128" Y="198" T="11476977" />
  <Point X="121" Y="200" T="11476995" />
  <Point X="119" Y="200" T="11477009" />
  <Point X="116" Y="202" T="11477010" />
  <Point X="118" Y="199" T="11477078" />
  <Point X="120" Y="199" T="11477093" />
  <Point X="123" Y="198" T="11477094" />
  <Point X="128" Y="196" T="11477110" />
  <Point X="134" Y="195" T="11477127" />
  <Point X="142" Y="193" T="11477143" />
  <Point X="149" Y="192" T="11477160" />
  <Point X="155" Y="191" T="11477177" />
  <Point X="160" Y="191" T="11477194" />
  <Point X="162" Y="190" T="11477211" />
  <Point X="167" Y="188" T="11477229" />
  <Point X="169" Y="188" T="11477247" />
  <Point X="171" Y="188" T="11477379" />
  <Point X="172" Y="191" T="11477423" />
  <Point X="172" Y="193" T="11477442" />
  <Point X="172" Y="201" T="11477461" />
  <Point X="172" Y="208" T="11477482" />
  <Point X="171" Y="215" T="11477502" />
  <Point X="170" Y="224" T="11477525" />
  <Point X="170" Y="227" T="11477526" />
  <Point X="169" Y="232" T="11477545" />
  <Point X="168" Y="236" T="11477566" />
</Gesture>