﻿<?xml version="1.0" encoding="utf-8" standalone="yes"?>
<Gesture Name="arrow04" Subject="2" Speed="fast" Number="4" NumPts="69" Millseconds="986" AppName="Gestures" AppVer="3.5.0.0" Date="Monday, March 05, 2007" TimeOfDay="9:12:55 PM">
  <Point X="75" Y="256" T="11466836" />
  <Point X="77" Y="255" T="11466857" />
  <Point X="79" Y="254" T="11466869" />
  <Point X="81" Y="252" T="11466881" />
  <Point X="83" Y="252" T="11466889" />
  <Point X="85" Y="250" T="11466895" />
  <Point X="88" Y="247" T="11466901" />
  <Point X="91" Y="245" T="11466909" />
  <Point X="95" Y="242" T="11466917" />
  <Point X="97" Y="241" T="11466924" />
  <Point X="99" Y="240" T="11466925" />
  <Point X="101" Y="238" T="11466933" />
  <Point X="103" Y="236" T="11466934" />
  <Point X="108" Y="233" T="11466942" />
  <Point X="112" Y="229" T="11466950" />
  <Point X="117" Y="226" T="11466959" />
  <Point X="121" Y="222" T="11466968" />
  <Point X="124" Y="220" T="11466969" />
  <Point X="128" Y="217" T="11466979" />
  <Point X="133" Y="214" T="11466988" />
  <Point X="135" Y="213" T="11466989" />
  <Point X="139" Y="210" T="11467000" />
  <Point X="145" Y="205" T="11467011" />
  <Point X="151" Y="201" T="11467022" />
  <Point X="153" Y="199" T="11467032" />
  <Point X="157" Y="196" T="11467034" />
  <Point X="160" Y="194" T="11467045" />
  <Point X="162" Y="192" T="11467056" />
  <Point X="165" Y="190" T="11467057" />
  <Point X="167" Y="189" T="11467070" />
  <Point X="169" Y="187" T="11467082" />
  <Point X="171" Y="186" T="11467094" />
  <Point X="173" Y="183" T="11467106" />
  <Point X="175" Y="182" T="11467119" />
  <Point X="176" Y="180" T="11467157" />
  <Point X="174" Y="179" T="11467209" />
  <Point X="172" Y="178" T="11467222" />
  <Point X="169" Y="178" T="11467236" />
  <Point X="163" Y="179" T="11467250" />
  <Point X="158" Y="180" T="11467264" />
  <Point X="149" Y="182" T="11467280" />
  <Point X="139" Y="184" T="11467297" />
  <Point X="137" Y="185" T="11467298" />
  <Point X="130" Y="187" T="11467313" />
  <Point X="124" Y="190" T="11467328" />
  <Point X="122" Y="190" T="11467344" />
  <Point X="125" Y="190" T="11467389" />
  <Point X="128" Y="189" T="11467405" />
  <Point X="130" Y="187" T="11467406" />
  <Point X="137" Y="185" T="11467423" />
  <Point X="144" Y="184" T="11467440" />
  <Point X="151" Y="181" T="11467457" />
  <Point X="156" Y="181" T="11467474" />
  <Point X="160" Y="179" T="11467492" />
  <Point X="165" Y="179" T="11467510" />
  <Point X="167" Y="179" T="11467527" />
  <Point X="169" Y="179" T="11467546" />
  <Point X="171" Y="180" T="11467564" />
  <Point X="173" Y="180" T="11467609" />
  <Point X="175" Y="182" T="11467650" />
  <Point X="177" Y="184" T="11467678" />
  <Point X="177" Y="186" T="11467697" />
  <Point X="177" Y="188" T="11467698" />
  <Point X="178" Y="193" T="11467718" />
  <Point X="178" Y="200" T="11467739" />
  <Point X="178" Y="209" T="11467759" />
  <Point X="178" Y="214" T="11467780" />
  <Point X="177" Y="219" T="11467801" />
  <Point X="177" Y="221" T="11467822" />
</Gesture>