﻿<?xml version="1.0" encoding="utf-8" standalone="yes"?>
<Gesture Name="arrow05" Subject="2" Speed="fast" Number="5" NumPts="65" Millseconds="1033" AppName="Gestures" AppVer="3.5.0.0" Date="Monday, March 05, 2007" TimeOfDay="9:12:56 PM">
  <Point X="68" Y="260" T="11468404" />
  <Point X="70" Y="258" T="11468420" />
  <Point X="72" Y="258" T="11468428" />
  <Point X="75" Y="256" T="11468437" />
  <Point X="79" Y="253" T="11468445" />
  <Point X="82" Y="250" T="11468453" />
  <Point X="85" Y="249" T="11468459" />
  <Point X="89" Y="245" T="11468466" />
  <Point X="94" Y="241" T="11468473" />
  <Point X="97" Y="238" T="11468480" />
  <Point X="100" Y="237" T="11468481" />
  <Point X="105" Y="234" T="11468489" />
  <Point X="110" Y="229" T="11468497" />
  <Point X="116" Y="227" T="11468505" />
  <Point X="121" Y="223" T="11468514" />
  <Point X="126" Y="219" T="11468522" />
  <Point X="131" Y="215" T="11468531" />
  <Point X="136" Y="213" T="11468540" />
  <Point X="138" Y="211" T="11468542" />
  <Point X="143" Y="208" T="11468551" />
  <Point X="149" Y="203" T="11468562" />
  <Point X="153" Y="200" T="11468572" />
  <Point X="157" Y="198" T="11468583" />
  <Point X="164" Y="193" T="11468594" />
  <Point X="167" Y="190" T="11468604" />
  <Point X="170" Y="188" T="11468615" />
  <Point X="174" Y="185" T="11468627" />
  <Point X="176" Y="184" T="11468638" />
  <Point X="179" Y="182" T="11468650" />
  <Point X="181" Y="181" T="11468663" />
  <Point X="183" Y="179" T="11468675" />
  <Point X="185" Y="178" T="11468697" />
  <Point X="187" Y="177" T="11468734" />
  <Point X="187" Y="175" T="11468759" />
  <Point X="185" Y="176" T="11468803" />
  <Point X="183" Y="176" T="11468816" />
  <Point X="180" Y="176" T="11468829" />
  <Point X="175" Y="176" T="11468843" />
  <Point X="169" Y="178" T="11468857" />
  <Point X="160" Y="180" T="11468873" />
  <Point X="151" Y="182" T="11468890" />
  <Point X="142" Y="184" T="11468906" />
  <Point X="136" Y="186" T="11468921" />
  <Point X="134" Y="187" T="11468936" />
  <Point X="131" Y="187" T="11468952" />
  <Point X="134" Y="186" T="11469004" />
  <Point X="136" Y="185" T="11469020" />
  <Point X="138" Y="185" T="11469021" />
  <Point X="143" Y="183" T="11469037" />
  <Point X="149" Y="182" T="11469054" />
  <Point X="155" Y="181" T="11469071" />
  <Point X="161" Y="179" T="11469088" />
  <Point X="167" Y="180" T="11469105" />
  <Point X="172" Y="179" T="11469123" />
  <Point X="176" Y="178" T="11469142" />
  <Point X="180" Y="177" T="11469162" />
  <Point X="182" Y="177" T="11469204" />
  <Point X="182" Y="179" T="11469313" />
  <Point X="182" Y="181" T="11469332" />
  <Point X="182" Y="193" T="11469353" />
  <Point X="182" Y="199" T="11469373" />
  <Point X="182" Y="207" T="11469393" />
  <Point X="182" Y="210" T="11469394" />
  <Point X="182" Y="217" T="11469415" />
  <Point X="183" Y="223" T="11469437" />
</Gesture>