﻿<?xml version="1.0" encoding="utf-8" standalone="yes"?>
<Gesture Name="caret10" Subject="2" Speed="fast" Number="10" NumPts="42" Millseconds="437" AppName="Gestures" AppVer="3.5.0.0" Date="Monday, March 05, 2007" TimeOfDay="8:50:00 PM">
  <Point X="51" Y="229" T="10089981" />
  <Point X="53" Y="226" T="10090025" />
  <Point X="54" Y="224" T="10090030" />
  <Point X="57" Y="220" T="10090037" />
  <Point X="60" Y="217" T="10090045" />
  <Point X="62" Y="215" T="10090051" />
  <Point X="63" Y="212" T="10090057" />
  <Point X="66" Y="209" T="10090058" />
  <Point X="68" Y="206" T="10090065" />
  <Point X="70" Y="203" T="10090066" />
  <Point X="72" Y="201" T="10090073" />
  <Point X="74" Y="199" T="10090074" />
  <Point X="78" Y="193" T="10090081" />
  <Point X="80" Y="190" T="10090089" />
  <Point X="83" Y="188" T="10090090" />
  <Point X="87" Y="182" T="10090098" />
  <Point X="92" Y="177" T="10090106" />
  <Point X="96" Y="172" T="10090115" />
  <Point X="100" Y="166" T="10090124" />
  <Point X="102" Y="164" T="10090132" />
  <Point X="105" Y="160" T="10090133" />
  <Point X="107" Y="158" T="10090144" />
  <Point X="111" Y="152" T="10090155" />
  <Point X="114" Y="150" T="10090166" />
  <Point X="116" Y="148" T="10090176" />
  <Point X="119" Y="146" T="10090187" />
  <Point X="121" Y="146" T="10090210" />
  <Point X="123" Y="146" T="10090246" />
  <Point X="125" Y="148" T="10090263" />
  <Point X="127" Y="154" T="10090275" />
  <Point X="129" Y="162" T="10090288" />
  <Point X="132" Y="173" T="10090300" />
  <Point X="136" Y="184" T="10090312" />
  <Point X="141" Y="198" T="10090324" />
  <Point X="146" Y="209" T="10090337" />
  <Point X="150" Y="220" T="10090350" />
  <Point X="151" Y="223" T="10090351" />
  <Point X="155" Y="229" T="10090365" />
  <Point X="158" Y="236" T="10090378" />
  <Point X="160" Y="239" T="10090391" />
  <Point X="162" Y="242" T="10090404" />
  <Point X="163" Y="244" T="10090418" />
</Gesture>