﻿<?xml version="1.0" encoding="utf-8" standalone="yes"?>
<Gesture Name="caret03" Subject="2" Speed="fast" Number="3" NumPts="40" Millseconds="373" AppName="Gestures" AppVer="3.5.0.0" Date="Monday, March 05, 2007" TimeOfDay="8:49:53 PM">
  <Point X="65" Y="226" T="10082808" />
  <Point X="67" Y="224" T="10082821" />
  <Point X="69" Y="221" T="10082829" />
  <Point X="71" Y="217" T="10082836" />
  <Point X="72" Y="214" T="10082842" />
  <Point X="76" Y="210" T="10082848" />
  <Point X="78" Y="208" T="10082854" />
  <Point X="81" Y="202" T="10082861" />
  <Point X="83" Y="199" T="10082867" />
  <Point X="87" Y="194" T="10082874" />
  <Point X="91" Y="187" T="10082881" />
  <Point X="93" Y="184" T="10082888" />
  <Point X="95" Y="182" T="10082889" />
  <Point X="100" Y="175" T="10082897" />
  <Point X="103" Y="170" T="10082905" />
  <Point X="107" Y="165" T="10082913" />
  <Point X="109" Y="163" T="10082921" />
  <Point X="114" Y="158" T="10082930" />
  <Point X="116" Y="154" T="10082938" />
  <Point X="119" Y="151" T="10082947" />
  <Point X="121" Y="148" T="10082956" />
  <Point X="123" Y="147" T="10082965" />
  <Point X="125" Y="146" T="10082989" />
  <Point X="127" Y="147" T="10083013" />
  <Point X="128" Y="149" T="10083024" />
  <Point X="130" Y="152" T="10083034" />
  <Point X="132" Y="158" T="10083045" />
  <Point X="134" Y="164" T="10083055" />
  <Point X="135" Y="167" T="10083057" />
  <Point X="138" Y="178" T="10083069" />
  <Point X="141" Y="185" T="10083080" />
  <Point X="143" Y="188" T="10083081" />
  <Point X="148" Y="201" T="10083093" />
  <Point X="152" Y="211" T="10083105" />
  <Point X="156" Y="219" T="10083117" />
  <Point X="159" Y="223" T="10083130" />
  <Point X="162" Y="231" T="10083143" />
  <Point X="164" Y="233" T="10083155" />
  <Point X="166" Y="237" T="10083168" />
  <Point X="167" Y="239" T="10083181" />
</Gesture>