﻿<?xml version="1.0" encoding="utf-8" standalone="yes"?>
<Gesture Name="caret06" Subject="2" Speed="fast" Number="6" NumPts="41" Millseconds="360" AppName="Gestures" AppVer="3.5.0.0" Date="Monday, March 05, 2007" TimeOfDay="8:49:56 PM">
  <Point X="58" Y="231" T="10085963" />
  <Point X="60" Y="228" T="10085976" />
  <Point X="63" Y="225" T="10085984" />
  <Point X="64" Y="223" T="10085990" />
  <Point X="67" Y="219" T="10085997" />
  <Point X="69" Y="217" T="10086003" />
  <Point X="72" Y="211" T="10086009" />
  <Point X="74" Y="209" T="10086016" />
  <Point X="76" Y="206" T="10086017" />
  <Point X="78" Y="203" T="10086024" />
  <Point X="80" Y="200" T="10086025" />
  <Point X="83" Y="195" T="10086032" />
  <Point X="85" Y="192" T="10086039" />
  <Point X="87" Y="189" T="10086040" />
  <Point X="92" Y="184" T="10086049" />
  <Point X="96" Y="179" T="10086058" />
  <Point X="99" Y="175" T="10086066" />
  <Point X="103" Y="170" T="10086075" />
  <Point X="106" Y="167" T="10086084" />
  <Point X="109" Y="165" T="10086094" />
  <Point X="111" Y="164" T="10086103" />
  <Point X="115" Y="159" T="10086113" />
  <Point X="118" Y="158" T="10086124" />
  <Point X="120" Y="158" T="10086136" />
  <Point X="122" Y="159" T="10086148" />
  <Point X="124" Y="162" T="10086161" />
  <Point X="127" Y="164" T="10086173" />
  <Point X="128" Y="166" T="10086183" />
  <Point X="130" Y="170" T="10086184" />
  <Point X="133" Y="177" T="10086196" />
  <Point X="136" Y="183" T="10086207" />
  <Point X="138" Y="187" T="10086209" />
  <Point X="142" Y="197" T="10086221" />
  <Point X="147" Y="207" T="10086233" />
  <Point X="151" Y="215" T="10086245" />
  <Point X="155" Y="223" T="10086258" />
  <Point X="159" Y="232" T="10086271" />
  <Point X="162" Y="240" T="10086284" />
  <Point X="164" Y="242" T="10086297" />
  <Point X="165" Y="244" T="10086310" />
  <Point X="166" Y="247" T="10086323" />
</Gesture>