﻿<?xml version="1.0" encoding="utf-8" standalone="yes"?>
<Gesture Name="caret02" Subject="2" Speed="fast" Number="2" NumPts="41" Millseconds="394" AppName="Gestures" AppVer="3.5.0.0" Date="Monday, March 05, 2007" TimeOfDay="8:49:52 PM">
  <Point X="56" Y="228" T="10081810" />
  <Point X="58" Y="225" T="10081831" />
  <Point X="60" Y="222" T="10081838" />
  <Point X="63" Y="219" T="10081847" />
  <Point X="65" Y="217" T="10081853" />
  <Point X="69" Y="211" T="10081859" />
  <Point X="71" Y="208" T="10081866" />
  <Point X="75" Y="202" T="10081872" />
  <Point X="80" Y="195" T="10081879" />
  <Point X="82" Y="193" T="10081887" />
  <Point X="84" Y="189" T="10081888" />
  <Point X="89" Y="183" T="10081895" />
  <Point X="92" Y="180" T="10081903" />
  <Point X="94" Y="177" T="10081904" />
  <Point X="99" Y="170" T="10081912" />
  <Point X="103" Y="165" T="10081920" />
  <Point X="107" Y="159" T="10081928" />
  <Point X="109" Y="157" T="10081936" />
  <Point X="112" Y="153" T="10081945" />
  <Point X="114" Y="150" T="10081954" />
  <Point X="116" Y="148" T="10081955" />
  <Point X="118" Y="145" T="10081967" />
  <Point X="120" Y="143" T="10081983" />
  <Point X="122" Y="142" T="10082028" />
  <Point X="124" Y="144" T="10082040" />
  <Point X="125" Y="147" T="10082050" />
  <Point X="127" Y="153" T="10082060" />
  <Point X="129" Y="158" T="10082071" />
  <Point X="130" Y="162" T="10082072" />
  <Point X="132" Y="170" T="10082084" />
  <Point X="133" Y="173" T="10082085" />
  <Point X="137" Y="183" T="10082097" />
  <Point X="140" Y="193" T="10082109" />
  <Point X="144" Y="199" T="10082121" />
  <Point X="147" Y="208" T="10082133" />
  <Point X="149" Y="212" T="10082146" />
  <Point X="152" Y="220" T="10082159" />
  <Point X="154" Y="223" T="10082172" />
  <Point X="156" Y="226" T="10082173" />
  <Point X="157" Y="228" T="10082186" />
  <Point X="159" Y="231" T="10082204" />
</Gesture>