﻿<?xml version="1.0" encoding="utf-8" standalone="yes"?>
<Gesture Name="check08" Subject="2" Speed="fast" Number="8" NumPts="41" Millseconds="522" AppName="Gestures" AppVer="3.5.0.0" Date="Monday, March 05, 2007" TimeOfDay="9:15:11 PM">
  <Point X="84" Y="214" T="11604056" />
  <Point X="87" Y="214" T="11604085" />
  <Point X="89" Y="216" T="11604105" />
  <Point X="90" Y="219" T="11604117" />
  <Point X="92" Y="221" T="11604129" />
  <Point X="94" Y="223" T="11604137" />
  <Point X="96" Y="225" T="11604145" />
  <Point X="99" Y="228" T="11604157" />
  <Point X="100" Y="231" T="11604165" />
  <Point X="102" Y="233" T="11604178" />
  <Point X="103" Y="235" T="11604186" />
  <Point X="105" Y="237" T="11604199" />
  <Point X="106" Y="239" T="11604228" />
  <Point X="107" Y="237" T="11604252" />
  <Point X="108" Y="235" T="11604263" />
  <Point X="109" Y="233" T="11604276" />
  <Point X="110" Y="229" T="11604285" />
  <Point X="111" Y="226" T="11604295" />
  <Point X="114" Y="220" T="11604304" />
  <Point X="115" Y="216" T="11604314" />
  <Point X="117" Y="212" T="11604324" />
  <Point X="119" Y="208" T="11604325" />
  <Point X="122" Y="202" T="11604335" />
  <Point X="126" Y="195" T="11604345" />
  <Point X="129" Y="190" T="11604355" />
  <Point X="130" Y="187" T="11604356" />
  <Point X="134" Y="183" T="11604367" />
  <Point X="135" Y="181" T="11604368" />
  <Point X="139" Y="175" T="11604379" />
  <Point X="144" Y="169" T="11604391" />
  <Point X="147" Y="165" T="11604402" />
  <Point X="151" Y="160" T="11604413" />
  <Point X="157" Y="153" T="11604425" />
  <Point X="159" Y="151" T="11604437" />
  <Point X="163" Y="147" T="11604449" />
  <Point X="166" Y="145" T="11604461" />
  <Point X="168" Y="143" T="11604476" />
  <Point X="170" Y="140" T="11604492" />
  <Point X="172" Y="138" T="11604513" />
  <Point X="174" Y="137" T="11604545" />
  <Point X="175" Y="135" T="11604578" />
</Gesture>