﻿<?xml version="1.0" encoding="utf-8" standalone="yes"?>
<Gesture Name="check09" Subject="2" Speed="fast" Number="9" NumPts="43" Millseconds="616" AppName="Gestures" AppVer="3.5.0.0" Date="Monday, March 05, 2007" TimeOfDay="9:15:12 PM">
  <Point X="86" Y="202" T="11605176" />
  <Point X="87" Y="204" T="11605200" />
  <Point X="88" Y="206" T="11605220" />
  <Point X="90" Y="208" T="11605231" />
  <Point X="92" Y="210" T="11605245" />
  <Point X="93" Y="214" T="11605253" />
  <Point X="95" Y="216" T="11605261" />
  <Point X="97" Y="219" T="11605269" />
  <Point X="98" Y="221" T="11605277" />
  <Point X="100" Y="223" T="11605285" />
  <Point X="101" Y="226" T="11605294" />
  <Point X="103" Y="228" T="11605301" />
  <Point X="104" Y="230" T="11605312" />
  <Point X="106" Y="233" T="11605325" />
  <Point X="108" Y="234" T="11605353" />
  <Point X="110" Y="231" T="11605369" />
  <Point X="110" Y="229" T="11605378" />
  <Point X="111" Y="227" T="11605387" />
  <Point X="112" Y="224" T="11605397" />
  <Point X="114" Y="218" T="11605406" />
  <Point X="116" Y="214" T="11605416" />
  <Point X="119" Y="206" T="11605426" />
  <Point X="122" Y="200" T="11605436" />
  <Point X="126" Y="193" T="11605446" />
  <Point X="129" Y="189" T="11605457" />
  <Point X="130" Y="187" T="11605458" />
  <Point X="134" Y="183" T="11605468" />
  <Point X="136" Y="181" T="11605470" />
  <Point X="139" Y="177" T="11605480" />
  <Point X="141" Y="175" T="11605481" />
  <Point X="145" Y="171" T="11605493" />
  <Point X="148" Y="167" T="11605504" />
  <Point X="152" Y="164" T="11605506" />
  <Point X="155" Y="160" T="11605517" />
  <Point X="161" Y="156" T="11605529" />
  <Point X="163" Y="153" T="11605541" />
  <Point X="165" Y="151" T="11605554" />
  <Point X="168" Y="149" T="11605566" />
  <Point X="171" Y="145" T="11605579" />
  <Point X="173" Y="143" T="11605602" />
  <Point X="174" Y="141" T="11605625" />
  <Point X="176" Y="139" T="11605666" />
  <Point X="177" Y="137" T="11605792" />
</Gesture>