﻿<?xml version="1.0" encoding="utf-8" standalone="yes"?>
<Gesture Name="check06" Subject="2" Speed="fast" Number="6" NumPts="36" Millseconds="581" AppName="Gestures" AppVer="3.5.0.0" Date="Monday, March 05, 2007" TimeOfDay="9:15:09 PM">
  <Point X="86" Y="213" T="11601820" />
  <Point X="88" Y="215" T="11601888" />
  <Point X="88" Y="217" T="11601896" />
  <Point X="89" Y="219" T="11601904" />
  <Point X="90" Y="221" T="11601911" />
  <Point X="93" Y="224" T="11601924" />
  <Point X="95" Y="225" T="11601932" />
  <Point X="96" Y="228" T="11601940" />
  <Point X="98" Y="231" T="11601948" />
  <Point X="99" Y="233" T="11601956" />
  <Point X="100" Y="235" T="11601964" />
  <Point X="102" Y="238" T="11601976" />
  <Point X="103" Y="240" T="11601989" />
  <Point X="103" Y="242" T="11602001" />
  <Point X="105" Y="241" T="11602046" />
  <Point X="107" Y="238" T="11602058" />
  <Point X="107" Y="235" T="11602067" />
  <Point X="108" Y="233" T="11602075" />
  <Point X="109" Y="230" T="11602085" />
  <Point X="111" Y="224" T="11602095" />
  <Point X="113" Y="219" T="11602104" />
  <Point X="116" Y="211" T="11602115" />
  <Point X="118" Y="205" T="11602125" />
  <Point X="119" Y="203" T="11602127" />
  <Point X="122" Y="197" T="11602137" />
  <Point X="126" Y="190" T="11602148" />
  <Point X="131" Y="184" T="11602159" />
  <Point X="134" Y="179" T="11602171" />
  <Point X="141" Y="172" T="11602182" />
  <Point X="145" Y="168" T="11602194" />
  <Point X="151" Y="161" T="11602207" />
  <Point X="153" Y="159" T="11602219" />
  <Point X="158" Y="156" T="11602231" />
  <Point X="160" Y="154" T="11602244" />
  <Point X="161" Y="152" T="11602274" />
  <Point X="160" Y="150" T="11602401" />
</Gesture>