﻿<?xml version="1.0" encoding="utf-8" standalone="yes"?>
<Gesture Name="check05" Subject="2" Speed="fast" Number="5" NumPts="37" Millseconds="470" AppName="Gestures" AppVer="3.5.0.0" Date="Monday, March 05, 2007" TimeOfDay="9:15:08 PM">
  <Point X="88" Y="203" T="11600712" />
  <Point X="90" Y="205" T="11600753" />
  <Point X="91" Y="207" T="11600766" />
  <Point X="93" Y="209" T="11600778" />
  <Point X="94" Y="211" T="11600786" />
  <Point X="96" Y="214" T="11600798" />
  <Point X="98" Y="216" T="11600806" />
  <Point X="99" Y="219" T="11600814" />
  <Point X="101" Y="221" T="11600822" />
  <Point X="103" Y="224" T="11600834" />
  <Point X="104" Y="227" T="11600842" />
  <Point X="106" Y="229" T="11600851" />
  <Point X="108" Y="231" T="11600870" />
  <Point X="110" Y="231" T="11600895" />
  <Point X="111" Y="229" T="11600907" />
  <Point X="112" Y="227" T="11600915" />
  <Point X="113" Y="223" T="11600927" />
  <Point X="115" Y="220" T="11600936" />
  <Point X="116" Y="217" T="11600945" />
  <Point X="118" Y="214" T="11600954" />
  <Point X="120" Y="207" T="11600964" />
  <Point X="121" Y="204" T="11600974" />
  <Point X="125" Y="194" T="11600985" />
  <Point X="128" Y="190" T="11600995" />
  <Point X="132" Y="184" T="11601006" />
  <Point X="134" Y="180" T="11601017" />
  <Point X="140" Y="174" T="11601029" />
  <Point X="145" Y="167" T="11601041" />
  <Point X="148" Y="163" T="11601054" />
  <Point X="155" Y="154" T="11601067" />
  <Point X="157" Y="152" T="11601079" />
  <Point X="161" Y="147" T="11601091" />
  <Point X="163" Y="145" T="11601104" />
  <Point X="165" Y="142" T="11601116" />
  <Point X="168" Y="141" T="11601129" />
  <Point X="169" Y="139" T="11601142" />
  <Point X="169" Y="137" T="11601182" />
</Gesture>