﻿<?xml version="1.0" encoding="utf-8" standalone="yes"?>
<Gesture Name="check04" Subject="2" Speed="fast" Number="4" NumPts="38" Millseconds="486" AppName="Gestures" AppVer="3.5.0.0" Date="Monday, March 05, 2007" TimeOfDay="9:15:07 PM">
  <Point X="88" Y="199" T="11599582" />
  <Point X="90" Y="201" T="11599638" />
  <Point X="92" Y="203" T="11599655" />
  <Point X="94" Y="205" T="11599663" />
  <Point X="96" Y="208" T="11599671" />
  <Point X="98" Y="210" T="11599679" />
  <Point X="100" Y="212" T="11599687" />
  <Point X="102" Y="214" T="11599695" />
  <Point X="104" Y="217" T="11599707" />
  <Point X="106" Y="220" T="11599715" />
  <Point X="107" Y="222" T="11599723" />
  <Point X="108" Y="225" T="11599736" />
  <Point X="110" Y="227" T="11599756" />
  <Point X="112" Y="224" T="11599793" />
  <Point X="113" Y="222" T="11599806" />
  <Point X="114" Y="219" T="11599814" />
  <Point X="115" Y="216" T="11599823" />
  <Point X="116" Y="213" T="11599832" />
  <Point X="117" Y="211" T="11599841" />
  <Point X="118" Y="207" T="11599842" />
  <Point X="120" Y="203" T="11599853" />
  <Point X="124" Y="196" T="11599863" />
  <Point X="125" Y="193" T="11599873" />
  <Point X="132" Y="186" T="11599884" />
  <Point X="137" Y="181" T="11599896" />
  <Point X="142" Y="175" T="11599907" />
  <Point X="148" Y="169" T="11599918" />
  <Point X="149" Y="167" T="11599929" />
  <Point X="152" Y="164" T="11599930" />
  <Point X="155" Y="159" T="11599943" />
  <Point X="161" Y="153" T="11599955" />
  <Point X="165" Y="148" T="11599967" />
  <Point X="167" Y="146" T="11599979" />
  <Point X="171" Y="142" T="11599992" />
  <Point X="173" Y="141" T="11600005" />
  <Point X="174" Y="138" T="11600018" />
  <Point X="176" Y="136" T="11600031" />
  <Point X="177" Y="133" T="11600068" />
</Gesture>