﻿<?xml version="1.0" encoding="utf-8" standalone="yes"?>
<Gesture Name="check02" Subject="2" Speed="fast" Number="2" NumPts="41" Millseconds="516" AppName="Gestures" AppVer="3.5.0.0" Date="Monday, March 05, 2007" TimeOfDay="9:15:04 PM">
  <Point X="92" Y="185" T="11597217" />
  <Point X="93" Y="188" T="11597242" />
  <Point X="95" Y="189" T="11597257" />
  <Point X="97" Y="191" T="11597274" />
  <Point X="99" Y="195" T="11597281" />
  <Point X="102" Y="197" T="11597293" />
  <Point X="104" Y="200" T="11597301" />
  <Point X="106" Y="203" T="11597309" />
  <Point X="107" Y="205" T="11597316" />
  <Point X="109" Y="207" T="11597323" />
  <Point X="111" Y="210" T="11597330" />
  <Point X="113" Y="213" T="11597337" />
  <Point X="115" Y="216" T="11597346" />
  <Point X="116" Y="218" T="11597354" />
  <Point X="118" Y="221" T="11597366" />
  <Point X="119" Y="223" T="11597383" />
  <Point X="120" Y="225" T="11597396" />
  <Point X="121" Y="223" T="11597432" />
  <Point X="122" Y="221" T="11597441" />
  <Point X="123" Y="217" T="11597452" />
  <Point X="124" Y="214" T="11597461" />
  <Point X="125" Y="211" T="11597471" />
  <Point X="125" Y="209" T="11597472" />
  <Point X="126" Y="204" T="11597483" />
  <Point X="129" Y="197" T="11597495" />
  <Point X="132" Y="189" T="11597507" />
  <Point X="136" Y="182" T="11597519" />
  <Point X="140" Y="175" T="11597531" />
  <Point X="142" Y="173" T="11597532" />
  <Point X="145" Y="168" T="11597544" />
  <Point X="151" Y="160" T="11597557" />
  <Point X="154" Y="155" T="11597570" />
  <Point X="159" Y="148" T="11597583" />
  <Point X="161" Y="145" T="11597596" />
  <Point X="163" Y="141" T="11597597" />
  <Point X="166" Y="139" T="11597611" />
  <Point X="168" Y="135" T="11597624" />
  <Point X="170" Y="133" T="11597637" />
  <Point X="172" Y="131" T="11597652" />
  <Point X="173" Y="128" T="11597684" />
  <Point X="175" Y="126" T="11597733" />
</Gesture>