﻿<?xml version="1.0" encoding="utf-8" standalone="yes"?>
<Gesture Name="check10" Subject="2" Speed="fast" Number="10" NumPts="43" Millseconds="540" AppName="Gestures" AppVer="3.5.0.0" Date="Monday, March 05, 2007" TimeOfDay="9:15:13 PM">
  <Point X="86" Y="204" T="11606311" />
  <Point X="88" Y="205" T="11606351" />
  <Point X="89" Y="207" T="11606364" />
  <Point X="90" Y="210" T="11606380" />
  <Point X="92" Y="212" T="11606392" />
  <Point X="94" Y="215" T="11606405" />
  <Point X="96" Y="218" T="11606413" />
  <Point X="97" Y="220" T="11606421" />
  <Point X="98" Y="223" T="11606429" />
  <Point X="100" Y="226" T="11606437" />
  <Point X="101" Y="229" T="11606446" />
  <Point X="102" Y="231" T="11606453" />
  <Point X="104" Y="233" T="11606466" />
  <Point X="105" Y="236" T="11606474" />
  <Point X="107" Y="238" T="11606498" />
  <Point X="108" Y="235" T="11606522" />
  <Point X="109" Y="232" T="11606531" />
  <Point X="110" Y="230" T="11606540" />
  <Point X="111" Y="226" T="11606550" />
  <Point X="112" Y="224" T="11606551" />
  <Point X="113" Y="221" T="11606560" />
  <Point X="115" Y="216" T="11606569" />
  <Point X="116" Y="214" T="11606571" />
  <Point X="118" Y="210" T="11606580" />
  <Point X="122" Y="201" T="11606591" />
  <Point X="126" Y="197" T="11606602" />
  <Point X="127" Y="194" T="11606603" />
  <Point X="131" Y="190" T="11606614" />
  <Point X="133" Y="188" T="11606615" />
  <Point X="139" Y="183" T="11606627" />
  <Point X="144" Y="175" T="11606639" />
  <Point X="149" Y="170" T="11606651" />
  <Point X="153" Y="166" T="11606664" />
  <Point X="158" Y="160" T="11606676" />
  <Point X="160" Y="157" T="11606688" />
  <Point X="162" Y="155" T="11606701" />
  <Point X="166" Y="151" T="11606713" />
  <Point X="168" Y="149" T="11606727" />
  <Point X="170" Y="148" T="11606741" />
  <Point X="171" Y="145" T="11606755" />
  <Point X="173" Y="144" T="11606769" />
  <Point X="175" Y="142" T="11606794" />
  <Point X="177" Y="139" T="11606851" />
</Gesture>