﻿<?xml version="1.0" encoding="utf-8" standalone="yes"?>
<Gesture Name="check07" Subject="2" Speed="fast" Number="7" NumPts="40" Millseconds="496" AppName="Gestures" AppVer="3.5.0.0" Date="Monday, March 05, 2007" TimeOfDay="9:15:10 PM">
  <Point X="82" Y="205" T="11602956" />
  <Point X="83" Y="208" T="11602980" />
  <Point X="84" Y="210" T="11602996" />
  <Point X="85" Y="212" T="11603004" />
  <Point X="87" Y="215" T="11603016" />
  <Point X="88" Y="217" T="11603024" />
  <Point X="90" Y="220" T="11603032" />
  <Point X="92" Y="222" T="11603040" />
  <Point X="93" Y="224" T="11603048" />
  <Point X="95" Y="228" T="11603056" />
  <Point X="97" Y="231" T="11603068" />
  <Point X="99" Y="233" T="11603081" />
  <Point X="100" Y="235" T="11603089" />
  <Point X="101" Y="237" T="11603102" />
  <Point X="103" Y="239" T="11603123" />
  <Point X="105" Y="239" T="11603167" />
  <Point X="106" Y="237" T="11603175" />
  <Point X="106" Y="235" T="11603184" />
  <Point X="107" Y="232" T="11603193" />
  <Point X="108" Y="228" T="11603204" />
  <Point X="109" Y="224" T="11603213" />
  <Point X="112" Y="216" T="11603224" />
  <Point X="113" Y="213" T="11603234" />
  <Point X="117" Y="205" T="11603245" />
  <Point X="121" Y="201" T="11603256" />
  <Point X="125" Y="194" T="11603268" />
  <Point X="128" Y="191" T="11603278" />
  <Point X="131" Y="187" T="11603290" />
  <Point X="137" Y="180" T="11603302" />
  <Point X="140" Y="176" T="11603313" />
  <Point X="145" Y="170" T="11603326" />
  <Point X="148" Y="167" T="11603338" />
  <Point X="151" Y="164" T="11603339" />
  <Point X="153" Y="162" T="11603352" />
  <Point X="158" Y="158" T="11603365" />
  <Point X="161" Y="156" T="11603379" />
  <Point X="163" Y="153" T="11603392" />
  <Point X="165" Y="152" T="11603405" />
  <Point X="166" Y="150" T="11603424" />
  <Point X="167" Y="148" T="11603452" />
</Gesture>