﻿<?xml version="1.0" encoding="utf-8" standalone="yes"?>
<Gesture Name="check01" Subject="2" Speed="fast" Number="1" NumPts="35" Millseconds="410" AppName="Gestures" AppVer="3.5.0.0" Date="Monday, March 05, 2007" TimeOfDay="9:15:03 PM">
  <Point X="90" Y="187" T="11596101" />
  <Point X="92" Y="187" T="11596158" />
  <Point X="94" Y="189" T="11596174" />
  <Point X="96" Y="191" T="11596183" />
  <Point X="98" Y="193" T="11596191" />
  <Point X="100" Y="195" T="11596199" />
  <Point X="103" Y="199" T="11596207" />
  <Point X="105" Y="201" T="11596215" />
  <Point X="108" Y="204" T="11596223" />
  <Point X="110" Y="208" T="11596231" />
  <Point X="113" Y="210" T="11596239" />
  <Point X="114" Y="213" T="11596247" />
  <Point X="117" Y="214" T="11596260" />
  <Point X="119" Y="215" T="11596277" />
  <Point X="122" Y="214" T="11596294" />
  <Point X="123" Y="211" T="11596302" />
  <Point X="125" Y="209" T="11596311" />
  <Point X="127" Y="206" T="11596320" />
  <Point X="129" Y="203" T="11596329" />
  <Point X="132" Y="197" T="11596338" />
  <Point X="134" Y="192" T="11596348" />
  <Point X="137" Y="184" T="11596359" />
  <Point X="139" Y="179" T="11596369" />
  <Point X="140" Y="175" T="11596370" />
  <Point X="143" Y="170" T="11596381" />
  <Point X="147" Y="161" T="11596392" />
  <Point X="152" Y="154" T="11596404" />
  <Point X="157" Y="147" T="11596415" />
  <Point X="161" Y="142" T="11596427" />
  <Point X="166" Y="137" T="11596439" />
  <Point X="169" Y="131" T="11596451" />
  <Point X="171" Y="128" T="11596464" />
  <Point X="175" Y="124" T="11596478" />
  <Point X="177" Y="122" T="11596490" />
  <Point X="178" Y="120" T="11596511" />
</Gesture>