﻿<?xml version="1.0" encoding="utf-8" standalone="yes"?>
<Gesture Name="check03" Subject="2" Speed="fast" Number="3" NumPts="39" Millseconds="456" AppName="Gestures" AppVer="3.5.0.0" Date="Monday, March 05, 2007" TimeOfDay="9:15:05 PM">
  <Point X="90" Y="192" T="11598418" />
  <Point X="92" Y="193" T="11598446" />
  <Point X="94" Y="196" T="11598461" />
  <Point X="96" Y="198" T="11598474" />
  <Point X="98" Y="200" T="11598482" />
  <Point X="100" Y="202" T="11598490" />
  <Point X="102" Y="204" T="11598498" />
  <Point X="104" Y="207" T="11598506" />
  <Point X="106" Y="211" T="11598514" />
  <Point X="108" Y="214" T="11598522" />
  <Point X="110" Y="217" T="11598534" />
  <Point X="111" Y="219" T="11598541" />
  <Point X="112" Y="221" T="11598549" />
  <Point X="113" Y="223" T="11598557" />
  <Point X="115" Y="225" T="11598567" />
  <Point X="117" Y="225" T="11598596" />
  <Point X="118" Y="222" T="11598605" />
  <Point X="119" Y="220" T="11598617" />
  <Point X="119" Y="216" T="11598626" />
  <Point X="120" Y="213" T="11598636" />
  <Point X="122" Y="206" T="11598646" />
  <Point X="124" Y="202" T="11598656" />
  <Point X="127" Y="194" T="11598667" />
  <Point X="130" Y="187" T="11598678" />
  <Point X="132" Y="185" T="11598689" />
  <Point X="134" Y="182" T="11598690" />
  <Point X="139" Y="174" T="11598701" />
  <Point X="143" Y="169" T="11598713" />
  <Point X="144" Y="167" T="11598714" />
  <Point X="149" Y="162" T="11598726" />
  <Point X="152" Y="158" T="11598738" />
  <Point X="158" Y="151" T="11598750" />
  <Point X="160" Y="148" T="11598763" />
  <Point X="165" Y="144" T="11598776" />
  <Point X="166" Y="141" T="11598789" />
  <Point X="168" Y="138" T="11598802" />
  <Point X="170" Y="136" T="11598815" />
  <Point X="172" Y="134" T="11598842" />
  <Point X="172" Y="132" T="11598874" />
</Gesture>