﻿<?xml version="1.0" encoding="utf-8" standalone="yes"?>
<Gesture Name="circle02" Subject="2" Speed="fast" Number="2" NumPts="40" Millseconds="356" AppName="Gestures" AppVer="3.5.0.0" Date="Monday, March 05, 2007" TimeOfDay="8:51:33 PM">
  <Point X="134" Y="160" T="10183669" />
  <Point X="131" Y="159" T="10183679" />
  <Point X="127" Y="157" T="10183686" />
  <Point X="125" Y="157" T="10183691" />
  <Point X="123" Y="157" T="10183697" />
  <Point X="119" Y="157" T="10183703" />
  <Point X="117" Y="157" T="10183709" />
  <Point X="114" Y="159" T="10183716" />
  <Point X="110" Y="163" T="10183723" />
  <Point X="108" Y="165" T="10183729" />
  <Point X="107" Y="167" T="10183730" />
  <Point X="104" Y="173" T="10183738" />
  <Point X="103" Y="178" T="10183747" />
  <Point X="102" Y="185" T="10183755" />
  <Point X="103" Y="193" T="10183764" />
  <Point X="106" Y="203" T="10183773" />
  <Point X="114" Y="218" T="10183782" />
  <Point X="120" Y="228" T="10183792" />
  <Point X="127" Y="237" T="10183802" />
  <Point X="130" Y="240" T="10183803" />
  <Point X="137" Y="246" T="10183813" />
  <Point X="148" Y="248" T="10183822" />
  <Point X="154" Y="248" T="10183832" />
  <Point X="164" Y="245" T="10183844" />
  <Point X="172" Y="238" T="10183855" />
  <Point X="177" Y="230" T="10183865" />
  <Point X="179" Y="226" T="10183867" />
  <Point X="182" Y="216" T="10183878" />
  <Point X="184" Y="212" T="10183879" />
  <Point X="187" Y="196" T="10183890" />
  <Point X="185" Y="180" T="10183903" />
  <Point X="178" Y="167" T="10183914" />
  <Point X="166" Y="152" T="10183926" />
  <Point X="151" Y="140" T="10183939" />
  <Point X="136" Y="136" T="10183952" />
  <Point X="119" Y="143" T="10183966" />
  <Point X="108" Y="156" T="10183979" />
  <Point X="97" Y="174" T="10183995" />
  <Point X="92" Y="187" T="10184009" />
  <Point X="91" Y="196" T="10184025" />
</Gesture>