﻿<?xml version="1.0" encoding="utf-8" standalone="yes"?>
<Gesture Name="circle07" Subject="2" Speed="fast" Number="7" NumPts="43" Millseconds="411" AppName="Gestures" AppVer="3.5.0.0" Date="Monday, March 05, 2007" TimeOfDay="8:51:38 PM">
  <Point X="162" Y="151" T="10188184" />
  <Point X="160" Y="149" T="10188196" />
  <Point X="158" Y="147" T="10188208" />
  <Point X="156" Y="146" T="10188216" />
  <Point X="154" Y="144" T="10188224" />
  <Point X="151" Y="144" T="10188232" />
  <Point X="147" Y="144" T="10188240" />
  <Point X="145" Y="144" T="10188246" />
  <Point X="140" Y="145" T="10188253" />
  <Point X="135" Y="147" T="10188260" />
  <Point X="132" Y="147" T="10188267" />
  <Point X="130" Y="149" T="10188268" />
  <Point X="125" Y="153" T="10188277" />
  <Point X="122" Y="157" T="10188285" />
  <Point X="119" Y="162" T="10188294" />
  <Point X="118" Y="168" T="10188303" />
  <Point X="118" Y="179" T="10188313" />
  <Point X="119" Y="187" T="10188322" />
  <Point X="124" Y="200" T="10188332" />
  <Point X="129" Y="209" T="10188343" />
  <Point X="138" Y="221" T="10188353" />
  <Point X="149" Y="234" T="10188364" />
  <Point X="157" Y="240" T="10188375" />
  <Point X="168" Y="245" T="10188387" />
  <Point X="179" Y="248" T="10188399" />
  <Point X="188" Y="247" T="10188411" />
  <Point X="196" Y="243" T="10188423" />
  <Point X="198" Y="240" T="10188424" />
  <Point X="204" Y="233" T="10188436" />
  <Point X="207" Y="224" T="10188448" />
  <Point X="209" Y="221" T="10188449" />
  <Point X="211" Y="206" T="10188461" />
  <Point X="211" Y="191" T="10188475" />
  <Point X="203" Y="171" T="10188489" />
  <Point X="191" Y="156" T="10188503" />
  <Point X="186" Y="152" T="10188505" />
  <Point X="170" Y="142" T="10188518" />
  <Point X="148" Y="139" T="10188532" />
  <Point X="135" Y="144" T="10188546" />
  <Point X="122" Y="156" T="10188563" />
  <Point X="113" Y="167" T="10188579" />
  <Point X="112" Y="170" T="10188580" />
  <Point X="111" Y="173" T="10188595" />
</Gesture>