﻿<?xml version="1.0" encoding="utf-8" standalone="yes"?>
<Gesture Name="circle01" Subject="2" Speed="fast" Number="1" NumPts="44" Millseconds="432" AppName="Gestures" AppVer="3.5.0.0" Date="Monday, March 05, 2007" TimeOfDay="8:51:32 PM">
  <Point X="134" Y="163" T="10182780" />
  <Point X="133" Y="160" T="10182796" />
  <Point X="132" Y="158" T="10182808" />
  <Point X="129" Y="154" T="10182820" />
  <Point X="126" Y="152" T="10182827" />
  <Point X="123" Y="151" T="10182836" />
  <Point X="121" Y="151" T="10182842" />
  <Point X="117" Y="149" T="10182848" />
  <Point X="115" Y="148" T="10182855" />
  <Point X="111" Y="147" T="10182862" />
  <Point X="106" Y="147" T="10182870" />
  <Point X="101" Y="147" T="10182878" />
  <Point X="96" Y="148" T="10182886" />
  <Point X="92" Y="151" T="10182895" />
  <Point X="88" Y="154" T="10182903" />
  <Point X="86" Y="156" T="10182904" />
  <Point X="82" Y="161" T="10182913" />
  <Point X="80" Y="167" T="10182923" />
  <Point X="78" Y="177" T="10182933" />
  <Point X="79" Y="185" T="10182943" />
  <Point X="81" Y="190" T="10182944" />
  <Point X="85" Y="201" T="10182955" />
  <Point X="94" Y="217" T="10182965" />
  <Point X="103" Y="227" T="10182975" />
  <Point X="117" Y="239" T="10182987" />
  <Point X="131" Y="246" T="10182999" />
  <Point X="144" Y="249" T="10183011" />
  <Point X="157" Y="246" T="10183023" />
  <Point X="161" Y="244" T="10183024" />
  <Point X="172" Y="237" T="10183036" />
  <Point X="182" Y="226" T="10183049" />
  <Point X="190" Y="214" T="10183063" />
  <Point X="193" Y="192" T="10183077" />
  <Point X="190" Y="178" T="10183091" />
  <Point X="175" Y="158" T="10183106" />
  <Point X="154" Y="136" T="10183120" />
  <Point X="138" Y="125" T="10183135" />
  <Point X="133" Y="123" T="10183136" />
  <Point X="120" Y="128" T="10183150" />
  <Point X="107" Y="145" T="10183164" />
  <Point X="100" Y="160" T="10183179" />
  <Point X="96" Y="180" T="10183195" />
  <Point X="97" Y="184" T="10183196" />
  <Point X="99" Y="194" T="10183212" />
</Gesture>