﻿<?xml version="1.0" encoding="utf-8" standalone="yes"?>
<Gesture Name="circle09" Subject="2" Speed="fast" Number="9" NumPts="44" Millseconds="424" AppName="Gestures" AppVer="3.5.0.0" Date="Monday, March 05, 2007" TimeOfDay="8:51:40 PM">
  <Point X="142" Y="169" T="10190306" />
  <Point X="142" Y="167" T="10190322" />
  <Point X="141" Y="165" T="10190338" />
  <Point X="139" Y="163" T="10190350" />
  <Point X="137" Y="162" T="10190359" />
  <Point X="135" Y="162" T="10190367" />
  <Point X="132" Y="161" T="10190375" />
  <Point X="129" Y="163" T="10190383" />
  <Point X="127" Y="164" T="10190390" />
  <Point X="123" Y="164" T="10190398" />
  <Point X="118" Y="166" T="10190405" />
  <Point X="114" Y="169" T="10190412" />
  <Point X="110" Y="173" T="10190420" />
  <Point X="106" Y="178" T="10190428" />
  <Point X="103" Y="183" T="10190436" />
  <Point X="100" Y="188" T="10190444" />
  <Point X="99" Y="194" T="10190453" />
  <Point X="98" Y="200" T="10190462" />
  <Point X="101" Y="210" T="10190471" />
  <Point X="105" Y="217" T="10190481" />
  <Point X="110" Y="224" T="10190490" />
  <Point X="113" Y="228" T="10190491" />
  <Point X="119" Y="235" T="10190502" />
  <Point X="129" Y="245" T="10190512" />
  <Point X="135" Y="248" T="10190522" />
  <Point X="145" Y="250" T="10190532" />
  <Point X="151" Y="250" T="10190542" />
  <Point X="154" Y="249" T="10190543" />
  <Point X="160" Y="246" T="10190554" />
  <Point X="163" Y="244" T="10190556" />
  <Point X="170" Y="237" T="10190567" />
  <Point X="175" Y="227" T="10190579" />
  <Point X="178" Y="215" T="10190592" />
  <Point X="177" Y="204" T="10190604" />
  <Point X="171" Y="196" T="10190617" />
  <Point X="162" Y="184" T="10190629" />
  <Point X="151" Y="173" T="10190642" />
  <Point X="146" Y="170" T="10190643" />
  <Point X="135" Y="163" T="10190657" />
  <Point X="123" Y="159" T="10190671" />
  <Point X="117" Y="161" T="10190686" />
  <Point X="110" Y="170" T="10190700" />
  <Point X="106" Y="179" T="10190715" />
  <Point X="105" Y="183" T="10190730" />
</Gesture>