﻿<?xml version="1.0" encoding="utf-8" standalone="yes"?>
<Gesture Name="circle04" Subject="2" Speed="fast" Number="4" NumPts="46" Millseconds="367" AppName="Gestures" AppVer="3.5.0.0" Date="Monday, March 05, 2007" TimeOfDay="8:51:35 PM">
  <Point X="133" Y="169" T="10185625" />
  <Point X="130" Y="170" T="10185634" />
  <Point X="128" Y="169" T="10185639" />
  <Point X="126" Y="168" T="10185645" />
  <Point X="123" Y="168" T="10185646" />
  <Point X="121" Y="168" T="10185653" />
  <Point X="117" Y="170" T="10185659" />
  <Point X="114" Y="171" T="10185665" />
  <Point X="112" Y="172" T="10185667" />
  <Point X="110" Y="174" T="10185674" />
  <Point X="108" Y="176" T="10185675" />
  <Point X="106" Y="178" T="10185682" />
  <Point X="103" Y="182" T="10185689" />
  <Point X="101" Y="184" T="10185690" />
  <Point X="99" Y="189" T="10185698" />
  <Point X="98" Y="196" T="10185707" />
  <Point X="98" Y="202" T="10185715" />
  <Point X="100" Y="209" T="10185724" />
  <Point X="103" Y="218" T="10185732" />
  <Point X="109" Y="227" T="10185741" />
  <Point X="112" Y="231" T="10185742" />
  <Point X="119" Y="240" T="10185752" />
  <Point X="129" Y="250" T="10185762" />
  <Point X="137" Y="253" T="10185772" />
  <Point X="148" Y="258" T="10185782" />
  <Point X="154" Y="258" T="10185792" />
  <Point X="164" Y="255" T="10185803" />
  <Point X="170" Y="251" T="10185814" />
  <Point X="172" Y="250" T="10185815" />
  <Point X="179" Y="242" T="10185827" />
  <Point X="184" Y="232" T="10185838" />
  <Point X="187" Y="221" T="10185851" />
  <Point X="188" Y="209" T="10185863" />
  <Point X="184" Y="197" T="10185875" />
  <Point X="175" Y="187" T="10185888" />
  <Point X="162" Y="176" T="10185901" />
  <Point X="157" Y="172" T="10185902" />
  <Point X="142" Y="163" T="10185916" />
  <Point X="129" Y="157" T="10185929" />
  <Point X="125" Y="156" T="10185930" />
  <Point X="115" Y="159" T="10185946" />
  <Point X="112" Y="160" T="10185947" />
  <Point X="106" Y="166" T="10185961" />
  <Point X="104" Y="169" T="10185962" />
  <Point X="100" Y="176" T="10185977" />
  <Point X="99" Y="180" T="10185992" />
</Gesture>