﻿<?xml version="1.0" encoding="utf-8" standalone="yes"?>
<Gesture Name="circle06" Subject="2" Speed="fast" Number="6" NumPts="40" Millseconds="381" AppName="Gestures" AppVer="3.5.0.0" Date="Monday, March 05, 2007" TimeOfDay="8:51:37 PM">
  <Point X="143" Y="159" T="10187279" />
  <Point X="142" Y="157" T="10187287" />
  <Point X="139" Y="156" T="10187299" />
  <Point X="137" Y="157" T="10187307" />
  <Point X="135" Y="158" T="10187315" />
  <Point X="133" Y="160" T="10187322" />
  <Point X="131" Y="162" T="10187330" />
  <Point X="130" Y="164" T="10187336" />
  <Point X="128" Y="169" T="10187343" />
  <Point X="127" Y="174" T="10187350" />
  <Point X="126" Y="177" T="10187357" />
  <Point X="126" Y="180" T="10187358" />
  <Point X="125" Y="186" T="10187366" />
  <Point X="126" Y="193" T="10187374" />
  <Point X="127" Y="201" T="10187382" />
  <Point X="129" Y="208" T="10187390" />
  <Point X="132" Y="216" T="10187399" />
  <Point X="136" Y="224" T="10187407" />
  <Point X="140" Y="232" T="10187416" />
  <Point X="145" Y="238" T="10187426" />
  <Point X="148" Y="240" T="10187427" />
  <Point X="154" Y="244" T="10187437" />
  <Point X="163" Y="246" T="10187448" />
  <Point X="171" Y="246" T="10187459" />
  <Point X="179" Y="244" T="10187471" />
  <Point X="187" Y="237" T="10187483" />
  <Point X="195" Y="227" T="10187495" />
  <Point X="201" Y="217" T="10187507" />
  <Point X="205" Y="204" T="10187520" />
  <Point X="208" Y="190" T="10187533" />
  <Point X="204" Y="170" T="10187547" />
  <Point X="196" Y="157" T="10187560" />
  <Point X="176" Y="142" T="10187575" />
  <Point X="159" Y="137" T="10187588" />
  <Point X="139" Y="139" T="10187603" />
  <Point X="127" Y="146" T="10187617" />
  <Point X="124" Y="150" T="10187619" />
  <Point X="116" Y="160" T="10187632" />
  <Point X="108" Y="172" T="10187646" />
  <Point X="106" Y="178" T="10187660" />
</Gesture>