﻿<?xml version="1.0" encoding="utf-8" standalone="yes"?>
<Gesture Name="circle08" Subject="2" Speed="fast" Number="8" NumPts="45" Millseconds="373" AppName="Gestures" AppVer="3.5.0.0" Date="Monday, March 05, 2007" TimeOfDay="8:51:39 PM">
  <Point X="165" Y="149" T="10189241" />
  <Point X="162" Y="148" T="10189249" />
  <Point X="159" Y="147" T="10189257" />
  <Point X="156" Y="147" T="10189266" />
  <Point X="154" Y="147" T="10189272" />
  <Point X="149" Y="147" T="10189278" />
  <Point X="146" Y="147" T="10189285" />
  <Point X="141" Y="148" T="10189292" />
  <Point X="136" Y="151" T="10189299" />
  <Point X="134" Y="153" T="10189306" />
  <Point X="130" Y="157" T="10189313" />
  <Point X="127" Y="162" T="10189321" />
  <Point X="125" Y="167" T="10189328" />
  <Point X="124" Y="173" T="10189336" />
  <Point X="124" Y="179" T="10189344" />
  <Point X="125" Y="187" T="10189353" />
  <Point X="128" Y="195" T="10189361" />
  <Point X="130" Y="199" T="10189362" />
  <Point X="134" Y="209" T="10189372" />
  <Point X="140" Y="217" T="10189381" />
  <Point X="146" Y="225" T="10189390" />
  <Point X="150" Y="229" T="10189391" />
  <Point X="156" Y="235" T="10189400" />
  <Point X="167" Y="242" T="10189410" />
  <Point X="173" Y="244" T="10189420" />
  <Point X="182" Y="246" T="10189431" />
  <Point X="187" Y="244" T="10189441" />
  <Point X="189" Y="242" T="10189442" />
  <Point X="194" Y="239" T="10189453" />
  <Point X="200" Y="230" T="10189465" />
  <Point X="205" Y="220" T="10189477" />
  <Point X="209" Y="206" T="10189488" />
  <Point X="210" Y="191" T="10189500" />
  <Point X="209" Y="177" T="10189512" />
  <Point X="203" Y="164" T="10189525" />
  <Point X="192" Y="153" T="10189538" />
  <Point X="188" Y="150" T="10189539" />
  <Point X="170" Y="144" T="10189554" />
  <Point X="157" Y="147" T="10189568" />
  <Point X="147" Y="153" T="10189582" />
  <Point X="144" Y="155" T="10189583" />
  <Point X="138" Y="162" T="10189597" />
  <Point X="136" Y="164" T="10189599" />
  <Point X="132" Y="169" T="10189613" />
  <Point X="131" Y="171" T="10189614" />
</Gesture>