﻿<?xml version="1.0" encoding="utf-8" standalone="yes"?>
<Gesture Name="circle05" Subject="2" Speed="fast" Number="5" NumPts="44" Millseconds="389" AppName="Gestures" AppVer="3.5.0.0" Date="Monday, March 05, 2007" TimeOfDay="8:51:36 PM">
  <Point X="133" Y="164" T="10186401" />
  <Point X="130" Y="164" T="10186409" />
  <Point X="126" Y="164" T="10186418" />
  <Point X="123" Y="165" T="10186425" />
  <Point X="119" Y="167" T="10186433" />
  <Point X="116" Y="170" T="10186441" />
  <Point X="112" Y="173" T="10186449" />
  <Point X="109" Y="177" T="10186457" />
  <Point X="107" Y="180" T="10186464" />
  <Point X="105" Y="185" T="10186471" />
  <Point X="104" Y="190" T="10186478" />
  <Point X="104" Y="197" T="10186486" />
  <Point X="105" Y="205" T="10186494" />
  <Point X="109" Y="214" T="10186502" />
  <Point X="114" Y="224" T="10186510" />
  <Point X="120" Y="234" T="10186518" />
  <Point X="126" Y="243" T="10186527" />
  <Point X="133" Y="250" T="10186536" />
  <Point X="145" Y="259" T="10186545" />
  <Point X="153" Y="263" T="10186555" />
  <Point X="162" Y="265" T="10186564" />
  <Point X="174" Y="265" T="10186574" />
  <Point X="181" Y="263" T="10186584" />
  <Point X="191" Y="260" T="10186594" />
  <Point X="197" Y="256" T="10186604" />
  <Point X="200" Y="254" T="10186606" />
  <Point X="205" Y="249" T="10186617" />
  <Point X="207" Y="245" T="10186618" />
  <Point X="211" Y="236" T="10186629" />
  <Point X="212" Y="232" T="10186630" />
  <Point X="215" Y="217" T="10186642" />
  <Point X="213" Y="201" T="10186654" />
  <Point X="207" Y="186" T="10186666" />
  <Point X="195" Y="170" T="10186678" />
  <Point X="179" Y="158" T="10186691" />
  <Point X="160" Y="148" T="10186704" />
  <Point X="153" Y="145" T="10186705" />
  <Point X="135" Y="141" T="10186719" />
  <Point X="121" Y="146" T="10186732" />
  <Point X="117" Y="148" T="10186733" />
  <Point X="106" Y="159" T="10186748" />
  <Point X="98" Y="174" T="10186762" />
  <Point X="96" Y="185" T="10186776" />
  <Point X="100" Y="195" T="10186790" />
</Gesture>