﻿<?xml version="1.0" encoding="utf-8" standalone="yes"?>
<Gesture Name="circle03" Subject="2" Speed="fast" Number="3" NumPts="47" Millseconds="379" AppName="Gestures" AppVer="3.5.0.0" Date="Monday, March 05, 2007" TimeOfDay="8:51:34 PM">
  <Point X="133" Y="153" T="10184657" />
  <Point X="131" Y="152" T="10184666" />
  <Point X="127" Y="151" T="10184674" />
  <Point X="124" Y="153" T="10184682" />
  <Point X="120" Y="153" T="10184690" />
  <Point X="118" Y="153" T="10184696" />
  <Point X="114" Y="156" T="10184703" />
  <Point X="110" Y="159" T="10184710" />
  <Point X="108" Y="161" T="10184717" />
  <Point X="107" Y="163" T="10184718" />
  <Point X="106" Y="165" T="10184725" />
  <Point X="104" Y="167" T="10184727" />
  <Point X="102" Y="173" T="10184734" />
  <Point X="101" Y="176" T="10184742" />
  <Point X="100" Y="178" T="10184743" />
  <Point X="100" Y="186" T="10184751" />
  <Point X="101" Y="195" T="10184759" />
  <Point X="103" Y="206" T="10184768" />
  <Point X="107" Y="217" T="10184777" />
  <Point X="113" Y="226" T="10184786" />
  <Point X="115" Y="231" T="10184787" />
  <Point X="121" Y="238" T="10184797" />
  <Point X="125" Y="242" T="10184798" />
  <Point X="132" Y="247" T="10184809" />
  <Point X="143" Y="250" T="10184819" />
  <Point X="150" Y="251" T="10184829" />
  <Point X="154" Y="251" T="10184830" />
  <Point X="161" Y="250" T="10184842" />
  <Point X="164" Y="249" T="10184843" />
  <Point X="174" Y="242" T="10184854" />
  <Point X="184" Y="231" T="10184866" />
  <Point X="191" Y="218" T="10184879" />
  <Point X="196" Y="204" T="10184891" />
  <Point X="198" Y="190" T="10184903" />
  <Point X="193" Y="179" T="10184916" />
  <Point X="182" Y="170" T="10184929" />
  <Point X="177" Y="168" T="10184930" />
  <Point X="160" Y="158" T="10184944" />
  <Point X="141" Y="151" T="10184957" />
  <Point X="134" Y="150" T="10184958" />
  <Point X="118" Y="150" T="10184973" />
  <Point X="105" Y="159" T="10184987" />
  <Point X="99" Y="167" T="10185001" />
  <Point X="97" Y="170" T="10185002" />
  <Point X="95" Y="177" T="10185017" />
  <Point X="95" Y="179" T="10185019" />
  <Point X="97" Y="184" T="10185036" />
</Gesture>