﻿<?xml version="1.0" encoding="utf-8" standalone="yes"?>
<Gesture Name="circle10" Subject="2" Speed="fast" Number="10" NumPts="47" Millseconds="400" AppName="Gestures" AppVer="3.5.0.0" Date="Monday, March 05, 2007" TimeOfDay="8:51:41 PM">
  <Point X="153" Y="161" T="10191513" />
  <Point X="149" Y="161" T="10191522" />
  <Point X="145" Y="165" T="10191530" />
  <Point X="143" Y="166" T="10191535" />
  <Point X="141" Y="167" T="10191541" />
  <Point X="136" Y="169" T="10191547" />
  <Point X="133" Y="170" T="10191553" />
  <Point X="128" Y="174" T="10191559" />
  <Point X="125" Y="176" T="10191566" />
  <Point X="122" Y="177" T="10191567" />
  <Point X="117" Y="182" T="10191574" />
  <Point X="115" Y="185" T="10191582" />
  <Point X="113" Y="187" T="10191583" />
  <Point X="110" Y="193" T="10191591" />
  <Point X="107" Y="198" T="10191599" />
  <Point X="106" Y="206" T="10191607" />
  <Point X="108" Y="213" T="10191615" />
  <Point X="111" Y="220" T="10191624" />
  <Point X="118" Y="231" T="10191634" />
  <Point X="123" Y="237" T="10191644" />
  <Point X="133" Y="243" T="10191654" />
  <Point X="140" Y="245" T="10191664" />
  <Point X="150" Y="246" T="10191675" />
  <Point X="156" Y="244" T="10191685" />
  <Point X="159" Y="242" T="10191686" />
  <Point X="165" Y="241" T="10191697" />
  <Point X="168" Y="240" T="10191698" />
  <Point X="174" Y="234" T="10191710" />
  <Point X="176" Y="231" T="10191711" />
  <Point X="184" Y="221" T="10191723" />
  <Point X="190" Y="210" T="10191736" />
  <Point X="194" Y="201" T="10191750" />
  <Point X="195" Y="198" T="10191751" />
  <Point X="195" Y="189" T="10191763" />
  <Point X="192" Y="180" T="10191776" />
  <Point X="182" Y="169" T="10191791" />
  <Point X="170" Y="157" T="10191804" />
  <Point X="151" Y="144" T="10191820" />
  <Point X="134" Y="138" T="10191835" />
  <Point X="123" Y="138" T="10191849" />
  <Point X="120" Y="140" T="10191850" />
  <Point X="112" Y="146" T="10191865" />
  <Point X="110" Y="149" T="10191866" />
  <Point X="104" Y="157" T="10191881" />
  <Point X="103" Y="159" T="10191882" />
  <Point X="101" Y="166" T="10191898" />
  <Point X="101" Y="171" T="10191913" />
</Gesture>