﻿<?xml version="1.0" encoding="utf-8" standalone="yes"?>
<Gesture Name="delete_mark05" Subject="2" Speed="fast" Number="5" NumPts="58" Millseconds="701" AppName="Gestures" AppVer="3.5.0.0" Date="Monday, March 05, 2007" TimeOfDay="8:54:10 PM">
  <Point X="111" Y="157" T="10340593" />
  <Point X="113" Y="158" T="10340613" />
  <Point X="115" Y="159" T="10340626" />
  <Point X="117" Y="160" T="10340633" />
  <Point X="120" Y="162" T="10340641" />
  <Point X="123" Y="164" T="10340649" />
  <Point X="126" Y="167" T="10340657" />
  <Point X="128" Y="169" T="10340664" />
  <Point X="132" Y="174" T="10340671" />
  <Point X="136" Y="180" T="10340678" />
  <Point X="140" Y="188" T="10340685" />
  <Point X="144" Y="195" T="10340693" />
  <Point X="146" Y="199" T="10340701" />
  <Point X="148" Y="203" T="10340702" />
  <Point X="152" Y="210" T="10340710" />
  <Point X="156" Y="216" T="10340718" />
  <Point X="160" Y="221" T="10340727" />
  <Point X="163" Y="227" T="10340735" />
  <Point X="166" Y="232" T="10340744" />
  <Point X="170" Y="239" T="10340753" />
  <Point X="172" Y="243" T="10340762" />
  <Point X="173" Y="245" T="10340772" />
  <Point X="176" Y="249" T="10340781" />
  <Point X="177" Y="252" T="10340791" />
  <Point X="178" Y="255" T="10340801" />
  <Point X="179" Y="257" T="10340821" />
  <Point X="176" Y="257" T="10340849" />
  <Point X="173" Y="257" T="10340861" />
  <Point X="170" Y="257" T="10340872" />
  <Point X="164" Y="255" T="10340883" />
  <Point X="157" Y="254" T="10340895" />
  <Point X="148" Y="253" T="10340907" />
  <Point X="137" Y="250" T="10340919" />
  <Point X="126" Y="251" T="10340932" />
  <Point X="116" Y="251" T="10340944" />
  <Point X="108" Y="253" T="10340957" />
  <Point X="105" Y="253" T="10340958" />
  <Point X="101" Y="254" T="10340971" />
  <Point X="95" Y="257" T="10340984" />
  <Point X="93" Y="258" T="10340997" />
  <Point X="91" Y="258" T="10341013" />
  <Point X="93" Y="256" T="10341062" />
  <Point X="94" Y="253" T="10341076" />
  <Point X="96" Y="250" T="10341090" />
  <Point X="101" Y="245" T="10341104" />
  <Point X="107" Y="237" T="10341119" />
  <Point X="117" Y="225" T="10341135" />
  <Point X="126" Y="215" T="10341150" />
  <Point X="129" Y="211" T="10341151" />
  <Point X="144" Y="195" T="10341169" />
  <Point X="157" Y="180" T="10341185" />
  <Point X="160" Y="177" T="10341186" />
  <Point X="170" Y="167" T="10341203" />
  <Point X="176" Y="162" T="10341220" />
  <Point X="180" Y="158" T="10341236" />
  <Point X="182" Y="155" T="10341253" />
  <Point X="184" Y="153" T="10341269" />
  <Point X="183" Y="155" T="10341294" />
</Gesture>