﻿<?xml version="1.0" encoding="utf-8" standalone="yes"?>
<Gesture Name="delete_mark08" Subject="2" Speed="fast" Number="8" NumPts="62" Millseconds="684" AppName="Gestures" AppVer="3.5.0.0" Date="Monday, March 05, 2007" TimeOfDay="8:54:14 PM">
  <Point X="100" Y="149" T="10344156" />
  <Point X="102" Y="150" T="10344163" />
  <Point X="105" Y="152" T="10344172" />
  <Point X="108" Y="155" T="10344181" />
  <Point X="111" Y="157" T="10344189" />
  <Point X="113" Y="159" T="10344195" />
  <Point X="117" Y="163" T="10344202" />
  <Point X="120" Y="165" T="10344208" />
  <Point X="122" Y="167" T="10344209" />
  <Point X="124" Y="169" T="10344216" />
  <Point X="126" Y="171" T="10344218" />
  <Point X="131" Y="176" T="10344225" />
  <Point X="133" Y="179" T="10344233" />
  <Point X="135" Y="181" T="10344234" />
  <Point X="140" Y="188" T="10344242" />
  <Point X="144" Y="194" T="10344250" />
  <Point X="149" Y="201" T="10344259" />
  <Point X="153" Y="206" T="10344268" />
  <Point X="158" Y="212" T="10344277" />
  <Point X="160" Y="215" T="10344278" />
  <Point X="163" Y="220" T="10344287" />
  <Point X="167" Y="225" T="10344297" />
  <Point X="169" Y="228" T="10344306" />
  <Point X="172" Y="232" T="10344316" />
  <Point X="175" Y="237" T="10344326" />
  <Point X="176" Y="240" T="10344336" />
  <Point X="178" Y="242" T="10344347" />
  <Point X="179" Y="244" T="10344357" />
  <Point X="180" Y="246" T="10344368" />
  <Point X="180" Y="248" T="10344379" />
  <Point X="180" Y="251" T="10344391" />
  <Point X="178" Y="252" T="10344417" />
  <Point X="176" Y="252" T="10344428" />
  <Point X="171" Y="252" T="10344441" />
  <Point X="169" Y="251" T="10344442" />
  <Point X="161" Y="250" T="10344455" />
  <Point X="152" Y="248" T="10344468" />
  <Point X="137" Y="247" T="10344481" />
  <Point X="127" Y="245" T="10344495" />
  <Point X="118" Y="245" T="10344508" />
  <Point X="116" Y="245" T="10344509" />
  <Point X="110" Y="246" T="10344524" />
  <Point X="104" Y="247" T="10344538" />
  <Point X="102" Y="247" T="10344552" />
  <Point X="100" Y="246" T="10344573" />
  <Point X="101" Y="244" T="10344589" />
  <Point X="102" Y="242" T="10344604" />
  <Point X="106" Y="237" T="10344618" />
  <Point X="111" Y="232" T="10344634" />
  <Point X="119" Y="224" T="10344650" />
  <Point X="129" Y="214" T="10344666" />
  <Point X="141" Y="201" T="10344682" />
  <Point X="155" Y="188" T="10344698" />
  <Point X="169" Y="177" T="10344715" />
  <Point X="179" Y="171" T="10344732" />
  <Point X="181" Y="170" T="10344733" />
  <Point X="186" Y="167" T="10344751" />
  <Point X="192" Y="163" T="10344768" />
  <Point X="194" Y="162" T="10344786" />
  <Point X="195" Y="160" T="10344805" />
  <Point X="196" Y="157" T="10344823" />
  <Point X="196" Y="155" T="10344840" />
</Gesture>