﻿<?xml version="1.0" encoding="utf-8" standalone="yes"?>
<Gesture Name="delete_mark02" Subject="2" Speed="fast" Number="2" NumPts="58" Millseconds="706" AppName="Gestures" AppVer="3.5.0.0" Date="Monday, March 05, 2007" TimeOfDay="8:54:07 PM">
  <Point X="108" Y="141" T="10337022" />
  <Point X="110" Y="142" T="10337066" />
  <Point X="112" Y="144" T="10337075" />
  <Point X="115" Y="147" T="10337087" />
  <Point X="118" Y="150" T="10337094" />
  <Point X="119" Y="153" T="10337100" />
  <Point X="122" Y="158" T="10337107" />
  <Point X="123" Y="160" T="10337114" />
  <Point X="125" Y="164" T="10337115" />
  <Point X="127" Y="168" T="10337122" />
  <Point X="128" Y="172" T="10337123" />
  <Point X="132" Y="179" T="10337130" />
  <Point X="133" Y="184" T="10337137" />
  <Point X="135" Y="188" T="10337139" />
  <Point X="139" Y="195" T="10337147" />
  <Point X="142" Y="202" T="10337156" />
  <Point X="146" Y="208" T="10337165" />
  <Point X="149" Y="212" T="10337173" />
  <Point X="151" Y="215" T="10337174" />
  <Point X="152" Y="217" T="10337184" />
  <Point X="155" Y="221" T="10337193" />
  <Point X="158" Y="224" T="10337202" />
  <Point X="160" Y="227" T="10337203" />
  <Point X="162" Y="230" T="10337213" />
  <Point X="164" Y="233" T="10337223" />
  <Point X="166" Y="235" T="10337233" />
  <Point X="167" Y="237" T="10337250" />
  <Point X="165" Y="239" T="10337274" />
  <Point X="162" Y="240" T="10337286" />
  <Point X="160" Y="241" T="10337297" />
  <Point X="156" Y="241" T="10337308" />
  <Point X="148" Y="241" T="10337320" />
  <Point X="139" Y="243" T="10337331" />
  <Point X="131" Y="243" T="10337343" />
  <Point X="122" Y="243" T="10337356" />
  <Point X="114" Y="246" T="10337368" />
  <Point X="107" Y="247" T="10337381" />
  <Point X="99" Y="250" T="10337394" />
  <Point X="96" Y="250" T="10337407" />
  <Point X="94" Y="251" T="10337420" />
  <Point X="91" Y="250" T="10337433" />
  <Point X="89" Y="250" T="10337447" />
  <Point X="88" Y="247" T="10337470" />
  <Point X="87" Y="245" T="10337507" />
  <Point X="88" Y="243" T="10337531" />
  <Point X="90" Y="240" T="10337545" />
  <Point X="96" Y="233" T="10337560" />
  <Point X="106" Y="221" T="10337575" />
  <Point X="116" Y="210" T="10337591" />
  <Point X="120" Y="205" T="10337592" />
  <Point X="135" Y="188" T="10337611" />
  <Point X="139" Y="184" T="10337612" />
  <Point X="152" Y="168" T="10337628" />
  <Point X="162" Y="158" T="10337646" />
  <Point X="168" Y="153" T="10337662" />
  <Point X="170" Y="151" T="10337663" />
  <Point X="172" Y="149" T="10337680" />
  <Point X="170" Y="149" T="10337728" />
</Gesture>