﻿<?xml version="1.0" encoding="utf-8" standalone="yes"?>
<Gesture Name="delete_mark07" Subject="2" Speed="fast" Number="7" NumPts="60" Millseconds="691" AppName="Gestures" AppVer="3.5.0.0" Date="Monday, March 05, 2007" TimeOfDay="8:54:13 PM">
  <Point X="106" Y="160" T="10342969" />
  <Point X="108" Y="160" T="10342985" />
  <Point X="110" Y="162" T="10342993" />
  <Point X="112" Y="163" T="10343001" />
  <Point X="114" Y="165" T="10343009" />
  <Point X="117" Y="168" T="10343017" />
  <Point X="119" Y="170" T="10343024" />
  <Point X="120" Y="172" T="10343030" />
  <Point X="124" Y="175" T="10343037" />
  <Point X="125" Y="178" T="10343038" />
  <Point X="129" Y="184" T="10343045" />
  <Point X="131" Y="187" T="10343052" />
  <Point X="133" Y="191" T="10343053" />
  <Point X="138" Y="197" T="10343061" />
  <Point X="142" Y="203" T="10343069" />
  <Point X="146" Y="210" T="10343077" />
  <Point X="150" Y="216" T="10343086" />
  <Point X="154" Y="219" T="10343094" />
  <Point X="158" Y="223" T="10343103" />
  <Point X="161" Y="228" T="10343112" />
  <Point X="166" Y="233" T="10343121" />
  <Point X="169" Y="236" T="10343130" />
  <Point X="171" Y="240" T="10343140" />
  <Point X="173" Y="241" T="10343150" />
  <Point X="174" Y="244" T="10343160" />
  <Point X="175" Y="246" T="10343170" />
  <Point X="177" Y="248" T="10343180" />
  <Point X="177" Y="250" T="10343201" />
  <Point X="175" Y="251" T="10343221" />
  <Point X="172" Y="252" T="10343233" />
  <Point X="169" Y="252" T="10343244" />
  <Point X="163" Y="253" T="10343256" />
  <Point X="156" Y="252" T="10343268" />
  <Point X="146" Y="252" T="10343280" />
  <Point X="143" Y="253" T="10343281" />
  <Point X="133" Y="254" T="10343294" />
  <Point X="123" Y="256" T="10343307" />
  <Point X="114" Y="255" T="10343320" />
  <Point X="111" Y="256" T="10343321" />
  <Point X="106" Y="258" T="10343334" />
  <Point X="100" Y="259" T="10343348" />
  <Point X="98" Y="261" T="10343362" />
  <Point X="95" Y="261" T="10343376" />
  <Point X="93" Y="259" T="10343391" />
  <Point X="93" Y="257" T="10343407" />
  <Point X="93" Y="255" T="10343441" />
  <Point X="94" Y="253" T="10343458" />
  <Point X="97" Y="250" T="10343474" />
  <Point X="103" Y="243" T="10343490" />
  <Point X="112" Y="233" T="10343506" />
  <Point X="122" Y="219" T="10343522" />
  <Point X="133" Y="201" T="10343539" />
  <Point X="145" Y="186" T="10343555" />
  <Point X="157" Y="175" T="10343572" />
  <Point X="159" Y="173" T="10343573" />
  <Point X="167" Y="166" T="10343590" />
  <Point X="171" Y="161" T="10343607" />
  <Point X="173" Y="159" T="10343624" />
  <Point X="174" Y="157" T="10343643" />
  <Point X="176" Y="154" T="10343660" />
</Gesture>