﻿<?xml version="1.0" encoding="utf-8" standalone="yes"?>
<Gesture Name="delete_mark09" Subject="2" Speed="fast" Number="9" NumPts="56" Millseconds="724" AppName="Gestures" AppVer="3.5.0.0" Date="Monday, March 05, 2007" TimeOfDay="8:54:15 PM">
  <Point X="112" Y="153" T="10345411" />
  <Point X="115" Y="157" T="10345419" />
  <Point X="119" Y="160" T="10345428" />
  <Point X="123" Y="162" T="10345436" />
  <Point X="125" Y="165" T="10345442" />
  <Point X="129" Y="169" T="10345448" />
  <Point X="131" Y="172" T="10345455" />
  <Point X="136" Y="177" T="10345461" />
  <Point X="140" Y="183" T="10345468" />
  <Point X="143" Y="187" T="10345475" />
  <Point X="145" Y="190" T="10345477" />
  <Point X="150" Y="198" T="10345484" />
  <Point X="153" Y="201" T="10345492" />
  <Point X="155" Y="205" T="10345493" />
  <Point X="160" Y="212" T="10345501" />
  <Point X="164" Y="217" T="10345509" />
  <Point X="168" Y="223" T="10345517" />
  <Point X="170" Y="229" T="10345526" />
  <Point X="173" Y="233" T="10345535" />
  <Point X="175" Y="236" T="10345545" />
  <Point X="177" Y="239" T="10345554" />
  <Point X="178" Y="242" T="10345563" />
  <Point X="181" Y="245" T="10345573" />
  <Point X="182" Y="248" T="10345592" />
  <Point X="180" Y="246" T="10345645" />
  <Point X="178" Y="246" T="10345655" />
  <Point X="175" Y="247" T="10345666" />
  <Point X="169" Y="246" T="10345676" />
  <Point X="167" Y="245" T="10345678" />
  <Point X="158" Y="245" T="10345689" />
  <Point X="151" Y="245" T="10345701" />
  <Point X="147" Y="244" T="10345702" />
  <Point X="136" Y="243" T="10345714" />
  <Point X="124" Y="243" T="10345727" />
  <Point X="114" Y="246" T="10345740" />
  <Point X="105" Y="246" T="10345752" />
  <Point X="103" Y="247" T="10345753" />
  <Point X="97" Y="249" T="10345766" />
  <Point X="95" Y="250" T="10345780" />
  <Point X="93" Y="251" T="10345794" />
  <Point X="95" Y="248" T="10345869" />
  <Point X="97" Y="246" T="10345885" />
  <Point X="101" Y="240" T="10345899" />
  <Point X="108" Y="232" T="10345915" />
  <Point X="117" Y="219" T="10345930" />
  <Point X="125" Y="209" T="10345944" />
  <Point X="129" Y="204" T="10345946" />
  <Point X="142" Y="189" T="10345961" />
  <Point X="152" Y="180" T="10345977" />
  <Point X="155" Y="176" T="10345978" />
  <Point X="166" Y="165" T="10345994" />
  <Point X="172" Y="160" T="10346010" />
  <Point X="178" Y="154" T="10346026" />
  <Point X="182" Y="150" T="10346042" />
  <Point X="183" Y="148" T="10346070" />
  <Point X="181" Y="148" T="10346135" />
</Gesture>