﻿<?xml version="1.0" encoding="utf-8" standalone="yes"?>
<Gesture Name="delete_mark03" Subject="2" Speed="fast" Number="3" NumPts="54" Millseconds="636" AppName="Gestures" AppVer="3.5.0.0" Date="Monday, March 05, 2007" TimeOfDay="8:54:08 PM">
  <Point X="110" Y="145" T="10338235" />
  <Point X="112" Y="147" T="10338247" />
  <Point X="115" Y="148" T="10338259" />
  <Point X="117" Y="150" T="10338267" />
  <Point X="120" Y="153" T="10338274" />
  <Point X="123" Y="157" T="10338283" />
  <Point X="125" Y="159" T="10338289" />
  <Point X="129" Y="166" T="10338296" />
  <Point X="131" Y="169" T="10338302" />
  <Point X="135" Y="177" T="10338309" />
  <Point X="139" Y="185" T="10338316" />
  <Point X="142" Y="189" T="10338323" />
  <Point X="143" Y="193" T="10338324" />
  <Point X="147" Y="200" T="10338332" />
  <Point X="151" Y="207" T="10338340" />
  <Point X="155" Y="213" T="10338348" />
  <Point X="158" Y="219" T="10338357" />
  <Point X="160" Y="223" T="10338366" />
  <Point X="164" Y="229" T="10338376" />
  <Point X="165" Y="231" T="10338385" />
  <Point X="167" Y="234" T="10338394" />
  <Point X="169" Y="240" T="10338404" />
  <Point X="170" Y="243" T="10338414" />
  <Point X="171" Y="246" T="10338424" />
  <Point X="172" Y="248" T="10338435" />
  <Point X="173" Y="251" T="10338446" />
  <Point X="170" Y="253" T="10338479" />
  <Point X="167" Y="252" T="10338492" />
  <Point X="164" Y="252" T="10338504" />
  <Point X="161" Y="250" T="10338515" />
  <Point X="157" Y="249" T="10338516" />
  <Point X="149" Y="248" T="10338528" />
  <Point X="140" Y="246" T="10338540" />
  <Point X="130" Y="246" T="10338552" />
  <Point X="120" Y="246" T="10338564" />
  <Point X="110" Y="245" T="10338577" />
  <Point X="102" Y="246" T="10338590" />
  <Point X="97" Y="247" T="10338602" />
  <Point X="94" Y="248" T="10338603" />
  <Point X="91" Y="250" T="10338617" />
  <Point X="89" Y="250" T="10338630" />
  <Point X="87" Y="252" T="10338644" />
  <Point X="88" Y="249" T="10338691" />
  <Point X="89" Y="247" T="10338705" />
  <Point X="93" Y="242" T="10338719" />
  <Point X="96" Y="239" T="10338734" />
  <Point X="106" Y="226" T="10338748" />
  <Point X="119" Y="214" T="10338764" />
  <Point X="134" Y="198" T="10338780" />
  <Point X="149" Y="183" T="10338795" />
  <Point X="162" Y="170" T="10338812" />
  <Point X="171" Y="162" T="10338828" />
  <Point X="176" Y="156" T="10338844" />
  <Point X="177" Y="154" T="10338871" />
</Gesture>