﻿<?xml version="1.0" encoding="utf-8" standalone="yes"?>
<Gesture Name="delete_mark10" Subject="2" Speed="fast" Number="10" NumPts="59" Millseconds="673" AppName="Gestures" AppVer="3.5.0.0" Date="Monday, March 05, 2007" TimeOfDay="8:54:16 PM">
  <Point X="108" Y="158" T="10346583" />
  <Point X="111" Y="160" T="10346595" />
  <Point X="113" Y="161" T="10346603" />
  <Point X="116" Y="163" T="10346612" />
  <Point X="120" Y="165" T="10346619" />
  <Point X="122" Y="166" T="10346625" />
  <Point X="126" Y="168" T="10346631" />
  <Point X="128" Y="170" T="10346638" />
  <Point X="132" Y="173" T="10346644" />
  <Point X="135" Y="174" T="10346651" />
  <Point X="137" Y="176" T="10346652" />
  <Point X="142" Y="181" T="10346659" />
  <Point X="144" Y="184" T="10346666" />
  <Point X="146" Y="186" T="10346667" />
  <Point X="151" Y="193" T="10346675" />
  <Point X="155" Y="199" T="10346684" />
  <Point X="159" Y="205" T="10346692" />
  <Point X="163" Y="210" T="10346701" />
  <Point X="167" Y="215" T="10346710" />
  <Point X="171" Y="218" T="10346718" />
  <Point X="172" Y="221" T="10346719" />
  <Point X="174" Y="223" T="10346729" />
  <Point X="177" Y="225" T="10346738" />
  <Point X="179" Y="228" T="10346739" />
  <Point X="181" Y="231" T="10346749" />
  <Point X="183" Y="233" T="10346759" />
  <Point X="185" Y="235" T="10346770" />
  <Point X="186" Y="238" T="10346783" />
  <Point X="186" Y="240" T="10346807" />
  <Point X="184" Y="239" T="10346835" />
  <Point X="182" Y="237" T="10346846" />
  <Point X="178" Y="235" T="10346858" />
  <Point X="170" Y="234" T="10346870" />
  <Point X="162" Y="232" T="10346882" />
  <Point X="153" Y="230" T="10346894" />
  <Point X="150" Y="230" T="10346895" />
  <Point X="139" Y="231" T="10346908" />
  <Point X="129" Y="233" T="10346921" />
  <Point X="120" Y="235" T="10346935" />
  <Point X="117" Y="236" T="10346936" />
  <Point X="110" Y="239" T="10346950" />
  <Point X="104" Y="240" T="10346963" />
  <Point X="100" Y="243" T="10346977" />
  <Point X="97" Y="245" T="10346991" />
  <Point X="99" Y="243" T="10347044" />
  <Point X="101" Y="241" T="10347058" />
  <Point X="104" Y="239" T="10347073" />
  <Point X="108" Y="233" T="10347088" />
  <Point X="113" Y="229" T="10347103" />
  <Point X="123" Y="219" T="10347119" />
  <Point X="132" Y="208" T="10347135" />
  <Point X="143" Y="195" T="10347151" />
  <Point X="146" Y="192" T="10347152" />
  <Point X="158" Y="180" T="10347169" />
  <Point X="168" Y="172" T="10347186" />
  <Point X="175" Y="165" T="10347203" />
  <Point X="180" Y="161" T="10347220" />
  <Point X="182" Y="159" T="10347237" />
  <Point X="184" Y="157" T="10347256" />
</Gesture>