﻿<?xml version="1.0" encoding="utf-8" standalone="yes"?>
<Gesture Name="delete_mark01" Subject="2" Speed="fast" Number="1" NumPts="53" Millseconds="562" AppName="Gestures" AppVer="3.5.0.0" Date="Monday, March 05, 2007" TimeOfDay="8:54:05 PM">
  <Point X="109" Y="157" T="10335800" />
  <Point X="111" Y="158" T="10335851" />
  <Point X="113" Y="161" T="10335859" />
  <Point X="115" Y="164" T="10335868" />
  <Point X="118" Y="168" T="10335876" />
  <Point X="120" Y="170" T="10335882" />
  <Point X="122" Y="172" T="10335888" />
  <Point X="123" Y="175" T="10335889" />
  <Point X="125" Y="177" T="10335895" />
  <Point X="127" Y="180" T="10335896" />
  <Point X="129" Y="183" T="10335904" />
  <Point X="131" Y="185" T="10335905" />
  <Point X="134" Y="192" T="10335912" />
  <Point X="138" Y="198" T="10335920" />
  <Point X="140" Y="201" T="10335928" />
  <Point X="142" Y="204" T="10335929" />
  <Point X="145" Y="209" T="10335937" />
  <Point X="147" Y="212" T="10335945" />
  <Point X="150" Y="215" T="10335954" />
  <Point X="152" Y="217" T="10335963" />
  <Point X="154" Y="220" T="10335972" />
  <Point X="156" Y="222" T="10335984" />
  <Point X="155" Y="224" T="10336009" />
  <Point X="152" Y="225" T="10336019" />
  <Point X="150" Y="226" T="10336029" />
  <Point X="144" Y="227" T="10336039" />
  <Point X="137" Y="230" T="10336050" />
  <Point X="132" Y="232" T="10336061" />
  <Point X="129" Y="232" T="10336062" />
  <Point X="121" Y="234" T="10336073" />
  <Point X="115" Y="235" T="10336085" />
  <Point X="112" Y="236" T="10336086" />
  <Point X="105" Y="239" T="10336098" />
  <Point X="98" Y="242" T="10336110" />
  <Point X="94" Y="244" T="10336124" />
  <Point X="88" Y="246" T="10336137" />
  <Point X="85" Y="247" T="10336149" />
  <Point X="83" Y="246" T="10336167" />
  <Point X="84" Y="244" T="10336184" />
  <Point X="86" Y="241" T="10336197" />
  <Point X="92" Y="231" T="10336211" />
  <Point X="101" Y="220" T="10336225" />
  <Point X="112" Y="208" T="10336239" />
  <Point X="115" Y="203" T="10336240" />
  <Point X="129" Y="188" T="10336255" />
  <Point X="133" Y="182" T="10336256" />
  <Point X="147" Y="164" T="10336272" />
  <Point X="151" Y="158" T="10336273" />
  <Point X="168" Y="135" T="10336293" />
  <Point X="178" Y="126" T="10336310" />
  <Point X="181" Y="123" T="10336325" />
  <Point X="183" Y="121" T="10336340" />
  <Point X="181" Y="123" T="10336362" />
</Gesture>