﻿<?xml version="1.0" encoding="utf-8" standalone="yes"?>
<Gesture Name="delete_mark06" Subject="2" Speed="fast" Number="6" NumPts="60" Millseconds="695" AppName="Gestures" AppVer="3.5.0.0" Date="Monday, March 05, 2007" TimeOfDay="8:54:11 PM">
  <Point X="103" Y="150" T="10341739" />
  <Point X="105" Y="153" T="10341759" />
  <Point X="108" Y="154" T="10341768" />
  <Point X="111" Y="156" T="10341775" />
  <Point X="113" Y="158" T="10341781" />
  <Point X="118" Y="162" T="10341788" />
  <Point X="120" Y="164" T="10341794" />
  <Point X="124" Y="169" T="10341801" />
  <Point X="129" Y="174" T="10341808" />
  <Point X="134" Y="181" T="10341815" />
  <Point X="137" Y="184" T="10341822" />
  <Point X="139" Y="187" T="10341823" />
  <Point X="145" Y="194" T="10341831" />
  <Point X="150" Y="200" T="10341839" />
  <Point X="155" Y="206" T="10341847" />
  <Point X="160" Y="212" T="10341855" />
  <Point X="164" Y="218" T="10341864" />
  <Point X="168" Y="224" T="10341872" />
  <Point X="172" Y="229" T="10341881" />
  <Point X="175" Y="234" T="10341890" />
  <Point X="176" Y="236" T="10341891" />
  <Point X="177" Y="238" T="10341901" />
  <Point X="179" Y="241" T="10341910" />
  <Point X="180" Y="245" T="10341920" />
  <Point X="180" Y="247" T="10341930" />
  <Point X="180" Y="249" T="10341944" />
  <Point X="179" Y="252" T="10341964" />
  <Point X="177" Y="251" T="10341980" />
  <Point X="174" Y="251" T="10341992" />
  <Point X="171" Y="249" T="10342003" />
  <Point X="167" Y="249" T="10342014" />
  <Point X="160" Y="246" T="10342026" />
  <Point X="153" Y="244" T="10342038" />
  <Point X="144" Y="244" T="10342050" />
  <Point X="135" Y="243" T="10342063" />
  <Point X="125" Y="244" T="10342075" />
  <Point X="122" Y="245" T="10342076" />
  <Point X="112" Y="246" T="10342090" />
  <Point X="104" Y="249" T="10342103" />
  <Point X="98" Y="249" T="10342117" />
  <Point X="95" Y="251" T="10342130" />
  <Point X="92" Y="251" T="10342143" />
  <Point X="90" Y="252" T="10342160" />
  <Point X="93" Y="250" T="10342196" />
  <Point X="94" Y="248" T="10342210" />
  <Point X="95" Y="246" T="10342225" />
  <Point X="98" Y="241" T="10342240" />
  <Point X="100" Y="238" T="10342241" />
  <Point X="106" Y="231" T="10342256" />
  <Point X="115" Y="220" T="10342272" />
  <Point X="126" Y="205" T="10342288" />
  <Point X="140" Y="189" T="10342307" />
  <Point X="154" Y="173" T="10342324" />
  <Point X="158" Y="170" T="10342325" />
  <Point X="170" Y="158" T="10342342" />
  <Point X="178" Y="149" T="10342359" />
  <Point X="183" Y="146" T="10342377" />
  <Point X="185" Y="144" T="10342395" />
  <Point X="184" Y="142" T="10342414" />
  <Point X="182" Y="142" T="10342434" />
</Gesture>