﻿<?xml version="1.0" encoding="utf-8" standalone="yes"?>
<Gesture Name="delete_mark04" Subject="2" Speed="fast" Number="4" NumPts="59" Millseconds="676" AppName="Gestures" AppVer="3.5.0.0" Date="Monday, March 05, 2007" TimeOfDay="8:54:09 PM">
  <Point X="114" Y="143" T="10339418" />
  <Point X="116" Y="145" T="10339431" />
  <Point X="118" Y="147" T="10339439" />
  <Point X="121" Y="150" T="10339448" />
  <Point X="122" Y="152" T="10339454" />
  <Point X="125" Y="158" T="10339460" />
  <Point X="127" Y="160" T="10339467" />
  <Point X="131" Y="165" T="10339473" />
  <Point X="135" Y="170" T="10339480" />
  <Point X="137" Y="174" T="10339487" />
  <Point X="139" Y="177" T="10339489" />
  <Point X="143" Y="184" T="10339496" />
  <Point X="145" Y="186" T="10339503" />
  <Point X="147" Y="189" T="10339504" />
  <Point X="151" Y="197" T="10339513" />
  <Point X="154" Y="203" T="10339521" />
  <Point X="158" Y="209" T="10339529" />
  <Point X="161" Y="214" T="10339538" />
  <Point X="164" Y="220" T="10339547" />
  <Point X="167" Y="225" T="10339556" />
  <Point X="168" Y="228" T="10339557" />
  <Point X="170" Y="233" T="10339567" />
  <Point X="172" Y="237" T="10339578" />
  <Point X="174" Y="240" T="10339587" />
  <Point X="176" Y="244" T="10339589" />
  <Point X="177" Y="247" T="10339599" />
  <Point X="178" Y="249" T="10339609" />
  <Point X="179" Y="251" T="10339620" />
  <Point X="179" Y="254" T="10339631" />
  <Point X="177" Y="254" T="10339668" />
  <Point X="175" Y="254" T="10339679" />
  <Point X="172" Y="254" T="10339691" />
  <Point X="164" Y="249" T="10339703" />
  <Point X="155" Y="248" T="10339715" />
  <Point X="152" Y="247" T="10339716" />
  <Point X="141" Y="244" T="10339729" />
  <Point X="130" Y="244" T="10339742" />
  <Point X="119" Y="245" T="10339755" />
  <Point X="110" Y="249" T="10339768" />
  <Point X="108" Y="250" T="10339769" />
  <Point X="101" Y="252" T="10339785" />
  <Point X="95" Y="254" T="10339799" />
  <Point X="93" Y="255" T="10339815" />
  <Point X="95" Y="253" T="10339853" />
  <Point X="97" Y="251" T="10339869" />
  <Point X="100" Y="246" T="10339884" />
  <Point X="105" Y="240" T="10339900" />
  <Point X="111" Y="230" T="10339915" />
  <Point X="120" Y="220" T="10339931" />
  <Point X="132" Y="206" T="10339947" />
  <Point X="150" Y="188" T="10339966" />
  <Point X="165" Y="174" T="10339982" />
  <Point X="177" Y="164" T="10339999" />
  <Point X="183" Y="157" T="10340016" />
  <Point X="186" Y="155" T="10340017" />
  <Point X="188" Y="152" T="10340034" />
  <Point X="189" Y="150" T="10340051" />
  <Point X="187" Y="149" T="10340077" />
  <Point X="185" Y="148" T="10340094" />
</Gesture>