﻿<?xml version="1.0" encoding="utf-8" standalone="yes"?>
<Gesture Name="left_curly_brace01" Subject="2" Speed="fast" Number="1" NumPts="86" Millseconds="1626" AppName="Gestures" AppVer="3.5.0.0" Date="Monday, March 05, 2007" TimeOfDay="9:09:19 PM">
  <Point X="132" Y="135" T="11249903" />
  <Point X="130" Y="133" T="11249984" />
  <Point X="128" Y="131" T="11250020" />
  <Point X="126" Y="131" T="11250036" />
  <Point X="123" Y="131" T="11250052" />
  <Point X="121" Y="131" T="11250064" />
  <Point X="119" Y="131" T="11250076" />
  <Point X="116" Y="133" T="11250084" />
  <Point X="114" Y="134" T="11250092" />
  <Point X="112" Y="135" T="11250100" />
  <Point X="110" Y="136" T="11250109" />
  <Point X="107" Y="138" T="11250117" />
  <Point X="105" Y="138" T="11250129" />
  <Point X="102" Y="141" T="11250137" />
  <Point X="100" Y="142" T="11250146" />
  <Point X="98" Y="144" T="11250157" />
  <Point X="96" Y="145" T="11250169" />
  <Point X="94" Y="148" T="11250181" />
  <Point X="93" Y="151" T="11250193" />
  <Point X="92" Y="153" T="11250204" />
  <Point X="91" Y="155" T="11250214" />
  <Point X="91" Y="157" T="11250224" />
  <Point X="91" Y="159" T="11250234" />
  <Point X="91" Y="165" T="11250244" />
  <Point X="92" Y="168" T="11250257" />
  <Point X="92" Y="170" T="11250268" />
  <Point X="93" Y="172" T="11250278" />
  <Point X="94" Y="175" T="11250289" />
  <Point X="96" Y="177" T="11250300" />
  <Point X="97" Y="180" T="11250301" />
  <Point X="99" Y="182" T="11250312" />
  <Point X="101" Y="184" T="11250323" />
  <Point X="103" Y="186" T="11250335" />
  <Point X="107" Y="189" T="11250347" />
  <Point X="110" Y="191" T="11250359" />
  <Point X="112" Y="192" T="11250372" />
  <Point X="114" Y="193" T="11250373" />
  <Point X="116" Y="194" T="11250386" />
  <Point X="118" Y="196" T="11250398" />
  <Point X="121" Y="196" T="11250411" />
  <Point X="123" Y="197" T="11250425" />
  <Point X="120" Y="198" T="11250500" />
  <Point X="118" Y="199" T="11250516" />
  <Point X="116" Y="199" T="11250536" />
  <Point X="113" Y="200" T="11250556" />
  <Point X="111" Y="199" T="11250576" />
  <Point X="109" Y="201" T="11250590" />
  <Point X="106" Y="201" T="11250605" />
  <Point X="102" Y="201" T="11250620" />
  <Point X="100" Y="201" T="11250635" />
  <Point X="98" Y="201" T="11250651" />
  <Point X="93" Y="202" T="11250667" />
  <Point X="91" Y="202" T="11250683" />
  <Point X="89" Y="203" T="11250698" />
  <Point X="87" Y="203" T="11250714" />
  <Point X="85" Y="204" T="11250740" />
  <Point X="87" Y="205" T="11250849" />
  <Point X="89" Y="205" T="11250866" />
  <Point X="91" Y="205" T="11250883" />
  <Point X="96" Y="206" T="11250900" />
  <Point X="100" Y="204" T="11250918" />
  <Point X="105" Y="204" T="11250936" />
  <Point X="107" Y="203" T="11250937" />
  <Point X="109" Y="203" T="11250958" />
  <Point X="111" Y="203" T="11250976" />
  <Point X="115" Y="201" T="11250995" />
  <Point X="117" Y="201" T="11251014" />
  <Point X="119" Y="200" T="11251077" />
  <Point X="120" Y="202" T="11251121" />
  <Point X="118" Y="202" T="11251202" />
  <Point X="116" Y="202" T="11251221" />
  <Point X="113" Y="205" T="11251241" />
  <Point X="109" Y="208" T="11251262" />
  <Point X="106" Y="211" T="11251282" />
  <Point X="105" Y="214" T="11251303" />
  <Point X="104" Y="218" T="11251324" />
  <Point X="105" Y="222" T="11251345" />
  <Point X="106" Y="225" T="11251366" />
  <Point X="108" Y="227" T="11251367" />
  <Point X="110" Y="232" T="11251389" />
  <Point X="116" Y="238" T="11251411" />
  <Point X="120" Y="241" T="11251434" />
  <Point X="125" Y="244" T="11251457" />
  <Point X="130" Y="245" T="11251480" />
  <Point X="135" Y="245" T="11251506" />
  <Point X="139" Y="243" T="11251529" />
</Gesture>