﻿<?xml version="1.0" encoding="utf-8" standalone="yes"?>
<Gesture Name="left_curly_brace05" Subject="2" Speed="fast" Number="5" NumPts="85" Millseconds="1963" AppName="Gestures" AppVer="3.5.0.0" Date="Monday, March 05, 2007" TimeOfDay="9:09:29 PM">
  <Point X="139" Y="131" T="11259578" />
  <Point X="138" Y="129" T="11259621" />
  <Point X="136" Y="130" T="11259654" />
  <Point X="134" Y="128" T="11259670" />
  <Point X="132" Y="129" T="11259683" />
  <Point X="130" Y="128" T="11259695" />
  <Point X="128" Y="130" T="11259707" />
  <Point X="126" Y="129" T="11259715" />
  <Point X="123" Y="129" T="11259723" />
  <Point X="121" Y="130" T="11259731" />
  <Point X="119" Y="131" T="11259739" />
  <Point X="116" Y="132" T="11259747" />
  <Point X="113" Y="133" T="11259755" />
  <Point X="111" Y="135" T="11259764" />
  <Point X="109" Y="136" T="11259772" />
  <Point X="106" Y="137" T="11259785" />
  <Point X="103" Y="140" T="11259798" />
  <Point X="101" Y="142" T="11259811" />
  <Point X="100" Y="144" T="11259819" />
  <Point X="98" Y="147" T="11259835" />
  <Point X="97" Y="149" T="11259847" />
  <Point X="97" Y="152" T="11259856" />
  <Point X="96" Y="155" T="11259866" />
  <Point X="96" Y="158" T="11259875" />
  <Point X="96" Y="160" T="11259885" />
  <Point X="97" Y="167" T="11259895" />
  <Point X="98" Y="170" T="11259905" />
  <Point X="99" Y="175" T="11259916" />
  <Point X="100" Y="178" T="11259927" />
  <Point X="102" Y="180" T="11259938" />
  <Point X="104" Y="185" T="11259949" />
  <Point X="106" Y="190" T="11259960" />
  <Point X="108" Y="192" T="11259972" />
  <Point X="110" Y="195" T="11259983" />
  <Point X="111" Y="197" T="11259995" />
  <Point X="113" Y="199" T="11260007" />
  <Point X="114" Y="201" T="11260020" />
  <Point X="116" Y="203" T="11260035" />
  <Point X="114" Y="203" T="11260128" />
  <Point X="112" Y="203" T="11260144" />
  <Point X="110" Y="202" T="11260160" />
  <Point X="108" Y="202" T="11260174" />
  <Point X="106" Y="202" T="11260187" />
  <Point X="103" Y="202" T="11260201" />
  <Point X="101" Y="203" T="11260215" />
  <Point X="98" Y="202" T="11260230" />
  <Point X="96" Y="202" T="11260244" />
  <Point X="93" Y="203" T="11260245" />
  <Point X="91" Y="204" T="11260260" />
  <Point X="88" Y="204" T="11260275" />
  <Point X="86" Y="204" T="11260290" />
  <Point X="84" Y="205" T="11260306" />
  <Point X="82" Y="207" T="11260321" />
  <Point X="81" Y="209" T="11260380" />
  <Point X="83" Y="210" T="11260409" />
  <Point X="86" Y="210" T="11260425" />
  <Point X="88" Y="209" T="11260442" />
  <Point X="90" Y="209" T="11260458" />
  <Point X="92" Y="209" T="11260476" />
  <Point X="94" Y="208" T="11260493" />
  <Point X="96" Y="208" T="11260511" />
  <Point X="99" Y="207" T="11260529" />
  <Point X="101" Y="206" T="11260546" />
  <Point X="103" Y="206" T="11260567" />
  <Point X="105" Y="205" T="11260586" />
  <Point X="107" Y="205" T="11260609" />
  <Point X="109" Y="204" T="11260654" />
  <Point X="111" Y="204" T="11260698" />
  <Point X="109" Y="203" T="11261198" />
  <Point X="107" Y="205" T="11261222" />
  <Point X="105" Y="207" T="11261242" />
  <Point X="103" Y="208" T="11261262" />
  <Point X="99" Y="213" T="11261282" />
  <Point X="97" Y="218" T="11261303" />
  <Point X="95" Y="223" T="11261323" />
  <Point X="94" Y="230" T="11261344" />
  <Point X="95" Y="238" T="11261365" />
  <Point X="101" Y="249" T="11261387" />
  <Point X="105" Y="253" T="11261408" />
  <Point X="112" Y="256" T="11261430" />
  <Point X="119" Y="258" T="11261452" />
  <Point X="124" Y="258" T="11261474" />
  <Point X="126" Y="258" T="11261496" />
  <Point X="128" Y="258" T="11261518" />
  <Point X="130" Y="259" T="11261541" />
</Gesture>