﻿<?xml version="1.0" encoding="utf-8" standalone="yes"?>
<Gesture Name="left_curly_brace06" Subject="2" Speed="fast" Number="6" NumPts="76" Millseconds="1552" AppName="Gestures" AppVer="3.5.0.0" Date="Monday, March 05, 2007" TimeOfDay="9:09:31 PM">
  <Point X="137" Y="131" T="11262372" />
  <Point X="135" Y="130" T="11262425" />
  <Point X="133" Y="128" T="11262448" />
  <Point X="131" Y="128" T="11262465" />
  <Point X="129" Y="128" T="11262482" />
  <Point X="126" Y="129" T="11262493" />
  <Point X="124" Y="129" T="11262504" />
  <Point X="121" Y="130" T="11262516" />
  <Point X="119" Y="132" T="11262524" />
  <Point X="117" Y="133" T="11262532" />
  <Point X="115" Y="134" T="11262540" />
  <Point X="113" Y="136" T="11262548" />
  <Point X="110" Y="137" T="11262560" />
  <Point X="108" Y="139" T="11262572" />
  <Point X="107" Y="141" T="11262580" />
  <Point X="105" Y="143" T="11262593" />
  <Point X="103" Y="145" T="11262605" />
  <Point X="102" Y="147" T="11262613" />
  <Point X="102" Y="150" T="11262622" />
  <Point X="101" Y="153" T="11262632" />
  <Point X="102" Y="156" T="11262645" />
  <Point X="102" Y="160" T="11262654" />
  <Point X="103" Y="163" T="11262664" />
  <Point X="104" Y="166" T="11262674" />
  <Point X="105" Y="169" T="11262684" />
  <Point X="107" Y="175" T="11262695" />
  <Point X="108" Y="177" T="11262706" />
  <Point X="110" Y="179" T="11262716" />
  <Point X="111" Y="182" T="11262727" />
  <Point X="113" Y="185" T="11262738" />
  <Point X="114" Y="187" T="11262750" />
  <Point X="115" Y="190" T="11262765" />
  <Point X="116" Y="192" T="11262785" />
  <Point X="116" Y="194" T="11262798" />
  <Point X="114" Y="195" T="11262863" />
  <Point X="112" Y="196" T="11262883" />
  <Point X="110" Y="196" T="11262899" />
  <Point X="108" Y="194" T="11262914" />
  <Point X="106" Y="194" T="11262930" />
  <Point X="104" Y="194" T="11262947" />
  <Point X="102" Y="194" T="11262963" />
  <Point X="99" Y="194" T="11262983" />
  <Point X="97" Y="194" T="11263003" />
  <Point X="95" Y="194" T="11263036" />
  <Point X="97" Y="196" T="11263121" />
  <Point X="99" Y="195" T="11263135" />
  <Point X="101" Y="195" T="11263150" />
  <Point X="104" Y="196" T="11263165" />
  <Point X="106" Y="195" T="11263180" />
  <Point X="108" Y="195" T="11263181" />
  <Point X="110" Y="195" T="11263199" />
  <Point X="112" Y="194" T="11263214" />
  <Point X="114" Y="194" T="11263231" />
  <Point X="116" Y="193" T="11263247" />
  <Point X="118" Y="193" T="11263285" />
  <Point X="116" Y="194" T="11263523" />
  <Point X="114" Y="196" T="11263563" />
  <Point X="112" Y="197" T="11263600" />
  <Point X="110" Y="200" T="11263625" />
  <Point X="109" Y="202" T="11263643" />
  <Point X="108" Y="204" T="11263660" />
  <Point X="107" Y="206" T="11263661" />
  <Point X="106" Y="208" T="11263681" />
  <Point X="105" Y="213" T="11263702" />
  <Point X="105" Y="220" T="11263724" />
  <Point X="107" Y="228" T="11263746" />
  <Point X="111" Y="233" T="11263768" />
  <Point X="117" Y="239" T="11263790" />
  <Point X="123" Y="243" T="11263813" />
  <Point X="125" Y="244" T="11263814" />
  <Point X="131" Y="245" T="11263835" />
  <Point X="139" Y="245" T="11263856" />
  <Point X="143" Y="245" T="11263876" />
  <Point X="145" Y="245" T="11263877" />
  <Point X="148" Y="245" T="11263900" />
  <Point X="152" Y="243" T="11263924" />
</Gesture>