﻿<?xml version="1.0" encoding="utf-8" standalone="yes"?>
<Gesture Name="left_curly_brace04" Subject="2" Speed="fast" Number="4" NumPts="80" Millseconds="1788" AppName="Gestures" AppVer="3.5.0.0" Date="Monday, March 05, 2007" TimeOfDay="9:09:26 PM">
  <Point X="143" Y="131" T="11256996" />
  <Point X="142" Y="129" T="11257025" />
  <Point X="140" Y="128" T="11257065" />
  <Point X="138" Y="128" T="11257084" />
  <Point X="135" Y="128" T="11257102" />
  <Point X="133" Y="128" T="11257114" />
  <Point X="131" Y="129" T="11257126" />
  <Point X="128" Y="131" T="11257138" />
  <Point X="126" Y="132" T="11257150" />
  <Point X="123" Y="133" T="11257158" />
  <Point X="121" Y="134" T="11257166" />
  <Point X="119" Y="135" T="11257178" />
  <Point X="117" Y="136" T="11257187" />
  <Point X="114" Y="138" T="11257195" />
  <Point X="112" Y="140" T="11257208" />
  <Point X="110" Y="142" T="11257217" />
  <Point X="108" Y="144" T="11257226" />
  <Point X="106" Y="147" T="11257236" />
  <Point X="105" Y="149" T="11257248" />
  <Point X="103" Y="151" T="11257261" />
  <Point X="103" Y="153" T="11257271" />
  <Point X="103" Y="156" T="11257281" />
  <Point X="103" Y="159" T="11257292" />
  <Point X="103" Y="161" T="11257302" />
  <Point X="103" Y="163" T="11257312" />
  <Point X="104" Y="166" T="11257314" />
  <Point X="105" Y="169" T="11257324" />
  <Point X="105" Y="172" T="11257335" />
  <Point X="108" Y="176" T="11257346" />
  <Point X="109" Y="179" T="11257356" />
  <Point X="111" Y="181" T="11257367" />
  <Point X="112" Y="183" T="11257379" />
  <Point X="114" Y="189" T="11257390" />
  <Point X="116" Y="191" T="11257402" />
  <Point X="118" Y="193" T="11257414" />
  <Point X="119" Y="195" T="11257426" />
  <Point X="121" Y="197" T="11257438" />
  <Point X="121" Y="199" T="11257450" />
  <Point X="123" Y="201" T="11257465" />
  <Point X="124" Y="203" T="11257526" />
  <Point X="122" Y="202" T="11257571" />
  <Point X="120" Y="202" T="11257591" />
  <Point X="118" Y="201" T="11257606" />
  <Point X="116" Y="201" T="11257623" />
  <Point X="113" Y="202" T="11257639" />
  <Point X="111" Y="202" T="11257655" />
  <Point X="109" Y="202" T="11257671" />
  <Point X="107" Y="202" T="11257687" />
  <Point X="105" Y="203" T="11257702" />
  <Point X="103" Y="203" T="11257717" />
  <Point X="100" Y="204" T="11257732" />
  <Point X="96" Y="205" T="11257748" />
  <Point X="94" Y="208" T="11257764" />
  <Point X="91" Y="208" T="11257779" />
  <Point X="90" Y="210" T="11257796" />
  <Point X="92" Y="210" T="11257876" />
  <Point X="94" Y="211" T="11257892" />
  <Point X="96" Y="211" T="11257909" />
  <Point X="101" Y="210" T="11257926" />
  <Point X="105" Y="209" T="11257944" />
  <Point X="107" Y="209" T="11257961" />
  <Point X="113" Y="207" T="11257981" />
  <Point X="115" Y="206" T="11257999" />
  <Point X="119" Y="205" T="11258017" />
  <Point X="121" Y="204" T="11258036" />
  <Point X="119" Y="206" T="11258521" />
  <Point X="118" Y="208" T="11258541" />
  <Point X="117" Y="210" T="11258560" />
  <Point X="115" Y="213" T="11258579" />
  <Point X="114" Y="218" T="11258599" />
  <Point X="113" Y="224" T="11258619" />
  <Point X="114" Y="229" T="11258638" />
  <Point X="116" Y="236" T="11258659" />
  <Point X="119" Y="241" T="11258679" />
  <Point X="125" Y="246" T="11258699" />
  <Point X="130" Y="247" T="11258720" />
  <Point X="132" Y="248" T="11258740" />
  <Point X="135" Y="247" T="11258742" />
  <Point X="137" Y="246" T="11258762" />
  <Point X="139" Y="244" T="11258784" />
</Gesture>