﻿<?xml version="1.0" encoding="utf-8" standalone="yes"?>
<Gesture Name="left_sq_bracket10" Subject="2" Speed="fast" Number="10" NumPts="58" Millseconds="1193" AppName="Gestures" AppVer="3.5.0.0" Date="Monday, March 05, 2007" TimeOfDay="9:14:18 PM">
  <Point X="113" Y="169" T="11550088" />
  <Point X="110" Y="167" T="11550113" />
  <Point X="108" Y="167" T="11550128" />
  <Point X="106" Y="167" T="11550141" />
  <Point X="104" Y="166" T="11550153" />
  <Point X="102" Y="166" T="11550161" />
  <Point X="99" Y="166" T="11550173" />
  <Point X="97" Y="166" T="11550181" />
  <Point X="95" Y="167" T="11550189" />
  <Point X="92" Y="166" T="11550198" />
  <Point X="90" Y="166" T="11550206" />
  <Point X="87" Y="167" T="11550214" />
  <Point X="84" Y="167" T="11550222" />
  <Point X="82" Y="167" T="11550230" />
  <Point X="79" Y="168" T="11550239" />
  <Point X="77" Y="168" T="11550248" />
  <Point X="75" Y="167" T="11550259" />
  <Point X="73" Y="167" T="11550270" />
  <Point X="71" Y="167" T="11550282" />
  <Point X="69" Y="166" T="11550302" />
  <Point X="67" Y="166" T="11550323" />
  <Point X="65" Y="166" T="11550407" />
  <Point X="65" Y="168" T="11550447" />
  <Point X="66" Y="170" T="11550464" />
  <Point X="66" Y="172" T="11550476" />
  <Point X="67" Y="174" T="11550493" />
  <Point X="68" Y="177" T="11550505" />
  <Point X="69" Y="179" T="11550517" />
  <Point X="69" Y="182" T="11550528" />
  <Point X="70" Y="185" T="11550529" />
  <Point X="71" Y="188" T="11550541" />
  <Point X="72" Y="193" T="11550553" />
  <Point X="72" Y="195" T="11550554" />
  <Point X="73" Y="201" T="11550566" />
  <Point X="73" Y="208" T="11550578" />
  <Point X="74" Y="214" T="11550591" />
  <Point X="74" Y="221" T="11550604" />
  <Point X="74" Y="230" T="11550617" />
  <Point X="74" Y="236" T="11550630" />
  <Point X="74" Y="240" T="11550643" />
  <Point X="75" Y="247" T="11550656" />
  <Point X="75" Y="251" T="11550670" />
  <Point X="75" Y="254" T="11550683" />
  <Point X="75" Y="256" T="11550715" />
  <Point X="75" Y="258" T="11550815" />
  <Point X="75" Y="260" T="11550871" />
  <Point X="77" Y="258" T="11551036" />
  <Point X="79" Y="257" T="11551050" />
  <Point X="82" Y="257" T="11551065" />
  <Point X="87" Y="255" T="11551081" />
  <Point X="93" Y="254" T="11551097" />
  <Point X="100" Y="253" T="11551112" />
  <Point X="107" Y="252" T="11551129" />
  <Point X="113" Y="251" T="11551147" />
  <Point X="116" Y="252" T="11551148" />
  <Point X="118" Y="252" T="11551165" />
  <Point X="120" Y="253" T="11551182" />
  <Point X="122" Y="251" T="11551281" />
</Gesture>