﻿<?xml version="1.0" encoding="utf-8" standalone="yes"?>
<Gesture Name="left_curly_brace08" Subject="2" Speed="fast" Number="8" NumPts="79" Millseconds="1804" AppName="Gestures" AppVer="3.5.0.0" Date="Monday, March 05, 2007" TimeOfDay="9:09:36 PM">
  <Point X="140" Y="135" T="11266815" />
  <Point X="139" Y="133" T="11266859" />
  <Point X="136" Y="133" T="11266890" />
  <Point X="134" Y="133" T="11266911" />
  <Point X="132" Y="133" T="11266926" />
  <Point X="130" Y="134" T="11266938" />
  <Point X="127" Y="134" T="11266950" />
  <Point X="125" Y="136" T="11266963" />
  <Point X="123" Y="137" T="11266971" />
  <Point X="121" Y="138" T="11266979" />
  <Point X="119" Y="140" T="11266988" />
  <Point X="117" Y="141" T="11266996" />
  <Point X="114" Y="142" T="11267006" />
  <Point X="112" Y="144" T="11267014" />
  <Point X="110" Y="146" T="11267026" />
  <Point X="108" Y="147" T="11267038" />
  <Point X="107" Y="150" T="11267050" />
  <Point X="105" Y="153" T="11267065" />
  <Point X="104" Y="155" T="11267074" />
  <Point X="103" Y="158" T="11267085" />
  <Point X="103" Y="160" T="11267096" />
  <Point X="103" Y="162" T="11267106" />
  <Point X="103" Y="165" T="11267115" />
  <Point X="104" Y="171" T="11267125" />
  <Point X="105" Y="173" T="11267136" />
  <Point X="106" Y="176" T="11267147" />
  <Point X="108" Y="182" T="11267157" />
  <Point X="109" Y="184" T="11267169" />
  <Point X="111" Y="187" T="11267181" />
  <Point X="112" Y="189" T="11267193" />
  <Point X="113" Y="192" T="11267204" />
  <Point X="115" Y="194" T="11267216" />
  <Point X="118" Y="196" T="11267228" />
  <Point X="119" Y="198" T="11267241" />
  <Point X="121" Y="200" T="11267254" />
  <Point X="123" Y="202" T="11267273" />
  <Point X="123" Y="204" T="11267346" />
  <Point X="121" Y="204" T="11267366" />
  <Point X="118" Y="204" T="11267382" />
  <Point X="116" Y="203" T="11267398" />
  <Point X="114" Y="203" T="11267413" />
  <Point X="111" Y="204" T="11267428" />
  <Point X="109" Y="204" T="11267441" />
  <Point X="106" Y="204" T="11267443" />
  <Point X="104" Y="205" T="11267457" />
  <Point X="100" Y="205" T="11267472" />
  <Point X="98" Y="207" T="11267488" />
  <Point X="96" Y="208" T="11267504" />
  <Point X="94" Y="208" T="11267520" />
  <Point X="92" Y="209" T="11267537" />
  <Point X="94" Y="211" T="11267619" />
  <Point X="96" Y="211" T="11267639" />
  <Point X="98" Y="210" T="11267657" />
  <Point X="100" Y="209" T="11267676" />
  <Point X="102" Y="210" T="11267693" />
  <Point X="107" Y="209" T="11267710" />
  <Point X="109" Y="208" T="11267728" />
  <Point X="111" Y="206" T="11267746" />
  <Point X="113" Y="206" T="11267763" />
  <Point X="115" Y="205" T="11267781" />
  <Point X="117" Y="205" T="11267800" />
  <Point X="119" Y="204" T="11267820" />
  <Point X="118" Y="206" T="11268075" />
  <Point X="117" Y="208" T="11268251" />
  <Point X="117" Y="206" T="11268272" />
  <Point X="116" Y="208" T="11268327" />
  <Point X="113" Y="211" T="11268364" />
  <Point X="112" Y="213" T="11268385" />
  <Point X="110" Y="217" T="11268405" />
  <Point X="109" Y="221" T="11268425" />
  <Point X="110" Y="229" T="11268445" />
  <Point X="112" Y="235" T="11268466" />
  <Point X="117" Y="240" T="11268487" />
  <Point X="125" Y="245" T="11268508" />
  <Point X="132" Y="249" T="11268529" />
  <Point X="137" Y="249" T="11268551" />
  <Point X="139" Y="248" T="11268574" />
  <Point X="142" Y="246" T="11268597" />
  <Point X="143" Y="242" T="11268619" />
</Gesture>