﻿<?xml version="1.0" encoding="utf-8" standalone="yes"?>
<Gesture Name="left_sq_bracket08" Subject="2" Speed="fast" Number="8" NumPts="57" Millseconds="1100" AppName="Gestures" AppVer="3.5.0.0" Date="Monday, March 05, 2007" TimeOfDay="9:14:15 PM">
  <Point X="118" Y="159" T="11547001" />
  <Point X="116" Y="159" T="11547062" />
  <Point X="113" Y="158" T="11547089" />
  <Point X="111" Y="159" T="11547102" />
  <Point X="109" Y="157" T="11547114" />
  <Point X="107" Y="158" T="11547122" />
  <Point X="104" Y="157" T="11547134" />
  <Point X="102" Y="157" T="11547142" />
  <Point X="100" Y="158" T="11547150" />
  <Point X="97" Y="158" T="11547158" />
  <Point X="94" Y="158" T="11547167" />
  <Point X="92" Y="158" T="11547175" />
  <Point X="90" Y="159" T="11547183" />
  <Point X="87" Y="159" T="11547192" />
  <Point X="85" Y="158" T="11547200" />
  <Point X="82" Y="158" T="11547211" />
  <Point X="80" Y="159" T="11547224" />
  <Point X="78" Y="159" T="11547236" />
  <Point X="76" Y="159" T="11547252" />
  <Point X="74" Y="159" T="11547276" />
  <Point X="72" Y="158" T="11547308" />
  <Point X="71" Y="160" T="11547437" />
  <Point X="71" Y="162" T="11547469" />
  <Point X="72" Y="165" T="11547481" />
  <Point X="72" Y="167" T="11547493" />
  <Point X="72" Y="170" T="11547506" />
  <Point X="73" Y="172" T="11547517" />
  <Point X="73" Y="175" T="11547528" />
  <Point X="73" Y="178" T="11547540" />
  <Point X="74" Y="185" T="11547551" />
  <Point X="74" Y="191" T="11547562" />
  <Point X="75" Y="197" T="11547575" />
  <Point X="75" Y="205" T="11547587" />
  <Point X="75" Y="209" T="11547599" />
  <Point X="75" Y="217" T="11547612" />
  <Point X="75" Y="222" T="11547624" />
  <Point X="75" Y="228" T="11547637" />
  <Point X="75" Y="235" T="11547650" />
  <Point X="75" Y="237" T="11547664" />
  <Point X="75" Y="240" T="11547665" />
  <Point X="76" Y="242" T="11547684" />
  <Point X="76" Y="245" T="11547699" />
  <Point X="76" Y="249" T="11547713" />
  <Point X="76" Y="252" T="11547734" />
  <Point X="79" Y="254" T="11547844" />
  <Point X="81" Y="253" T="11547861" />
  <Point X="83" Y="252" T="11547877" />
  <Point X="88" Y="251" T="11547892" />
  <Point X="94" Y="250" T="11547908" />
  <Point X="100" Y="250" T="11547923" />
  <Point X="103" Y="248" T="11547924" />
  <Point X="110" Y="247" T="11547941" />
  <Point X="114" Y="248" T="11547958" />
  <Point X="117" Y="248" T="11547974" />
  <Point X="119" Y="247" T="11547990" />
  <Point X="121" Y="249" T="11548025" />
  <Point X="122" Y="247" T="11548101" />
</Gesture>