﻿<?xml version="1.0" encoding="utf-8" standalone="yes"?>
<Gesture Name="left_curly_brace07" Subject="2" Speed="fast" Number="7" NumPts="76" Millseconds="1561" AppName="Gestures" AppVer="3.5.0.0" Date="Monday, March 05, 2007" TimeOfDay="9:09:33 PM">
  <Point X="141" Y="133" T="11264599" />
  <Point X="140" Y="131" T="11264618" />
  <Point X="138" Y="130" T="11264642" />
  <Point X="136" Y="130" T="11264662" />
  <Point X="134" Y="130" T="11264678" />
  <Point X="131" Y="130" T="11264694" />
  <Point X="129" Y="130" T="11264706" />
  <Point X="127" Y="133" T="11264714" />
  <Point X="124" Y="134" T="11264726" />
  <Point X="122" Y="136" T="11264734" />
  <Point X="120" Y="137" T="11264743" />
  <Point X="118" Y="137" T="11264750" />
  <Point X="116" Y="139" T="11264762" />
  <Point X="114" Y="141" T="11264770" />
  <Point X="112" Y="143" T="11264782" />
  <Point X="110" Y="145" T="11264794" />
  <Point X="108" Y="147" T="11264803" />
  <Point X="108" Y="149" T="11264812" />
  <Point X="107" Y="151" T="11264822" />
  <Point X="106" Y="154" T="11264831" />
  <Point X="105" Y="157" T="11264841" />
  <Point X="105" Y="159" T="11264851" />
  <Point X="105" Y="163" T="11264862" />
  <Point X="105" Y="165" T="11264872" />
  <Point X="105" Y="167" T="11264882" />
  <Point X="106" Y="169" T="11264892" />
  <Point X="107" Y="175" T="11264903" />
  <Point X="109" Y="178" T="11264915" />
  <Point X="111" Y="181" T="11264927" />
  <Point X="112" Y="184" T="11264939" />
  <Point X="113" Y="187" T="11264951" />
  <Point X="114" Y="189" T="11264962" />
  <Point X="116" Y="191" T="11264974" />
  <Point X="118" Y="193" T="11264987" />
  <Point X="119" Y="195" T="11265000" />
  <Point X="121" Y="197" T="11265015" />
  <Point X="121" Y="199" T="11265029" />
  <Point X="122" Y="201" T="11265076" />
  <Point X="120" Y="202" T="11265129" />
  <Point X="118" Y="202" T="11265149" />
  <Point X="116" Y="202" T="11265164" />
  <Point X="114" Y="202" T="11265179" />
  <Point X="111" Y="202" T="11265194" />
  <Point X="109" Y="202" T="11265209" />
  <Point X="107" Y="203" T="11265224" />
  <Point X="105" Y="203" T="11265238" />
  <Point X="103" Y="204" T="11265253" />
  <Point X="101" Y="205" T="11265269" />
  <Point X="99" Y="208" T="11265289" />
  <Point X="101" Y="209" T="11265369" />
  <Point X="103" Y="208" T="11265386" />
  <Point X="106" Y="206" T="11265404" />
  <Point X="108" Y="205" T="11265422" />
  <Point X="110" Y="204" T="11265440" />
  <Point X="112" Y="203" T="11265458" />
  <Point X="114" Y="202" T="11265482" />
  <Point X="116" Y="202" T="11265510" />
  <Point X="118" Y="201" T="11265539" />
  <Point X="120" Y="201" T="11265599" />
  <Point X="118" Y="203" T="11265856" />
  <Point X="117" Y="205" T="11265879" />
  <Point X="115" Y="206" T="11265900" />
  <Point X="113" Y="208" T="11265920" />
  <Point X="111" Y="213" T="11265939" />
  <Point X="109" Y="218" T="11265960" />
  <Point X="109" Y="223" T="11265979" />
  <Point X="109" Y="226" T="11265999" />
  <Point X="110" Y="229" T="11266000" />
  <Point X="111" Y="234" T="11266020" />
  <Point X="117" Y="243" T="11266040" />
  <Point X="122" Y="248" T="11266059" />
  <Point X="130" Y="252" T="11266079" />
  <Point X="135" Y="253" T="11266099" />
  <Point X="140" Y="253" T="11266120" />
  <Point X="142" Y="252" T="11266140" />
  <Point X="144" Y="250" T="11266160" />
</Gesture>