﻿<?xml version="1.0" encoding="utf-8" standalone="yes"?>
<Gesture Name="left_sq_bracket03" Subject="2" Speed="fast" Number="3" NumPts="58" Millseconds="968" AppName="Gestures" AppVer="3.5.0.0" Date="Monday, March 05, 2007" TimeOfDay="9:14:07 PM">
  <Point X="127" Y="154" T="11539318" />
  <Point X="125" Y="152" T="11539342" />
  <Point X="123" Y="151" T="11539359" />
  <Point X="121" Y="151" T="11539370" />
  <Point X="118" Y="151" T="11539382" />
  <Point X="116" Y="151" T="11539390" />
  <Point X="114" Y="151" T="11539398" />
  <Point X="111" Y="151" T="11539406" />
  <Point X="108" Y="151" T="11539414" />
  <Point X="106" Y="152" T="11539422" />
  <Point X="103" Y="152" T="11539431" />
  <Point X="100" Y="152" T="11539438" />
  <Point X="98" Y="152" T="11539446" />
  <Point X="95" Y="152" T="11539455" />
  <Point X="93" Y="151" T="11539463" />
  <Point X="91" Y="151" T="11539472" />
  <Point X="89" Y="151" T="11539481" />
  <Point X="86" Y="150" T="11539490" />
  <Point X="83" Y="148" T="11539503" />
  <Point X="80" Y="149" T="11539515" />
  <Point X="78" Y="147" T="11539527" />
  <Point X="76" Y="147" T="11539543" />
  <Point X="74" Y="146" T="11539575" />
  <Point X="73" Y="148" T="11539656" />
  <Point X="75" Y="150" T="11539689" />
  <Point X="76" Y="153" T="11539712" />
  <Point X="78" Y="155" T="11539737" />
  <Point X="78" Y="158" T="11539749" />
  <Point X="79" Y="160" T="11539762" />
  <Point X="80" Y="165" T="11539774" />
  <Point X="81" Y="168" T="11539786" />
  <Point X="82" Y="175" T="11539798" />
  <Point X="83" Y="182" T="11539810" />
  <Point X="83" Y="189" T="11539822" />
  <Point X="83" Y="197" T="11539835" />
  <Point X="83" Y="205" T="11539848" />
  <Point X="84" Y="213" T="11539861" />
  <Point X="84" Y="215" T="11539862" />
  <Point X="84" Y="223" T="11539875" />
  <Point X="84" Y="231" T="11539889" />
  <Point X="84" Y="233" T="11539890" />
  <Point X="84" Y="240" T="11539904" />
  <Point X="84" Y="247" T="11539918" />
  <Point X="85" Y="249" T="11539933" />
  <Point X="85" Y="251" T="11539948" />
  <Point X="85" Y="254" T="11539964" />
  <Point X="85" Y="256" T="11539981" />
  <Point X="88" Y="254" T="11540050" />
  <Point X="90" Y="252" T="11540070" />
  <Point X="93" Y="251" T="11540087" />
  <Point X="97" Y="249" T="11540103" />
  <Point X="103" Y="247" T="11540119" />
  <Point X="109" Y="245" T="11540135" />
  <Point X="116" Y="244" T="11540151" />
  <Point X="122" Y="243" T="11540167" />
  <Point X="127" Y="242" T="11540184" />
  <Point X="129" Y="243" T="11540202" />
  <Point X="131" Y="241" T="11540286" />
</Gesture>