﻿<?xml version="1.0" encoding="utf-8" standalone="yes"?>
<Gesture Name="left_sq_bracket01" Subject="2" Speed="fast" Number="1" NumPts="56" Millseconds="878" AppName="Gestures" AppVer="3.5.0.0" Date="Monday, March 05, 2007" TimeOfDay="9:14:04 PM">
  <Point X="133" Y="138" T="11536604" />
  <Point X="130" Y="137" T="11536661" />
  <Point X="128" Y="137" T="11536677" />
  <Point X="126" Y="137" T="11536689" />
  <Point X="124" Y="137" T="11536701" />
  <Point X="122" Y="137" T="11536710" />
  <Point X="119" Y="137" T="11536718" />
  <Point X="117" Y="138" T="11536726" />
  <Point X="114" Y="138" T="11536734" />
  <Point X="110" Y="139" T="11536742" />
  <Point X="107" Y="140" T="11536750" />
  <Point X="104" Y="141" T="11536758" />
  <Point X="101" Y="141" T="11536767" />
  <Point X="98" Y="141" T="11536775" />
  <Point X="95" Y="142" T="11536783" />
  <Point X="93" Y="142" T="11536792" />
  <Point X="91" Y="143" T="11536800" />
  <Point X="88" Y="143" T="11536809" />
  <Point X="86" Y="143" T="11536819" />
  <Point X="83" Y="143" T="11536830" />
  <Point X="81" Y="143" T="11536842" />
  <Point X="79" Y="143" T="11536858" />
  <Point X="77" Y="143" T="11536878" />
  <Point X="75" Y="145" T="11536978" />
  <Point X="76" Y="148" T="11536994" />
  <Point X="76" Y="150" T="11537006" />
  <Point X="77" Y="153" T="11537017" />
  <Point X="77" Y="155" T="11537028" />
  <Point X="77" Y="160" T="11537041" />
  <Point X="78" Y="167" T="11537054" />
  <Point X="79" Y="169" T="11537055" />
  <Point X="79" Y="176" T="11537067" />
  <Point X="79" Y="185" T="11537079" />
  <Point X="80" Y="193" T="11537094" />
  <Point X="80" Y="195" T="11537095" />
  <Point X="81" Y="202" T="11537110" />
  <Point X="81" Y="205" T="11537111" />
  <Point X="81" Y="211" T="11537124" />
  <Point X="82" Y="218" T="11537139" />
  <Point X="82" Y="222" T="11537154" />
  <Point X="82" Y="225" T="11537155" />
  <Point X="82" Y="228" T="11537170" />
  <Point X="82" Y="233" T="11537185" />
  <Point X="82" Y="235" T="11537200" />
  <Point X="81" Y="237" T="11537216" />
  <Point X="81" Y="239" T="11537262" />
  <Point X="83" Y="239" T="11537286" />
  <Point X="85" Y="238" T="11537302" />
  <Point X="91" Y="236" T="11537319" />
  <Point X="97" Y="234" T="11537335" />
  <Point X="106" Y="234" T="11537353" />
  <Point X="115" Y="233" T="11537371" />
  <Point X="120" Y="233" T="11537389" />
  <Point X="125" Y="233" T="11537406" />
  <Point X="127" Y="234" T="11537430" />
  <Point X="126" Y="231" T="11537482" />
</Gesture>