﻿<?xml version="1.0" encoding="utf-8" standalone="yes"?>
<Gesture Name="left_sq_bracket09" Subject="2" Speed="fast" Number="9" NumPts="57" Millseconds="1150" AppName="Gestures" AppVer="3.5.0.0" Date="Monday, March 05, 2007" TimeOfDay="9:14:16 PM">
  <Point X="116" Y="165" T="11548515" />
  <Point X="114" Y="165" T="11548543" />
  <Point X="111" Y="164" T="11548564" />
  <Point X="109" Y="165" T="11548575" />
  <Point X="107" Y="164" T="11548588" />
  <Point X="104" Y="165" T="11548601" />
  <Point X="102" Y="165" T="11548609" />
  <Point X="100" Y="166" T="11548617" />
  <Point X="97" Y="165" T="11548625" />
  <Point X="95" Y="165" T="11548633" />
  <Point X="93" Y="165" T="11548641" />
  <Point X="91" Y="165" T="11548650" />
  <Point X="88" Y="165" T="11548657" />
  <Point X="86" Y="164" T="11548668" />
  <Point X="84" Y="164" T="11548676" />
  <Point X="82" Y="165" T="11548685" />
  <Point X="79" Y="164" T="11548696" />
  <Point X="77" Y="164" T="11548708" />
  <Point X="75" Y="163" T="11548720" />
  <Point X="73" Y="163" T="11548737" />
  <Point X="71" Y="162" T="11548761" />
  <Point X="69" Y="163" T="11548801" />
  <Point X="68" Y="165" T="11548866" />
  <Point X="70" Y="166" T="11548947" />
  <Point X="70" Y="169" T="11548967" />
  <Point X="71" Y="171" T="11548987" />
  <Point X="72" Y="175" T="11548998" />
  <Point X="73" Y="178" T="11549010" />
  <Point X="73" Y="181" T="11549022" />
  <Point X="74" Y="188" T="11549034" />
  <Point X="75" Y="190" T="11549035" />
  <Point X="75" Y="197" T="11549048" />
  <Point X="75" Y="204" T="11549060" />
  <Point X="75" Y="212" T="11549073" />
  <Point X="75" Y="222" T="11549088" />
  <Point X="75" Y="228" T="11549101" />
  <Point X="76" Y="232" T="11549114" />
  <Point X="76" Y="236" T="11549115" />
  <Point X="77" Y="239" T="11549130" />
  <Point X="77" Y="247" T="11549145" />
  <Point X="78" Y="252" T="11549160" />
  <Point X="78" Y="254" T="11549174" />
  <Point X="78" Y="257" T="11549188" />
  <Point X="79" Y="259" T="11549203" />
  <Point X="79" Y="261" T="11549231" />
  <Point X="81" Y="259" T="11549363" />
  <Point X="83" Y="259" T="11549378" />
  <Point X="86" Y="258" T="11549394" />
  <Point X="91" Y="257" T="11549411" />
  <Point X="97" Y="255" T="11549427" />
  <Point X="104" Y="254" T="11549444" />
  <Point X="110" Y="252" T="11549461" />
  <Point X="114" Y="252" T="11549480" />
  <Point X="117" Y="252" T="11549497" />
  <Point X="119" Y="252" T="11549516" />
  <Point X="121" Y="252" T="11549536" />
  <Point X="122" Y="249" T="11549665" />
</Gesture>