﻿<?xml version="1.0" encoding="utf-8" standalone="yes"?>
<Gesture Name="left_sq_bracket06" Subject="2" Speed="fast" Number="6" NumPts="59" Millseconds="1154" AppName="Gestures" AppVer="3.5.0.0" Date="Monday, March 05, 2007" TimeOfDay="9:14:12 PM">
  <Point X="125" Y="163" T="11543824" />
  <Point X="123" Y="162" T="11543848" />
  <Point X="121" Y="162" T="11543868" />
  <Point X="119" Y="162" T="11543880" />
  <Point X="117" Y="161" T="11543892" />
  <Point X="115" Y="162" T="11543900" />
  <Point X="112" Y="162" T="11543912" />
  <Point X="109" Y="161" T="11543920" />
  <Point X="107" Y="162" T="11543928" />
  <Point X="105" Y="163" T="11543936" />
  <Point X="102" Y="163" T="11543944" />
  <Point X="99" Y="163" T="11543953" />
  <Point X="96" Y="162" T="11543960" />
  <Point X="94" Y="163" T="11543969" />
  <Point X="91" Y="165" T="11543977" />
  <Point X="88" Y="165" T="11543985" />
  <Point X="86" Y="165" T="11543994" />
  <Point X="84" Y="165" T="11544003" />
  <Point X="82" Y="165" T="11544012" />
  <Point X="80" Y="165" T="11544025" />
  <Point X="77" Y="164" T="11544041" />
  <Point X="75" Y="163" T="11544061" />
  <Point X="73" Y="163" T="11544097" />
  <Point X="74" Y="165" T="11544230" />
  <Point X="75" Y="167" T="11544246" />
  <Point X="76" Y="170" T="11544274" />
  <Point X="76" Y="173" T="11544286" />
  <Point X="76" Y="176" T="11544297" />
  <Point X="77" Y="179" T="11544309" />
  <Point X="77" Y="182" T="11544321" />
  <Point X="77" Y="185" T="11544322" />
  <Point X="78" Y="190" T="11544334" />
  <Point X="78" Y="196" T="11544347" />
  <Point X="78" Y="201" T="11544360" />
  <Point X="79" Y="207" T="11544373" />
  <Point X="79" Y="216" T="11544390" />
  <Point X="79" Y="223" T="11544403" />
  <Point X="80" Y="230" T="11544417" />
  <Point X="80" Y="233" T="11544418" />
  <Point X="80" Y="237" T="11544432" />
  <Point X="81" Y="246" T="11544448" />
  <Point X="82" Y="253" T="11544463" />
  <Point X="82" Y="257" T="11544478" />
  <Point X="82" Y="260" T="11544494" />
  <Point X="83" Y="262" T="11544509" />
  <Point X="85" Y="262" T="11544655" />
  <Point X="87" Y="262" T="11544683" />
  <Point X="89" Y="261" T="11544699" />
  <Point X="91" Y="260" T="11544716" />
  <Point X="95" Y="260" T="11544732" />
  <Point X="100" Y="260" T="11544750" />
  <Point X="108" Y="257" T="11544768" />
  <Point X="113" Y="257" T="11544786" />
  <Point X="118" Y="256" T="11544804" />
  <Point X="123" Y="257" T="11544821" />
  <Point X="127" Y="256" T="11544841" />
  <Point X="129" Y="257" T="11544860" />
  <Point X="131" Y="257" T="11544878" />
  <Point X="133" Y="255" T="11544978" />
</Gesture>