﻿<?xml version="1.0" encoding="utf-8" standalone="yes"?>
<Gesture Name="left_sq_bracket07" Subject="2" Speed="fast" Number="7" NumPts="51" Millseconds="893" AppName="Gestures" AppVer="3.5.0.0" Date="Monday, March 05, 2007" TimeOfDay="9:14:13 PM">
  <Point X="118" Y="160" T="11545538" />
  <Point X="116" Y="160" T="11545567" />
  <Point X="113" Y="158" T="11545591" />
  <Point X="111" Y="160" T="11545607" />
  <Point X="108" Y="159" T="11545619" />
  <Point X="106" Y="159" T="11545632" />
  <Point X="103" Y="159" T="11545640" />
  <Point X="101" Y="160" T="11545648" />
  <Point X="99" Y="160" T="11545656" />
  <Point X="97" Y="159" T="11545664" />
  <Point X="94" Y="161" T="11545673" />
  <Point X="92" Y="161" T="11545681" />
  <Point X="89" Y="161" T="11545692" />
  <Point X="87" Y="161" T="11545705" />
  <Point X="84" Y="162" T="11545717" />
  <Point X="82" Y="162" T="11545729" />
  <Point X="80" Y="162" T="11545741" />
  <Point X="78" Y="162" T="11545758" />
  <Point X="76" Y="162" T="11545773" />
  <Point X="75" Y="164" T="11545881" />
  <Point X="76" Y="166" T="11545901" />
  <Point X="78" Y="170" T="11545917" />
  <Point X="78" Y="172" T="11545928" />
  <Point X="79" Y="175" T="11545938" />
  <Point X="79" Y="178" T="11545949" />
  <Point X="80" Y="181" T="11545960" />
  <Point X="81" Y="188" T="11545970" />
  <Point X="81" Y="194" T="11545982" />
  <Point X="82" Y="197" T="11545993" />
  <Point X="82" Y="200" T="11545994" />
  <Point X="82" Y="207" T="11546006" />
  <Point X="82" Y="211" T="11546018" />
  <Point X="83" Y="218" T="11546030" />
  <Point X="83" Y="225" T="11546043" />
  <Point X="83" Y="227" T="11546056" />
  <Point X="83" Y="234" T="11546068" />
  <Point X="83" Y="240" T="11546081" />
  <Point X="84" Y="245" T="11546094" />
  <Point X="84" Y="247" T="11546109" />
  <Point X="85" Y="249" T="11546247" />
  <Point X="87" Y="250" T="11546271" />
  <Point X="89" Y="250" T="11546288" />
  <Point X="92" Y="250" T="11546303" />
  <Point X="96" Y="249" T="11546317" />
  <Point X="101" Y="248" T="11546332" />
  <Point X="108" Y="248" T="11546348" />
  <Point X="114" Y="247" T="11546363" />
  <Point X="118" Y="246" T="11546380" />
  <Point X="120" Y="246" T="11546396" />
  <Point X="123" Y="247" T="11546413" />
  <Point X="125" Y="246" T="11546431" />
</Gesture>