﻿<?xml version="1.0" encoding="utf-8" standalone="yes"?>
<Gesture Name="left_curly_brace10" Subject="2" Speed="fast" Number="10" NumPts="80" Millseconds="1717" AppName="Gestures" AppVer="3.5.0.0" Date="Monday, March 05, 2007" TimeOfDay="9:09:40 PM">
  <Point X="139" Y="143" T="11271599" />
  <Point X="139" Y="141" T="11271623" />
  <Point X="136" Y="140" T="11271675" />
  <Point X="134" Y="140" T="11271699" />
  <Point X="132" Y="140" T="11271719" />
  <Point X="130" Y="139" T="11271734" />
  <Point X="127" Y="140" T="11271747" />
  <Point X="125" Y="141" T="11271755" />
  <Point X="123" Y="141" T="11271763" />
  <Point X="121" Y="143" T="11271771" />
  <Point X="119" Y="144" T="11271779" />
  <Point X="116" Y="145" T="11271791" />
  <Point X="114" Y="146" T="11271799" />
  <Point X="112" Y="148" T="11271810" />
  <Point X="110" Y="149" T="11271823" />
  <Point X="107" Y="151" T="11271836" />
  <Point X="105" Y="153" T="11271848" />
  <Point X="104" Y="156" T="11271861" />
  <Point X="103" Y="158" T="11271872" />
  <Point X="101" Y="160" T="11271885" />
  <Point X="100" Y="162" T="11271897" />
  <Point X="100" Y="165" T="11271906" />
  <Point X="100" Y="167" T="11271916" />
  <Point X="99" Y="170" T="11271929" />
  <Point X="99" Y="173" T="11271939" />
  <Point X="99" Y="175" T="11271949" />
  <Point X="100" Y="178" T="11271961" />
  <Point X="101" Y="180" T="11271972" />
  <Point X="102" Y="183" T="11271982" />
  <Point X="103" Y="185" T="11271993" />
  <Point X="105" Y="187" T="11272005" />
  <Point X="106" Y="190" T="11272006" />
  <Point X="108" Y="191" T="11272019" />
  <Point X="110" Y="193" T="11272032" />
  <Point X="113" Y="195" T="11272046" />
  <Point X="115" Y="197" T="11272060" />
  <Point X="118" Y="198" T="11272074" />
  <Point X="120" Y="199" T="11272088" />
  <Point X="122" Y="200" T="11272103" />
  <Point X="124" Y="201" T="11272129" />
  <Point X="124" Y="203" T="11272153" />
  <Point X="124" Y="205" T="11272182" />
  <Point X="122" Y="207" T="11272235" />
  <Point X="120" Y="206" T="11272287" />
  <Point X="118" Y="204" T="11272335" />
  <Point X="116" Y="204" T="11272371" />
  <Point X="113" Y="203" T="11272399" />
  <Point X="111" Y="203" T="11272419" />
  <Point X="109" Y="202" T="11272436" />
  <Point X="107" Y="203" T="11272453" />
  <Point X="105" Y="204" T="11272475" />
  <Point X="103" Y="206" T="11272524" />
  <Point X="105" Y="207" T="11272572" />
  <Point X="107" Y="207" T="11272591" />
  <Point X="110" Y="207" T="11272609" />
  <Point X="115" Y="205" T="11272629" />
  <Point X="119" Y="205" T="11272648" />
  <Point X="122" Y="204" T="11272668" />
  <Point X="124" Y="203" T="11272690" />
  <Point X="126" Y="203" T="11272728" />
  <Point X="124" Y="204" T="11272838" />
  <Point X="122" Y="204" T="11272862" />
  <Point X="120" Y="204" T="11272899" />
  <Point X="118" Y="206" T="11272927" />
  <Point X="116" Y="206" T="11272955" />
  <Point X="114" Y="209" T="11272982" />
  <Point X="113" Y="211" T="11273007" />
  <Point X="112" Y="213" T="11273029" />
  <Point X="112" Y="215" T="11273051" />
  <Point X="112" Y="219" T="11273073" />
  <Point X="112" Y="224" T="11273096" />
  <Point X="113" Y="231" T="11273120" />
  <Point X="117" Y="241" T="11273144" />
  <Point X="122" Y="252" T="11273168" />
  <Point X="129" Y="261" T="11273192" />
  <Point X="138" Y="264" T="11273216" />
  <Point X="148" Y="266" T="11273241" />
  <Point X="155" Y="262" T="11273266" />
  <Point X="159" Y="258" T="11273291" />
  <Point X="161" Y="252" T="11273316" />
</Gesture>