﻿<?xml version="1.0" encoding="utf-8" standalone="yes"?>
<Gesture Name="left_curly_brace02" Subject="2" Speed="fast" Number="2" NumPts="83" Millseconds="1698" AppName="Gestures" AppVer="3.5.0.0" Date="Monday, March 05, 2007" TimeOfDay="9:09:21 PM">
  <Point X="135" Y="131" T="11252186" />
  <Point X="133" Y="129" T="11252230" />
  <Point X="131" Y="130" T="11252259" />
  <Point X="129" Y="129" T="11252279" />
  <Point X="126" Y="130" T="11252295" />
  <Point X="124" Y="130" T="11252307" />
  <Point X="121" Y="131" T="11252319" />
  <Point X="118" Y="133" T="11252331" />
  <Point X="116" Y="133" T="11252339" />
  <Point X="114" Y="134" T="11252347" />
  <Point X="112" Y="135" T="11252356" />
  <Point X="110" Y="137" T="11252363" />
  <Point X="108" Y="137" T="11252375" />
  <Point X="106" Y="140" T="11252387" />
  <Point X="104" Y="141" T="11252403" />
  <Point X="101" Y="144" T="11252424" />
  <Point X="100" Y="146" T="11252440" />
  <Point X="100" Y="148" T="11252452" />
  <Point X="100" Y="150" T="11252461" />
  <Point X="100" Y="152" T="11252476" />
  <Point X="100" Y="155" T="11252486" />
  <Point X="100" Y="157" T="11252496" />
  <Point X="101" Y="160" T="11252508" />
  <Point X="101" Y="164" T="11252519" />
  <Point X="102" Y="166" T="11252530" />
  <Point X="104" Y="171" T="11252542" />
  <Point X="105" Y="173" T="11252553" />
  <Point X="105" Y="176" T="11252565" />
  <Point X="108" Y="180" T="11252577" />
  <Point X="110" Y="183" T="11252590" />
  <Point X="112" Y="185" T="11252602" />
  <Point X="114" Y="186" T="11252615" />
  <Point X="117" Y="188" T="11252628" />
  <Point X="119" Y="189" T="11252642" />
  <Point X="121" Y="190" T="11252655" />
  <Point X="123" Y="190" T="11252669" />
  <Point X="125" Y="191" T="11252688" />
  <Point X="126" Y="194" T="11252784" />
  <Point X="124" Y="194" T="11252808" />
  <Point X="122" Y="194" T="11252824" />
  <Point X="120" Y="194" T="11252844" />
  <Point X="117" Y="194" T="11252860" />
  <Point X="115" Y="195" T="11252876" />
  <Point X="113" Y="195" T="11252892" />
  <Point X="111" Y="196" T="11252908" />
  <Point X="109" Y="195" T="11252924" />
  <Point X="106" Y="195" T="11252941" />
  <Point X="104" Y="196" T="11252958" />
  <Point X="99" Y="197" T="11252976" />
  <Point X="97" Y="198" T="11252993" />
  <Point X="95" Y="198" T="11253011" />
  <Point X="92" Y="200" T="11253029" />
  <Point X="90" Y="202" T="11253047" />
  <Point X="93" Y="202" T="11253141" />
  <Point X="95" Y="202" T="11253160" />
  <Point X="100" Y="202" T="11253179" />
  <Point X="104" Y="202" T="11253198" />
  <Point X="110" Y="200" T="11253218" />
  <Point X="114" Y="198" T="11253238" />
  <Point X="119" Y="195" T="11253261" />
  <Point X="121" Y="194" T="11253282" />
  <Point X="123" Y="193" T="11253302" />
  <Point X="125" Y="194" T="11253369" />
  <Point X="123" Y="195" T="11253445" />
  <Point X="121" Y="195" T="11253485" />
  <Point X="119" Y="196" T="11253518" />
  <Point X="117" Y="198" T="11253546" />
  <Point X="114" Y="199" T="11253568" />
  <Point X="112" Y="201" T="11253591" />
  <Point X="109" Y="205" T="11253613" />
  <Point X="107" Y="207" T="11253615" />
  <Point X="105" Y="209" T="11253637" />
  <Point X="103" Y="215" T="11253659" />
  <Point X="103" Y="220" T="11253679" />
  <Point X="105" Y="225" T="11253700" />
  <Point X="109" Y="231" T="11253721" />
  <Point X="116" Y="237" T="11253743" />
  <Point X="120" Y="240" T="11253767" />
  <Point X="124" Y="242" T="11253789" />
  <Point X="132" Y="242" T="11253815" />
  <Point X="137" Y="241" T="11253837" />
  <Point X="139" Y="241" T="11253859" />
  <Point X="141" Y="240" T="11253884" />
</Gesture>