﻿<?xml version="1.0" encoding="utf-8" standalone="yes"?>
<Gesture Name="left_curly_brace09" Subject="2" Speed="fast" Number="9" NumPts="79" Millseconds="1605" AppName="Gestures" AppVer="3.5.0.0" Date="Monday, March 05, 2007" TimeOfDay="9:09:38 PM">
  <Point X="139" Y="134" T="11269243" />
  <Point X="137" Y="133" T="11269306" />
  <Point X="134" Y="131" T="11269327" />
  <Point X="132" Y="132" T="11269343" />
  <Point X="130" Y="132" T="11269355" />
  <Point X="127" Y="132" T="11269367" />
  <Point X="125" Y="132" T="11269379" />
  <Point X="122" Y="133" T="11269391" />
  <Point X="120" Y="134" T="11269399" />
  <Point X="118" Y="136" T="11269407" />
  <Point X="116" Y="137" T="11269416" />
  <Point X="114" Y="139" T="11269423" />
  <Point X="112" Y="141" T="11269432" />
  <Point X="110" Y="142" T="11269440" />
  <Point X="107" Y="143" T="11269451" />
  <Point X="105" Y="146" T="11269463" />
  <Point X="104" Y="148" T="11269475" />
  <Point X="103" Y="150" T="11269484" />
  <Point X="102" Y="152" T="11269493" />
  <Point X="101" Y="155" T="11269503" />
  <Point X="100" Y="158" T="11269513" />
  <Point X="100" Y="161" T="11269523" />
  <Point X="99" Y="164" T="11269533" />
  <Point X="100" Y="167" T="11269543" />
  <Point X="101" Y="170" T="11269544" />
  <Point X="101" Y="173" T="11269554" />
  <Point X="103" Y="177" T="11269564" />
  <Point X="104" Y="179" T="11269575" />
  <Point X="105" Y="182" T="11269576" />
  <Point X="107" Y="185" T="11269587" />
  <Point X="108" Y="187" T="11269598" />
  <Point X="111" Y="192" T="11269609" />
  <Point X="112" Y="194" T="11269621" />
  <Point X="114" Y="196" T="11269632" />
  <Point X="117" Y="199" T="11269644" />
  <Point X="119" Y="200" T="11269656" />
  <Point X="121" Y="201" T="11269669" />
  <Point X="123" Y="202" T="11269682" />
  <Point X="125" Y="204" T="11269703" />
  <Point X="123" Y="203" T="11269814" />
  <Point X="120" Y="203" T="11269834" />
  <Point X="118" Y="204" T="11269850" />
  <Point X="116" Y="204" T="11269866" />
  <Point X="114" Y="205" T="11269880" />
  <Point X="112" Y="205" T="11269894" />
  <Point X="110" Y="204" T="11269908" />
  <Point X="106" Y="205" T="11269922" />
  <Point X="104" Y="206" T="11269937" />
  <Point X="101" Y="207" T="11269959" />
  <Point X="100" Y="209" T="11269991" />
  <Point X="102" Y="209" T="11270104" />
  <Point X="104" Y="209" T="11270120" />
  <Point X="106" Y="208" T="11270136" />
  <Point X="108" Y="208" T="11270152" />
  <Point X="110" Y="208" T="11270168" />
  <Point X="113" Y="208" T="11270185" />
  <Point X="117" Y="206" T="11270201" />
  <Point X="120" Y="206" T="11270219" />
  <Point X="122" Y="206" T="11270238" />
  <Point X="124" Y="205" T="11270289" />
  <Point X="122" Y="204" T="11270458" />
  <Point X="120" Y="205" T="11270489" />
  <Point X="118" Y="207" T="11270521" />
  <Point X="116" Y="208" T="11270549" />
  <Point X="115" Y="210" T="11270567" />
  <Point X="114" Y="212" T="11270586" />
  <Point X="113" Y="214" T="11270605" />
  <Point X="112" Y="219" T="11270624" />
  <Point X="112" Y="223" T="11270643" />
  <Point X="113" Y="231" T="11270663" />
  <Point X="117" Y="239" T="11270682" />
  <Point X="123" Y="247" T="11270702" />
  <Point X="129" Y="251" T="11270722" />
  <Point X="138" Y="255" T="11270743" />
  <Point X="146" Y="257" T="11270765" />
  <Point X="150" Y="256" T="11270786" />
  <Point X="152" Y="255" T="11270806" />
  <Point X="156" Y="251" T="11270827" />
  <Point X="158" Y="249" T="11270848" />
</Gesture>