﻿<?xml version="1.0" encoding="utf-8" standalone="yes"?>
<Gesture Name="left_sq_bracket04" Subject="2" Speed="fast" Number="4" NumPts="64" Millseconds="991" AppName="Gestures" AppVer="3.5.0.0" Date="Monday, March 05, 2007" TimeOfDay="9:14:08 PM">
  <Point X="131" Y="160" T="11540656" />
  <Point X="129" Y="159" T="11540685" />
  <Point X="127" Y="158" T="11540700" />
  <Point X="124" Y="157" T="11540717" />
  <Point X="121" Y="157" T="11540729" />
  <Point X="119" Y="156" T="11540741" />
  <Point X="116" Y="156" T="11540749" />
  <Point X="114" Y="157" T="11540757" />
  <Point X="111" Y="157" T="11540765" />
  <Point X="108" Y="157" T="11540773" />
  <Point X="105" Y="158" T="11540781" />
  <Point X="102" Y="158" T="11540790" />
  <Point X="98" Y="158" T="11540798" />
  <Point X="95" Y="159" T="11540806" />
  <Point X="92" Y="159" T="11540815" />
  <Point X="90" Y="158" T="11540824" />
  <Point X="87" Y="158" T="11540833" />
  <Point X="85" Y="158" T="11540842" />
  <Point X="83" Y="158" T="11540851" />
  <Point X="81" Y="157" T="11540863" />
  <Point X="79" Y="156" T="11540881" />
  <Point X="77" Y="154" T="11540970" />
  <Point X="78" Y="156" T="11540982" />
  <Point X="80" Y="157" T="11541007" />
  <Point X="82" Y="159" T="11541027" />
  <Point X="83" Y="161" T="11541043" />
  <Point X="85" Y="163" T="11541060" />
  <Point X="85" Y="166" T="11541072" />
  <Point X="86" Y="168" T="11541083" />
  <Point X="87" Y="172" T="11541084" />
  <Point X="88" Y="176" T="11541096" />
  <Point X="88" Y="179" T="11541108" />
  <Point X="88" Y="181" T="11541109" />
  <Point X="89" Y="187" T="11541121" />
  <Point X="89" Y="193" T="11541133" />
  <Point X="89" Y="200" T="11541146" />
  <Point X="89" Y="207" T="11541158" />
  <Point X="91" Y="214" T="11541171" />
  <Point X="91" Y="216" T="11541172" />
  <Point X="91" Y="223" T="11541186" />
  <Point X="91" Y="230" T="11541200" />
  <Point X="91" Y="233" T="11541201" />
  <Point X="92" Y="236" T="11541215" />
  <Point X="92" Y="244" T="11541229" />
  <Point X="92" Y="246" T="11541243" />
  <Point X="92" Y="248" T="11541257" />
  <Point X="92" Y="251" T="11541272" />
  <Point X="93" Y="253" T="11541287" />
  <Point X="93" Y="255" T="11541302" />
  <Point X="93" Y="257" T="11541317" />
  <Point X="93" Y="259" T="11541337" />
  <Point X="93" Y="261" T="11541380" />
  <Point X="95" Y="260" T="11541464" />
  <Point X="97" Y="259" T="11541489" />
  <Point X="99" Y="257" T="11541506" />
  <Point X="102" Y="256" T="11541523" />
  <Point X="106" Y="254" T="11541539" />
  <Point X="112" Y="252" T="11541556" />
  <Point X="119" Y="250" T="11541574" />
  <Point X="122" Y="250" T="11541575" />
  <Point X="127" Y="248" T="11541593" />
  <Point X="131" Y="248" T="11541611" />
  <Point X="133" Y="249" T="11541629" />
  <Point X="138" Y="248" T="11541647" />
</Gesture>