﻿<?xml version="1.0" encoding="utf-8" standalone="yes"?>
<Gesture Name="left_sq_bracket05" Subject="2" Speed="fast" Number="5" NumPts="58" Millseconds="1101" AppName="Gestures" AppVer="3.5.0.0" Date="Monday, March 05, 2007" TimeOfDay="9:14:10 PM">
  <Point X="129" Y="159" T="11542196" />
  <Point X="127" Y="157" T="11542212" />
  <Point X="125" Y="157" T="11542227" />
  <Point X="123" Y="157" T="11542240" />
  <Point X="121" Y="156" T="11542252" />
  <Point X="119" Y="157" T="11542260" />
  <Point X="116" Y="157" T="11542273" />
  <Point X="114" Y="157" T="11542281" />
  <Point X="111" Y="157" T="11542289" />
  <Point X="109" Y="157" T="11542297" />
  <Point X="107" Y="157" T="11542306" />
  <Point X="104" Y="157" T="11542313" />
  <Point X="102" Y="157" T="11542321" />
  <Point X="100" Y="157" T="11542330" />
  <Point X="97" Y="157" T="11542338" />
  <Point X="95" Y="157" T="11542347" />
  <Point X="93" Y="157" T="11542356" />
  <Point X="91" Y="158" T="11542365" />
  <Point X="88" Y="158" T="11542375" />
  <Point X="86" Y="158" T="11542385" />
  <Point X="84" Y="157" T="11542405" />
  <Point X="82" Y="158" T="11542450" />
  <Point X="82" Y="160" T="11542610" />
  <Point X="83" Y="163" T="11542630" />
  <Point X="83" Y="165" T="11542641" />
  <Point X="85" Y="167" T="11542659" />
  <Point X="85" Y="169" T="11542670" />
  <Point X="85" Y="172" T="11542682" />
  <Point X="86" Y="177" T="11542693" />
  <Point X="87" Y="183" T="11542704" />
  <Point X="87" Y="188" T="11542716" />
  <Point X="87" Y="196" T="11542728" />
  <Point X="88" Y="199" T="11542741" />
  <Point X="88" Y="208" T="11542753" />
  <Point X="88" Y="216" T="11542768" />
  <Point X="88" Y="224" T="11542781" />
  <Point X="88" Y="230" T="11542794" />
  <Point X="89" Y="233" T="11542795" />
  <Point X="89" Y="237" T="11542809" />
  <Point X="89" Y="242" T="11542822" />
  <Point X="89" Y="246" T="11542835" />
  <Point X="89" Y="249" T="11542836" />
  <Point X="90" Y="252" T="11542849" />
  <Point X="91" Y="257" T="11542864" />
  <Point X="91" Y="259" T="11542878" />
  <Point X="91" Y="261" T="11542892" />
  <Point X="93" Y="261" T="11543057" />
  <Point X="95" Y="260" T="11543073" />
  <Point X="97" Y="260" T="11543088" />
  <Point X="100" Y="258" T="11543103" />
  <Point X="104" Y="257" T="11543118" />
  <Point X="110" Y="256" T="11543134" />
  <Point X="115" Y="254" T="11543150" />
  <Point X="120" Y="253" T="11543166" />
  <Point X="125" Y="253" T="11543182" />
  <Point X="127" Y="253" T="11543199" />
  <Point X="129" Y="254" T="11543215" />
  <Point X="131" Y="252" T="11543297" />
</Gesture>