﻿<?xml version="1.0" encoding="utf-8" standalone="yes"?>
<Gesture Name="left_curly_brace03" Subject="2" Speed="fast" Number="3" NumPts="80" Millseconds="1732" AppName="Gestures" AppVer="3.5.0.0" Date="Monday, March 05, 2007" TimeOfDay="9:09:23 PM">
  <Point X="133" Y="128" T="11254591" />
  <Point X="131" Y="127" T="11254627" />
  <Point X="129" Y="126" T="11254643" />
  <Point X="127" Y="126" T="11254663" />
  <Point X="125" Y="126" T="11254679" />
  <Point X="122" Y="127" T="11254692" />
  <Point X="120" Y="129" T="11254704" />
  <Point X="118" Y="130" T="11254712" />
  <Point X="116" Y="132" T="11254720" />
  <Point X="113" Y="133" T="11254732" />
  <Point X="110" Y="136" T="11254744" />
  <Point X="108" Y="138" T="11254753" />
  <Point X="106" Y="139" T="11254764" />
  <Point X="105" Y="142" T="11254772" />
  <Point X="103" Y="144" T="11254784" />
  <Point X="102" Y="146" T="11254793" />
  <Point X="101" Y="149" T="11254802" />
  <Point X="101" Y="151" T="11254811" />
  <Point X="100" Y="153" T="11254821" />
  <Point X="100" Y="156" T="11254830" />
  <Point X="100" Y="158" T="11254839" />
  <Point X="101" Y="162" T="11254849" />
  <Point X="101" Y="166" T="11254859" />
  <Point X="102" Y="168" T="11254870" />
  <Point X="103" Y="170" T="11254880" />
  <Point X="104" Y="174" T="11254881" />
  <Point X="105" Y="176" T="11254892" />
  <Point X="107" Y="178" T="11254903" />
  <Point X="109" Y="183" T="11254914" />
  <Point X="111" Y="186" T="11254925" />
  <Point X="113" Y="186" T="11254936" />
  <Point X="115" Y="189" T="11254947" />
  <Point X="117" Y="191" T="11254960" />
  <Point X="119" Y="194" T="11254980" />
  <Point X="121" Y="196" T="11255017" />
  <Point X="119" Y="198" T="11255070" />
  <Point X="117" Y="198" T="11255090" />
  <Point X="115" Y="198" T="11255102" />
  <Point X="113" Y="199" T="11255115" />
  <Point X="111" Y="199" T="11255128" />
  <Point X="108" Y="199" T="11255141" />
  <Point X="106" Y="199" T="11255154" />
  <Point X="104" Y="199" T="11255168" />
  <Point X="101" Y="199" T="11255181" />
  <Point X="98" Y="200" T="11255182" />
  <Point X="96" Y="200" T="11255197" />
  <Point X="94" Y="201" T="11255212" />
  <Point X="92" Y="202" T="11255227" />
  <Point X="90" Y="203" T="11255242" />
  <Point X="89" Y="206" T="11255306" />
  <Point X="91" Y="206" T="11255330" />
  <Point X="93" Y="206" T="11255345" />
  <Point X="96" Y="206" T="11255361" />
  <Point X="98" Y="206" T="11255377" />
  <Point X="103" Y="203" T="11255393" />
  <Point X="106" Y="203" T="11255410" />
  <Point X="108" Y="202" T="11255411" />
  <Point X="111" Y="200" T="11255428" />
  <Point X="113" Y="200" T="11255445" />
  <Point X="115" Y="199" T="11255462" />
  <Point X="117" Y="198" T="11255489" />
  <Point X="118" Y="200" T="11255615" />
  <Point X="116" Y="200" T="11255675" />
  <Point X="114" Y="201" T="11255772" />
  <Point X="112" Y="202" T="11256010" />
  <Point X="110" Y="204" T="11256034" />
  <Point X="108" Y="205" T="11256054" />
  <Point X="106" Y="208" T="11256073" />
  <Point X="105" Y="211" T="11256093" />
  <Point X="104" Y="216" T="11256113" />
  <Point X="105" Y="222" T="11256133" />
  <Point X="108" Y="228" T="11256153" />
  <Point X="113" Y="238" T="11256175" />
  <Point X="117" Y="244" T="11256195" />
  <Point X="124" Y="250" T="11256216" />
  <Point X="128" Y="253" T="11256237" />
  <Point X="134" Y="254" T="11256259" />
  <Point X="137" Y="254" T="11256281" />
  <Point X="139" Y="253" T="11256302" />
  <Point X="141" Y="251" T="11256323" />
</Gesture>