﻿<?xml version="1.0" encoding="utf-8" standalone="yes"?>
<Gesture Name="left_sq_bracket02" Subject="2" Speed="fast" Number="2" NumPts="58" Millseconds="880" AppName="Gestures" AppVer="3.5.0.0" Date="Monday, March 05, 2007" TimeOfDay="9:14:05 PM">
  <Point X="127" Y="144" T="11537980" />
  <Point X="125" Y="143" T="11538023" />
  <Point X="122" Y="143" T="11538045" />
  <Point X="120" Y="143" T="11538056" />
  <Point X="117" Y="144" T="11538069" />
  <Point X="115" Y="144" T="11538077" />
  <Point X="113" Y="144" T="11538085" />
  <Point X="111" Y="145" T="11538093" />
  <Point X="108" Y="145" T="11538101" />
  <Point X="105" Y="145" T="11538110" />
  <Point X="102" Y="146" T="11538117" />
  <Point X="99" Y="147" T="11538125" />
  <Point X="96" Y="148" T="11538133" />
  <Point X="93" Y="147" T="11538142" />
  <Point X="90" Y="148" T="11538150" />
  <Point X="87" Y="148" T="11538159" />
  <Point X="85" Y="149" T="11538168" />
  <Point X="83" Y="149" T="11538177" />
  <Point X="81" Y="150" T="11538190" />
  <Point X="79" Y="149" T="11538214" />
  <Point X="77" Y="149" T="11538246" />
  <Point X="76" Y="151" T="11538354" />
  <Point X="77" Y="154" T="11538366" />
  <Point X="77" Y="156" T="11538377" />
  <Point X="78" Y="158" T="11538387" />
  <Point X="79" Y="164" T="11538398" />
  <Point X="80" Y="167" T="11538409" />
  <Point X="81" Y="169" T="11538411" />
  <Point X="81" Y="173" T="11538421" />
  <Point X="81" Y="175" T="11538422" />
  <Point X="82" Y="180" T="11538434" />
  <Point X="82" Y="182" T="11538435" />
  <Point X="83" Y="191" T="11538447" />
  <Point X="84" Y="199" T="11538459" />
  <Point X="85" Y="207" T="11538473" />
  <Point X="85" Y="209" T="11538474" />
  <Point X="85" Y="217" T="11538487" />
  <Point X="85" Y="224" T="11538500" />
  <Point X="85" Y="231" T="11538513" />
  <Point X="86" Y="233" T="11538514" />
  <Point X="86" Y="236" T="11538528" />
  <Point X="87" Y="242" T="11538541" />
  <Point X="87" Y="245" T="11538555" />
  <Point X="87" Y="247" T="11538569" />
  <Point X="87" Y="249" T="11538585" />
  <Point X="89" Y="250" T="11538655" />
  <Point X="92" Y="250" T="11538671" />
  <Point X="95" Y="250" T="11538685" />
  <Point X="100" Y="247" T="11538700" />
  <Point X="107" Y="247" T="11538716" />
  <Point X="110" Y="246" T="11538731" />
  <Point X="114" Y="246" T="11538732" />
  <Point X="121" Y="244" T="11538748" />
  <Point X="126" Y="243" T="11538765" />
  <Point X="128" Y="244" T="11538782" />
  <Point X="131" Y="244" T="11538783" />
  <Point X="133" Y="245" T="11538803" />
  <Point X="133" Y="243" T="11538860" />
</Gesture>