﻿<?xml version="1.0" encoding="utf-8" standalone="yes"?>
<Gesture Name="pigtail04" Subject="2" Speed="fast" Number="4" NumPts="55" Millseconds="606" AppName="Gestures" AppVer="3.5.0.0" Date="Monday, March 05, 2007" TimeOfDay="8:52:51 PM">
  <Point X="104" Y="200" T="10260825" />
  <Point X="107" Y="201" T="10260838" />
  <Point X="109" Y="200" T="10260845" />
  <Point X="113" Y="201" T="10260854" />
  <Point X="115" Y="202" T="10260860" />
  <Point X="120" Y="200" T="10260866" />
  <Point X="122" Y="199" T="10260873" />
  <Point X="127" Y="197" T="10260880" />
  <Point X="132" Y="196" T="10260887" />
  <Point X="135" Y="195" T="10260893" />
  <Point X="137" Y="194" T="10260894" />
  <Point X="143" Y="192" T="10260902" />
  <Point X="146" Y="190" T="10260910" />
  <Point X="149" Y="188" T="10260911" />
  <Point X="155" Y="184" T="10260919" />
  <Point X="160" Y="180" T="10260927" />
  <Point X="166" Y="176" T="10260935" />
  <Point X="172" Y="171" T="10260944" />
  <Point X="177" Y="167" T="10260953" />
  <Point X="181" Y="163" T="10260962" />
  <Point X="183" Y="160" T="10260963" />
  <Point X="186" Y="156" T="10260973" />
  <Point X="189" Y="149" T="10260982" />
  <Point X="190" Y="147" T="10260992" />
  <Point X="189" Y="140" T="10261002" />
  <Point X="189" Y="138" T="10261003" />
  <Point X="187" Y="133" T="10261013" />
  <Point X="186" Y="130" T="10261015" />
  <Point X="183" Y="126" T="10261026" />
  <Point X="177" Y="122" T="10261037" />
  <Point X="175" Y="120" T="10261038" />
  <Point X="167" Y="117" T="10261050" />
  <Point X="159" Y="117" T="10261063" />
  <Point X="151" Y="120" T="10261075" />
  <Point X="145" Y="123" T="10261088" />
  <Point X="141" Y="129" T="10261100" />
  <Point X="138" Y="137" T="10261113" />
  <Point X="138" Y="151" T="10261126" />
  <Point X="140" Y="162" T="10261139" />
  <Point X="144" Y="174" T="10261153" />
  <Point X="152" Y="185" T="10261167" />
  <Point X="159" Y="191" T="10261181" />
  <Point X="169" Y="194" T="10261195" />
  <Point X="176" Y="196" T="10261210" />
  <Point X="179" Y="197" T="10261211" />
  <Point X="186" Y="198" T="10261226" />
  <Point X="188" Y="199" T="10261227" />
  <Point X="195" Y="200" T="10261242" />
  <Point X="201" Y="200" T="10261259" />
  <Point X="203" Y="200" T="10261275" />
  <Point X="208" Y="200" T="10261291" />
  <Point X="210" Y="200" T="10261309" />
  <Point X="212" Y="200" T="10261326" />
  <Point X="214" Y="199" T="10261399" />
  <Point X="214" Y="197" T="10261431" />
</Gesture>