﻿<?xml version="1.0" encoding="utf-8" standalone="yes"?>
<Gesture Name="pigtail07" Subject="2" Speed="fast" Number="7" NumPts="50" Millseconds="588" AppName="Gestures" AppVer="3.5.0.0" Date="Monday, March 05, 2007" TimeOfDay="8:52:54 PM">
  <Point X="104" Y="186" T="10263969" />
  <Point X="103" Y="188" T="10263976" />
  <Point X="105" Y="190" T="10263992" />
  <Point X="107" Y="192" T="10264004" />
  <Point X="110" Y="193" T="10264011" />
  <Point X="113" Y="194" T="10264019" />
  <Point X="115" Y="194" T="10264025" />
  <Point X="119" Y="194" T="10264032" />
  <Point X="124" Y="194" T="10264039" />
  <Point X="126" Y="193" T="10264046" />
  <Point X="129" Y="192" T="10264047" />
  <Point X="131" Y="192" T="10264055" />
  <Point X="134" Y="191" T="10264056" />
  <Point X="140" Y="188" T="10264064" />
  <Point X="146" Y="184" T="10264073" />
  <Point X="152" Y="180" T="10264082" />
  <Point X="161" Y="174" T="10264092" />
  <Point X="167" Y="171" T="10264101" />
  <Point X="173" Y="167" T="10264111" />
  <Point X="175" Y="164" T="10264112" />
  <Point X="180" Y="159" T="10264121" />
  <Point X="186" Y="154" T="10264132" />
  <Point X="189" Y="149" T="10264142" />
  <Point X="189" Y="147" T="10264143" />
  <Point X="190" Y="144" T="10264154" />
  <Point X="189" Y="139" T="10264166" />
  <Point X="186" Y="135" T="10264177" />
  <Point X="178" Y="127" T="10264190" />
  <Point X="170" Y="122" T="10264202" />
  <Point X="167" Y="121" T="10264203" />
  <Point X="159" Y="119" T="10264215" />
  <Point X="152" Y="120" T="10264228" />
  <Point X="146" Y="122" T="10264241" />
  <Point X="140" Y="126" T="10264255" />
  <Point X="137" Y="134" T="10264268" />
  <Point X="136" Y="144" T="10264282" />
  <Point X="139" Y="156" T="10264297" />
  <Point X="144" Y="169" T="10264313" />
  <Point X="153" Y="180" T="10264328" />
  <Point X="162" Y="188" T="10264343" />
  <Point X="169" Y="193" T="10264358" />
  <Point X="171" Y="194" T="10264359" />
  <Point X="178" Y="196" T="10264374" />
  <Point X="181" Y="197" T="10264375" />
  <Point X="188" Y="199" T="10264392" />
  <Point X="194" Y="200" T="10264407" />
  <Point X="197" Y="200" T="10264424" />
  <Point X="199" Y="201" T="10264440" />
  <Point X="201" Y="201" T="10264456" />
  <Point X="199" Y="200" T="10264557" />
</Gesture>