﻿<?xml version="1.0" encoding="utf-8" standalone="yes"?>
<Gesture Name="pigtail05" Subject="2" Speed="fast" Number="5" NumPts="52" Millseconds="605" AppName="Gestures" AppVer="3.5.0.0" Date="Monday, March 05, 2007" TimeOfDay="8:52:52 PM">
  <Point X="120" Y="190" T="10261888" />
  <Point X="123" Y="191" T="10261899" />
  <Point X="125" Y="191" T="10261907" />
  <Point X="127" Y="191" T="10261915" />
  <Point X="130" Y="191" T="10261923" />
  <Point X="134" Y="192" T="10261931" />
  <Point X="137" Y="191" T="10261939" />
  <Point X="139" Y="191" T="10261946" />
  <Point X="143" Y="190" T="10261953" />
  <Point X="147" Y="187" T="10261960" />
  <Point X="152" Y="185" T="10261968" />
  <Point X="156" Y="181" T="10261975" />
  <Point X="161" Y="178" T="10261983" />
  <Point X="166" Y="174" T="10261991" />
  <Point X="170" Y="170" T="10262000" />
  <Point X="175" Y="165" T="10262008" />
  <Point X="179" Y="161" T="10262017" />
  <Point X="184" Y="152" T="10262027" />
  <Point X="187" Y="147" T="10262036" />
  <Point X="188" Y="140" T="10262046" />
  <Point X="189" Y="131" T="10262057" />
  <Point X="188" Y="124" T="10262068" />
  <Point X="187" Y="119" T="10262078" />
  <Point X="185" Y="116" T="10262088" />
  <Point X="179" Y="112" T="10262100" />
  <Point X="176" Y="110" T="10262110" />
  <Point X="173" Y="110" T="10262111" />
  <Point X="169" Y="111" T="10262123" />
  <Point X="166" Y="111" T="10262124" />
  <Point X="159" Y="113" T="10262135" />
  <Point X="152" Y="116" T="10262148" />
  <Point X="146" Y="123" T="10262160" />
  <Point X="141" Y="128" T="10262173" />
  <Point X="138" Y="141" T="10262188" />
  <Point X="137" Y="152" T="10262201" />
  <Point X="140" Y="169" T="10262216" />
  <Point X="145" Y="179" T="10262230" />
  <Point X="147" Y="181" T="10262231" />
  <Point X="155" Y="189" T="10262249" />
  <Point X="163" Y="193" T="10262263" />
  <Point X="166" Y="194" T="10262264" />
  <Point X="173" Y="196" T="10262278" />
  <Point X="176" Y="198" T="10262279" />
  <Point X="183" Y="200" T="10262294" />
  <Point X="185" Y="201" T="10262295" />
  <Point X="191" Y="203" T="10262310" />
  <Point X="197" Y="205" T="10262325" />
  <Point X="202" Y="206" T="10262340" />
  <Point X="204" Y="206" T="10262357" />
  <Point X="206" Y="206" T="10262373" />
  <Point X="208" Y="206" T="10262392" />
  <Point X="209" Y="204" T="10262493" />
</Gesture>