﻿<?xml version="1.0" encoding="utf-8" standalone="yes"?>
<Gesture Name="pigtail03" Subject="2" Speed="fast" Number="3" NumPts="52" Millseconds="533" AppName="Gestures" AppVer="3.5.0.0" Date="Monday, March 05, 2007" TimeOfDay="8:52:50 PM">
  <Point X="105" Y="203" T="10259873" />
  <Point X="107" Y="203" T="10259896" />
  <Point X="110" Y="204" T="10259904" />
  <Point X="113" Y="204" T="10259913" />
  <Point X="117" Y="205" T="10259921" />
  <Point X="119" Y="204" T="10259927" />
  <Point X="123" Y="203" T="10259934" />
  <Point X="125" Y="202" T="10259941" />
  <Point X="127" Y="201" T="10259942" />
  <Point X="129" Y="200" T="10259949" />
  <Point X="132" Y="198" T="10259950" />
  <Point X="137" Y="196" T="10259957" />
  <Point X="140" Y="194" T="10259965" />
  <Point X="142" Y="192" T="10259966" />
  <Point X="148" Y="187" T="10259974" />
  <Point X="154" Y="182" T="10259982" />
  <Point X="159" Y="177" T="10259990" />
  <Point X="164" Y="172" T="10259999" />
  <Point X="169" Y="167" T="10260008" />
  <Point X="174" Y="163" T="10260017" />
  <Point X="176" Y="159" T="10260018" />
  <Point X="181" Y="152" T="10260030" />
  <Point X="183" Y="146" T="10260040" />
  <Point X="184" Y="139" T="10260050" />
  <Point X="183" Y="134" T="10260060" />
  <Point X="182" Y="131" T="10260061" />
  <Point X="180" Y="126" T="10260072" />
  <Point X="179" Y="124" T="10260074" />
  <Point X="176" Y="119" T="10260085" />
  <Point X="173" Y="117" T="10260096" />
  <Point X="165" Y="114" T="10260107" />
  <Point X="158" Y="115" T="10260119" />
  <Point X="151" Y="119" T="10260131" />
  <Point X="146" Y="122" T="10260143" />
  <Point X="140" Y="132" T="10260156" />
  <Point X="138" Y="141" T="10260168" />
  <Point X="138" Y="144" T="10260170" />
  <Point X="139" Y="154" T="10260183" />
  <Point X="141" Y="168" T="10260196" />
  <Point X="148" Y="185" T="10260210" />
  <Point X="155" Y="194" T="10260224" />
  <Point X="165" Y="200" T="10260238" />
  <Point X="173" Y="203" T="10260252" />
  <Point X="183" Y="205" T="10260266" />
  <Point X="189" Y="206" T="10260281" />
  <Point X="191" Y="206" T="10260282" />
  <Point X="195" Y="206" T="10260297" />
  <Point X="197" Y="206" T="10260298" />
  <Point X="199" Y="207" T="10260312" />
  <Point X="201" Y="206" T="10260314" />
  <Point X="203" Y="208" T="10260329" />
  <Point X="205" Y="205" T="10260406" />
</Gesture>