﻿<?xml version="1.0" encoding="utf-8" standalone="yes"?>
<Gesture Name="pigtail08" Subject="2" Speed="fast" Number="8" NumPts="46" Millseconds="646" AppName="Gestures" AppVer="3.5.0.0" Date="Monday, March 05, 2007" TimeOfDay="8:52:55 PM">
  <Point X="113" Y="192" T="10264993" />
  <Point X="113" Y="195" T="10265002" />
  <Point X="116" Y="194" T="10265017" />
  <Point X="118" Y="197" T="10265025" />
  <Point X="120" Y="197" T="10265032" />
  <Point X="123" Y="197" T="10265040" />
  <Point X="127" Y="196" T="10265048" />
  <Point X="129" Y="196" T="10265055" />
  <Point X="133" Y="195" T="10265062" />
  <Point X="138" Y="194" T="10265069" />
  <Point X="142" Y="192" T="10265077" />
  <Point X="147" Y="188" T="10265084" />
  <Point X="153" Y="184" T="10265092" />
  <Point X="158" Y="180" T="10265100" />
  <Point X="164" Y="175" T="10265109" />
  <Point X="169" Y="170" T="10265117" />
  <Point X="175" Y="165" T="10265127" />
  <Point X="182" Y="158" T="10265137" />
  <Point X="186" Y="153" T="10265146" />
  <Point X="189" Y="146" T="10265157" />
  <Point X="190" Y="141" T="10265167" />
  <Point X="190" Y="134" T="10265178" />
  <Point X="188" Y="130" T="10265189" />
  <Point X="186" Y="127" T="10265199" />
  <Point X="180" Y="123" T="10265211" />
  <Point X="174" Y="122" T="10265221" />
  <Point X="168" Y="123" T="10265234" />
  <Point X="161" Y="125" T="10265246" />
  <Point X="158" Y="128" T="10265258" />
  <Point X="152" Y="136" T="10265271" />
  <Point X="151" Y="139" T="10265272" />
  <Point X="149" Y="146" T="10265285" />
  <Point X="149" Y="155" T="10265298" />
  <Point X="152" Y="169" T="10265312" />
  <Point X="156" Y="177" T="10265326" />
  <Point X="164" Y="186" T="10265341" />
  <Point X="170" Y="191" T="10265355" />
  <Point X="179" Y="196" T="10265371" />
  <Point X="188" Y="200" T="10265387" />
  <Point X="193" Y="202" T="10265403" />
  <Point X="199" Y="205" T="10265418" />
  <Point X="204" Y="208" T="10265434" />
  <Point X="206" Y="209" T="10265449" />
  <Point X="209" Y="209" T="10265465" />
  <Point X="211" Y="210" T="10265518" />
  <Point X="211" Y="208" T="10265639" />
</Gesture>