﻿<?xml version="1.0" encoding="utf-8" standalone="yes"?>
<Gesture Name="pigtail09" Subject="2" Speed="fast" Number="9" NumPts="54" Millseconds="672" AppName="Gestures" AppVer="3.5.0.0" Date="Monday, March 05, 2007" TimeOfDay="8:52:56 PM">
  <Point X="110" Y="194" T="10265987" />
  <Point X="108" Y="196" T="10266000" />
  <Point X="107" Y="198" T="10266024" />
  <Point X="109" Y="199" T="10266061" />
  <Point X="111" Y="200" T="10266069" />
  <Point X="114" Y="200" T="10266077" />
  <Point X="117" Y="200" T="10266085" />
  <Point X="119" Y="200" T="10266092" />
  <Point X="123" Y="199" T="10266098" />
  <Point X="127" Y="199" T="10266106" />
  <Point X="130" Y="198" T="10266113" />
  <Point X="132" Y="197" T="10266114" />
  <Point X="137" Y="194" T="10266122" />
  <Point X="142" Y="191" T="10266130" />
  <Point X="147" Y="187" T="10266138" />
  <Point X="153" Y="184" T="10266147" />
  <Point X="158" Y="180" T="10266156" />
  <Point X="160" Y="177" T="10266157" />
  <Point X="165" Y="173" T="10266167" />
  <Point X="169" Y="170" T="10266176" />
  <Point X="171" Y="168" T="10266177" />
  <Point X="175" Y="164" T="10266187" />
  <Point X="177" Y="161" T="10266198" />
  <Point X="180" Y="156" T="10266208" />
  <Point X="180" Y="154" T="10266209" />
  <Point X="181" Y="150" T="10266221" />
  <Point X="181" Y="148" T="10266222" />
  <Point X="180" Y="145" T="10266233" />
  <Point X="178" Y="139" T="10266245" />
  <Point X="177" Y="136" T="10266257" />
  <Point X="175" Y="134" T="10266258" />
  <Point X="173" Y="132" T="10266270" />
  <Point X="167" Y="130" T="10266283" />
  <Point X="159" Y="129" T="10266299" />
  <Point X="151" Y="131" T="10266313" />
  <Point X="148" Y="133" T="10266326" />
  <Point X="143" Y="139" T="10266340" />
  <Point X="140" Y="150" T="10266356" />
  <Point X="141" Y="162" T="10266372" />
  <Point X="145" Y="174" T="10266388" />
  <Point X="154" Y="184" T="10266404" />
  <Point X="156" Y="187" T="10266405" />
  <Point X="163" Y="192" T="10266420" />
  <Point X="165" Y="194" T="10266422" />
  <Point X="175" Y="198" T="10266437" />
  <Point X="184" Y="202" T="10266454" />
  <Point X="193" Y="204" T="10266470" />
  <Point X="200" Y="204" T="10266486" />
  <Point X="206" Y="205" T="10266506" />
  <Point X="210" Y="204" T="10266522" />
  <Point X="215" Y="203" T="10266539" />
  <Point X="217" Y="201" T="10266557" />
  <Point X="215" Y="199" T="10266642" />
  <Point X="214" Y="197" T="10266659" />
</Gesture>