﻿<?xml version="1.0" encoding="utf-8" standalone="yes"?>
<Gesture Name="pigtail01" Subject="2" Speed="fast" Number="1" NumPts="47" Millseconds="438" AppName="Gestures" AppVer="3.5.0.0" Date="Monday, March 05, 2007" TimeOfDay="8:52:48 PM">
  <Point X="102" Y="202" T="10257975" />
  <Point X="101" Y="204" T="10257999" />
  <Point X="103" Y="207" T="10258012" />
  <Point X="105" Y="207" T="10258020" />
  <Point X="108" Y="208" T="10258028" />
  <Point X="110" Y="208" T="10258035" />
  <Point X="114" Y="208" T="10258041" />
  <Point X="116" Y="207" T="10258047" />
  <Point X="118" Y="206" T="10258049" />
  <Point X="120" Y="205" T="10258056" />
  <Point X="123" Y="204" T="10258057" />
  <Point X="127" Y="202" T="10258064" />
  <Point X="130" Y="200" T="10258071" />
  <Point X="132" Y="198" T="10258072" />
  <Point X="137" Y="194" T="10258081" />
  <Point X="142" Y="190" T="10258089" />
  <Point X="148" Y="184" T="10258097" />
  <Point X="153" Y="179" T="10258106" />
  <Point X="158" Y="173" T="10258115" />
  <Point X="163" Y="168" T="10258123" />
  <Point X="165" Y="165" T="10258124" />
  <Point X="168" Y="159" T="10258135" />
  <Point X="171" Y="150" T="10258145" />
  <Point X="172" Y="143" T="10258155" />
  <Point X="171" Y="135" T="10258165" />
  <Point X="169" Y="128" T="10258176" />
  <Point X="167" Y="123" T="10258187" />
  <Point X="165" Y="120" T="10258188" />
  <Point X="162" Y="116" T="10258200" />
  <Point X="159" Y="114" T="10258211" />
  <Point X="153" Y="111" T="10258222" />
  <Point X="146" Y="114" T="10258235" />
  <Point X="143" Y="120" T="10258246" />
  <Point X="141" Y="127" T="10258259" />
  <Point X="140" Y="138" T="10258271" />
  <Point X="141" Y="141" T="10258272" />
  <Point X="142" Y="154" T="10258285" />
  <Point X="146" Y="165" T="10258298" />
  <Point X="150" Y="175" T="10258311" />
  <Point X="152" Y="178" T="10258312" />
  <Point X="158" Y="185" T="10258327" />
  <Point X="167" Y="190" T="10258341" />
  <Point X="174" Y="191" T="10258355" />
  <Point X="182" Y="192" T="10258370" />
  <Point X="188" Y="193" T="10258384" />
  <Point X="194" Y="191" T="10258398" />
  <Point X="196" Y="191" T="10258413" />
</Gesture>