﻿<?xml version="1.0" encoding="utf-8" standalone="yes"?>
<Gesture Name="pigtail10" Subject="2" Speed="fast" Number="10" NumPts="52" Millseconds="577" AppName="Gestures" AppVer="3.5.0.0" Date="Monday, March 05, 2007" TimeOfDay="8:52:57 PM">
  <Point X="123" Y="207" T="10267282" />
  <Point X="126" Y="206" T="10267291" />
  <Point X="128" Y="206" T="10267296" />
  <Point X="130" Y="207" T="10267302" />
  <Point X="132" Y="206" T="10267308" />
  <Point X="136" Y="205" T="10267314" />
  <Point X="138" Y="205" T="10267315" />
  <Point X="140" Y="204" T="10267322" />
  <Point X="145" Y="201" T="10267329" />
  <Point X="150" Y="198" T="10267337" />
  <Point X="155" Y="194" T="10267344" />
  <Point X="160" Y="191" T="10267352" />
  <Point X="165" Y="186" T="10267360" />
  <Point X="170" Y="182" T="10267368" />
  <Point X="174" Y="177" T="10267377" />
  <Point X="178" Y="173" T="10267386" />
  <Point X="179" Y="171" T="10267395" />
  <Point X="182" Y="167" T="10267396" />
  <Point X="183" Y="165" T="10267405" />
  <Point X="184" Y="159" T="10267414" />
  <Point X="185" Y="156" T="10267415" />
  <Point X="185" Y="152" T="10267426" />
  <Point X="184" Y="149" T="10267436" />
  <Point X="182" Y="144" T="10267446" />
  <Point X="181" Y="141" T="10267456" />
  <Point X="177" Y="136" T="10267468" />
  <Point X="173" Y="135" T="10267479" />
  <Point X="170" Y="136" T="10267490" />
  <Point X="164" Y="137" T="10267503" />
  <Point X="161" Y="138" T="10267514" />
  <Point X="158" Y="142" T="10267515" />
  <Point X="156" Y="146" T="10267528" />
  <Point X="153" Y="154" T="10267541" />
  <Point X="153" Y="162" T="10267555" />
  <Point X="153" Y="165" T="10267556" />
  <Point X="155" Y="174" T="10267569" />
  <Point X="160" Y="185" T="10267584" />
  <Point X="165" Y="192" T="10267598" />
  <Point X="167" Y="194" T="10267599" />
  <Point X="173" Y="200" T="10267613" />
  <Point X="181" Y="204" T="10267628" />
  <Point X="190" Y="206" T="10267644" />
  <Point X="199" Y="206" T="10267659" />
  <Point X="203" Y="206" T="10267675" />
  <Point X="206" Y="205" T="10267676" />
  <Point X="213" Y="203" T="10267691" />
  <Point X="218" Y="202" T="10267707" />
  <Point X="220" Y="202" T="10267723" />
  <Point X="223" Y="201" T="10267740" />
  <Point X="225" Y="201" T="10267756" />
  <Point X="226" Y="199" T="10267803" />
  <Point X="226" Y="197" T="10267859" />
</Gesture>