﻿<?xml version="1.0" encoding="utf-8" standalone="yes"?>
<Gesture Name="pigtail02" Subject="2" Speed="fast" Number="2" NumPts="48" Millseconds="501" AppName="Gestures" AppVer="3.5.0.0" Date="Monday, March 05, 2007" TimeOfDay="8:52:49 PM">
  <Point X="105" Y="214" T="10258954" />
  <Point X="109" Y="215" T="10258962" />
  <Point X="111" Y="215" T="10258967" />
  <Point X="113" Y="215" T="10258973" />
  <Point X="118" Y="214" T="10258979" />
  <Point X="121" Y="214" T="10258985" />
  <Point X="123" Y="213" T="10258986" />
  <Point X="126" Y="212" T="10258993" />
  <Point X="132" Y="209" T="10259000" />
  <Point X="137" Y="204" T="10259007" />
  <Point X="143" Y="200" T="10259015" />
  <Point X="148" Y="195" T="10259023" />
  <Point X="153" Y="190" T="10259030" />
  <Point X="158" Y="185" T="10259039" />
  <Point X="163" Y="180" T="10259047" />
  <Point X="167" Y="175" T="10259055" />
  <Point X="171" Y="169" T="10259065" />
  <Point X="175" Y="160" T="10259075" />
  <Point X="176" Y="154" T="10259084" />
  <Point X="176" Y="146" T="10259094" />
  <Point X="174" Y="140" T="10259104" />
  <Point X="171" Y="131" T="10259115" />
  <Point X="167" Y="126" T="10259125" />
  <Point X="162" Y="121" T="10259135" />
  <Point X="157" Y="120" T="10259146" />
  <Point X="153" Y="119" T="10259157" />
  <Point X="146" Y="121" T="10259169" />
  <Point X="143" Y="122" T="10259170" />
  <Point X="136" Y="127" T="10259182" />
  <Point X="130" Y="132" T="10259194" />
  <Point X="128" Y="137" T="10259206" />
  <Point X="126" Y="147" T="10259219" />
  <Point X="127" Y="158" T="10259232" />
  <Point X="131" Y="169" T="10259246" />
  <Point X="132" Y="173" T="10259247" />
  <Point X="138" Y="184" T="10259260" />
  <Point X="148" Y="195" T="10259274" />
  <Point X="156" Y="199" T="10259288" />
  <Point X="167" Y="203" T="10259304" />
  <Point X="178" Y="204" T="10259320" />
  <Point X="186" Y="205" T="10259335" />
  <Point X="193" Y="206" T="10259350" />
  <Point X="195" Y="207" T="10259365" />
  <Point X="197" Y="207" T="10259380" />
  <Point X="199" Y="206" T="10259396" />
  <Point X="202" Y="204" T="10259411" />
  <Point X="203" Y="202" T="10259439" />
  <Point X="203" Y="200" T="10259455" />
</Gesture>