﻿<?xml version="1.0" encoding="utf-8" standalone="yes"?>
<Gesture Name="pigtail06" Subject="2" Speed="fast" Number="6" NumPts="51" Millseconds="615" AppName="Gestures" AppVer="3.5.0.0" Date="Monday, March 05, 2007" TimeOfDay="8:52:53 PM">
  <Point X="99" Y="193" T="10262913" />
  <Point X="102" Y="194" T="10262926" />
  <Point X="104" Y="194" T="10262933" />
  <Point X="108" Y="194" T="10262942" />
  <Point X="110" Y="194" T="10262948" />
  <Point X="114" Y="193" T="10262955" />
  <Point X="116" Y="193" T="10262961" />
  <Point X="122" Y="191" T="10262968" />
  <Point X="127" Y="189" T="10262975" />
  <Point X="133" Y="186" T="10262982" />
  <Point X="136" Y="185" T="10262989" />
  <Point X="138" Y="183" T="10262990" />
  <Point X="144" Y="179" T="10262998" />
  <Point X="150" Y="175" T="10263007" />
  <Point X="156" Y="171" T="10263015" />
  <Point X="162" Y="166" T="10263024" />
  <Point X="168" Y="161" T="10263033" />
  <Point X="175" Y="155" T="10263043" />
  <Point X="179" Y="150" T="10263052" />
  <Point X="183" Y="147" T="10263061" />
  <Point X="184" Y="145" T="10263063" />
  <Point X="186" Y="141" T="10263072" />
  <Point X="187" Y="136" T="10263083" />
  <Point X="186" Y="131" T="10263093" />
  <Point X="185" Y="127" T="10263094" />
  <Point X="183" Y="124" T="10263105" />
  <Point X="180" Y="121" T="10263117" />
  <Point X="172" Y="118" T="10263129" />
  <Point X="164" Y="118" T="10263142" />
  <Point X="161" Y="118" T="10263143" />
  <Point X="152" Y="120" T="10263155" />
  <Point X="142" Y="123" T="10263167" />
  <Point X="134" Y="127" T="10263180" />
  <Point X="126" Y="135" T="10263194" />
  <Point X="122" Y="141" T="10263207" />
  <Point X="121" Y="151" T="10263221" />
  <Point X="123" Y="166" T="10263236" />
  <Point X="129" Y="182" T="10263252" />
  <Point X="139" Y="194" T="10263267" />
  <Point X="150" Y="202" T="10263282" />
  <Point X="158" Y="205" T="10263297" />
  <Point X="168" Y="208" T="10263313" />
  <Point X="171" Y="209" T="10263314" />
  <Point X="177" Y="212" T="10263329" />
  <Point X="179" Y="212" T="10263330" />
  <Point X="186" Y="213" T="10263347" />
  <Point X="188" Y="214" T="10263363" />
  <Point X="190" Y="214" T="10263379" />
  <Point X="192" Y="215" T="10263395" />
  <Point X="192" Y="213" T="10263491" />
  <Point X="193" Y="211" T="10263528" />
</Gesture>