﻿<?xml version="1.0" encoding="utf-8" standalone="yes"?>
<Gesture Name="question_mark09" Subject="2" Speed="fast" Number="9" NumPts="70" Millseconds="1025" AppName="Gestures" AppVer="3.5.0.0" Date="Monday, March 05, 2007" TimeOfDay="9:01:31 PM">
  <Point X="137" Y="145" T="10781913" />
  <Point X="139" Y="145" T="10781949" />
  <Point X="141" Y="143" T="10781970" />
  <Point X="143" Y="142" T="10781985" />
  <Point X="146" Y="142" T="10781998" />
  <Point X="149" Y="142" T="10782010" />
  <Point X="151" Y="141" T="10782018" />
  <Point X="153" Y="141" T="10782026" />
  <Point X="155" Y="141" T="10782034" />
  <Point X="157" Y="140" T="10782046" />
  <Point X="159" Y="140" T="10782055" />
  <Point X="161" Y="140" T="10782062" />
  <Point X="164" Y="141" T="10782074" />
  <Point X="166" Y="140" T="10782086" />
  <Point X="169" Y="141" T="10782099" />
  <Point X="171" Y="140" T="10782111" />
  <Point X="173" Y="142" T="10782123" />
  <Point X="175" Y="143" T="10782140" />
  <Point X="177" Y="145" T="10782155" />
  <Point X="179" Y="148" T="10782176" />
  <Point X="181" Y="150" T="10782200" />
  <Point X="181" Y="152" T="10782212" />
  <Point X="182" Y="155" T="10782224" />
  <Point X="183" Y="157" T="10782236" />
  <Point X="183" Y="160" T="10782247" />
  <Point X="184" Y="162" T="10782259" />
  <Point X="184" Y="164" T="10782270" />
  <Point X="185" Y="167" T="10782285" />
  <Point X="185" Y="169" T="10782297" />
  <Point X="185" Y="171" T="10782308" />
  <Point X="185" Y="173" T="10782321" />
  <Point X="184" Y="175" T="10782334" />
  <Point X="184" Y="177" T="10782347" />
  <Point X="183" Y="180" T="10782364" />
  <Point X="181" Y="182" T="10782389" />
  <Point X="179" Y="185" T="10782403" />
  <Point X="177" Y="187" T="10782417" />
  <Point X="175" Y="189" T="10782430" />
  <Point X="173" Y="191" T="10782443" />
  <Point X="170" Y="194" T="10782456" />
  <Point X="168" Y="195" T="10782457" />
  <Point X="165" Y="197" T="10782471" />
  <Point X="163" Y="198" T="10782485" />
  <Point X="161" Y="199" T="10782500" />
  <Point X="159" Y="201" T="10782514" />
  <Point X="157" Y="201" T="10782528" />
  <Point X="155" Y="204" T="10782543" />
  <Point X="152" Y="208" T="10782558" />
  <Point X="150" Y="210" T="10782581" />
  <Point X="149" Y="212" T="10782597" />
  <Point X="148" Y="214" T="10782617" />
  <Point X="146" Y="217" T="10782633" />
  <Point X="144" Y="218" T="10782658" />
  <Point X="143" Y="221" T="10782674" />
  <Point X="142" Y="223" T="10782690" />
  <Point X="141" Y="225" T="10782714" />
  <Point X="140" Y="227" T="10782734" />
  <Point X="139" Y="230" T="10782751" />
  <Point X="139" Y="232" T="10782768" />
  <Point X="139" Y="234" T="10782785" />
  <Point X="139" Y="239" T="10782803" />
  <Point X="140" Y="242" T="10782822" />
  <Point X="141" Y="244" T="10782840" />
  <Point X="142" Y="246" T="10782858" />
  <Point X="143" Y="249" T="10782859" />
  <Point X="143" Y="251" T="10782877" />
  <Point X="144" Y="254" T="10782879" />
  <Point X="145" Y="256" T="10782898" />
  <Point X="146" Y="258" T="10782917" />
  <Point X="148" Y="262" T="10782938" />
</Gesture>