﻿<?xml version="1.0" encoding="utf-8" standalone="yes"?>
<Gesture Name="question_mark04" Subject="2" Speed="fast" Number="4" NumPts="60" Millseconds="880" AppName="Gestures" AppVer="3.5.0.0" Date="Monday, March 05, 2007" TimeOfDay="9:01:23 PM">
  <Point X="123" Y="164" T="10774290" />
  <Point X="126" Y="163" T="10774331" />
  <Point X="127" Y="161" T="10774350" />
  <Point X="130" Y="160" T="10774371" />
  <Point X="132" Y="159" T="10774388" />
  <Point X="133" Y="157" T="10774400" />
  <Point X="136" Y="155" T="10774416" />
  <Point X="138" Y="154" T="10774428" />
  <Point X="140" Y="153" T="10774440" />
  <Point X="142" Y="151" T="10774453" />
  <Point X="144" Y="150" T="10774465" />
  <Point X="146" Y="149" T="10774482" />
  <Point X="148" Y="148" T="10774499" />
  <Point X="151" Y="148" T="10774514" />
  <Point X="153" Y="147" T="10774531" />
  <Point X="155" Y="148" T="10774547" />
  <Point X="157" Y="147" T="10774559" />
  <Point X="159" Y="148" T="10774575" />
  <Point X="161" Y="151" T="10774587" />
  <Point X="163" Y="151" T="10774604" />
  <Point X="164" Y="153" T="10774614" />
  <Point X="166" Y="154" T="10774625" />
  <Point X="167" Y="156" T="10774636" />
  <Point X="169" Y="159" T="10774653" />
  <Point X="169" Y="161" T="10774664" />
  <Point X="170" Y="164" T="10774676" />
  <Point X="171" Y="166" T="10774687" />
  <Point X="171" Y="168" T="10774698" />
  <Point X="172" Y="171" T="10774710" />
  <Point X="172" Y="173" T="10774722" />
  <Point X="173" Y="176" T="10774735" />
  <Point X="173" Y="181" T="10774746" />
  <Point X="173" Y="183" T="10774759" />
  <Point X="172" Y="188" T="10774772" />
  <Point X="170" Y="190" T="10774785" />
  <Point X="169" Y="193" T="10774798" />
  <Point X="168" Y="195" T="10774811" />
  <Point X="167" Y="198" T="10774824" />
  <Point X="162" Y="202" T="10774837" />
  <Point X="161" Y="205" T="10774851" />
  <Point X="156" Y="209" T="10774865" />
  <Point X="152" Y="213" T="10774879" />
  <Point X="148" Y="218" T="10774893" />
  <Point X="146" Y="220" T="10774909" />
  <Point X="144" Y="222" T="10774924" />
  <Point X="143" Y="226" T="10774939" />
  <Point X="142" Y="229" T="10774958" />
  <Point X="142" Y="232" T="10774974" />
  <Point X="141" Y="234" T="10774990" />
  <Point X="140" Y="240" T="10775005" />
  <Point X="140" Y="242" T="10775022" />
  <Point X="140" Y="248" T="10775039" />
  <Point X="140" Y="250" T="10775056" />
  <Point X="140" Y="254" T="10775072" />
  <Point X="140" Y="257" T="10775089" />
  <Point X="140" Y="259" T="10775090" />
  <Point X="140" Y="261" T="10775106" />
  <Point X="141" Y="263" T="10775126" />
  <Point X="141" Y="266" T="10775150" />
  <Point X="142" Y="268" T="10775170" />
</Gesture>