﻿<?xml version="1.0" encoding="utf-8" standalone="yes"?>
<Gesture Name="question_mark08" Subject="2" Speed="fast" Number="8" NumPts="63" Millseconds="937" AppName="Gestures" AppVer="3.5.0.0" Date="Monday, March 05, 2007" TimeOfDay="9:01:29 PM">
  <Point X="134" Y="152" T="10780306" />
  <Point X="135" Y="150" T="10780334" />
  <Point X="137" Y="149" T="10780366" />
  <Point X="139" Y="148" T="10780387" />
  <Point X="141" Y="147" T="10780403" />
  <Point X="143" Y="145" T="10780420" />
  <Point X="145" Y="144" T="10780432" />
  <Point X="148" Y="143" T="10780445" />
  <Point X="150" Y="143" T="10780457" />
  <Point X="153" Y="142" T="10780469" />
  <Point X="155" Y="142" T="10780481" />
  <Point X="157" Y="141" T="10780494" />
  <Point X="159" Y="141" T="10780507" />
  <Point X="162" Y="141" T="10780523" />
  <Point X="164" Y="142" T="10780538" />
  <Point X="166" Y="142" T="10780554" />
  <Point X="168" Y="143" T="10780571" />
  <Point X="170" Y="145" T="10780583" />
  <Point X="172" Y="147" T="10780599" />
  <Point X="175" Y="148" T="10780616" />
  <Point X="175" Y="150" T="10780626" />
  <Point X="177" Y="152" T="10780639" />
  <Point X="179" Y="154" T="10780651" />
  <Point X="180" Y="156" T="10780667" />
  <Point X="181" Y="159" T="10780678" />
  <Point X="183" Y="161" T="10780695" />
  <Point X="183" Y="163" T="10780706" />
  <Point X="184" Y="165" T="10780718" />
  <Point X="184" Y="168" T="10780730" />
  <Point X="184" Y="170" T="10780742" />
  <Point X="183" Y="172" T="10780754" />
  <Point X="182" Y="175" T="10780766" />
  <Point X="181" Y="177" T="10780778" />
  <Point X="179" Y="179" T="10780792" />
  <Point X="175" Y="183" T="10780804" />
  <Point X="173" Y="184" T="10780818" />
  <Point X="170" Y="186" T="10780832" />
  <Point X="168" Y="187" T="10780846" />
  <Point X="166" Y="188" T="10780859" />
  <Point X="163" Y="190" T="10780872" />
  <Point X="161" Y="191" T="10780886" />
  <Point X="159" Y="192" T="10780901" />
  <Point X="157" Y="194" T="10780915" />
  <Point X="155" Y="196" T="10780930" />
  <Point X="151" Y="201" T="10780944" />
  <Point X="148" Y="205" T="10780960" />
  <Point X="146" Y="207" T="10780976" />
  <Point X="145" Y="210" T="10780991" />
  <Point X="144" Y="212" T="10781008" />
  <Point X="143" Y="214" T="10781023" />
  <Point X="142" Y="217" T="10781040" />
  <Point X="142" Y="219" T="10781057" />
  <Point X="142" Y="221" T="10781074" />
  <Point X="142" Y="224" T="10781092" />
  <Point X="142" Y="226" T="10781108" />
  <Point X="142" Y="228" T="10781126" />
  <Point X="143" Y="230" T="10781143" />
  <Point X="143" Y="232" T="10781144" />
  <Point X="144" Y="235" T="10781162" />
  <Point X="144" Y="239" T="10781179" />
  <Point X="145" Y="241" T="10781203" />
  <Point X="145" Y="243" T="10781223" />
  <Point X="146" Y="245" T="10781243" />
</Gesture>