﻿<?xml version="1.0" encoding="utf-8" standalone="yes"?>
<Gesture Name="question_mark10" Subject="2" Speed="fast" Number="10" NumPts="65" Millseconds="852" AppName="Gestures" AppVer="3.5.0.0" Date="Monday, March 05, 2007" TimeOfDay="9:01:33 PM">
  <Point X="128" Y="142" T="10783552" />
  <Point X="130" Y="141" T="10783621" />
  <Point X="133" Y="140" T="10783637" />
  <Point X="135" Y="138" T="10783650" />
  <Point X="138" Y="138" T="10783661" />
  <Point X="140" Y="137" T="10783670" />
  <Point X="142" Y="136" T="10783678" />
  <Point X="144" Y="136" T="10783686" />
  <Point X="146" Y="136" T="10783694" />
  <Point X="149" Y="136" T="10783702" />
  <Point X="151" Y="135" T="10783710" />
  <Point X="153" Y="134" T="10783718" />
  <Point X="155" Y="135" T="10783726" />
  <Point X="157" Y="136" T="10783735" />
  <Point X="159" Y="135" T="10783746" />
  <Point X="162" Y="136" T="10783759" />
  <Point X="164" Y="136" T="10783771" />
  <Point X="167" Y="138" T="10783788" />
  <Point X="169" Y="141" T="10783804" />
  <Point X="170" Y="143" T="10783816" />
  <Point X="171" Y="145" T="10783828" />
  <Point X="172" Y="148" T="10783840" />
  <Point X="173" Y="150" T="10783849" />
  <Point X="174" Y="152" T="10783860" />
  <Point X="175" Y="154" T="10783870" />
  <Point X="175" Y="156" T="10783880" />
  <Point X="176" Y="159" T="10783890" />
  <Point X="177" Y="161" T="10783901" />
  <Point X="177" Y="163" T="10783911" />
  <Point X="177" Y="166" T="10783922" />
  <Point X="178" Y="168" T="10783933" />
  <Point X="178" Y="171" T="10783944" />
  <Point X="177" Y="174" T="10783961" />
  <Point X="176" Y="176" T="10783974" />
  <Point X="175" Y="178" T="10783986" />
  <Point X="172" Y="180" T="10783998" />
  <Point X="169" Y="181" T="10784010" />
  <Point X="167" Y="182" T="10784022" />
  <Point X="162" Y="184" T="10784036" />
  <Point X="160" Y="185" T="10784049" />
  <Point X="158" Y="186" T="10784050" />
  <Point X="156" Y="187" T="10784063" />
  <Point X="151" Y="190" T="10784077" />
  <Point X="149" Y="191" T="10784091" />
  <Point X="145" Y="195" T="10784106" />
  <Point X="143" Y="196" T="10784120" />
  <Point X="141" Y="199" T="10784134" />
  <Point X="139" Y="201" T="10784149" />
  <Point X="138" Y="203" T="10784164" />
  <Point X="136" Y="205" T="10784165" />
  <Point X="135" Y="208" T="10784181" />
  <Point X="135" Y="210" T="10784182" />
  <Point X="134" Y="212" T="10784198" />
  <Point X="133" Y="214" T="10784214" />
  <Point X="133" Y="216" T="10784230" />
  <Point X="133" Y="221" T="10784247" />
  <Point X="133" Y="223" T="10784264" />
  <Point X="133" Y="225" T="10784280" />
  <Point X="134" Y="228" T="10784297" />
  <Point X="135" Y="230" T="10784314" />
  <Point X="137" Y="235" T="10784332" />
  <Point X="138" Y="240" T="10784350" />
  <Point X="140" Y="245" T="10784368" />
  <Point X="141" Y="249" T="10784386" />
  <Point X="142" Y="252" T="10784404" />
</Gesture>