﻿<?xml version="1.0" encoding="utf-8" standalone="yes"?>
<Gesture Name="question_mark07" Subject="2" Speed="fast" Number="7" NumPts="65" Millseconds="1022" AppName="Gestures" AppVer="3.5.0.0" Date="Monday, March 05, 2007" TimeOfDay="9:01:28 PM">
  <Point X="137" Y="153" T="10778740" />
  <Point X="139" Y="151" T="10778787" />
  <Point X="141" Y="150" T="10778808" />
  <Point X="143" Y="149" T="10778829" />
  <Point X="145" Y="148" T="10778845" />
  <Point X="147" Y="147" T="10778861" />
  <Point X="150" Y="146" T="10778877" />
  <Point X="152" Y="145" T="10778893" />
  <Point X="154" Y="144" T="10778904" />
  <Point X="157" Y="143" T="10778916" />
  <Point X="159" Y="144" T="10778928" />
  <Point X="161" Y="144" T="10778941" />
  <Point X="164" Y="144" T="10778954" />
  <Point X="166" Y="144" T="10778966" />
  <Point X="168" Y="144" T="10778978" />
  <Point X="169" Y="147" T="10778994" />
  <Point X="172" Y="147" T="10779010" />
  <Point X="174" Y="149" T="10779027" />
  <Point X="174" Y="152" T="10779036" />
  <Point X="177" Y="153" T="10779055" />
  <Point X="177" Y="155" T="10779065" />
  <Point X="178" Y="157" T="10779075" />
  <Point X="179" Y="160" T="10779087" />
  <Point X="179" Y="162" T="10779099" />
  <Point X="180" Y="164" T="10779111" />
  <Point X="180" Y="166" T="10779123" />
  <Point X="181" Y="168" T="10779151" />
  <Point X="181" Y="170" T="10779163" />
  <Point X="181" Y="173" T="10779180" />
  <Point X="181" Y="175" T="10779197" />
  <Point X="180" Y="177" T="10779217" />
  <Point X="179" Y="180" T="10779230" />
  <Point X="178" Y="182" T="10779243" />
  <Point X="178" Y="184" T="10779255" />
  <Point X="177" Y="186" T="10779268" />
  <Point X="175" Y="189" T="10779281" />
  <Point X="174" Y="191" T="10779282" />
  <Point X="172" Y="193" T="10779297" />
  <Point X="170" Y="195" T="10779314" />
  <Point X="168" Y="198" T="10779327" />
  <Point X="166" Y="200" T="10779341" />
  <Point X="164" Y="202" T="10779354" />
  <Point X="162" Y="204" T="10779369" />
  <Point X="160" Y="205" T="10779383" />
  <Point X="158" Y="208" T="10779398" />
  <Point X="155" Y="209" T="10779413" />
  <Point X="153" Y="211" T="10779434" />
  <Point X="151" Y="213" T="10779450" />
  <Point X="149" Y="214" T="10779470" />
  <Point X="148" Y="216" T="10779485" />
  <Point X="146" Y="218" T="10779500" />
  <Point X="145" Y="221" T="10779516" />
  <Point X="144" Y="223" T="10779531" />
  <Point X="143" Y="225" T="10779547" />
  <Point X="143" Y="227" T="10779573" />
  <Point X="143" Y="229" T="10779589" />
  <Point X="143" Y="234" T="10779606" />
  <Point X="143" Y="237" T="10779623" />
  <Point X="143" Y="239" T="10779639" />
  <Point X="144" Y="244" T="10779656" />
  <Point X="144" Y="247" T="10779658" />
  <Point X="145" Y="251" T="10779676" />
  <Point X="146" Y="253" T="10779693" />
  <Point X="148" Y="257" T="10779712" />
  <Point X="150" Y="258" T="10779762" />
</Gesture>