﻿<?xml version="1.0" encoding="utf-8" standalone="yes"?>
<Gesture Name="question_mark05" Subject="2" Speed="fast" Number="5" NumPts="61" Millseconds="900" AppName="Gestures" AppVer="3.5.0.0" Date="Monday, March 05, 2007" TimeOfDay="9:01:25 PM">
  <Point X="127" Y="160" T="10775734" />
  <Point X="129" Y="160" T="10775758" />
  <Point X="131" Y="159" T="10775774" />
  <Point X="133" Y="158" T="10775786" />
  <Point X="136" Y="158" T="10775798" />
  <Point X="137" Y="156" T="10775806" />
  <Point X="139" Y="155" T="10775814" />
  <Point X="141" Y="153" T="10775822" />
  <Point X="144" Y="152" T="10775834" />
  <Point X="146" Y="151" T="10775842" />
  <Point X="148" Y="150" T="10775854" />
  <Point X="151" Y="150" T="10775867" />
  <Point X="153" Y="149" T="10775880" />
  <Point X="155" Y="148" T="10775896" />
  <Point X="157" Y="148" T="10775913" />
  <Point X="159" Y="148" T="10775929" />
  <Point X="161" Y="149" T="10775945" />
  <Point X="163" Y="150" T="10775961" />
  <Point X="165" Y="151" T="10775977" />
  <Point X="168" Y="153" T="10775993" />
  <Point X="170" Y="156" T="10776009" />
  <Point X="172" Y="158" T="10776025" />
  <Point X="174" Y="160" T="10776041" />
  <Point X="175" Y="162" T="10776053" />
  <Point X="176" Y="165" T="10776065" />
  <Point X="176" Y="167" T="10776076" />
  <Point X="177" Y="169" T="10776088" />
  <Point X="178" Y="173" T="10776099" />
  <Point X="178" Y="176" T="10776110" />
  <Point X="178" Y="178" T="10776122" />
  <Point X="177" Y="182" T="10776134" />
  <Point X="176" Y="185" T="10776146" />
  <Point X="175" Y="187" T="10776159" />
  <Point X="174" Y="189" T="10776173" />
  <Point X="173" Y="191" T="10776186" />
  <Point X="171" Y="194" T="10776199" />
  <Point X="168" Y="196" T="10776212" />
  <Point X="166" Y="198" T="10776226" />
  <Point X="164" Y="200" T="10776239" />
  <Point X="161" Y="203" T="10776252" />
  <Point X="156" Y="206" T="10776266" />
  <Point X="154" Y="208" T="10776281" />
  <Point X="151" Y="210" T="10776295" />
  <Point X="149" Y="212" T="10776310" />
  <Point X="147" Y="214" T="10776325" />
  <Point X="146" Y="216" T="10776339" />
  <Point X="144" Y="221" T="10776354" />
  <Point X="143" Y="223" T="10776371" />
  <Point X="143" Y="228" T="10776386" />
  <Point X="143" Y="230" T="10776403" />
  <Point X="142" Y="233" T="10776419" />
  <Point X="142" Y="238" T="10776435" />
  <Point X="143" Y="241" T="10776451" />
  <Point X="143" Y="246" T="10776470" />
  <Point X="144" Y="251" T="10776487" />
  <Point X="144" Y="254" T="10776503" />
  <Point X="144" Y="257" T="10776520" />
  <Point X="145" Y="260" T="10776536" />
  <Point X="145" Y="263" T="10776553" />
  <Point X="146" Y="265" T="10776575" />
  <Point X="148" Y="264" T="10776634" />
</Gesture>