﻿<?xml version="1.0" encoding="utf-8" standalone="yes"?>
<Gesture Name="question_mark06" Subject="2" Speed="fast" Number="6" NumPts="59" Millseconds="887" AppName="Gestures" AppVer="3.5.0.0" Date="Monday, March 05, 2007" TimeOfDay="9:01:26 PM">
  <Point X="133" Y="157" T="10777212" />
  <Point X="135" Y="157" T="10777268" />
  <Point X="137" Y="156" T="10777293" />
  <Point X="139" Y="155" T="10777309" />
  <Point X="141" Y="154" T="10777321" />
  <Point X="144" Y="153" T="10777333" />
  <Point X="146" Y="152" T="10777345" />
  <Point X="148" Y="153" T="10777357" />
  <Point X="151" Y="151" T="10777369" />
  <Point X="153" Y="150" T="10777381" />
  <Point X="155" Y="150" T="10777393" />
  <Point X="158" Y="150" T="10777410" />
  <Point X="160" Y="149" T="10777427" />
  <Point X="162" Y="149" T="10777443" />
  <Point X="164" Y="149" T="10777460" />
  <Point X="166" Y="151" T="10777476" />
  <Point X="168" Y="151" T="10777488" />
  <Point X="170" Y="153" T="10777504" />
  <Point X="172" Y="155" T="10777519" />
  <Point X="174" Y="156" T="10777535" />
  <Point X="176" Y="158" T="10777551" />
  <Point X="178" Y="161" T="10777567" />
  <Point X="179" Y="163" T="10777583" />
  <Point X="180" Y="165" T="10777599" />
  <Point X="180" Y="167" T="10777610" />
  <Point X="181" Y="169" T="10777623" />
  <Point X="181" Y="171" T="10777634" />
  <Point X="182" Y="174" T="10777646" />
  <Point X="182" Y="176" T="10777658" />
  <Point X="181" Y="178" T="10777671" />
  <Point X="181" Y="180" T="10777683" />
  <Point X="181" Y="183" T="10777695" />
  <Point X="179" Y="185" T="10777708" />
  <Point X="178" Y="188" T="10777721" />
  <Point X="177" Y="190" T="10777734" />
  <Point X="175" Y="192" T="10777747" />
  <Point X="173" Y="193" T="10777760" />
  <Point X="170" Y="195" T="10777773" />
  <Point X="168" Y="197" T="10777786" />
  <Point X="166" Y="199" T="10777799" />
  <Point X="164" Y="201" T="10777800" />
  <Point X="161" Y="202" T="10777814" />
  <Point X="159" Y="204" T="10777827" />
  <Point X="157" Y="206" T="10777841" />
  <Point X="154" Y="211" T="10777855" />
  <Point X="152" Y="213" T="10777871" />
  <Point X="150" Y="216" T="10777885" />
  <Point X="149" Y="218" T="10777900" />
  <Point X="147" Y="223" T="10777915" />
  <Point X="147" Y="225" T="10777930" />
  <Point X="145" Y="231" T="10777945" />
  <Point X="143" Y="236" T="10777961" />
  <Point X="143" Y="239" T="10777977" />
  <Point X="143" Y="241" T="10777992" />
  <Point X="143" Y="246" T="10778009" />
  <Point X="143" Y="248" T="10778027" />
  <Point X="144" Y="250" T="10778048" />
  <Point X="144" Y="252" T="10778065" />
  <Point X="146" Y="254" T="10778099" />
</Gesture>