﻿<?xml version="1.0" encoding="utf-8" standalone="yes"?>
<Gesture Name="question_mark02" Subject="2" Speed="fast" Number="2" NumPts="58" Millseconds="766" AppName="Gestures" AppVer="3.5.0.0" Date="Monday, March 05, 2007" TimeOfDay="9:01:21 PM">
  <Point X="120" Y="159" T="10771555" />
  <Point X="120" Y="157" T="10771566" />
  <Point X="122" Y="155" T="10771590" />
  <Point X="124" Y="154" T="10771606" />
  <Point X="126" Y="152" T="10771623" />
  <Point X="128" Y="149" T="10771631" />
  <Point X="130" Y="148" T="10771643" />
  <Point X="132" Y="146" T="10771651" />
  <Point X="135" Y="146" T="10771662" />
  <Point X="137" Y="145" T="10771674" />
  <Point X="140" Y="144" T="10771687" />
  <Point X="142" Y="144" T="10771699" />
  <Point X="144" Y="143" T="10771712" />
  <Point X="146" Y="143" T="10771724" />
  <Point X="148" Y="142" T="10771737" />
  <Point X="151" Y="144" T="10771757" />
  <Point X="153" Y="147" T="10771777" />
  <Point X="155" Y="148" T="10771793" />
  <Point X="156" Y="150" T="10771805" />
  <Point X="158" Y="153" T="10771821" />
  <Point X="158" Y="155" T="10771833" />
  <Point X="160" Y="157" T="10771849" />
  <Point X="161" Y="159" T="10771861" />
  <Point X="161" Y="161" T="10771873" />
  <Point X="162" Y="164" T="10771884" />
  <Point X="163" Y="166" T="10771895" />
  <Point X="163" Y="168" T="10771906" />
  <Point X="164" Y="170" T="10771916" />
  <Point X="164" Y="172" T="10771928" />
  <Point X="164" Y="177" T="10771939" />
  <Point X="164" Y="180" T="10771952" />
  <Point X="164" Y="182" T="10771964" />
  <Point X="163" Y="184" T="10771976" />
  <Point X="162" Y="186" T="10771977" />
  <Point X="161" Y="189" T="10771993" />
  <Point X="159" Y="192" T="10772006" />
  <Point X="158" Y="194" T="10772019" />
  <Point X="155" Y="196" T="10772031" />
  <Point X="153" Y="198" T="10772044" />
  <Point X="149" Y="202" T="10772057" />
  <Point X="144" Y="207" T="10772070" />
  <Point X="142" Y="209" T="10772083" />
  <Point X="140" Y="211" T="10772097" />
  <Point X="138" Y="214" T="10772098" />
  <Point X="136" Y="217" T="10772114" />
  <Point X="135" Y="219" T="10772129" />
  <Point X="134" Y="221" T="10772143" />
  <Point X="132" Y="226" T="10772158" />
  <Point X="131" Y="229" T="10772174" />
  <Point X="130" Y="233" T="10772189" />
  <Point X="130" Y="238" T="10772205" />
  <Point X="130" Y="240" T="10772221" />
  <Point X="130" Y="245" T="10772236" />
  <Point X="130" Y="248" T="10772252" />
  <Point X="131" Y="252" T="10772269" />
  <Point X="132" Y="255" T="10772286" />
  <Point X="132" Y="257" T="10772304" />
  <Point X="133" Y="259" T="10772321" />
</Gesture>