﻿<?xml version="1.0" encoding="utf-8" standalone="yes"?>
<Gesture Name="question_mark01" Subject="2" Speed="fast" Number="1" NumPts="57" Millseconds="776" AppName="Gestures" AppVer="3.5.0.0" Date="Monday, March 05, 2007" TimeOfDay="9:01:19 PM">
  <Point X="114" Y="158" T="10770126" />
  <Point X="114" Y="156" T="10770187" />
  <Point X="116" Y="153" T="10770219" />
  <Point X="118" Y="152" T="10770234" />
  <Point X="121" Y="150" T="10770246" />
  <Point X="123" Y="148" T="10770258" />
  <Point X="125" Y="147" T="10770266" />
  <Point X="127" Y="146" T="10770274" />
  <Point X="130" Y="145" T="10770282" />
  <Point X="132" Y="144" T="10770290" />
  <Point X="134" Y="144" T="10770298" />
  <Point X="136" Y="142" T="10770311" />
  <Point X="138" Y="142" T="10770320" />
  <Point X="141" Y="141" T="10770332" />
  <Point X="143" Y="142" T="10770345" />
  <Point X="146" Y="141" T="10770357" />
  <Point X="149" Y="142" T="10770369" />
  <Point X="151" Y="143" T="10770381" />
  <Point X="153" Y="143" T="10770393" />
  <Point X="154" Y="145" T="10770405" />
  <Point X="155" Y="148" T="10770418" />
  <Point X="156" Y="150" T="10770430" />
  <Point X="157" Y="153" T="10770442" />
  <Point X="158" Y="155" T="10770454" />
  <Point X="158" Y="157" T="10770465" />
  <Point X="158" Y="160" T="10770477" />
  <Point X="158" Y="162" T="10770488" />
  <Point X="158" Y="164" T="10770500" />
  <Point X="158" Y="167" T="10770512" />
  <Point X="158" Y="169" T="10770524" />
  <Point X="158" Y="171" T="10770535" />
  <Point X="157" Y="177" T="10770547" />
  <Point X="157" Y="179" T="10770562" />
  <Point X="157" Y="181" T="10770575" />
  <Point X="156" Y="183" T="10770587" />
  <Point X="155" Y="186" T="10770599" />
  <Point X="152" Y="191" T="10770612" />
  <Point X="150" Y="193" T="10770626" />
  <Point X="147" Y="196" T="10770640" />
  <Point X="143" Y="200" T="10770654" />
  <Point X="139" Y="204" T="10770668" />
  <Point X="137" Y="206" T="10770683" />
  <Point X="135" Y="208" T="10770698" />
  <Point X="133" Y="210" T="10770713" />
  <Point X="132" Y="212" T="10770728" />
  <Point X="131" Y="214" T="10770743" />
  <Point X="130" Y="216" T="10770757" />
  <Point X="129" Y="219" T="10770758" />
  <Point X="129" Y="222" T="10770775" />
  <Point X="128" Y="224" T="10770790" />
  <Point X="128" Y="227" T="10770805" />
  <Point X="128" Y="230" T="10770821" />
  <Point X="128" Y="235" T="10770837" />
  <Point X="129" Y="240" T="10770853" />
  <Point X="129" Y="244" T="10770869" />
  <Point X="130" Y="249" T="10770885" />
  <Point X="130" Y="251" T="10770902" />
</Gesture>