﻿<?xml version="1.0" encoding="utf-8" standalone="yes"?>
<Gesture Name="question_mark03" Subject="2" Speed="fast" Number="3" NumPts="61" Millseconds="874" AppName="Gestures" AppVer="3.5.0.0" Date="Monday, March 05, 2007" TimeOfDay="9:01:22 PM">
  <Point X="121" Y="160" T="10772915" />
  <Point X="123" Y="159" T="10772967" />
  <Point X="125" Y="157" T="10772984" />
  <Point X="127" Y="156" T="10772996" />
  <Point X="130" Y="155" T="10773008" />
  <Point X="132" Y="153" T="10773016" />
  <Point X="134" Y="151" T="10773028" />
  <Point X="137" Y="149" T="10773040" />
  <Point X="139" Y="148" T="10773052" />
  <Point X="141" Y="146" T="10773064" />
  <Point X="144" Y="145" T="10773077" />
  <Point X="146" Y="143" T="10773093" />
  <Point X="148" Y="143" T="10773111" />
  <Point X="150" Y="142" T="10773131" />
  <Point X="152" Y="143" T="10773150" />
  <Point X="155" Y="144" T="10773170" />
  <Point X="157" Y="147" T="10773186" />
  <Point X="159" Y="148" T="10773202" />
  <Point X="160" Y="150" T="10773214" />
  <Point X="162" Y="152" T="10773226" />
  <Point X="163" Y="155" T="10773236" />
  <Point X="164" Y="157" T="10773247" />
  <Point X="166" Y="160" T="10773258" />
  <Point X="167" Y="162" T="10773270" />
  <Point X="168" Y="165" T="10773281" />
  <Point X="169" Y="167" T="10773293" />
  <Point X="169" Y="169" T="10773305" />
  <Point X="170" Y="171" T="10773316" />
  <Point X="170" Y="174" T="10773327" />
  <Point X="171" Y="176" T="10773340" />
  <Point X="171" Y="179" T="10773352" />
  <Point X="171" Y="181" T="10773366" />
  <Point X="171" Y="183" T="10773379" />
  <Point X="171" Y="185" T="10773393" />
  <Point X="170" Y="188" T="10773410" />
  <Point X="169" Y="190" T="10773423" />
  <Point X="168" Y="192" T="10773437" />
  <Point X="167" Y="194" T="10773449" />
  <Point X="166" Y="197" T="10773450" />
  <Point X="164" Y="199" T="10773464" />
  <Point X="160" Y="204" T="10773477" />
  <Point X="156" Y="208" T="10773491" />
  <Point X="151" Y="212" T="10773505" />
  <Point X="147" Y="217" T="10773519" />
  <Point X="145" Y="219" T="10773533" />
  <Point X="143" Y="221" T="10773548" />
  <Point X="141" Y="224" T="10773562" />
  <Point X="139" Y="226" T="10773577" />
  <Point X="138" Y="228" T="10773592" />
  <Point X="137" Y="230" T="10773607" />
  <Point X="136" Y="233" T="10773623" />
  <Point X="136" Y="236" T="10773639" />
  <Point X="136" Y="238" T="10773654" />
  <Point X="134" Y="243" T="10773671" />
  <Point X="134" Y="248" T="10773687" />
  <Point X="133" Y="252" T="10773704" />
  <Point X="132" Y="258" T="10773720" />
  <Point X="133" Y="263" T="10773737" />
  <Point X="133" Y="267" T="10773754" />
  <Point X="134" Y="269" T="10773772" />
  <Point X="135" Y="271" T="10773789" />
</Gesture>