﻿<?xml version="1.0" encoding="utf-8" standalone="yes"?>
<Gesture Name="rectangle09" Subject="2" Speed="fast" Number="9" NumPts="97" Millseconds="1958" AppName="Gestures" AppVer="3.5.0.0" Date="Monday, March 05, 2007" TimeOfDay="9:11:29 PM">
  <Point X="94" Y="170" T="11379809" />
  <Point X="94" Y="172" T="11379870" />
  <Point X="95" Y="174" T="11379882" />
  <Point X="95" Y="177" T="11379895" />
  <Point X="96" Y="179" T="11379907" />
  <Point X="96" Y="183" T="11379915" />
  <Point X="97" Y="185" T="11379923" />
  <Point X="98" Y="188" T="11379931" />
  <Point X="98" Y="190" T="11379938" />
  <Point X="98" Y="192" T="11379945" />
  <Point X="99" Y="197" T="11379952" />
  <Point X="99" Y="200" T="11379960" />
  <Point X="100" Y="204" T="11379968" />
  <Point X="101" Y="207" T="11379976" />
  <Point X="101" Y="209" T="11379984" />
  <Point X="101" Y="215" T="11379992" />
  <Point X="101" Y="218" T="11380001" />
  <Point X="102" Y="220" T="11380009" />
  <Point X="103" Y="222" T="11380018" />
  <Point X="103" Y="224" T="11380028" />
  <Point X="103" Y="226" T="11380044" />
  <Point X="105" Y="227" T="11380141" />
  <Point X="107" Y="227" T="11380165" />
  <Point X="110" Y="228" T="11380189" />
  <Point X="112" Y="229" T="11380206" />
  <Point X="114" Y="230" T="11380226" />
  <Point X="116" Y="230" T="11380242" />
  <Point X="119" Y="230" T="11380259" />
  <Point X="121" Y="230" T="11380272" />
  <Point X="124" Y="231" T="11380284" />
  <Point X="126" Y="230" T="11380297" />
  <Point X="131" Y="229" T="11380308" />
  <Point X="133" Y="229" T="11380321" />
  <Point X="138" Y="230" T="11380333" />
  <Point X="141" Y="229" T="11380346" />
  <Point X="147" Y="227" T="11380358" />
  <Point X="149" Y="227" T="11380371" />
  <Point X="152" Y="227" T="11380372" />
  <Point X="155" Y="226" T="11380388" />
  <Point X="158" Y="226" T="11380389" />
  <Point X="161" Y="226" T="11380402" />
  <Point X="167" Y="225" T="11380416" />
  <Point X="173" Y="225" T="11380429" />
  <Point X="175" Y="224" T="11380443" />
  <Point X="178" Y="224" T="11380444" />
  <Point X="181" Y="223" T="11380459" />
  <Point X="183" Y="223" T="11380460" />
  <Point X="186" Y="221" T="11380475" />
  <Point X="188" Y="222" T="11380476" />
  <Point X="193" Y="221" T="11380493" />
  <Point X="198" Y="220" T="11380508" />
  <Point X="200" Y="221" T="11380524" />
  <Point X="203" Y="221" T="11380539" />
  <Point X="205" Y="221" T="11380540" />
  <Point X="207" Y="220" T="11380556" />
  <Point X="209" Y="221" T="11380572" />
  <Point X="212" Y="221" T="11380592" />
  <Point X="211" Y="218" T="11380781" />
  <Point X="210" Y="216" T="11380798" />
  <Point X="209" Y="214" T="11380818" />
  <Point X="209" Y="212" T="11380835" />
  <Point X="208" Y="210" T="11380853" />
  <Point X="207" Y="208" T="11380854" />
  <Point X="206" Y="205" T="11380872" />
  <Point X="206" Y="203" T="11380873" />
  <Point X="204" Y="198" T="11380892" />
  <Point X="203" Y="189" T="11380911" />
  <Point X="202" Y="184" T="11380930" />
  <Point X="201" Y="177" T="11380950" />
  <Point X="200" Y="171" T="11380969" />
  <Point X="199" Y="169" T="11380989" />
  <Point X="199" Y="167" T="11380990" />
  <Point X="198" Y="162" T="11381010" />
  <Point X="198" Y="160" T="11381040" />
  <Point X="197" Y="158" T="11381060" />
  <Point X="197" Y="156" T="11381101" />
  <Point X="194" Y="155" T="11381233" />
  <Point X="192" Y="156" T="11381258" />
  <Point X="190" Y="156" T="11381279" />
  <Point X="186" Y="157" T="11381301" />
  <Point X="181" Y="157" T="11381323" />
  <Point X="174" Y="158" T="11381345" />
  <Point X="166" Y="158" T="11381370" />
  <Point X="158" Y="159" T="11381393" />
  <Point X="150" Y="160" T="11381415" />
  <Point X="140" Y="162" T="11381439" />
  <Point X="131" Y="162" T="11381462" />
  <Point X="125" Y="163" T="11381485" />
  <Point X="123" Y="163" T="11381487" />
  <Point X="115" Y="164" T="11381511" />
  <Point X="107" Y="164" T="11381535" />
  <Point X="103" Y="163" T="11381559" />
  <Point X="98" Y="163" T="11381583" />
  <Point X="96" Y="163" T="11381607" />
  <Point X="92" Y="163" T="11381631" />
  <Point X="90" Y="163" T="11381658" />
  <Point X="90" Y="165" T="11381767" />
</Gesture>