﻿<?xml version="1.0" encoding="utf-8" standalone="yes"?>
<Gesture Name="rectangle01" Subject="2" Speed="fast" Number="1" NumPts="92" Millseconds="1651" AppName="Gestures" AppVer="3.5.0.0" Date="Monday, March 05, 2007" TimeOfDay="9:11:10 PM">
  <Point X="80" Y="162" T="11361185" />
  <Point X="80" Y="164" T="11361241" />
  <Point X="80" Y="166" T="11361262" />
  <Point X="80" Y="168" T="11361273" />
  <Point X="80" Y="170" T="11361281" />
  <Point X="81" Y="173" T="11361297" />
  <Point X="81" Y="176" T="11361305" />
  <Point X="82" Y="178" T="11361313" />
  <Point X="82" Y="180" T="11361321" />
  <Point X="83" Y="184" T="11361329" />
  <Point X="83" Y="187" T="11361337" />
  <Point X="84" Y="189" T="11361346" />
  <Point X="84" Y="192" T="11361354" />
  <Point X="85" Y="196" T="11361362" />
  <Point X="85" Y="200" T="11361370" />
  <Point X="86" Y="202" T="11361379" />
  <Point X="87" Y="205" T="11361388" />
  <Point X="87" Y="207" T="11361397" />
  <Point X="87" Y="210" T="11361406" />
  <Point X="88" Y="212" T="11361415" />
  <Point X="88" Y="214" T="11361425" />
  <Point X="88" Y="217" T="11361435" />
  <Point X="88" Y="219" T="11361445" />
  <Point X="88" Y="221" T="11361461" />
  <Point X="88" Y="223" T="11361472" />
  <Point X="88" Y="225" T="11361502" />
  <Point X="90" Y="226" T="11361587" />
  <Point X="92" Y="225" T="11361604" />
  <Point X="94" Y="225" T="11361621" />
  <Point X="96" Y="225" T="11361633" />
  <Point X="99" Y="225" T="11361646" />
  <Point X="101" Y="224" T="11361658" />
  <Point X="104" Y="224" T="11361670" />
  <Point X="108" Y="223" T="11361682" />
  <Point X="111" Y="222" T="11361695" />
  <Point X="116" Y="223" T="11361708" />
  <Point X="122" Y="221" T="11361721" />
  <Point X="125" Y="221" T="11361735" />
  <Point X="131" Y="221" T="11361748" />
  <Point X="137" Y="220" T="11361762" />
  <Point X="139" Y="219" T="11361776" />
  <Point X="145" Y="219" T="11361790" />
  <Point X="150" Y="219" T="11361804" />
  <Point X="155" Y="218" T="11361819" />
  <Point X="159" Y="217" T="11361834" />
  <Point X="163" Y="216" T="11361849" />
  <Point X="165" Y="217" T="11361865" />
  <Point X="167" Y="217" T="11361866" />
  <Point X="170" Y="216" T="11361881" />
  <Point X="172" Y="215" T="11361898" />
  <Point X="177" Y="216" T="11361914" />
  <Point X="179" Y="215" T="11361932" />
  <Point X="181" Y="214" T="11361949" />
  <Point X="185" Y="215" T="11361965" />
  <Point X="187" Y="214" T="11361983" />
  <Point X="189" Y="214" T="11362000" />
  <Point X="191" Y="212" T="11362001" />
  <Point X="193" Y="212" T="11362019" />
  <Point X="195" Y="212" T="11362037" />
  <Point X="197" Y="211" T="11362077" />
  <Point X="197" Y="209" T="11362125" />
  <Point X="196" Y="206" T="11362146" />
  <Point X="196" Y="204" T="11362164" />
  <Point X="195" Y="202" T="11362182" />
  <Point X="195" Y="200" T="11362200" />
  <Point X="194" Y="195" T="11362219" />
  <Point X="193" Y="191" T="11362237" />
  <Point X="193" Y="189" T="11362238" />
  <Point X="192" Y="184" T="11362263" />
  <Point X="192" Y="179" T="11362283" />
  <Point X="192" Y="172" T="11362303" />
  <Point X="191" Y="168" T="11362324" />
  <Point X="191" Y="163" T="11362345" />
  <Point X="190" Y="157" T="11362365" />
  <Point X="190" Y="155" T="11362387" />
  <Point X="189" Y="153" T="11362407" />
  <Point X="189" Y="150" T="11362428" />
  <Point X="187" Y="149" T="11362499" />
  <Point X="185" Y="149" T="11362524" />
  <Point X="182" Y="149" T="11362548" />
  <Point X="175" Y="152" T="11362570" />
  <Point X="165" Y="152" T="11362593" />
  <Point X="151" Y="155" T="11362617" />
  <Point X="138" Y="156" T="11362640" />
  <Point X="127" Y="157" T="11362664" />
  <Point X="117" Y="157" T="11362688" />
  <Point X="108" Y="158" T="11362715" />
  <Point X="100" Y="158" T="11362739" />
  <Point X="95" Y="157" T="11362763" />
  <Point X="91" Y="157" T="11362787" />
  <Point X="89" Y="158" T="11362812" />
  <Point X="87" Y="159" T="11362836" />
</Gesture>