﻿<?xml version="1.0" encoding="utf-8" standalone="yes"?>
<Gesture Name="rectangle10" Subject="2" Speed="fast" Number="10" NumPts="98" Millseconds="1917" AppName="Gestures" AppVer="3.5.0.0" Date="Monday, March 05, 2007" TimeOfDay="9:11:31 PM">
  <Point X="91" Y="165" T="11382298" />
  <Point X="92" Y="167" T="11382355" />
  <Point X="92" Y="169" T="11382363" />
  <Point X="93" Y="171" T="11382383" />
  <Point X="94" Y="175" T="11382399" />
  <Point X="94" Y="177" T="11382407" />
  <Point X="94" Y="180" T="11382415" />
  <Point X="95" Y="182" T="11382421" />
  <Point X="95" Y="185" T="11382428" />
  <Point X="96" Y="188" T="11382435" />
  <Point X="96" Y="191" T="11382442" />
  <Point X="96" Y="195" T="11382449" />
  <Point X="97" Y="197" T="11382456" />
  <Point X="97" Y="200" T="11382464" />
  <Point X="98" Y="205" T="11382472" />
  <Point X="98" Y="209" T="11382480" />
  <Point X="99" Y="212" T="11382488" />
  <Point X="99" Y="216" T="11382496" />
  <Point X="99" Y="220" T="11382505" />
  <Point X="99" Y="223" T="11382514" />
  <Point X="99" Y="225" T="11382523" />
  <Point X="100" Y="228" T="11382532" />
  <Point X="100" Y="231" T="11382543" />
  <Point X="100" Y="233" T="11382553" />
  <Point X="101" Y="235" T="11382564" />
  <Point X="102" Y="238" T="11382576" />
  <Point X="103" Y="240" T="11382611" />
  <Point X="105" Y="240" T="11382670" />
  <Point X="107" Y="239" T="11382690" />
  <Point X="109" Y="239" T="11382706" />
  <Point X="112" Y="239" T="11382718" />
  <Point X="114" Y="239" T="11382730" />
  <Point X="116" Y="239" T="11382742" />
  <Point X="119" Y="239" T="11382754" />
  <Point X="121" Y="239" T="11382755" />
  <Point X="123" Y="239" T="11382768" />
  <Point X="129" Y="238" T="11382783" />
  <Point X="134" Y="238" T="11382796" />
  <Point X="137" Y="237" T="11382809" />
  <Point X="143" Y="236" T="11382824" />
  <Point X="153" Y="237" T="11382843" />
  <Point X="156" Y="236" T="11382857" />
  <Point X="159" Y="236" T="11382858" />
  <Point X="162" Y="236" T="11382873" />
  <Point X="165" Y="236" T="11382874" />
  <Point X="167" Y="235" T="11382890" />
  <Point X="170" Y="235" T="11382891" />
  <Point X="174" Y="235" T="11382907" />
  <Point X="177" Y="235" T="11382922" />
  <Point X="179" Y="235" T="11382937" />
  <Point X="182" Y="235" T="11382953" />
  <Point X="184" Y="235" T="11382954" />
  <Point X="186" Y="235" T="11382972" />
  <Point X="188" Y="235" T="11382988" />
  <Point X="190" Y="234" T="11383005" />
  <Point X="195" Y="235" T="11383024" />
  <Point X="197" Y="235" T="11383044" />
  <Point X="199" Y="235" T="11383062" />
  <Point X="201" Y="235" T="11383079" />
  <Point X="206" Y="235" T="11383097" />
  <Point X="208" Y="235" T="11383115" />
  <Point X="210" Y="234" T="11383133" />
  <Point X="212" Y="235" T="11383155" />
  <Point X="213" Y="233" T="11383278" />
  <Point X="213" Y="231" T="11383322" />
  <Point X="213" Y="229" T="11383358" />
  <Point X="213" Y="227" T="11383382" />
  <Point X="212" Y="224" T="11383402" />
  <Point X="212" Y="222" T="11383421" />
  <Point X="212" Y="220" T="11383422" />
  <Point X="211" Y="214" T="11383444" />
  <Point X="210" Y="209" T="11383465" />
  <Point X="209" Y="200" T="11383489" />
  <Point X="208" Y="197" T="11383490" />
  <Point X="207" Y="190" T="11383513" />
  <Point X="205" Y="182" T="11383537" />
  <Point X="203" Y="174" T="11383562" />
  <Point X="203" Y="164" T="11383587" />
  <Point X="202" Y="159" T="11383612" />
  <Point X="201" Y="156" T="11383637" />
  <Point X="201" Y="154" T="11383662" />
  <Point X="199" Y="154" T="11383787" />
  <Point X="197" Y="154" T="11383819" />
  <Point X="195" Y="153" T="11383845" />
  <Point X="191" Y="154" T="11383871" />
  <Point X="185" Y="154" T="11383898" />
  <Point X="177" Y="155" T="11383926" />
  <Point X="170" Y="155" T="11383954" />
  <Point X="167" Y="155" T="11383955" />
  <Point X="157" Y="157" T="11383980" />
  <Point X="148" Y="157" T="11384009" />
  <Point X="135" Y="160" T="11384039" />
  <Point X="121" Y="162" T="11384068" />
  <Point X="111" Y="162" T="11384097" />
  <Point X="104" Y="162" T="11384127" />
  <Point X="100" Y="161" T="11384156" />
  <Point X="96" Y="161" T="11384186" />
  <Point X="94" Y="161" T="11384215" />
</Gesture>