﻿<?xml version="1.0" encoding="utf-8" standalone="yes"?>
<Gesture Name="rectangle04" Subject="2" Speed="fast" Number="4" NumPts="95" Millseconds="1887" AppName="Gestures" AppVer="3.5.0.0" Date="Monday, March 05, 2007" TimeOfDay="9:11:17 PM">
  <Point X="86" Y="168" T="11368073" />
  <Point X="86" Y="170" T="11368105" />
  <Point X="87" Y="173" T="11368125" />
  <Point X="87" Y="175" T="11368138" />
  <Point X="88" Y="178" T="11368150" />
  <Point X="88" Y="180" T="11368158" />
  <Point X="88" Y="183" T="11368166" />
  <Point X="89" Y="185" T="11368174" />
  <Point X="89" Y="188" T="11368182" />
  <Point X="89" Y="191" T="11368190" />
  <Point X="89" Y="193" T="11368199" />
  <Point X="89" Y="196" T="11368206" />
  <Point X="90" Y="200" T="11368214" />
  <Point X="91" Y="203" T="11368222" />
  <Point X="91" Y="205" T="11368231" />
  <Point X="92" Y="209" T="11368239" />
  <Point X="92" Y="212" T="11368248" />
  <Point X="92" Y="214" T="11368257" />
  <Point X="93" Y="217" T="11368267" />
  <Point X="93" Y="219" T="11368277" />
  <Point X="94" Y="221" T="11368297" />
  <Point X="96" Y="221" T="11368349" />
  <Point X="98" Y="221" T="11368377" />
  <Point X="100" Y="221" T="11368397" />
  <Point X="102" Y="222" T="11368413" />
  <Point X="104" Y="222" T="11368425" />
  <Point X="106" Y="222" T="11368436" />
  <Point X="109" Y="222" T="11368448" />
  <Point X="111" Y="221" T="11368460" />
  <Point X="116" Y="222" T="11368471" />
  <Point X="120" Y="223" T="11368483" />
  <Point X="126" Y="223" T="11368495" />
  <Point X="129" Y="223" T="11368507" />
  <Point X="136" Y="221" T="11368519" />
  <Point X="140" Y="221" T="11368532" />
  <Point X="146" Y="222" T="11368544" />
  <Point X="153" Y="221" T="11368558" />
  <Point X="156" Y="220" T="11368571" />
  <Point X="162" Y="220" T="11368584" />
  <Point X="168" Y="219" T="11368598" />
  <Point X="170" Y="219" T="11368613" />
  <Point X="173" Y="218" T="11368614" />
  <Point X="178" Y="218" T="11368631" />
  <Point X="181" Y="217" T="11368645" />
  <Point X="183" Y="217" T="11368646" />
  <Point X="185" Y="217" T="11368660" />
  <Point X="188" Y="216" T="11368675" />
  <Point X="193" Y="216" T="11368690" />
  <Point X="195" Y="215" T="11368704" />
  <Point X="198" Y="215" T="11368719" />
  <Point X="200" Y="215" T="11368734" />
  <Point X="202" Y="215" T="11368750" />
  <Point X="204" Y="215" T="11368770" />
  <Point X="206" Y="215" T="11368795" />
  <Point X="208" Y="215" T="11368834" />
  <Point X="208" Y="213" T="11368940" />
  <Point X="207" Y="210" T="11368984" />
  <Point X="206" Y="208" T="11369001" />
  <Point X="206" Y="206" T="11369017" />
  <Point X="206" Y="201" T="11369035" />
  <Point X="205" Y="194" T="11369052" />
  <Point X="204" Y="189" T="11369070" />
  <Point X="203" Y="182" T="11369091" />
  <Point X="202" Y="177" T="11369109" />
  <Point X="201" Y="172" T="11369127" />
  <Point X="201" Y="169" T="11369128" />
  <Point X="199" Y="164" T="11369147" />
  <Point X="198" Y="159" T="11369166" />
  <Point X="197" Y="156" T="11369185" />
  <Point X="196" Y="154" T="11369204" />
  <Point X="196" Y="152" T="11369224" />
  <Point X="195" Y="150" T="11369244" />
  <Point X="193" Y="148" T="11369369" />
  <Point X="191" Y="148" T="11369398" />
  <Point X="189" Y="149" T="11369418" />
  <Point X="187" Y="149" T="11369439" />
  <Point X="180" Y="150" T="11369459" />
  <Point X="175" Y="151" T="11369481" />
  <Point X="167" Y="152" T="11369502" />
  <Point X="159" Y="152" T="11369524" />
  <Point X="152" Y="153" T="11369545" />
  <Point X="149" Y="153" T="11369546" />
  <Point X="140" Y="154" T="11369570" />
  <Point X="129" Y="156" T="11369593" />
  <Point X="119" Y="156" T="11369617" />
  <Point X="111" Y="157" T="11369640" />
  <Point X="104" Y="156" T="11369663" />
  <Point X="100" Y="157" T="11369686" />
  <Point X="95" Y="157" T="11369710" />
  <Point X="93" Y="157" T="11369734" />
  <Point X="91" Y="156" T="11369757" />
  <Point X="89" Y="156" T="11369782" />
  <Point X="87" Y="157" T="11369838" />
  <Point X="85" Y="157" T="11369891" />
  <Point X="85" Y="159" T="11369960" />
</Gesture>