﻿<?xml version="1.0" encoding="utf-8" standalone="yes"?>
<Gesture Name="rectangle08" Subject="2" Speed="fast" Number="8" NumPts="97" Millseconds="1785" AppName="Gestures" AppVer="3.5.0.0" Date="Monday, March 05, 2007" TimeOfDay="9:11:26 PM">
  <Point X="90" Y="169" T="11377520" />
  <Point X="91" Y="171" T="11377565" />
  <Point X="91" Y="173" T="11377578" />
  <Point X="92" Y="175" T="11377593" />
  <Point X="92" Y="177" T="11377601" />
  <Point X="92" Y="180" T="11377609" />
  <Point X="93" Y="183" T="11377621" />
  <Point X="93" Y="185" T="11377629" />
  <Point X="94" Y="188" T="11377637" />
  <Point X="94" Y="191" T="11377645" />
  <Point X="95" Y="193" T="11377653" />
  <Point X="95" Y="196" T="11377660" />
  <Point X="96" Y="199" T="11377668" />
  <Point X="96" Y="203" T="11377676" />
  <Point X="97" Y="206" T="11377685" />
  <Point X="97" Y="210" T="11377693" />
  <Point X="98" Y="213" T="11377702" />
  <Point X="98" Y="217" T="11377710" />
  <Point X="98" Y="219" T="11377719" />
  <Point X="98" Y="221" T="11377728" />
  <Point X="99" Y="224" T="11377738" />
  <Point X="99" Y="226" T="11377748" />
  <Point X="99" Y="229" T="11377758" />
  <Point X="99" Y="231" T="11377769" />
  <Point X="99" Y="233" T="11377785" />
  <Point X="100" Y="235" T="11377833" />
  <Point X="102" Y="235" T="11377882" />
  <Point X="104" Y="235" T="11377907" />
  <Point X="106" Y="235" T="11377924" />
  <Point X="109" Y="234" T="11377940" />
  <Point X="112" Y="234" T="11377952" />
  <Point X="114" Y="234" T="11377965" />
  <Point X="116" Y="234" T="11377977" />
  <Point X="121" Y="234" T="11377989" />
  <Point X="123" Y="233" T="11378003" />
  <Point X="128" Y="233" T="11378015" />
  <Point X="133" Y="233" T="11378028" />
  <Point X="136" Y="232" T="11378042" />
  <Point X="141" Y="231" T="11378055" />
  <Point X="147" Y="231" T="11378069" />
  <Point X="149" Y="230" T="11378083" />
  <Point X="152" Y="230" T="11378084" />
  <Point X="155" Y="229" T="11378098" />
  <Point X="161" Y="228" T="11378113" />
  <Point X="166" Y="228" T="11378127" />
  <Point X="171" Y="226" T="11378142" />
  <Point X="177" Y="226" T="11378158" />
  <Point X="181" Y="226" T="11378173" />
  <Point X="186" Y="226" T="11378189" />
  <Point X="188" Y="226" T="11378206" />
  <Point X="191" Y="225" T="11378222" />
  <Point X="196" Y="225" T="11378237" />
  <Point X="198" Y="223" T="11378256" />
  <Point X="200" Y="225" T="11378272" />
  <Point X="202" Y="224" T="11378289" />
  <Point X="204" Y="224" T="11378305" />
  <Point X="207" Y="224" T="11378322" />
  <Point X="209" Y="224" T="11378341" />
  <Point X="211" Y="224" T="11378383" />
  <Point X="210" Y="222" T="11378463" />
  <Point X="210" Y="220" T="11378488" />
  <Point X="210" Y="217" T="11378512" />
  <Point X="209" Y="215" T="11378532" />
  <Point X="209" Y="212" T="11378551" />
  <Point X="209" Y="210" T="11378552" />
  <Point X="208" Y="208" T="11378571" />
  <Point X="207" Y="203" T="11378590" />
  <Point X="206" Y="196" T="11378610" />
  <Point X="204" Y="191" T="11378630" />
  <Point X="203" Y="183" T="11378650" />
  <Point X="201" Y="177" T="11378670" />
  <Point X="200" Y="171" T="11378691" />
  <Point X="200" Y="166" T="11378712" />
  <Point X="199" Y="162" T="11378734" />
  <Point X="198" Y="160" T="11378757" />
  <Point X="198" Y="157" T="11378778" />
  <Point X="197" Y="155" T="11378799" />
  <Point X="197" Y="153" T="11378823" />
  <Point X="195" Y="155" T="11378929" />
  <Point X="193" Y="155" T="11378965" />
  <Point X="191" Y="157" T="11378990" />
  <Point X="186" Y="157" T="11379014" />
  <Point X="182" Y="157" T="11379037" />
  <Point X="179" Y="158" T="11379038" />
  <Point X="174" Y="158" T="11379060" />
  <Point X="171" Y="158" T="11379062" />
  <Point X="165" Y="159" T="11379084" />
  <Point X="162" Y="159" T="11379085" />
  <Point X="152" Y="161" T="11379109" />
  <Point X="143" Y="163" T="11379133" />
  <Point X="129" Y="165" T="11379158" />
  <Point X="118" Y="164" T="11379182" />
  <Point X="107" Y="165" T="11379207" />
  <Point X="99" Y="166" T="11379231" />
  <Point X="95" Y="167" T="11379256" />
  <Point X="93" Y="167" T="11379280" />
  <Point X="91" Y="167" T="11379305" />
</Gesture>