﻿<?xml version="1.0" encoding="utf-8" standalone="yes"?>
<Gesture Name="rectangle06" Subject="2" Speed="fast" Number="6" NumPts="94" Millseconds="1732" AppName="Gestures" AppVer="3.5.0.0" Date="Monday, March 05, 2007" TimeOfDay="9:11:21 PM">
  <Point X="89" Y="165" T="11372762" />
  <Point X="90" Y="167" T="11372823" />
  <Point X="90" Y="170" T="11372835" />
  <Point X="91" Y="172" T="11372843" />
  <Point X="91" Y="174" T="11372850" />
  <Point X="92" Y="177" T="11372862" />
  <Point X="92" Y="180" T="11372870" />
  <Point X="92" Y="183" T="11372878" />
  <Point X="93" Y="187" T="11372886" />
  <Point X="93" Y="189" T="11372893" />
  <Point X="93" Y="191" T="11372894" />
  <Point X="94" Y="193" T="11372902" />
  <Point X="94" Y="197" T="11372909" />
  <Point X="94" Y="200" T="11372917" />
  <Point X="94" Y="204" T="11372926" />
  <Point X="95" Y="206" T="11372927" />
  <Point X="95" Y="210" T="11372935" />
  <Point X="96" Y="213" T="11372944" />
  <Point X="96" Y="215" T="11372953" />
  <Point X="96" Y="218" T="11372961" />
  <Point X="96" Y="221" T="11372970" />
  <Point X="96" Y="223" T="11372982" />
  <Point X="97" Y="225" T="11372994" />
  <Point X="99" Y="227" T="11373059" />
  <Point X="101" Y="226" T="11373079" />
  <Point X="103" Y="226" T="11373098" />
  <Point X="105" Y="226" T="11373114" />
  <Point X="107" Y="226" T="11373126" />
  <Point X="109" Y="226" T="11373137" />
  <Point X="112" Y="225" T="11373148" />
  <Point X="116" Y="225" T="11373159" />
  <Point X="119" Y="226" T="11373170" />
  <Point X="121" Y="226" T="11373181" />
  <Point X="124" Y="226" T="11373183" />
  <Point X="127" Y="226" T="11373194" />
  <Point X="133" Y="226" T="11373207" />
  <Point X="136" Y="225" T="11373219" />
  <Point X="142" Y="225" T="11373231" />
  <Point X="145" Y="224" T="11373244" />
  <Point X="151" Y="224" T="11373257" />
  <Point X="157" Y="223" T="11373271" />
  <Point X="159" Y="224" T="11373284" />
  <Point X="164" Y="223" T="11373298" />
  <Point X="169" Y="223" T="11373312" />
  <Point X="173" Y="222" T="11373328" />
  <Point X="177" Y="222" T="11373343" />
  <Point X="180" Y="221" T="11373357" />
  <Point X="182" Y="221" T="11373358" />
  <Point X="184" Y="221" T="11373373" />
  <Point X="187" Y="221" T="11373374" />
  <Point X="190" Y="221" T="11373390" />
  <Point X="192" Y="220" T="11373391" />
  <Point X="198" Y="219" T="11373407" />
  <Point X="203" Y="219" T="11373423" />
  <Point X="208" Y="219" T="11373440" />
  <Point X="210" Y="219" T="11373457" />
  <Point X="215" Y="218" T="11373473" />
  <Point X="215" Y="216" T="11373598" />
  <Point X="214" Y="214" T="11373622" />
  <Point X="214" Y="212" T="11373650" />
  <Point X="214" Y="210" T="11373669" />
  <Point X="215" Y="207" T="11373687" />
  <Point X="215" Y="205" T="11373688" />
  <Point X="215" Y="203" T="11373706" />
  <Point X="215" Y="201" T="11373707" />
  <Point X="215" Y="196" T="11373727" />
  <Point X="214" Y="191" T="11373746" />
  <Point X="213" Y="181" T="11373772" />
  <Point X="212" Y="174" T="11373792" />
  <Point X="211" Y="169" T="11373812" />
  <Point X="210" Y="164" T="11373833" />
  <Point X="209" Y="162" T="11373854" />
  <Point X="209" Y="159" T="11373877" />
  <Point X="208" Y="157" T="11373899" />
  <Point X="207" Y="155" T="11373945" />
  <Point X="205" Y="153" T="11373999" />
  <Point X="203" Y="152" T="11374039" />
  <Point X="201" Y="151" T="11374063" />
  <Point X="196" Y="152" T="11374085" />
  <Point X="189" Y="155" T="11374108" />
  <Point X="183" Y="156" T="11374130" />
  <Point X="180" Y="156" T="11374131" />
  <Point X="173" Y="157" T="11374154" />
  <Point X="163" Y="158" T="11374177" />
  <Point X="153" Y="159" T="11374200" />
  <Point X="144" Y="159" T="11374223" />
  <Point X="134" Y="160" T="11374247" />
  <Point X="124" Y="163" T="11374271" />
  <Point X="116" Y="165" T="11374295" />
  <Point X="106" Y="164" T="11374320" />
  <Point X="98" Y="164" T="11374344" />
  <Point X="94" Y="164" T="11374369" />
  <Point X="92" Y="165" T="11374397" />
  <Point X="94" Y="166" T="11374494" />
</Gesture>