﻿<?xml version="1.0" encoding="utf-8" standalone="yes"?>
<Gesture Name="rectangle05" Subject="2" Speed="fast" Number="5" NumPts="91" Millseconds="1724" AppName="Gestures" AppVer="3.5.0.0" Date="Monday, March 05, 2007" TimeOfDay="9:11:19 PM">
  <Point X="86" Y="159" T="11370457" />
  <Point X="86" Y="161" T="11370510" />
  <Point X="87" Y="163" T="11370526" />
  <Point X="87" Y="165" T="11370534" />
  <Point X="88" Y="167" T="11370542" />
  <Point X="88" Y="170" T="11370549" />
  <Point X="89" Y="173" T="11370557" />
  <Point X="90" Y="176" T="11370565" />
  <Point X="90" Y="180" T="11370573" />
  <Point X="91" Y="183" T="11370581" />
  <Point X="92" Y="186" T="11370588" />
  <Point X="92" Y="189" T="11370595" />
  <Point X="93" Y="193" T="11370602" />
  <Point X="94" Y="197" T="11370610" />
  <Point X="94" Y="201" T="11370618" />
  <Point X="95" Y="206" T="11370626" />
  <Point X="95" Y="208" T="11370634" />
  <Point X="96" Y="211" T="11370642" />
  <Point X="96" Y="214" T="11370651" />
  <Point X="97" Y="217" T="11370660" />
  <Point X="97" Y="219" T="11370668" />
  <Point X="98" Y="222" T="11370678" />
  <Point X="98" Y="225" T="11370689" />
  <Point X="98" Y="227" T="11370721" />
  <Point X="100" Y="226" T="11370772" />
  <Point X="102" Y="226" T="11370792" />
  <Point X="105" Y="226" T="11370808" />
  <Point X="107" Y="225" T="11370824" />
  <Point X="110" Y="226" T="11370836" />
  <Point X="112" Y="226" T="11370847" />
  <Point X="115" Y="225" T="11370858" />
  <Point X="120" Y="226" T="11370869" />
  <Point X="123" Y="226" T="11370881" />
  <Point X="130" Y="225" T="11370893" />
  <Point X="134" Y="226" T="11370905" />
  <Point X="141" Y="224" T="11370917" />
  <Point X="144" Y="224" T="11370929" />
  <Point X="151" Y="223" T="11370943" />
  <Point X="155" Y="222" T="11370956" />
  <Point X="158" Y="222" T="11370957" />
  <Point X="160" Y="222" T="11370970" />
  <Point X="166" Y="222" T="11370984" />
  <Point X="170" Y="220" T="11370997" />
  <Point X="173" Y="220" T="11371011" />
  <Point X="175" Y="220" T="11371025" />
  <Point X="177" Y="220" T="11371040" />
  <Point X="179" Y="221" T="11371041" />
  <Point X="182" Y="221" T="11371055" />
  <Point X="184" Y="221" T="11371070" />
  <Point X="188" Y="219" T="11371085" />
  <Point X="190" Y="219" T="11371101" />
  <Point X="192" Y="219" T="11371116" />
  <Point X="194" Y="219" T="11371132" />
  <Point X="196" Y="219" T="11371148" />
  <Point X="199" Y="218" T="11371164" />
  <Point X="201" Y="218" T="11371180" />
  <Point X="202" Y="216" T="11371317" />
  <Point X="202" Y="213" T="11371342" />
  <Point X="202" Y="211" T="11371359" />
  <Point X="202" Y="208" T="11371376" />
  <Point X="201" Y="204" T="11371393" />
  <Point X="201" Y="202" T="11371395" />
  <Point X="201" Y="196" T="11371413" />
  <Point X="200" Y="188" T="11371432" />
  <Point X="199" Y="180" T="11371453" />
  <Point X="199" Y="178" T="11371454" />
  <Point X="198" Y="172" T="11371474" />
  <Point X="197" Y="167" T="11371494" />
  <Point X="196" Y="162" T="11371514" />
  <Point X="194" Y="158" T="11371534" />
  <Point X="193" Y="153" T="11371554" />
  <Point X="193" Y="151" T="11371579" />
  <Point X="192" Y="149" T="11371612" />
  <Point X="190" Y="147" T="11371724" />
  <Point X="188" Y="148" T="11371757" />
  <Point X="186" Y="148" T="11371778" />
  <Point X="184" Y="148" T="11371799" />
  <Point X="177" Y="149" T="11371824" />
  <Point X="170" Y="149" T="11371846" />
  <Point X="161" Y="150" T="11371869" />
  <Point X="155" Y="151" T="11371892" />
  <Point X="143" Y="153" T="11371918" />
  <Point X="134" Y="154" T="11371941" />
  <Point X="124" Y="155" T="11371967" />
  <Point X="113" Y="154" T="11371991" />
  <Point X="100" Y="154" T="11372019" />
  <Point X="90" Y="155" T="11372042" />
  <Point X="84" Y="158" T="11372066" />
  <Point X="79" Y="159" T="11372090" />
  <Point X="77" Y="160" T="11372114" />
  <Point X="79" Y="160" T="11372181" />
</Gesture>