﻿<?xml version="1.0" encoding="utf-8" standalone="yes"?>
<Gesture Name="rectangle03" Subject="2" Speed="fast" Number="3" NumPts="94" Millseconds="1698" AppName="Gestures" AppVer="3.5.0.0" Date="Monday, March 05, 2007" TimeOfDay="9:11:14 PM">
  <Point X="80" Y="160" T="11365714" />
  <Point X="81" Y="162" T="11365766" />
  <Point X="82" Y="165" T="11365778" />
  <Point X="82" Y="167" T="11365787" />
  <Point X="83" Y="169" T="11365794" />
  <Point X="83" Y="171" T="11365802" />
  <Point X="84" Y="173" T="11365810" />
  <Point X="84" Y="177" T="11365818" />
  <Point X="85" Y="179" T="11365826" />
  <Point X="85" Y="182" T="11365834" />
  <Point X="85" Y="186" T="11365842" />
  <Point X="86" Y="189" T="11365850" />
  <Point X="87" Y="192" T="11365858" />
  <Point X="87" Y="194" T="11365866" />
  <Point X="87" Y="197" T="11365873" />
  <Point X="87" Y="199" T="11365874" />
  <Point X="88" Y="203" T="11365883" />
  <Point X="88" Y="206" T="11365892" />
  <Point X="89" Y="209" T="11365901" />
  <Point X="89" Y="213" T="11365911" />
  <Point X="89" Y="215" T="11365920" />
  <Point X="90" Y="218" T="11365930" />
  <Point X="91" Y="220" T="11365939" />
  <Point X="91" Y="223" T="11365949" />
  <Point X="91" Y="225" T="11365950" />
  <Point X="91" Y="227" T="11365963" />
  <Point X="91" Y="230" T="11365979" />
  <Point X="91" Y="232" T="11365995" />
  <Point X="93" Y="229" T="11366034" />
  <Point X="95" Y="230" T="11366066" />
  <Point X="97" Y="229" T="11366086" />
  <Point X="99" Y="227" T="11366099" />
  <Point X="101" Y="228" T="11366111" />
  <Point X="104" Y="227" T="11366124" />
  <Point X="106" Y="226" T="11366136" />
  <Point X="111" Y="226" T="11366149" />
  <Point X="113" Y="227" T="11366161" />
  <Point X="119" Y="226" T="11366174" />
  <Point X="122" Y="227" T="11366187" />
  <Point X="128" Y="226" T="11366202" />
  <Point X="134" Y="225" T="11366218" />
  <Point X="140" Y="224" T="11366234" />
  <Point X="146" Y="224" T="11366250" />
  <Point X="152" Y="223" T="11366267" />
  <Point X="158" Y="222" T="11366283" />
  <Point X="166" Y="223" T="11366300" />
  <Point X="168" Y="222" T="11366315" />
  <Point X="174" Y="221" T="11366333" />
  <Point X="176" Y="222" T="11366348" />
  <Point X="178" Y="222" T="11366349" />
  <Point X="182" Y="222" T="11366365" />
  <Point X="185" Y="222" T="11366381" />
  <Point X="190" Y="221" T="11366397" />
  <Point X="192" Y="222" T="11366413" />
  <Point X="194" Y="221" T="11366430" />
  <Point X="196" Y="222" T="11366446" />
  <Point X="198" Y="222" T="11366463" />
  <Point X="199" Y="220" T="11366565" />
  <Point X="199" Y="218" T="11366582" />
  <Point X="198" Y="214" T="11366600" />
  <Point X="197" Y="212" T="11366617" />
  <Point X="196" Y="210" T="11366635" />
  <Point X="195" Y="204" T="11366653" />
  <Point X="194" Y="201" T="11366672" />
  <Point X="192" Y="193" T="11366690" />
  <Point X="191" Y="187" T="11366709" />
  <Point X="190" Y="181" T="11366728" />
  <Point X="190" Y="177" T="11366748" />
  <Point X="190" Y="169" T="11366770" />
  <Point X="191" Y="164" T="11366789" />
  <Point X="191" Y="162" T="11366809" />
  <Point X="191" Y="157" T="11366829" />
  <Point X="191" Y="155" T="11366849" />
  <Point X="190" Y="152" T="11366888" />
  <Point X="189" Y="150" T="11366961" />
  <Point X="187" Y="150" T="11367022" />
  <Point X="185" Y="150" T="11367045" />
  <Point X="183" Y="150" T="11367066" />
  <Point X="179" Y="151" T="11367088" />
  <Point X="174" Y="151" T="11367109" />
  <Point X="166" Y="152" T="11367131" />
  <Point X="157" Y="153" T="11367154" />
  <Point X="150" Y="154" T="11367176" />
  <Point X="147" Y="154" T="11367177" />
  <Point X="136" Y="156" T="11367202" />
  <Point X="126" Y="156" T="11367225" />
  <Point X="117" Y="156" T="11367249" />
  <Point X="110" Y="155" T="11367272" />
  <Point X="104" Y="155" T="11367296" />
  <Point X="102" Y="155" T="11367297" />
  <Point X="97" Y="155" T="11367323" />
  <Point X="88" Y="157" T="11367355" />
  <Point X="82" Y="159" T="11367384" />
  <Point X="77" Y="159" T="11367412" />
</Gesture>