﻿<?xml version="1.0" encoding="utf-8" standalone="yes"?>
<Gesture Name="rectangle02" Subject="2" Speed="fast" Number="2" NumPts="93" Millseconds="1649" AppName="Gestures" AppVer="3.5.0.0" Date="Monday, March 05, 2007" TimeOfDay="9:11:12 PM">
  <Point X="77" Y="161" T="11363430" />
  <Point X="77" Y="163" T="11363458" />
  <Point X="77" Y="166" T="11363474" />
  <Point X="78" Y="168" T="11363486" />
  <Point X="79" Y="170" T="11363503" />
  <Point X="79" Y="172" T="11363511" />
  <Point X="80" Y="175" T="11363519" />
  <Point X="80" Y="177" T="11363527" />
  <Point X="81" Y="179" T="11363534" />
  <Point X="81" Y="182" T="11363540" />
  <Point X="82" Y="185" T="11363548" />
  <Point X="82" Y="187" T="11363555" />
  <Point X="83" Y="191" T="11363563" />
  <Point X="84" Y="194" T="11363570" />
  <Point X="84" Y="196" T="11363578" />
  <Point X="84" Y="200" T="11363587" />
  <Point X="85" Y="204" T="11363588" />
  <Point X="85" Y="206" T="11363597" />
  <Point X="85" Y="209" T="11363607" />
  <Point X="85" Y="216" T="11363617" />
  <Point X="84" Y="219" T="11363626" />
  <Point X="84" Y="222" T="11363637" />
  <Point X="85" Y="224" T="11363647" />
  <Point X="85" Y="227" T="11363658" />
  <Point X="85" Y="229" T="11363672" />
  <Point X="87" Y="230" T="11363708" />
  <Point X="89" Y="230" T="11363729" />
  <Point X="91" Y="230" T="11363741" />
  <Point X="93" Y="230" T="11363754" />
  <Point X="96" Y="229" T="11363767" />
  <Point X="98" Y="228" T="11363779" />
  <Point X="101" Y="228" T="11363792" />
  <Point X="106" Y="227" T="11363806" />
  <Point X="111" Y="226" T="11363819" />
  <Point X="114" Y="226" T="11363833" />
  <Point X="121" Y="225" T="11363847" />
  <Point X="127" Y="225" T="11363862" />
  <Point X="133" Y="225" T="11363876" />
  <Point X="137" Y="224" T="11363891" />
  <Point X="140" Y="224" T="11363892" />
  <Point X="143" Y="223" T="11363906" />
  <Point X="147" Y="223" T="11363907" />
  <Point X="150" Y="223" T="11363922" />
  <Point X="153" Y="223" T="11363923" />
  <Point X="157" Y="223" T="11363939" />
  <Point X="160" Y="222" T="11363940" />
  <Point X="165" Y="221" T="11363956" />
  <Point X="170" Y="221" T="11363972" />
  <Point X="173" Y="221" T="11363987" />
  <Point X="175" Y="220" T="11363988" />
  <Point X="178" Y="220" T="11364005" />
  <Point X="180" Y="220" T="11364023" />
  <Point X="182" Y="220" T="11364024" />
  <Point X="184" Y="219" T="11364042" />
  <Point X="186" Y="220" T="11364060" />
  <Point X="188" Y="219" T="11364079" />
  <Point X="190" Y="219" T="11364098" />
  <Point X="195" Y="219" T="11364117" />
  <Point X="197" Y="219" T="11364137" />
  <Point X="199" Y="219" T="11364175" />
  <Point X="199" Y="217" T="11364252" />
  <Point X="198" Y="215" T="11364272" />
  <Point X="197" Y="212" T="11364292" />
  <Point X="197" Y="210" T="11364313" />
  <Point X="196" Y="206" T="11364334" />
  <Point X="195" Y="201" T="11364356" />
  <Point X="193" Y="193" T="11364378" />
  <Point X="193" Y="188" T="11364400" />
  <Point X="192" Y="182" T="11364423" />
  <Point X="191" Y="177" T="11364446" />
  <Point X="190" Y="168" T="11364473" />
  <Point X="190" Y="163" T="11364496" />
  <Point X="189" Y="161" T="11364519" />
  <Point X="188" Y="157" T="11364543" />
  <Point X="188" Y="154" T="11364585" />
  <Point X="186" Y="154" T="11364709" />
  <Point X="184" Y="155" T="11364733" />
  <Point X="181" Y="154" T="11364757" />
  <Point X="179" Y="155" T="11364758" />
  <Point X="174" Y="155" T="11364781" />
  <Point X="166" Y="155" T="11364807" />
  <Point X="157" Y="154" T="11364833" />
  <Point X="147" Y="155" T="11364860" />
  <Point X="135" Y="155" T="11364887" />
  <Point X="125" Y="154" T="11364914" />
  <Point X="113" Y="156" T="11364941" />
  <Point X="104" Y="155" T="11364968" />
  <Point X="101" Y="156" T="11364969" />
  <Point X="93" Y="157" T="11364994" />
  <Point X="86" Y="159" T="11365024" />
  <Point X="84" Y="159" T="11365025" />
  <Point X="79" Y="159" T="11365051" />
  <Point X="74" Y="161" T="11365079" />
</Gesture>