﻿<?xml version="1.0" encoding="utf-8" standalone="yes"?>
<Gesture Name="rectangle07" Subject="2" Speed="fast" Number="7" NumPts="97" Millseconds="1818" AppName="Gestures" AppVer="3.5.0.0" Date="Monday, March 05, 2007" TimeOfDay="9:11:24 PM">
  <Point X="87" Y="164" T="11375066" />
  <Point X="88" Y="167" T="11375113" />
  <Point X="89" Y="169" T="11375123" />
  <Point X="90" Y="171" T="11375135" />
  <Point X="91" Y="174" T="11375143" />
  <Point X="92" Y="176" T="11375154" />
  <Point X="93" Y="179" T="11375162" />
  <Point X="94" Y="182" T="11375170" />
  <Point X="94" Y="185" T="11375178" />
  <Point X="94" Y="187" T="11375185" />
  <Point X="95" Y="189" T="11375192" />
  <Point X="95" Y="192" T="11375199" />
  <Point X="96" Y="198" T="11375206" />
  <Point X="97" Y="200" T="11375214" />
  <Point X="97" Y="203" T="11375215" />
  <Point X="97" Y="207" T="11375223" />
  <Point X="98" Y="212" T="11375231" />
  <Point X="98" Y="215" T="11375239" />
  <Point X="99" Y="219" T="11375248" />
  <Point X="99" Y="221" T="11375257" />
  <Point X="99" Y="224" T="11375265" />
  <Point X="100" Y="226" T="11375275" />
  <Point X="100" Y="228" T="11375286" />
  <Point X="101" Y="230" T="11375315" />
  <Point X="103" Y="230" T="11375359" />
  <Point X="105" Y="229" T="11375379" />
  <Point X="107" Y="229" T="11375395" />
  <Point X="109" Y="229" T="11375407" />
  <Point X="111" Y="229" T="11375418" />
  <Point X="114" Y="229" T="11375428" />
  <Point X="116" Y="229" T="11375440" />
  <Point X="119" Y="229" T="11375451" />
  <Point X="121" Y="230" T="11375452" />
  <Point X="124" Y="230" T="11375464" />
  <Point X="130" Y="230" T="11375476" />
  <Point X="134" Y="230" T="11375488" />
  <Point X="139" Y="229" T="11375500" />
  <Point X="146" Y="230" T="11375514" />
  <Point X="149" Y="230" T="11375526" />
  <Point X="153" Y="230" T="11375528" />
  <Point X="156" Y="230" T="11375541" />
  <Point X="163" Y="230" T="11375554" />
  <Point X="170" Y="230" T="11375568" />
  <Point X="173" Y="230" T="11375582" />
  <Point X="176" Y="229" T="11375583" />
  <Point X="179" Y="229" T="11375598" />
  <Point X="184" Y="229" T="11375614" />
  <Point X="187" Y="228" T="11375615" />
  <Point X="189" Y="227" T="11375631" />
  <Point X="191" Y="227" T="11375632" />
  <Point X="193" Y="227" T="11375647" />
  <Point X="198" Y="226" T="11375663" />
  <Point X="200" Y="226" T="11375681" />
  <Point X="202" Y="224" T="11375698" />
  <Point X="204" Y="225" T="11375719" />
  <Point X="206" Y="224" T="11375795" />
  <Point X="208" Y="222" T="11375844" />
  <Point X="208" Y="219" T="11375905" />
  <Point X="207" Y="217" T="11375925" />
  <Point X="207" Y="214" T="11375943" />
  <Point X="205" Y="209" T="11375961" />
  <Point X="203" Y="205" T="11375979" />
  <Point X="202" Y="197" T="11375998" />
  <Point X="201" Y="191" T="11376017" />
  <Point X="200" Y="186" T="11376036" />
  <Point X="199" Y="178" T="11376055" />
  <Point X="199" Y="175" T="11376076" />
  <Point X="198" Y="170" T="11376096" />
  <Point X="197" Y="165" T="11376118" />
  <Point X="197" Y="161" T="11376138" />
  <Point X="196" Y="159" T="11376160" />
  <Point X="196" Y="157" T="11376184" />
  <Point X="195" Y="155" T="11376316" />
  <Point X="194" Y="157" T="11376376" />
  <Point X="192" Y="155" T="11376412" />
  <Point X="190" Y="155" T="11376435" />
  <Point X="186" Y="154" T="11376457" />
  <Point X="181" Y="154" T="11376480" />
  <Point X="173" Y="155" T="11376502" />
  <Point X="165" Y="156" T="11376525" />
  <Point X="158" Y="157" T="11376547" />
  <Point X="155" Y="157" T="11376548" />
  <Point X="149" Y="159" T="11376571" />
  <Point X="146" Y="159" T="11376572" />
  <Point X="140" Y="160" T="11376595" />
  <Point X="137" Y="160" T="11376596" />
  <Point X="130" Y="160" T="11376621" />
  <Point X="123" Y="162" T="11376646" />
  <Point X="117" Y="162" T="11376670" />
  <Point X="109" Y="161" T="11376695" />
  <Point X="102" Y="163" T="11376722" />
  <Point X="95" Y="164" T="11376746" />
  <Point X="91" Y="163" T="11376772" />
  <Point X="89" Y="163" T="11376773" />
  <Point X="86" Y="163" T="11376797" />
  <Point X="84" Y="164" T="11376823" />
  <Point X="83" Y="166" T="11376884" />
</Gesture>