﻿<?xml version="1.0" encoding="utf-8" standalone="yes"?>
<Gesture Name="right_sq_bracket03" Subject="2" Speed="fast" Number="3" NumPts="51" Millseconds="734" AppName="Gestures" AppVer="3.5.0.0" Date="Monday, March 05, 2007" TimeOfDay="9:00:05 PM">
  <Point X="118" Y="160" T="10695788" />
  <Point X="120" Y="160" T="10695808" />
  <Point X="123" Y="160" T="10695820" />
  <Point X="125" Y="159" T="10695828" />
  <Point X="128" Y="158" T="10695837" />
  <Point X="137" Y="156" T="10695862" />
  <Point X="141" Y="156" T="10695870" />
  <Point X="144" Y="155" T="10695877" />
  <Point X="147" Y="155" T="10695885" />
  <Point X="150" Y="154" T="10695894" />
  <Point X="153" Y="153" T="10695902" />
  <Point X="156" Y="153" T="10695911" />
  <Point X="158" Y="152" T="10695919" />
  <Point X="160" Y="152" T="10695927" />
  <Point X="162" Y="150" T="10695936" />
  <Point X="165" Y="150" T="10695946" />
  <Point X="167" Y="150" T="10695965" />
  <Point X="166" Y="152" T="10696013" />
  <Point X="165" Y="155" T="10696025" />
  <Point X="163" Y="157" T="10696037" />
  <Point X="162" Y="160" T="10696049" />
  <Point X="162" Y="162" T="10696061" />
  <Point X="162" Y="165" T="10696072" />
  <Point X="162" Y="167" T="10696082" />
  <Point X="162" Y="171" T="10696092" />
  <Point X="162" Y="174" T="10696093" />
  <Point X="162" Y="177" T="10696104" />
  <Point X="162" Y="184" T="10696115" />
  <Point X="161" Y="191" T="10696126" />
  <Point X="161" Y="199" T="10696138" />
  <Point X="161" Y="204" T="10696150" />
  <Point X="161" Y="211" T="10696161" />
  <Point X="161" Y="214" T="10696174" />
  <Point X="161" Y="220" T="10696186" />
  <Point X="161" Y="222" T="10696198" />
  <Point X="160" Y="228" T="10696211" />
  <Point X="160" Y="230" T="10696225" />
  <Point X="160" Y="232" T="10696245" />
  <Point X="159" Y="234" T="10696265" />
  <Point X="157" Y="237" T="10696281" />
  <Point X="155" Y="237" T="10696297" />
  <Point X="153" Y="238" T="10696312" />
  <Point X="149" Y="239" T="10696326" />
  <Point X="143" Y="240" T="10696340" />
  <Point X="137" Y="242" T="10696355" />
  <Point X="131" Y="243" T="10696370" />
  <Point X="124" Y="245" T="10696386" />
  <Point X="122" Y="246" T="10696402" />
  <Point X="119" Y="246" T="10696417" />
  <Point X="117" Y="248" T="10696432" />
  <Point X="118" Y="245" T="10696522" />
</Gesture>