﻿<?xml version="1.0" encoding="utf-8" standalone="yes"?>
<Gesture Name="right_curly_brace09" Subject="2" Speed="fast" Number="9" NumPts="80" Millseconds="2328" AppName="Gestures" AppVer="3.5.0.0" Date="Monday, March 05, 2007" TimeOfDay="9:06:22 PM">
  <Point X="113" Y="163" T="11072553" />
  <Point X="115" Y="161" T="11072626" />
  <Point X="117" Y="162" T="11072646" />
  <Point X="120" Y="161" T="11072661" />
  <Point X="122" Y="160" T="11072673" />
  <Point X="124" Y="161" T="11072686" />
  <Point X="126" Y="160" T="11072698" />
  <Point X="129" Y="160" T="11072713" />
  <Point X="131" Y="161" T="11072730" />
  <Point X="133" Y="161" T="11072747" />
  <Point X="135" Y="163" T="11072768" />
  <Point X="137" Y="165" T="11072789" />
  <Point X="139" Y="167" T="11072813" />
  <Point X="140" Y="170" T="11072829" />
  <Point X="140" Y="172" T="11072845" />
  <Point X="140" Y="174" T="11072857" />
  <Point X="140" Y="176" T="11072869" />
  <Point X="140" Y="179" T="11072881" />
  <Point X="140" Y="181" T="11072897" />
  <Point X="140" Y="183" T="11072910" />
  <Point X="140" Y="186" T="11072922" />
  <Point X="139" Y="188" T="11072938" />
  <Point X="139" Y="190" T="11072948" />
  <Point X="138" Y="192" T="11072958" />
  <Point X="137" Y="195" T="11072970" />
  <Point X="137" Y="197" T="11072981" />
  <Point X="136" Y="199" T="11072992" />
  <Point X="135" Y="201" T="11073003" />
  <Point X="134" Y="204" T="11073019" />
  <Point X="132" Y="206" T="11073033" />
  <Point X="131" Y="208" T="11073045" />
  <Point X="130" Y="210" T="11073057" />
  <Point X="128" Y="211" T="11073071" />
  <Point X="126" Y="213" T="11073087" />
  <Point X="123" Y="214" T="11073110" />
  <Point X="122" Y="216" T="11073139" />
  <Point X="124" Y="215" T="11073297" />
  <Point X="126" Y="214" T="11073320" />
  <Point X="128" Y="213" T="11073344" />
  <Point X="130" Y="212" T="11073367" />
  <Point X="132" Y="211" T="11073405" />
  <Point X="134" Y="211" T="11073426" />
  <Point X="136" Y="210" T="11073465" />
  <Point X="138" Y="210" T="11073502" />
  <Point X="140" Y="209" T="11073539" />
  <Point X="142" Y="210" T="11073591" />
  <Point X="141" Y="212" T="11073801" />
  <Point X="139" Y="212" T="11073865" />
  <Point X="137" Y="214" T="11073893" />
  <Point X="135" Y="214" T="11073909" />
  <Point X="133" Y="214" T="11073926" />
  <Point X="131" Y="215" T="11073943" />
  <Point X="129" Y="215" T="11073960" />
  <Point X="127" Y="216" T="11073977" />
  <Point X="125" Y="216" T="11074013" />
  <Point X="123" Y="218" T="11074058" />
  <Point X="125" Y="218" T="11074315" />
  <Point X="127" Y="218" T="11074384" />
  <Point X="129" Y="220" T="11074412" />
  <Point X="131" Y="221" T="11074448" />
  <Point X="133" Y="223" T="11074484" />
  <Point X="134" Y="225" T="11074516" />
  <Point X="135" Y="228" T="11074541" />
  <Point X="136" Y="230" T="11074561" />
  <Point X="136" Y="232" T="11074580" />
  <Point X="135" Y="234" T="11074600" />
  <Point X="134" Y="237" T="11074602" />
  <Point X="133" Y="241" T="11074622" />
  <Point X="131" Y="243" T="11074642" />
  <Point X="129" Y="245" T="11074663" />
  <Point X="125" Y="247" T="11074684" />
  <Point X="119" Y="251" T="11074706" />
  <Point X="115" Y="252" T="11074728" />
  <Point X="108" Y="255" T="11074753" />
  <Point X="106" Y="255" T="11074754" />
  <Point X="102" Y="254" T="11074776" />
  <Point X="98" Y="254" T="11074800" />
  <Point X="96" Y="254" T="11074823" />
  <Point X="94" Y="255" T="11074848" />
  <Point X="92" Y="255" T="11074881" />
</Gesture>