﻿<?xml version="1.0" encoding="utf-8" standalone="yes"?>
<Gesture Name="right_sq_bracket04" Subject="2" Speed="fast" Number="4" NumPts="56" Millseconds="786" AppName="Gestures" AppVer="3.5.0.0" Date="Monday, March 05, 2007" TimeOfDay="9:00:06 PM">
  <Point X="118" Y="160" T="10696986" />
  <Point X="120" Y="159" T="10697022" />
  <Point X="122" Y="160" T="10697038" />
  <Point X="125" Y="159" T="10697049" />
  <Point X="127" Y="157" T="10697057" />
  <Point X="130" Y="156" T="10697065" />
  <Point X="133" Y="157" T="10697073" />
  <Point X="136" Y="155" T="10697081" />
  <Point X="138" Y="154" T="10697088" />
  <Point X="142" Y="154" T="10697096" />
  <Point X="145" Y="153" T="10697103" />
  <Point X="147" Y="153" T="10697110" />
  <Point X="151" Y="152" T="10697118" />
  <Point X="155" Y="151" T="10697126" />
  <Point X="158" Y="151" T="10697134" />
  <Point X="162" Y="149" T="10697142" />
  <Point X="164" Y="149" T="10697151" />
  <Point X="167" Y="149" T="10697159" />
  <Point X="169" Y="148" T="10697170" />
  <Point X="169" Y="150" T="10697233" />
  <Point X="168" Y="153" T="10697254" />
  <Point X="168" Y="155" T="10697266" />
  <Point X="169" Y="158" T="10697282" />
  <Point X="169" Y="161" T="10697293" />
  <Point X="169" Y="166" T="10697303" />
  <Point X="169" Y="171" T="10697315" />
  <Point X="169" Y="177" T="10697326" />
  <Point X="169" Y="182" T="10697337" />
  <Point X="169" Y="186" T="10697349" />
  <Point X="168" Y="194" T="10697360" />
  <Point X="168" Y="202" T="10697371" />
  <Point X="168" Y="208" T="10697383" />
  <Point X="167" Y="212" T="10697395" />
  <Point X="166" Y="220" T="10697407" />
  <Point X="165" Y="225" T="10697420" />
  <Point X="165" Y="227" T="10697433" />
  <Point X="165" Y="233" T="10697446" />
  <Point X="164" Y="238" T="10697459" />
  <Point X="164" Y="240" T="10697476" />
  <Point X="163" Y="242" T="10697494" />
  <Point X="163" Y="244" T="10697510" />
  <Point X="163" Y="246" T="10697534" />
  <Point X="160" Y="248" T="10697571" />
  <Point X="158" Y="248" T="10697587" />
  <Point X="156" Y="249" T="10697603" />
  <Point X="151" Y="250" T="10697618" />
  <Point X="145" Y="250" T="10697633" />
  <Point X="139" Y="251" T="10697649" />
  <Point X="133" Y="251" T="10697664" />
  <Point X="127" Y="250" T="10697680" />
  <Point X="123" Y="250" T="10697697" />
  <Point X="121" Y="249" T="10697714" />
  <Point X="119" Y="250" T="10697730" />
  <Point X="117" Y="249" T="10697731" />
  <Point X="114" Y="249" T="10697747" />
  <Point X="112" Y="250" T="10697772" />
</Gesture>