﻿<?xml version="1.0" encoding="utf-8" standalone="yes"?>
<Gesture Name="right_sq_bracket08" Subject="2" Speed="fast" Number="8" NumPts="54" Millseconds="813" AppName="Gestures" AppVer="3.5.0.0" Date="Monday, March 05, 2007" TimeOfDay="9:00:11 PM">
  <Point X="112" Y="175" T="10702041" />
  <Point X="115" Y="173" T="10702082" />
  <Point X="117" Y="173" T="10702094" />
  <Point X="119" Y="173" T="10702103" />
  <Point X="122" Y="172" T="10702111" />
  <Point X="125" Y="172" T="10702119" />
  <Point X="128" Y="173" T="10702127" />
  <Point X="131" Y="172" T="10702135" />
  <Point X="134" Y="171" T="10702143" />
  <Point X="138" Y="170" T="10702151" />
  <Point X="141" Y="170" T="10702159" />
  <Point X="144" Y="169" T="10702167" />
  <Point X="147" Y="168" T="10702175" />
  <Point X="149" Y="167" T="10702184" />
  <Point X="152" Y="167" T="10702195" />
  <Point X="154" Y="167" T="10702216" />
  <Point X="152" Y="169" T="10702294" />
  <Point X="152" Y="171" T="10702319" />
  <Point X="152" Y="174" T="10702338" />
  <Point X="152" Y="176" T="10702347" />
  <Point X="152" Y="178" T="10702359" />
  <Point X="153" Y="181" T="10702371" />
  <Point X="153" Y="183" T="10702380" />
  <Point X="154" Y="186" T="10702390" />
  <Point X="155" Y="192" T="10702400" />
  <Point X="155" Y="196" T="10702410" />
  <Point X="155" Y="199" T="10702420" />
  <Point X="155" Y="207" T="10702432" />
  <Point X="155" Y="210" T="10702443" />
  <Point X="155" Y="213" T="10702444" />
  <Point X="155" Y="217" T="10702455" />
  <Point X="155" Y="219" T="10702456" />
  <Point X="154" Y="223" T="10702467" />
  <Point X="155" Y="229" T="10702479" />
  <Point X="154" Y="233" T="10702491" />
  <Point X="154" Y="237" T="10702504" />
  <Point X="154" Y="239" T="10702516" />
  <Point X="154" Y="241" T="10702531" />
  <Point X="153" Y="243" T="10702548" />
  <Point X="151" Y="246" T="10702592" />
  <Point X="149" Y="246" T="10702608" />
  <Point X="147" Y="248" T="10702621" />
  <Point X="141" Y="247" T="10702635" />
  <Point X="135" Y="248" T="10702649" />
  <Point X="132" Y="248" T="10702663" />
  <Point X="129" Y="249" T="10702664" />
  <Point X="126" Y="249" T="10702679" />
  <Point X="123" Y="249" T="10702680" />
  <Point X="121" Y="250" T="10702695" />
  <Point X="114" Y="250" T="10702713" />
  <Point X="112" Y="251" T="10702729" />
  <Point X="108" Y="251" T="10702745" />
  <Point X="106" Y="252" T="10702773" />
  <Point X="107" Y="250" T="10702854" />
</Gesture>