﻿<?xml version="1.0" encoding="utf-8" standalone="yes"?>
<Gesture Name="right_sq_bracket01" Subject="2" Speed="fast" Number="1" NumPts="49" Millseconds="617" AppName="Gestures" AppVer="3.5.0.0" Date="Monday, March 05, 2007" TimeOfDay="9:00:02 PM">
  <Point X="106" Y="158" T="10693398" />
  <Point X="109" Y="159" T="10693470" />
  <Point X="111" Y="158" T="10693478" />
  <Point X="114" Y="157" T="10693487" />
  <Point X="118" Y="157" T="10693495" />
  <Point X="121" Y="156" T="10693503" />
  <Point X="125" Y="155" T="10693511" />
  <Point X="127" Y="154" T="10693518" />
  <Point X="131" Y="153" T="10693525" />
  <Point X="133" Y="152" T="10693531" />
  <Point X="136" Y="151" T="10693539" />
  <Point X="139" Y="150" T="10693546" />
  <Point X="142" Y="149" T="10693554" />
  <Point X="145" Y="149" T="10693562" />
  <Point X="147" Y="148" T="10693571" />
  <Point X="149" Y="148" T="10693579" />
  <Point X="149" Y="150" T="10693647" />
  <Point X="149" Y="153" T="10693671" />
  <Point X="149" Y="155" T="10693681" />
  <Point X="150" Y="157" T="10693690" />
  <Point X="150" Y="160" T="10693700" />
  <Point X="151" Y="163" T="10693709" />
  <Point X="151" Y="166" T="10693719" />
  <Point X="151" Y="169" T="10693728" />
  <Point X="152" Y="174" T="10693738" />
  <Point X="152" Y="177" T="10693748" />
  <Point X="152" Y="183" T="10693759" />
  <Point X="152" Y="186" T="10693760" />
  <Point X="152" Y="189" T="10693771" />
  <Point X="152" Y="192" T="10693772" />
  <Point X="152" Y="200" T="10693783" />
  <Point X="151" Y="204" T="10693794" />
  <Point X="151" Y="207" T="10693796" />
  <Point X="151" Y="213" T="10693811" />
  <Point X="150" Y="220" T="10693823" />
  <Point X="150" Y="223" T="10693836" />
  <Point X="150" Y="225" T="10693848" />
  <Point X="149" Y="228" T="10693861" />
  <Point X="147" Y="228" T="10693888" />
  <Point X="144" Y="227" T="10693901" />
  <Point X="142" Y="226" T="10693914" />
  <Point X="137" Y="226" T="10693928" />
  <Point X="131" Y="226" T="10693941" />
  <Point X="127" Y="226" T="10693955" />
  <Point X="124" Y="227" T="10693956" />
  <Point X="121" Y="229" T="10693971" />
  <Point X="116" Y="229" T="10693985" />
  <Point X="113" Y="231" T="10694000" />
  <Point X="111" Y="233" T="10694015" />
</Gesture>