﻿<?xml version="1.0" encoding="utf-8" standalone="yes"?>
<Gesture Name="right_sq_bracket10" Subject="2" Speed="fast" Number="10" NumPts="54" Millseconds="822" AppName="Gestures" AppVer="3.5.0.0" Date="Monday, March 05, 2007" TimeOfDay="9:00:14 PM">
  <Point X="110" Y="184" T="10704481" />
  <Point X="112" Y="182" T="10704550" />
  <Point X="115" Y="182" T="10704563" />
  <Point X="117" Y="182" T="10704571" />
  <Point X="120" Y="181" T="10704579" />
  <Point X="124" Y="181" T="10704588" />
  <Point X="127" Y="180" T="10704596" />
  <Point X="130" Y="179" T="10704604" />
  <Point X="134" Y="179" T="10704612" />
  <Point X="137" Y="178" T="10704620" />
  <Point X="141" Y="177" T="10704628" />
  <Point X="144" Y="176" T="10704636" />
  <Point X="147" Y="176" T="10704644" />
  <Point X="150" Y="175" T="10704653" />
  <Point X="152" Y="176" T="10704660" />
  <Point X="155" Y="175" T="10704672" />
  <Point X="157" Y="175" T="10704709" />
  <Point X="157" Y="178" T="10704781" />
  <Point X="157" Y="180" T="10704805" />
  <Point X="157" Y="182" T="10704814" />
  <Point X="156" Y="184" T="10704826" />
  <Point X="156" Y="187" T="10704837" />
  <Point X="156" Y="189" T="10704847" />
  <Point X="156" Y="192" T="10704857" />
  <Point X="155" Y="195" T="10704866" />
  <Point X="155" Y="198" T="10704876" />
  <Point X="155" Y="203" T="10704877" />
  <Point X="155" Y="207" T="10704888" />
  <Point X="155" Y="212" T="10704900" />
  <Point X="154" Y="219" T="10704911" />
  <Point X="154" Y="225" T="10704922" />
  <Point X="154" Y="232" T="10704934" />
  <Point X="153" Y="239" T="10704946" />
  <Point X="153" Y="244" T="10704958" />
  <Point X="153" Y="246" T="10704970" />
  <Point X="153" Y="252" T="10704983" />
  <Point X="154" Y="256" T="10705001" />
  <Point X="153" Y="258" T="10705018" />
  <Point X="152" Y="260" T="10705033" />
  <Point X="150" Y="261" T="10705057" />
  <Point X="147" Y="260" T="10705073" />
  <Point X="145" Y="261" T="10705086" />
  <Point X="141" Y="259" T="10705100" />
  <Point X="136" Y="260" T="10705114" />
  <Point X="133" Y="260" T="10705128" />
  <Point X="130" Y="260" T="10705129" />
  <Point X="126" Y="261" T="10705144" />
  <Point X="119" Y="263" T="10705158" />
  <Point X="113" Y="264" T="10705174" />
  <Point X="106" Y="265" T="10705189" />
  <Point X="101" Y="267" T="10705204" />
  <Point X="99" Y="268" T="10705220" />
  <Point X="101" Y="266" T="10705282" />
  <Point X="103" Y="265" T="10705303" />
</Gesture>