﻿<?xml version="1.0" encoding="utf-8" standalone="yes"?>
<Gesture Name="right_sq_bracket06" Subject="2" Speed="fast" Number="6" NumPts="55" Millseconds="715" AppName="Gestures" AppVer="3.5.0.0" Date="Monday, March 05, 2007" TimeOfDay="9:00:09 PM">
  <Point X="114" Y="160" T="10699635" />
  <Point X="117" Y="160" T="10699663" />
  <Point X="119" Y="161" T="10699675" />
  <Point X="121" Y="160" T="10699683" />
  <Point X="123" Y="160" T="10699690" />
  <Point X="126" Y="160" T="10699702" />
  <Point X="128" Y="159" T="10699710" />
  <Point X="131" Y="159" T="10699718" />
  <Point X="134" Y="158" T="10699726" />
  <Point X="136" Y="157" T="10699734" />
  <Point X="139" Y="156" T="10699743" />
  <Point X="142" Y="156" T="10699750" />
  <Point X="144" Y="155" T="10699758" />
  <Point X="147" Y="155" T="10699767" />
  <Point X="149" Y="154" T="10699775" />
  <Point X="151" Y="154" T="10699784" />
  <Point X="154" Y="153" T="10699794" />
  <Point X="156" Y="152" T="10699806" />
  <Point X="158" Y="152" T="10699825" />
  <Point X="160" Y="154" T="10699868" />
  <Point X="160" Y="156" T="10699897" />
  <Point X="160" Y="158" T="10699913" />
  <Point X="161" Y="160" T="10699929" />
  <Point X="160" Y="163" T="10699940" />
  <Point X="160" Y="165" T="10699950" />
  <Point X="160" Y="170" T="10699961" />
  <Point X="159" Y="172" T="10699962" />
  <Point X="159" Y="176" T="10699973" />
  <Point X="158" Y="182" T="10699985" />
  <Point X="158" Y="186" T="10699996" />
  <Point X="156" Y="194" T="10700007" />
  <Point X="155" Y="200" T="10700019" />
  <Point X="154" Y="207" T="10700031" />
  <Point X="152" Y="213" T="10700043" />
  <Point X="152" Y="218" T="10700055" />
  <Point X="151" Y="224" T="10700067" />
  <Point X="151" Y="227" T="10700080" />
  <Point X="152" Y="231" T="10700092" />
  <Point X="152" Y="235" T="10700106" />
  <Point X="152" Y="238" T="10700119" />
  <Point X="153" Y="240" T="10700134" />
  <Point X="153" Y="242" T="10700168" />
  <Point X="151" Y="243" T="10700193" />
  <Point X="149" Y="242" T="10700209" />
  <Point X="146" Y="243" T="10700223" />
  <Point X="142" Y="242" T="10700238" />
  <Point X="139" Y="242" T="10700252" />
  <Point X="137" Y="242" T="10700253" />
  <Point X="133" Y="242" T="10700268" />
  <Point X="130" Y="242" T="10700269" />
  <Point X="125" Y="243" T="10700285" />
  <Point X="119" Y="244" T="10700300" />
  <Point X="114" Y="245" T="10700316" />
  <Point X="112" Y="245" T="10700332" />
  <Point X="110" Y="246" T="10700350" />
</Gesture>