﻿<?xml version="1.0" encoding="utf-8" standalone="yes"?>
<Gesture Name="right_sq_bracket09" Subject="2" Speed="fast" Number="9" NumPts="55" Millseconds="719" AppName="Gestures" AppVer="3.5.0.0" Date="Monday, March 05, 2007" TimeOfDay="9:00:12 PM">
  <Point X="104" Y="172" T="10703295" />
  <Point X="107" Y="173" T="10703323" />
  <Point X="110" Y="172" T="10703335" />
  <Point X="112" Y="170" T="10703344" />
  <Point X="115" Y="170" T="10703352" />
  <Point X="118" Y="169" T="10703360" />
  <Point X="121" Y="168" T="10703368" />
  <Point X="125" Y="169" T="10703376" />
  <Point X="128" Y="167" T="10703384" />
  <Point X="132" Y="165" T="10703392" />
  <Point X="135" Y="164" T="10703401" />
  <Point X="138" Y="164" T="10703408" />
  <Point X="141" Y="163" T="10703417" />
  <Point X="143" Y="162" T="10703425" />
  <Point X="146" Y="162" T="10703435" />
  <Point X="148" Y="160" T="10703451" />
  <Point X="150" Y="163" T="10703519" />
  <Point X="150" Y="165" T="10703544" />
  <Point X="150" Y="167" T="10703572" />
  <Point X="150" Y="169" T="10703582" />
  <Point X="151" Y="172" T="10703596" />
  <Point X="151" Y="175" T="10703606" />
  <Point X="151" Y="177" T="10703617" />
  <Point X="151" Y="179" T="10703627" />
  <Point X="151" Y="186" T="10703637" />
  <Point X="152" Y="190" T="10703648" />
  <Point X="152" Y="193" T="10703659" />
  <Point X="152" Y="196" T="10703660" />
  <Point X="152" Y="200" T="10703671" />
  <Point X="152" Y="206" T="10703683" />
  <Point X="152" Y="212" T="10703695" />
  <Point X="152" Y="218" T="10703706" />
  <Point X="152" Y="225" T="10703718" />
  <Point X="152" Y="228" T="10703731" />
  <Point X="152" Y="233" T="10703743" />
  <Point X="151" Y="237" T="10703744" />
  <Point X="151" Y="239" T="10703757" />
  <Point X="150" Y="245" T="10703770" />
  <Point X="150" Y="247" T="10703783" />
  <Point X="150" Y="250" T="10703799" />
  <Point X="150" Y="252" T="10703812" />
  <Point X="149" Y="254" T="10703836" />
  <Point X="147" Y="253" T="10703877" />
  <Point X="145" Y="254" T="10703891" />
  <Point X="142" Y="254" T="10703905" />
  <Point X="138" Y="254" T="10703919" />
  <Point X="132" Y="254" T="10703934" />
  <Point X="129" Y="254" T="10703948" />
  <Point X="125" Y="254" T="10703949" />
  <Point X="122" Y="253" T="10703964" />
  <Point X="119" Y="254" T="10703965" />
  <Point X="113" Y="254" T="10703981" />
  <Point X="111" Y="254" T="10703997" />
  <Point X="109" Y="254" T="10703998" />
  <Point X="107" Y="253" T="10704014" />
</Gesture>