﻿<?xml version="1.0" encoding="utf-8" standalone="yes"?>
<Gesture Name="right_curly_brace04" Subject="2" Speed="fast" Number="4" NumPts="78" Millseconds="2303" AppName="Gestures" AppVer="3.5.0.0" Date="Monday, March 05, 2007" TimeOfDay="9:06:06 PM">
  <Point X="108" Y="158" T="11056577" />
  <Point X="108" Y="156" T="11056633" />
  <Point X="110" Y="156" T="11056672" />
  <Point X="113" Y="155" T="11056689" />
  <Point X="115" Y="154" T="11056701" />
  <Point X="117" Y="155" T="11056713" />
  <Point X="120" Y="154" T="11056730" />
  <Point X="122" Y="154" T="11056746" />
  <Point X="125" Y="155" T="11056766" />
  <Point X="126" Y="157" T="11056778" />
  <Point X="128" Y="157" T="11056795" />
  <Point X="129" Y="159" T="11056812" />
  <Point X="131" Y="161" T="11056829" />
  <Point X="132" Y="163" T="11056872" />
  <Point X="132" Y="165" T="11056884" />
  <Point X="133" Y="167" T="11056896" />
  <Point X="133" Y="169" T="11056924" />
  <Point X="133" Y="172" T="11056945" />
  <Point X="133" Y="174" T="11056960" />
  <Point X="133" Y="177" T="11056981" />
  <Point X="133" Y="179" T="11057001" />
  <Point X="133" Y="181" T="11057013" />
  <Point X="132" Y="184" T="11057033" />
  <Point X="131" Y="186" T="11057049" />
  <Point X="130" Y="188" T="11057061" />
  <Point X="129" Y="191" T="11057085" />
  <Point X="128" Y="193" T="11057110" />
  <Point X="126" Y="195" T="11057137" />
  <Point X="126" Y="197" T="11057158" />
  <Point X="125" Y="199" T="11057187" />
  <Point X="124" Y="201" T="11057255" />
  <Point X="123" Y="203" T="11057347" />
  <Point X="125" Y="201" T="11057517" />
  <Point X="127" Y="199" T="11057542" />
  <Point X="130" Y="198" T="11057558" />
  <Point X="132" Y="198" T="11057574" />
  <Point X="134" Y="196" T="11057590" />
  <Point X="136" Y="195" T="11057606" />
  <Point X="139" Y="196" T="11057622" />
  <Point X="141" Y="196" T="11057642" />
  <Point X="143" Y="196" T="11057662" />
  <Point X="145" Y="196" T="11057682" />
  <Point X="147" Y="196" T="11057707" />
  <Point X="149" Y="196" T="11057788" />
  <Point X="147" Y="196" T="11057928" />
  <Point X="144" Y="197" T="11057948" />
  <Point X="142" Y="199" T="11057965" />
  <Point X="140" Y="199" T="11057981" />
  <Point X="138" Y="200" T="11057997" />
  <Point X="136" Y="201" T="11058013" />
  <Point X="134" Y="200" T="11058029" />
  <Point X="132" Y="201" T="11058047" />
  <Point X="130" Y="201" T="11058069" />
  <Point X="128" Y="202" T="11058101" />
  <Point X="126" Y="202" T="11058141" />
  <Point X="124" Y="204" T="11058242" />
  <Point X="126" Y="205" T="11058374" />
  <Point X="128" Y="206" T="11058419" />
  <Point X="130" Y="206" T="11058452" />
  <Point X="132" Y="207" T="11058484" />
  <Point X="133" Y="209" T="11058504" />
  <Point X="134" Y="212" T="11058524" />
  <Point X="134" Y="214" T="11058548" />
  <Point X="134" Y="217" T="11058569" />
  <Point X="134" Y="219" T="11058589" />
  <Point X="134" Y="221" T="11058609" />
  <Point X="133" Y="224" T="11058628" />
  <Point X="131" Y="228" T="11058648" />
  <Point X="130" Y="230" T="11058669" />
  <Point X="128" Y="233" T="11058689" />
  <Point X="125" Y="237" T="11058709" />
  <Point X="123" Y="239" T="11058731" />
  <Point X="116" Y="242" T="11058751" />
  <Point X="111" Y="245" T="11058772" />
  <Point X="106" Y="247" T="11058794" />
  <Point X="104" Y="246" T="11058816" />
  <Point X="102" Y="246" T="11058840" />
  <Point X="101" Y="248" T="11058880" />
</Gesture>