﻿<?xml version="1.0" encoding="utf-8" standalone="yes"?>
<Gesture Name="right_curly_brace08" Subject="2" Speed="fast" Number="8" NumPts="81" Millseconds="2262" AppName="Gestures" AppVer="3.5.0.0" Date="Monday, March 05, 2007" TimeOfDay="9:06:19 PM">
  <Point X="112" Y="162" T="11069517" />
  <Point X="108" Y="161" T="11069523" />
  <Point X="109" Y="159" T="11069553" />
  <Point X="111" Y="159" T="11069585" />
  <Point X="113" Y="158" T="11069610" />
  <Point X="115" Y="159" T="11069626" />
  <Point X="118" Y="158" T="11069642" />
  <Point X="120" Y="159" T="11069658" />
  <Point X="122" Y="158" T="11069674" />
  <Point X="124" Y="158" T="11069687" />
  <Point X="126" Y="159" T="11069703" />
  <Point X="129" Y="160" T="11069724" />
  <Point X="131" Y="161" T="11069749" />
  <Point X="131" Y="163" T="11069761" />
  <Point X="133" Y="165" T="11069785" />
  <Point X="134" Y="167" T="11069806" />
  <Point X="135" Y="169" T="11069822" />
  <Point X="135" Y="171" T="11069834" />
  <Point X="135" Y="174" T="11069851" />
  <Point X="135" Y="176" T="11069863" />
  <Point X="135" Y="178" T="11069873" />
  <Point X="135" Y="180" T="11069887" />
  <Point X="134" Y="183" T="11069903" />
  <Point X="134" Y="185" T="11069914" />
  <Point X="133" Y="187" T="11069928" />
  <Point X="133" Y="189" T="11069940" />
  <Point X="132" Y="192" T="11069952" />
  <Point X="131" Y="194" T="11069977" />
  <Point X="131" Y="197" T="11069994" />
  <Point X="130" Y="199" T="11070011" />
  <Point X="129" Y="201" T="11070023" />
  <Point X="127" Y="203" T="11070043" />
  <Point X="126" Y="205" T="11070063" />
  <Point X="124" Y="207" T="11070080" />
  <Point X="123" Y="210" T="11070108" />
  <Point X="121" Y="211" T="11070153" />
  <Point X="123" Y="210" T="11070326" />
  <Point X="125" Y="209" T="11070350" />
  <Point X="127" Y="208" T="11070379" />
  <Point X="129" Y="207" T="11070399" />
  <Point X="131" Y="206" T="11070423" />
  <Point X="133" Y="206" T="11070447" />
  <Point X="135" Y="206" T="11070467" />
  <Point X="137" Y="204" T="11070488" />
  <Point X="139" Y="204" T="11070511" />
  <Point X="141" Y="204" T="11070540" />
  <Point X="143" Y="204" T="11070572" />
  <Point X="145" Y="202" T="11070632" />
  <Point X="144" Y="204" T="11070785" />
  <Point X="142" Y="206" T="11070805" />
  <Point X="140" Y="207" T="11070825" />
  <Point X="137" Y="208" T="11070845" />
  <Point X="135" Y="209" T="11070865" />
  <Point X="133" Y="209" T="11070885" />
  <Point X="131" Y="210" T="11070909" />
  <Point X="129" Y="211" T="11070941" />
  <Point X="127" Y="211" T="11070969" />
  <Point X="125" Y="212" T="11071022" />
  <Point X="124" Y="214" T="11071070" />
  <Point X="126" Y="213" T="11071232" />
  <Point X="128" Y="213" T="11071285" />
  <Point X="130" Y="215" T="11071341" />
  <Point X="131" Y="217" T="11071385" />
  <Point X="133" Y="219" T="11071438" />
  <Point X="133" Y="221" T="11071459" />
  <Point X="133" Y="223" T="11071479" />
  <Point X="133" Y="225" T="11071501" />
  <Point X="133" Y="228" T="11071522" />
  <Point X="132" Y="232" T="11071545" />
  <Point X="131" Y="235" T="11071567" />
  <Point X="130" Y="238" T="11071587" />
  <Point X="126" Y="241" T="11071607" />
  <Point X="124" Y="244" T="11071629" />
  <Point X="120" Y="247" T="11071649" />
  <Point X="115" Y="251" T="11071670" />
  <Point X="109" Y="256" T="11071691" />
  <Point X="106" Y="256" T="11071713" />
  <Point X="104" Y="257" T="11071715" />
  <Point X="101" Y="257" T="11071736" />
  <Point X="97" Y="257" T="11071758" />
  <Point X="95" Y="257" T="11071779" />
</Gesture>