﻿<?xml version="1.0" encoding="utf-8" standalone="yes"?>
<Gesture Name="right_curly_brace05" Subject="2" Speed="fast" Number="5" NumPts="78" Millseconds="2261" AppName="Gestures" AppVer="3.5.0.0" Date="Monday, March 05, 2007" TimeOfDay="9:06:10 PM">
  <Point X="111" Y="159" T="11059826" />
  <Point X="113" Y="159" T="11059890" />
  <Point X="115" Y="159" T="11059918" />
  <Point X="117" Y="159" T="11059935" />
  <Point X="120" Y="160" T="11059954" />
  <Point X="122" Y="161" T="11059970" />
  <Point X="124" Y="162" T="11059986" />
  <Point X="126" Y="163" T="11060002" />
  <Point X="128" Y="165" T="11060023" />
  <Point X="130" Y="166" T="11060039" />
  <Point X="132" Y="168" T="11060055" />
  <Point X="133" Y="170" T="11060071" />
  <Point X="133" Y="172" T="11060088" />
  <Point X="134" Y="174" T="11060105" />
  <Point X="134" Y="177" T="11060117" />
  <Point X="134" Y="179" T="11060133" />
  <Point X="134" Y="181" T="11060142" />
  <Point X="134" Y="183" T="11060151" />
  <Point X="134" Y="185" T="11060171" />
  <Point X="133" Y="188" T="11060187" />
  <Point X="133" Y="190" T="11060197" />
  <Point X="132" Y="192" T="11060215" />
  <Point X="131" Y="194" T="11060235" />
  <Point X="129" Y="196" T="11060251" />
  <Point X="128" Y="198" T="11060263" />
  <Point X="126" Y="200" T="11060284" />
  <Point X="125" Y="202" T="11060296" />
  <Point X="123" Y="204" T="11060324" />
  <Point X="122" Y="206" T="11060349" />
  <Point X="120" Y="208" T="11060414" />
  <Point X="122" Y="208" T="11060548" />
  <Point X="124" Y="206" T="11060576" />
  <Point X="126" Y="205" T="11060601" />
  <Point X="128" Y="205" T="11060621" />
  <Point X="130" Y="203" T="11060637" />
  <Point X="132" Y="203" T="11060657" />
  <Point X="135" Y="203" T="11060682" />
  <Point X="137" Y="202" T="11060706" />
  <Point X="139" Y="203" T="11060746" />
  <Point X="138" Y="205" T="11060968" />
  <Point X="136" Y="206" T="11060992" />
  <Point X="134" Y="207" T="11061012" />
  <Point X="132" Y="209" T="11061029" />
  <Point X="129" Y="211" T="11061045" />
  <Point X="127" Y="210" T="11061061" />
  <Point X="125" Y="209" T="11061078" />
  <Point X="123" Y="209" T="11061101" />
  <Point X="121" Y="210" T="11061149" />
  <Point X="123" Y="211" T="11061295" />
  <Point X="125" Y="211" T="11061315" />
  <Point X="127" Y="212" T="11061339" />
  <Point X="129" Y="212" T="11061359" />
  <Point X="131" Y="212" T="11061387" />
  <Point X="133" Y="214" T="11061419" />
  <Point X="134" Y="216" T="11061438" />
  <Point X="135" Y="218" T="11061463" />
  <Point X="135" Y="221" T="11061487" />
  <Point X="135" Y="223" T="11061506" />
  <Point X="135" Y="225" T="11061524" />
  <Point X="134" Y="227" T="11061542" />
  <Point X="133" Y="231" T="11061560" />
  <Point X="132" Y="234" T="11061580" />
  <Point X="131" Y="236" T="11061601" />
  <Point X="128" Y="239" T="11061620" />
  <Point X="123" Y="242" T="11061640" />
  <Point X="121" Y="244" T="11061659" />
  <Point X="119" Y="245" T="11061660" />
  <Point X="116" Y="246" T="11061679" />
  <Point X="114" Y="246" T="11061680" />
  <Point X="109" Y="248" T="11061700" />
  <Point X="106" Y="249" T="11061719" />
  <Point X="104" Y="250" T="11061739" />
  <Point X="102" Y="249" T="11061740" />
  <Point X="100" Y="251" T="11061760" />
  <Point X="98" Y="251" T="11061780" />
  <Point X="96" Y="252" T="11061812" />
  <Point X="95" Y="254" T="11062028" />
  <Point X="96" Y="252" T="11062087" />
</Gesture>