﻿<?xml version="1.0" encoding="utf-8" standalone="yes"?>
<Gesture Name="right_curly_brace02" Subject="2" Speed="fast" Number="2" NumPts="85" Millseconds="2509" AppName="Gestures" AppVer="3.5.0.0" Date="Monday, March 05, 2007" TimeOfDay="9:06:00 PM">
  <Point X="108" Y="138" T="11050147" />
  <Point X="110" Y="139" T="11050235" />
  <Point X="112" Y="138" T="11050252" />
  <Point X="115" Y="138" T="11050268" />
  <Point X="117" Y="138" T="11050281" />
  <Point X="119" Y="139" T="11050293" />
  <Point X="121" Y="139" T="11050305" />
  <Point X="123" Y="139" T="11050321" />
  <Point X="125" Y="140" T="11050337" />
  <Point X="127" Y="141" T="11050357" />
  <Point X="129" Y="142" T="11050377" />
  <Point X="131" Y="144" T="11050390" />
  <Point X="132" Y="146" T="11050415" />
  <Point X="133" Y="148" T="11050431" />
  <Point X="133" Y="151" T="11050442" />
  <Point X="134" Y="153" T="11050459" />
  <Point X="134" Y="155" T="11050475" />
  <Point X="134" Y="158" T="11050491" />
  <Point X="134" Y="160" T="11050504" />
  <Point X="133" Y="162" T="11050516" />
  <Point X="132" Y="165" T="11050528" />
  <Point X="131" Y="167" T="11050544" />
  <Point X="131" Y="169" T="11050556" />
  <Point X="130" Y="171" T="11050568" />
  <Point X="129" Y="173" T="11050584" />
  <Point X="128" Y="175" T="11050600" />
  <Point X="127" Y="178" T="11050613" />
  <Point X="125" Y="180" T="11050632" />
  <Point X="124" Y="182" T="11050644" />
  <Point X="122" Y="184" T="11050660" />
  <Point X="121" Y="187" T="11050673" />
  <Point X="119" Y="189" T="11050692" />
  <Point X="118" Y="191" T="11050716" />
  <Point X="117" Y="193" T="11050736" />
  <Point X="115" Y="194" T="11050801" />
  <Point X="117" Y="195" T="11050991" />
  <Point X="119" Y="193" T="11051032" />
  <Point X="121" Y="192" T="11051068" />
  <Point X="123" Y="192" T="11051100" />
  <Point X="125" Y="191" T="11051140" />
  <Point X="127" Y="191" T="11051172" />
  <Point X="129" Y="191" T="11051197" />
  <Point X="131" Y="189" T="11051226" />
  <Point X="133" Y="190" T="11051270" />
  <Point X="135" Y="189" T="11051307" />
  <Point X="137" Y="190" T="11051355" />
  <Point X="139" Y="191" T="11051468" />
  <Point X="137" Y="191" T="11051615" />
  <Point X="135" Y="192" T="11051640" />
  <Point X="133" Y="193" T="11051660" />
  <Point X="130" Y="193" T="11051680" />
  <Point X="128" Y="193" T="11051700" />
  <Point X="126" Y="195" T="11051728" />
  <Point X="124" Y="194" T="11051761" />
  <Point X="122" Y="196" T="11051789" />
  <Point X="120" Y="196" T="11051822" />
  <Point X="118" Y="196" T="11051867" />
  <Point X="117" Y="198" T="11051980" />
  <Point X="119" Y="199" T="11052036" />
  <Point X="122" Y="200" T="11052084" />
  <Point X="124" Y="201" T="11052120" />
  <Point X="126" Y="202" T="11052160" />
  <Point X="127" Y="204" T="11052188" />
  <Point X="127" Y="206" T="11052209" />
  <Point X="128" Y="208" T="11052230" />
  <Point X="128" Y="210" T="11052250" />
  <Point X="128" Y="213" T="11052270" />
  <Point X="128" Y="215" T="11052290" />
  <Point X="128" Y="217" T="11052309" />
  <Point X="126" Y="221" T="11052329" />
  <Point X="125" Y="224" T="11052351" />
  <Point X="124" Y="226" T="11052372" />
  <Point X="121" Y="231" T="11052393" />
  <Point X="119" Y="233" T="11052415" />
  <Point X="116" Y="237" T="11052436" />
  <Point X="112" Y="241" T="11052457" />
  <Point X="109" Y="245" T="11052480" />
  <Point X="106" Y="245" T="11052504" />
  <Point X="101" Y="248" T="11052525" />
  <Point X="96" Y="251" T="11052547" />
  <Point X="92" Y="253" T="11052570" />
  <Point X="90" Y="254" T="11052593" />
  <Point X="87" Y="254" T="11052615" />
  <Point X="86" Y="257" T="11052616" />
  <Point X="85" Y="259" T="11052656" />
</Gesture>