﻿<?xml version="1.0" encoding="utf-8" standalone="yes"?>
<Gesture Name="right_curly_brace07" Subject="2" Speed="fast" Number="7" NumPts="77" Millseconds="2217" AppName="Gestures" AppVer="3.5.0.0" Date="Monday, March 05, 2007" TimeOfDay="9:06:16 PM">
  <Point X="102" Y="157" T="11066508" />
  <Point X="104" Y="156" T="11066532" />
  <Point X="106" Y="156" T="11066547" />
  <Point X="108" Y="156" T="11066564" />
  <Point X="110" Y="156" T="11066576" />
  <Point X="112" Y="155" T="11066589" />
  <Point X="115" Y="155" T="11066601" />
  <Point X="117" Y="155" T="11066612" />
  <Point X="119" Y="156" T="11066624" />
  <Point X="122" Y="156" T="11066640" />
  <Point X="124" Y="157" T="11066652" />
  <Point X="126" Y="158" T="11066668" />
  <Point X="128" Y="159" T="11066685" />
  <Point X="130" Y="161" T="11066705" />
  <Point X="132" Y="162" T="11066734" />
  <Point X="132" Y="165" T="11066758" />
  <Point X="132" Y="167" T="11066779" />
  <Point X="132" Y="170" T="11066795" />
  <Point X="131" Y="172" T="11066807" />
  <Point X="131" Y="174" T="11066816" />
  <Point X="130" Y="176" T="11066831" />
  <Point X="129" Y="179" T="11066843" />
  <Point X="127" Y="181" T="11066859" />
  <Point X="127" Y="183" T="11066869" />
  <Point X="125" Y="185" T="11066883" />
  <Point X="124" Y="188" T="11066895" />
  <Point X="123" Y="191" T="11066915" />
  <Point X="122" Y="193" T="11066927" />
  <Point X="121" Y="195" T="11066948" />
  <Point X="120" Y="197" T="11066972" />
  <Point X="119" Y="199" T="11066989" />
  <Point X="118" Y="201" T="11067010" />
  <Point X="116" Y="203" T="11067030" />
  <Point X="114" Y="204" T="11067059" />
  <Point X="112" Y="206" T="11067120" />
  <Point X="114" Y="204" T="11067257" />
  <Point X="116" Y="202" T="11067289" />
  <Point X="118" Y="202" T="11067310" />
  <Point X="120" Y="201" T="11067330" />
  <Point X="122" Y="199" T="11067350" />
  <Point X="124" Y="199" T="11067366" />
  <Point X="126" Y="198" T="11067386" />
  <Point X="128" Y="198" T="11067415" />
  <Point X="130" Y="198" T="11067468" />
  <Point X="132" Y="198" T="11067512" />
  <Point X="134" Y="199" T="11067581" />
  <Point X="132" Y="199" T="11067786" />
  <Point X="130" Y="200" T="11067805" />
  <Point X="128" Y="201" T="11067826" />
  <Point X="126" Y="202" T="11067847" />
  <Point X="124" Y="202" T="11067875" />
  <Point X="122" Y="202" T="11067907" />
  <Point X="120" Y="203" T="11067939" />
  <Point X="118" Y="204" T="11067975" />
  <Point X="116" Y="206" T="11068016" />
  <Point X="116" Y="208" T="11068199" />
  <Point X="118" Y="208" T="11068231" />
  <Point X="120" Y="208" T="11068264" />
  <Point X="122" Y="209" T="11068296" />
  <Point X="123" Y="211" T="11068336" />
  <Point X="124" Y="213" T="11068368" />
  <Point X="125" Y="215" T="11068392" />
  <Point X="125" Y="217" T="11068412" />
  <Point X="125" Y="220" T="11068431" />
  <Point X="124" Y="222" T="11068452" />
  <Point X="124" Y="224" T="11068472" />
  <Point X="124" Y="226" T="11068493" />
  <Point X="122" Y="228" T="11068513" />
  <Point X="120" Y="233" T="11068534" />
  <Point X="116" Y="238" T="11068557" />
  <Point X="114" Y="239" T="11068578" />
  <Point X="107" Y="242" T="11068602" />
  <Point X="101" Y="242" T="11068625" />
  <Point X="96" Y="243" T="11068647" />
  <Point X="94" Y="242" T="11068670" />
  <Point X="90" Y="243" T="11068694" />
  <Point X="88" Y="246" T="11068725" />
</Gesture>