﻿<?xml version="1.0" encoding="utf-8" standalone="yes"?>
<Gesture Name="right_curly_brace01" Subject="2" Speed="fast" Number="1" NumPts="89" Millseconds="2556" AppName="Gestures" AppVer="3.5.0.0" Date="Monday, March 05, 2007" TimeOfDay="9:05:57 PM">
  <Point X="99" Y="130" T="11046710" />
  <Point X="101" Y="130" T="11046814" />
  <Point X="103" Y="130" T="11046835" />
  <Point X="105" Y="130" T="11046851" />
  <Point X="107" Y="130" T="11046868" />
  <Point X="109" Y="130" T="11046881" />
  <Point X="112" Y="130" T="11046897" />
  <Point X="114" Y="130" T="11046913" />
  <Point X="117" Y="131" T="11046924" />
  <Point X="119" Y="131" T="11046941" />
  <Point X="121" Y="132" T="11046957" />
  <Point X="123" Y="132" T="11046974" />
  <Point X="125" Y="133" T="11046998" />
  <Point X="127" Y="135" T="11047026" />
  <Point X="129" Y="136" T="11047054" />
  <Point X="130" Y="138" T="11047074" />
  <Point X="131" Y="141" T="11047099" />
  <Point X="132" Y="144" T="11047120" />
  <Point X="133" Y="146" T="11047131" />
  <Point X="133" Y="148" T="11047152" />
  <Point X="134" Y="150" T="11047162" />
  <Point X="134" Y="152" T="11047176" />
  <Point X="134" Y="154" T="11047187" />
  <Point X="135" Y="156" T="11047208" />
  <Point X="135" Y="159" T="11047220" />
  <Point X="134" Y="161" T="11047239" />
  <Point X="134" Y="163" T="11047252" />
  <Point X="133" Y="165" T="11047276" />
  <Point X="132" Y="168" T="11047292" />
  <Point X="130" Y="171" T="11047308" />
  <Point X="129" Y="173" T="11047324" />
  <Point X="127" Y="175" T="11047337" />
  <Point X="126" Y="177" T="11047352" />
  <Point X="124" Y="179" T="11047367" />
  <Point X="122" Y="181" T="11047387" />
  <Point X="121" Y="183" T="11047400" />
  <Point X="119" Y="184" T="11047416" />
  <Point X="118" Y="186" T="11047431" />
  <Point X="116" Y="188" T="11047455" />
  <Point X="115" Y="190" T="11047490" />
  <Point X="113" Y="192" T="11047539" />
  <Point X="112" Y="194" T="11047575" />
  <Point X="114" Y="193" T="11047752" />
  <Point X="116" Y="191" T="11047777" />
  <Point X="118" Y="191" T="11047801" />
  <Point X="120" Y="191" T="11047829" />
  <Point X="122" Y="190" T="11047870" />
  <Point X="124" Y="191" T="11047906" />
  <Point X="126" Y="190" T="11047939" />
  <Point X="128" Y="190" T="11047979" />
  <Point X="130" Y="189" T="11048075" />
  <Point X="128" Y="190" T="11048212" />
  <Point X="126" Y="192" T="11048235" />
  <Point X="124" Y="192" T="11048255" />
  <Point X="122" Y="194" T="11048275" />
  <Point X="120" Y="194" T="11048299" />
  <Point X="118" Y="194" T="11048323" />
  <Point X="116" Y="195" T="11048356" />
  <Point X="118" Y="197" T="11048603" />
  <Point X="120" Y="197" T="11048623" />
  <Point X="122" Y="198" T="11048651" />
  <Point X="124" Y="199" T="11048691" />
  <Point X="125" Y="201" T="11048736" />
  <Point X="126" Y="203" T="11048757" />
  <Point X="126" Y="206" T="11048779" />
  <Point X="126" Y="208" T="11048800" />
  <Point X="126" Y="212" T="11048819" />
  <Point X="125" Y="214" T="11048840" />
  <Point X="125" Y="216" T="11048860" />
  <Point X="124" Y="218" T="11048880" />
  <Point X="124" Y="220" T="11048881" />
  <Point X="123" Y="223" T="11048901" />
  <Point X="122" Y="225" T="11048924" />
  <Point X="121" Y="228" T="11048947" />
  <Point X="119" Y="232" T="11048967" />
  <Point X="117" Y="234" T="11048991" />
  <Point X="115" Y="236" T="11049013" />
  <Point X="111" Y="240" T="11049035" />
  <Point X="108" Y="243" T="11049058" />
  <Point X="103" Y="246" T="11049081" />
  <Point X="98" Y="248" T="11049103" />
  <Point X="96" Y="249" T="11049104" />
  <Point X="91" Y="251" T="11049127" />
  <Point X="87" Y="253" T="11049150" />
  <Point X="82" Y="255" T="11049172" />
  <Point X="80" Y="256" T="11049195" />
  <Point X="78" Y="258" T="11049218" />
  <Point X="76" Y="258" T="11049243" />
  <Point X="74" Y="260" T="11049266" />
</Gesture>