﻿<?xml version="1.0" encoding="utf-8" standalone="yes"?>
<Gesture Name="right_curly_brace03" Subject="2" Speed="fast" Number="3" NumPts="87" Millseconds="2344" AppName="Gestures" AppVer="3.5.0.0" Date="Monday, March 05, 2007" TimeOfDay="9:06:03 PM">
  <Point X="114" Y="155" T="11053443" />
  <Point X="111" Y="153" T="11053449" />
  <Point X="109" Y="152" T="11053455" />
  <Point X="108" Y="150" T="11053467" />
  <Point X="110" Y="151" T="11053548" />
  <Point X="112" Y="150" T="11053564" />
  <Point X="115" Y="150" T="11053581" />
  <Point X="117" Y="149" T="11053593" />
  <Point X="119" Y="148" T="11053609" />
  <Point X="121" Y="149" T="11053621" />
  <Point X="123" Y="148" T="11053633" />
  <Point X="126" Y="150" T="11053650" />
  <Point X="128" Y="150" T="11053667" />
  <Point X="130" Y="152" T="11053688" />
  <Point X="132" Y="153" T="11053711" />
  <Point X="133" Y="155" T="11053726" />
  <Point X="135" Y="157" T="11053755" />
  <Point X="135" Y="159" T="11053770" />
  <Point X="136" Y="162" T="11053795" />
  <Point X="136" Y="164" T="11053805" />
  <Point X="136" Y="166" T="11053816" />
  <Point X="136" Y="168" T="11053836" />
  <Point X="135" Y="170" T="11053847" />
  <Point X="135" Y="173" T="11053865" />
  <Point X="134" Y="175" T="11053884" />
  <Point X="133" Y="177" T="11053901" />
  <Point X="132" Y="180" T="11053913" />
  <Point X="131" Y="182" T="11053925" />
  <Point X="130" Y="184" T="11053937" />
  <Point X="128" Y="186" T="11053950" />
  <Point X="127" Y="188" T="11053962" />
  <Point X="125" Y="190" T="11053974" />
  <Point X="123" Y="191" T="11053994" />
  <Point X="122" Y="194" T="11054008" />
  <Point X="120" Y="196" T="11054026" />
  <Point X="118" Y="197" T="11054050" />
  <Point X="118" Y="200" T="11054064" />
  <Point X="116" Y="201" T="11054082" />
  <Point X="114" Y="204" T="11054102" />
  <Point X="113" Y="206" T="11054135" />
  <Point X="112" Y="208" T="11054155" />
  <Point X="114" Y="208" T="11054321" />
  <Point X="116" Y="206" T="11054345" />
  <Point X="118" Y="204" T="11054362" />
  <Point X="120" Y="205" T="11054390" />
  <Point X="122" Y="204" T="11054411" />
  <Point X="124" Y="202" T="11054428" />
  <Point X="126" Y="203" T="11054450" />
  <Point X="128" Y="202" T="11054470" />
  <Point X="130" Y="201" T="11054491" />
  <Point X="132" Y="199" T="11054527" />
  <Point X="134" Y="200" T="11054663" />
  <Point X="136" Y="200" T="11054703" />
  <Point X="134" Y="201" T="11054832" />
  <Point X="132" Y="202" T="11054852" />
  <Point X="130" Y="203" T="11054873" />
  <Point X="127" Y="203" T="11054893" />
  <Point X="125" Y="205" T="11054913" />
  <Point X="123" Y="206" T="11054936" />
  <Point X="121" Y="207" T="11054960" />
  <Point X="119" Y="208" T="11054985" />
  <Point X="117" Y="209" T="11055013" />
  <Point X="119" Y="209" T="11055190" />
  <Point X="121" Y="210" T="11055210" />
  <Point X="123" Y="211" T="11055243" />
  <Point X="125" Y="211" T="11055276" />
  <Point X="126" Y="214" T="11055301" />
  <Point X="127" Y="216" T="11055333" />
  <Point X="128" Y="218" T="11055362" />
  <Point X="128" Y="220" T="11055383" />
  <Point X="128" Y="223" T="11055406" />
  <Point X="128" Y="225" T="11055427" />
  <Point X="127" Y="227" T="11055449" />
  <Point X="125" Y="230" T="11055471" />
  <Point X="124" Y="232" T="11055493" />
  <Point X="121" Y="237" T="11055518" />
  <Point X="119" Y="239" T="11055540" />
  <Point X="116" Y="243" T="11055563" />
  <Point X="114" Y="245" T="11055587" />
  <Point X="110" Y="247" T="11055611" />
  <Point X="105" Y="247" T="11055634" />
  <Point X="100" Y="247" T="11055659" />
  <Point X="95" Y="248" T="11055683" />
  <Point X="92" Y="249" T="11055707" />
  <Point X="90" Y="249" T="11055732" />
  <Point X="88" Y="249" T="11055762" />
  <Point X="88" Y="251" T="11055787" />
</Gesture>