﻿<?xml version="1.0" encoding="utf-8" standalone="yes"?>
<Gesture Name="right_sq_bracket07" Subject="2" Speed="fast" Number="7" NumPts="50" Millseconds="668" AppName="Gestures" AppVer="3.5.0.0" Date="Monday, March 05, 2007" TimeOfDay="9:00:10 PM">
  <Point X="112" Y="169" T="10700850" />
  <Point X="114" Y="169" T="10700874" />
  <Point X="117" Y="169" T="10700887" />
  <Point X="119" Y="167" T="10700896" />
  <Point X="123" Y="166" T="10700904" />
  <Point X="126" Y="166" T="10700912" />
  <Point X="129" Y="165" T="10700920" />
  <Point X="132" Y="165" T="10700928" />
  <Point X="136" Y="165" T="10700936" />
  <Point X="139" Y="164" T="10700944" />
  <Point X="142" Y="162" T="10700953" />
  <Point X="145" Y="162" T="10700961" />
  <Point X="148" Y="162" T="10700969" />
  <Point X="150" Y="162" T="10700977" />
  <Point X="152" Y="162" T="10700985" />
  <Point X="155" Y="162" T="10700996" />
  <Point X="157" Y="163" T="10701017" />
  <Point X="158" Y="166" T="10701116" />
  <Point X="158" Y="168" T="10701140" />
  <Point X="158" Y="171" T="10701152" />
  <Point X="158" Y="173" T="10701162" />
  <Point X="158" Y="175" T="10701171" />
  <Point X="158" Y="179" T="10701181" />
  <Point X="158" Y="182" T="10701182" />
  <Point X="158" Y="184" T="10701192" />
  <Point X="159" Y="187" T="10701203" />
  <Point X="159" Y="195" T="10701214" />
  <Point X="159" Y="202" T="10701225" />
  <Point X="158" Y="204" T="10701236" />
  <Point X="158" Y="207" T="10701237" />
  <Point X="158" Y="213" T="10701251" />
  <Point X="158" Y="218" T="10701263" />
  <Point X="158" Y="224" T="10701275" />
  <Point X="158" Y="227" T="10701288" />
  <Point X="158" Y="233" T="10701300" />
  <Point X="158" Y="235" T="10701313" />
  <Point X="157" Y="238" T="10701314" />
  <Point X="157" Y="240" T="10701327" />
  <Point X="157" Y="242" T="10701340" />
  <Point X="156" Y="244" T="10701361" />
  <Point X="154" Y="246" T="10701385" />
  <Point X="151" Y="246" T="10701398" />
  <Point X="146" Y="247" T="10701412" />
  <Point X="140" Y="248" T="10701426" />
  <Point X="136" Y="249" T="10701440" />
  <Point X="127" Y="249" T="10701455" />
  <Point X="120" Y="252" T="10701469" />
  <Point X="118" Y="253" T="10701484" />
  <Point X="113" Y="253" T="10701501" />
  <Point X="111" Y="254" T="10701518" />
</Gesture>