﻿<?xml version="1.0" encoding="utf-8" standalone="yes"?>
<Gesture Name="right_curly_brace10" Subject="2" Speed="fast" Number="10" NumPts="88" Millseconds="2547" AppName="Gestures" AppVer="3.5.0.0" Date="Monday, March 05, 2007" TimeOfDay="9:06:26 PM">
  <Point X="114" Y="152" T="11075731" />
  <Point X="116" Y="154" T="11075786" />
  <Point X="118" Y="153" T="11075811" />
  <Point X="120" Y="154" T="11075832" />
  <Point X="122" Y="154" T="11075844" />
  <Point X="124" Y="154" T="11075856" />
  <Point X="127" Y="155" T="11075868" />
  <Point X="129" Y="156" T="11075880" />
  <Point X="131" Y="157" T="11075892" />
  <Point X="133" Y="158" T="11075908" />
  <Point X="135" Y="160" T="11075924" />
  <Point X="138" Y="162" T="11075941" />
  <Point X="140" Y="164" T="11075957" />
  <Point X="141" Y="166" T="11075969" />
  <Point X="143" Y="168" T="11075991" />
  <Point X="144" Y="170" T="11076006" />
  <Point X="145" Y="173" T="11076019" />
  <Point X="146" Y="176" T="11076035" />
  <Point X="147" Y="178" T="11076055" />
  <Point X="148" Y="181" T="11076068" />
  <Point X="148" Y="183" T="11076077" />
  <Point X="147" Y="185" T="11076088" />
  <Point X="147" Y="188" T="11076104" />
  <Point X="145" Y="190" T="11076120" />
  <Point X="145" Y="193" T="11076132" />
  <Point X="144" Y="195" T="11076143" />
  <Point X="142" Y="197" T="11076160" />
  <Point X="140" Y="199" T="11076176" />
  <Point X="137" Y="201" T="11076192" />
  <Point X="135" Y="202" T="11076205" />
  <Point X="133" Y="204" T="11076216" />
  <Point X="131" Y="205" T="11076232" />
  <Point X="129" Y="206" T="11076249" />
  <Point X="127" Y="207" T="11076265" />
  <Point X="125" Y="207" T="11076285" />
  <Point X="123" Y="208" T="11076310" />
  <Point X="121" Y="209" T="11076378" />
  <Point X="123" Y="209" T="11076450" />
  <Point X="125" Y="208" T="11076478" />
  <Point X="127" Y="208" T="11076499" />
  <Point X="129" Y="206" T="11076518" />
  <Point X="131" Y="206" T="11076543" />
  <Point X="133" Y="206" T="11076563" />
  <Point X="135" Y="204" T="11076583" />
  <Point X="137" Y="203" T="11076603" />
  <Point X="140" Y="204" T="11076631" />
  <Point X="142" Y="203" T="11076652" />
  <Point X="144" Y="202" T="11076672" />
  <Point X="146" Y="203" T="11076697" />
  <Point X="148" Y="203" T="11076722" />
  <Point X="150" Y="203" T="11076746" />
  <Point X="152" Y="202" T="11076770" />
  <Point X="154" Y="202" T="11076802" />
  <Point X="156" Y="202" T="11076842" />
  <Point X="154" Y="203" T="11077039" />
  <Point X="152" Y="204" T="11077060" />
  <Point X="150" Y="205" T="11077080" />
  <Point X="148" Y="205" T="11077100" />
  <Point X="146" Y="206" T="11077124" />
  <Point X="144" Y="206" T="11077144" />
  <Point X="142" Y="207" T="11077164" />
  <Point X="140" Y="206" T="11077184" />
  <Point X="138" Y="206" T="11077203" />
  <Point X="136" Y="207" T="11077226" />
  <Point X="134" Y="208" T="11077252" />
  <Point X="132" Y="208" T="11077281" />
  <Point X="130" Y="208" T="11077314" />
  <Point X="128" Y="209" T="11077365" />
  <Point X="126" Y="211" T="11077436" />
  <Point X="128" Y="213" T="11077803" />
  <Point X="130" Y="214" T="11077856" />
  <Point X="132" Y="215" T="11077895" />
  <Point X="133" Y="217" T="11077916" />
  <Point X="134" Y="219" T="11077944" />
  <Point X="135" Y="221" T="11077966" />
  <Point X="135" Y="225" T="11077989" />
  <Point X="135" Y="227" T="11078013" />
  <Point X="134" Y="231" T="11078036" />
  <Point X="133" Y="236" T="11078059" />
  <Point X="132" Y="238" T="11078082" />
  <Point X="130" Y="242" T="11078106" />
  <Point X="126" Y="247" T="11078130" />
  <Point X="124" Y="249" T="11078154" />
  <Point X="117" Y="254" T="11078178" />
  <Point X="112" Y="256" T="11078203" />
  <Point X="108" Y="256" T="11078228" />
  <Point X="106" Y="257" T="11078253" />
  <Point X="104" Y="258" T="11078278" />
</Gesture>