﻿<?xml version="1.0" encoding="utf-8" standalone="yes"?>
<Gesture Name="right_sq_bracket02" Subject="2" Speed="fast" Number="2" NumPts="52" Millseconds="614" AppName="Gestures" AppVer="3.5.0.0" Date="Monday, March 05, 2007" TimeOfDay="9:00:04 PM">
  <Point X="113" Y="160" T="10694550" />
  <Point X="115" Y="160" T="10694595" />
  <Point X="117" Y="161" T="10694607" />
  <Point X="120" Y="161" T="10694614" />
  <Point X="123" Y="160" T="10694623" />
  <Point X="126" Y="159" T="10694631" />
  <Point X="128" Y="159" T="10694638" />
  <Point X="132" Y="158" T="10694644" />
  <Point X="136" Y="157" T="10694651" />
  <Point X="138" Y="156" T="10694658" />
  <Point X="140" Y="156" T="10694660" />
  <Point X="144" Y="155" T="10694667" />
  <Point X="146" Y="155" T="10694675" />
  <Point X="150" Y="154" T="10694683" />
  <Point X="153" Y="152" T="10694691" />
  <Point X="156" Y="152" T="10694700" />
  <Point X="158" Y="151" T="10694708" />
  <Point X="160" Y="151" T="10694717" />
  <Point X="162" Y="151" T="10694738" />
  <Point X="161" Y="153" T="10694779" />
  <Point X="159" Y="155" T="10694799" />
  <Point X="159" Y="157" T="10694820" />
  <Point X="159" Y="159" T="10694831" />
  <Point X="159" Y="161" T="10694841" />
  <Point X="160" Y="163" T="10694851" />
  <Point X="160" Y="166" T="10694853" />
  <Point X="161" Y="168" T="10694863" />
  <Point X="161" Y="174" T="10694875" />
  <Point X="162" Y="177" T="10694886" />
  <Point X="162" Y="186" T="10694897" />
  <Point X="162" Y="193" T="10694909" />
  <Point X="161" Y="201" T="10694921" />
  <Point X="161" Y="208" T="10694933" />
  <Point X="160" Y="214" T="10694945" />
  <Point X="160" Y="219" T="10694958" />
  <Point X="159" Y="224" T="10694970" />
  <Point X="159" Y="227" T="10694983" />
  <Point X="159" Y="230" T="10694984" />
  <Point X="159" Y="232" T="10694997" />
  <Point X="158" Y="234" T="10695011" />
  <Point X="158" Y="236" T="10695024" />
  <Point X="155" Y="238" T="10695039" />
  <Point X="151" Y="239" T="10695053" />
  <Point X="148" Y="239" T="10695068" />
  <Point X="145" Y="239" T="10695069" />
  <Point X="139" Y="240" T="10695084" />
  <Point X="131" Y="239" T="10695099" />
  <Point X="126" Y="239" T="10695114" />
  <Point X="119" Y="242" T="10695131" />
  <Point X="117" Y="242" T="10695132" />
  <Point X="115" Y="244" T="10695148" />
  <Point X="113" Y="245" T="10695164" />
</Gesture>