﻿<?xml version="1.0" encoding="utf-8" standalone="yes"?>
<Gesture Name="right_sq_bracket05" Subject="2" Speed="fast" Number="5" NumPts="57" Millseconds="791" AppName="Gestures" AppVer="3.5.0.0" Date="Monday, March 05, 2007" TimeOfDay="9:00:07 PM">
  <Point X="119" Y="159" T="10698329" />
  <Point X="121" Y="159" T="10698357" />
  <Point X="124" Y="159" T="10698369" />
  <Point X="126" Y="158" T="10698376" />
  <Point X="128" Y="158" T="10698384" />
  <Point X="131" Y="158" T="10698392" />
  <Point X="133" Y="158" T="10698400" />
  <Point X="136" Y="157" T="10698408" />
  <Point X="140" Y="156" T="10698416" />
  <Point X="143" Y="156" T="10698424" />
  <Point X="147" Y="155" T="10698432" />
  <Point X="150" Y="154" T="10698441" />
  <Point X="154" Y="154" T="10698449" />
  <Point X="157" Y="153" T="10698458" />
  <Point X="160" Y="154" T="10698466" />
  <Point X="163" Y="154" T="10698475" />
  <Point X="165" Y="154" T="10698484" />
  <Point X="168" Y="154" T="10698493" />
  <Point X="170" Y="153" T="10698516" />
  <Point X="170" Y="155" T="10698565" />
  <Point X="169" Y="157" T="10698589" />
  <Point X="169" Y="159" T="10698609" />
  <Point X="169" Y="161" T="10698620" />
  <Point X="168" Y="163" T="10698631" />
  <Point X="168" Y="166" T="10698641" />
  <Point X="168" Y="168" T="10698653" />
  <Point X="168" Y="170" T="10698664" />
  <Point X="167" Y="175" T="10698674" />
  <Point X="167" Y="180" T="10698685" />
  <Point X="167" Y="185" T="10698698" />
  <Point X="167" Y="189" T="10698710" />
  <Point X="167" Y="196" T="10698722" />
  <Point X="167" Y="201" T="10698735" />
  <Point X="167" Y="207" T="10698747" />
  <Point X="166" Y="214" T="10698759" />
  <Point X="165" Y="220" T="10698772" />
  <Point X="164" Y="223" T="10698785" />
  <Point X="164" Y="225" T="10698786" />
  <Point X="163" Y="231" T="10698799" />
  <Point X="163" Y="236" T="10698813" />
  <Point X="163" Y="238" T="10698827" />
  <Point X="162" Y="243" T="10698841" />
  <Point X="162" Y="246" T="10698856" />
  <Point X="162" Y="248" T="10698870" />
  <Point X="162" Y="250" T="10698884" />
  <Point X="161" Y="252" T="10698917" />
  <Point X="161" Y="254" T="10698933" />
  <Point X="159" Y="256" T="10698965" />
  <Point X="157" Y="257" T="10698985" />
  <Point X="155" Y="256" T="10699002" />
  <Point X="150" Y="257" T="10699018" />
  <Point X="142" Y="257" T="10699034" />
  <Point X="137" Y="257" T="10699051" />
  <Point X="130" Y="257" T="10699067" />
  <Point X="125" Y="257" T="10699084" />
  <Point X="121" Y="257" T="10699100" />
  <Point X="119" Y="257" T="10699120" />
</Gesture>