﻿<?xml version="1.0" encoding="utf-8" standalone="yes"?>
<Gesture Name="right_curly_brace06" Subject="2" Speed="fast" Number="6" NumPts="93" Millseconds="2414" AppName="Gestures" AppVer="3.5.0.0" Date="Monday, March 05, 2007" TimeOfDay="9:06:13 PM">
  <Point X="102" Y="150" T="11063319" />
  <Point X="104" Y="148" T="11063364" />
  <Point X="106" Y="149" T="11063384" />
  <Point X="108" Y="149" T="11063401" />
  <Point X="110" Y="149" T="11063418" />
  <Point X="113" Y="150" T="11063434" />
  <Point X="115" Y="150" T="11063450" />
  <Point X="117" Y="151" T="11063462" />
  <Point X="120" Y="151" T="11063478" />
  <Point X="122" Y="152" T="11063493" />
  <Point X="124" Y="154" T="11063514" />
  <Point X="125" Y="156" T="11063534" />
  <Point X="126" Y="158" T="11063559" />
  <Point X="128" Y="160" T="11063587" />
  <Point X="128" Y="162" T="11063602" />
  <Point X="129" Y="164" T="11063619" />
  <Point X="129" Y="166" T="11063628" />
  <Point X="129" Y="168" T="11063639" />
  <Point X="130" Y="170" T="11063650" />
  <Point X="130" Y="173" T="11063662" />
  <Point X="129" Y="175" T="11063679" />
  <Point X="129" Y="177" T="11063691" />
  <Point X="129" Y="179" T="11063707" />
  <Point X="129" Y="181" T="11063719" />
  <Point X="128" Y="184" T="11063736" />
  <Point X="127" Y="186" T="11063748" />
  <Point X="125" Y="188" T="11063761" />
  <Point X="123" Y="190" T="11063779" />
  <Point X="122" Y="192" T="11063792" />
  <Point X="120" Y="194" T="11063804" />
  <Point X="118" Y="196" T="11063817" />
  <Point X="117" Y="199" T="11063829" />
  <Point X="114" Y="200" T="11063841" />
  <Point X="112" Y="201" T="11063855" />
  <Point X="110" Y="203" T="11063868" />
  <Point X="108" Y="205" T="11063888" />
  <Point X="107" Y="207" T="11063927" />
  <Point X="109" Y="207" T="11064048" />
  <Point X="110" Y="205" T="11064063" />
  <Point X="112" Y="204" T="11064079" />
  <Point X="115" Y="204" T="11064099" />
  <Point X="117" Y="202" T="11064116" />
  <Point X="119" Y="202" T="11064135" />
  <Point X="122" Y="201" T="11064152" />
  <Point X="124" Y="201" T="11064169" />
  <Point X="126" Y="200" T="11064190" />
  <Point X="128" Y="199" T="11064206" />
  <Point X="130" Y="198" T="11064226" />
  <Point X="133" Y="198" T="11064246" />
  <Point X="135" Y="197" T="11064266" />
  <Point X="137" Y="197" T="11064293" />
  <Point X="139" Y="197" T="11064326" />
  <Point X="141" Y="197" T="11064387" />
  <Point X="139" Y="199" T="11064570" />
  <Point X="136" Y="201" T="11064594" />
  <Point X="134" Y="201" T="11064618" />
  <Point X="132" Y="202" T="11064645" />
  <Point X="130" Y="202" T="11064669" />
  <Point X="128" Y="203" T="11064690" />
  <Point X="126" Y="202" T="11064713" />
  <Point X="124" Y="203" T="11064733" />
  <Point X="122" Y="203" T="11064754" />
  <Point X="120" Y="204" T="11064777" />
  <Point X="118" Y="204" T="11064802" />
  <Point X="116" Y="205" T="11064831" />
  <Point X="114" Y="205" T="11064870" />
  <Point X="112" Y="207" T="11064911" />
  <Point X="114" Y="209" T="11065117" />
  <Point X="116" Y="210" T="11065174" />
  <Point X="118" Y="210" T="11065218" />
  <Point X="120" Y="211" T="11065258" />
  <Point X="122" Y="213" T="11065286" />
  <Point X="123" Y="216" T="11065321" />
  <Point X="123" Y="218" T="11065344" />
  <Point X="123" Y="220" T="11065367" />
  <Point X="123" Y="222" T="11065388" />
  <Point X="122" Y="226" T="11065409" />
  <Point X="120" Y="229" T="11065434" />
  <Point X="118" Y="234" T="11065457" />
  <Point X="116" Y="235" T="11065480" />
  <Point X="114" Y="238" T="11065481" />
  <Point X="112" Y="239" T="11065503" />
  <Point X="109" Y="243" T="11065526" />
  <Point X="106" Y="244" T="11065547" />
  <Point X="102" Y="246" T="11065570" />
  <Point X="99" Y="246" T="11065592" />
  <Point X="97" Y="245" T="11065593" />
  <Point X="94" Y="246" T="11065616" />
  <Point X="92" Y="247" T="11065617" />
  <Point X="87" Y="246" T="11065643" />
  <Point X="85" Y="246" T="11065668" />
  <Point X="84" Y="248" T="11065692" />
  <Point X="86" Y="248" T="11065733" />
</Gesture>