﻿<?xml version="1.0" encoding="utf-8" standalone="yes"?>
<Gesture Name="star09" Subject="2" Speed="fast" Number="9" NumPts="110" Millseconds="1973" AppName="Gestures" AppVer="3.5.0.0" Date="Monday, March 05, 2007" TimeOfDay="8:58:50 PM">
  <Point X="80" Y="253" T="10619604" />
  <Point X="81" Y="251" T="10619612" />
  <Point X="82" Y="248" T="10619625" />
  <Point X="83" Y="246" T="10619633" />
  <Point X="84" Y="243" T="10619641" />
  <Point X="85" Y="240" T="10619649" />
  <Point X="86" Y="238" T="10619656" />
  <Point X="87" Y="234" T="10619662" />
  <Point X="89" Y="229" T="10619669" />
  <Point X="90" Y="227" T="10619676" />
  <Point X="91" Y="224" T="10619678" />
  <Point X="94" Y="220" T="10619685" />
  <Point X="95" Y="217" T="10619692" />
  <Point X="96" Y="214" T="10619693" />
  <Point X="99" Y="209" T="10619701" />
  <Point X="101" Y="204" T="10619710" />
  <Point X="103" Y="199" T="10619718" />
  <Point X="105" Y="194" T="10619726" />
  <Point X="107" Y="189" T="10619735" />
  <Point X="109" Y="184" T="10619744" />
  <Point X="110" Y="181" T="10619745" />
  <Point X="111" Y="176" T="10619755" />
  <Point X="113" Y="172" T="10619765" />
  <Point X="114" Y="169" T="10619766" />
  <Point X="115" Y="164" T="10619776" />
  <Point X="117" Y="161" T="10619787" />
  <Point X="119" Y="155" T="10619798" />
  <Point X="120" Y="152" T="10619809" />
  <Point X="121" Y="150" T="10619820" />
  <Point X="122" Y="148" T="10619821" />
  <Point X="122" Y="146" T="10619833" />
  <Point X="123" Y="143" T="10619844" />
  <Point X="124" Y="141" T="10619856" />
  <Point X="124" Y="139" T="10619869" />
  <Point X="126" Y="140" T="10619926" />
  <Point X="128" Y="141" T="10619947" />
  <Point X="130" Y="144" T="10619964" />
  <Point X="131" Y="147" T="10619977" />
  <Point X="133" Y="155" T="10619989" />
  <Point X="135" Y="162" T="10620003" />
  <Point X="138" Y="175" T="10620016" />
  <Point X="140" Y="183" T="10620031" />
  <Point X="142" Y="194" T="10620045" />
  <Point X="144" Y="202" T="10620059" />
  <Point X="145" Y="204" T="10620060" />
  <Point X="148" Y="212" T="10620075" />
  <Point X="149" Y="214" T="10620076" />
  <Point X="153" Y="224" T="10620092" />
  <Point X="156" Y="230" T="10620108" />
  <Point X="157" Y="233" T="10620109" />
  <Point X="161" Y="241" T="10620125" />
  <Point X="165" Y="249" T="10620141" />
  <Point X="168" Y="255" T="10620157" />
  <Point X="173" Y="264" T="10620180" />
  <Point X="176" Y="269" T="10620197" />
  <Point X="177" Y="271" T="10620215" />
  <Point X="178" Y="273" T="10620232" />
  <Point X="175" Y="273" T="10620292" />
  <Point X="173" Y="271" T="10620311" />
  <Point X="169" Y="268" T="10620329" />
  <Point X="163" Y="265" T="10620347" />
  <Point X="151" Y="256" T="10620365" />
  <Point X="140" Y="247" T="10620384" />
  <Point X="131" Y="241" T="10620403" />
  <Point X="129" Y="239" T="10620404" />
  <Point X="124" Y="235" T="10620423" />
  <Point X="121" Y="233" T="10620425" />
  <Point X="116" Y="229" T="10620444" />
  <Point X="111" Y="225" T="10620463" />
  <Point X="109" Y="223" T="10620464" />
  <Point X="103" Y="219" T="10620485" />
  <Point X="94" Y="214" T="10620506" />
  <Point X="88" Y="211" T="10620526" />
  <Point X="80" Y="208" T="10620547" />
  <Point X="75" Y="204" T="10620567" />
  <Point X="67" Y="200" T="10620588" />
  <Point X="62" Y="197" T="10620609" />
  <Point X="57" Y="195" T="10620630" />
  <Point X="55" Y="193" T="10620657" />
  <Point X="57" Y="193" T="10620725" />
  <Point X="62" Y="192" T="10620746" />
  <Point X="68" Y="192" T="10620768" />
  <Point X="71" Y="192" T="10620770" />
  <Point X="81" Y="192" T="10620792" />
  <Point X="84" Y="192" T="10620793" />
  <Point X="101" Y="192" T="10620817" />
  <Point X="118" Y="193" T="10620842" />
  <Point X="135" Y="193" T="10620867" />
  <Point X="149" Y="196" T="10620891" />
  <Point X="161" Y="198" T="10620916" />
  <Point X="169" Y="198" T="10620941" />
  <Point X="176" Y="198" T="10620966" />
  <Point X="178" Y="198" T="10620994" />
  <Point X="180" Y="199" T="10621021" />
  <Point X="182" Y="198" T="10621050" />
  <Point X="180" Y="200" T="10621189" />
  <Point X="171" Y="203" T="10621216" />
  <Point X="158" Y="208" T="10621242" />
  <Point X="146" Y="216" T="10621269" />
  <Point X="144" Y="217" T="10621270" />
  <Point X="129" Y="224" T="10621297" />
  <Point X="118" Y="230" T="10621324" />
  <Point X="109" Y="234" T="10621351" />
  <Point X="99" Y="240" T="10621378" />
  <Point X="92" Y="245" T="10621406" />
  <Point X="87" Y="249" T="10621433" />
  <Point X="85" Y="250" T="10621434" />
  <Point X="81" Y="254" T="10621462" />
  <Point X="80" Y="257" T="10621489" />
  <Point X="82" Y="255" T="10621577" />
</Gesture>