﻿<?xml version="1.0" encoding="utf-8" standalone="yes"?>
<Gesture Name="star04" Subject="2" Speed="fast" Number="4" NumPts="100" Millseconds="1873" AppName="Gestures" AppVer="3.5.0.0" Date="Monday, March 05, 2007" TimeOfDay="8:58:37 PM">
  <Point X="78" Y="241" T="10607050" />
  <Point X="78" Y="239" T="10607057" />
  <Point X="78" Y="236" T="10607077" />
  <Point X="79" Y="234" T="10607089" />
  <Point X="80" Y="231" T="10607097" />
  <Point X="80" Y="228" T="10607103" />
  <Point X="81" Y="225" T="10607109" />
  <Point X="83" Y="223" T="10607117" />
  <Point X="85" Y="219" T="10607125" />
  <Point X="86" Y="216" T="10607132" />
  <Point X="87" Y="214" T="10607133" />
  <Point X="87" Y="212" T="10607141" />
  <Point X="88" Y="210" T="10607142" />
  <Point X="90" Y="206" T="10607150" />
  <Point X="93" Y="201" T="10607158" />
  <Point X="95" Y="196" T="10607167" />
  <Point X="97" Y="191" T="10607176" />
  <Point X="99" Y="184" T="10607186" />
  <Point X="101" Y="180" T="10607195" />
  <Point X="103" Y="175" T="10607205" />
  <Point X="103" Y="173" T="10607206" />
  <Point X="104" Y="171" T="10607215" />
  <Point X="107" Y="164" T="10607226" />
  <Point X="108" Y="161" T="10607236" />
  <Point X="109" Y="158" T="10607247" />
  <Point X="112" Y="152" T="10607258" />
  <Point X="113" Y="150" T="10607269" />
  <Point X="114" Y="147" T="10607280" />
  <Point X="116" Y="145" T="10607282" />
  <Point X="117" Y="143" T="10607294" />
  <Point X="118" Y="141" T="10607306" />
  <Point X="121" Y="136" T="10607318" />
  <Point X="122" Y="134" T="10607334" />
  <Point X="124" Y="132" T="10607353" />
  <Point X="124" Y="134" T="10607417" />
  <Point X="125" Y="136" T="10607434" />
  <Point X="126" Y="138" T="10607447" />
  <Point X="127" Y="143" T="10607461" />
  <Point X="128" Y="150" T="10607475" />
  <Point X="129" Y="154" T="10607490" />
  <Point X="130" Y="158" T="10607491" />
  <Point X="131" Y="165" T="10607505" />
  <Point X="132" Y="168" T="10607506" />
  <Point X="135" Y="180" T="10607522" />
  <Point X="138" Y="190" T="10607541" />
  <Point X="142" Y="203" T="10607559" />
  <Point X="145" Y="209" T="10607575" />
  <Point X="148" Y="216" T="10607591" />
  <Point X="152" Y="222" T="10607607" />
  <Point X="156" Y="229" T="10607624" />
  <Point X="160" Y="238" T="10607643" />
  <Point X="162" Y="243" T="10607660" />
  <Point X="163" Y="246" T="10607678" />
  <Point X="164" Y="248" T="10607695" />
  <Point X="164" Y="250" T="10607712" />
  <Point X="162" Y="250" T="10607767" />
  <Point X="159" Y="249" T="10607785" />
  <Point X="155" Y="246" T="10607804" />
  <Point X="150" Y="243" T="10607822" />
  <Point X="147" Y="240" T="10607823" />
  <Point X="140" Y="235" T="10607842" />
  <Point X="131" Y="231" T="10607862" />
  <Point X="129" Y="230" T="10607863" />
  <Point X="122" Y="225" T="10607883" />
  <Point X="113" Y="220" T="10607904" />
  <Point X="102" Y="212" T="10607924" />
  <Point X="95" Y="205" T="10607945" />
  <Point X="87" Y="199" T="10607969" />
  <Point X="79" Y="194" T="10607992" />
  <Point X="71" Y="191" T="10608016" />
  <Point X="67" Y="187" T="10608038" />
  <Point X="65" Y="185" T="10608039" />
  <Point X="62" Y="185" T="10608062" />
  <Point X="60" Y="184" T="10608087" />
  <Point X="59" Y="182" T="10608176" />
  <Point X="61" Y="182" T="10608198" />
  <Point X="70" Y="181" T="10608221" />
  <Point X="82" Y="181" T="10608245" />
  <Point X="96" Y="180" T="10608270" />
  <Point X="115" Y="181" T="10608297" />
  <Point X="131" Y="182" T="10608322" />
  <Point X="144" Y="183" T="10608350" />
  <Point X="153" Y="185" T="10608375" />
  <Point X="161" Y="187" T="10608399" />
  <Point X="167" Y="187" T="10608424" />
  <Point X="169" Y="188" T="10608449" />
  <Point X="171" Y="188" T="10608505" />
  <Point X="171" Y="190" T="10608574" />
  <Point X="169" Y="192" T="10608600" />
  <Point X="161" Y="197" T="10608626" />
  <Point X="147" Y="203" T="10608653" />
  <Point X="144" Y="203" T="10608654" />
  <Point X="129" Y="210" T="10608681" />
  <Point X="110" Y="217" T="10608713" />
  <Point X="95" Y="223" T="10608744" />
  <Point X="86" Y="228" T="10608772" />
  <Point X="79" Y="233" T="10608803" />
  <Point X="75" Y="239" T="10608831" />
  <Point X="75" Y="241" T="10608859" />
  <Point X="77" Y="239" T="10608923" />
</Gesture>