﻿<?xml version="1.0" encoding="utf-8" standalone="yes"?>
<Gesture Name="star08" Subject="2" Speed="fast" Number="8" NumPts="108" Millseconds="2061" AppName="Gestures" AppVer="3.5.0.0" Date="Monday, March 05, 2007" TimeOfDay="8:58:48 PM">
  <Point X="85" Y="244" T="10617017" />
  <Point X="85" Y="242" T="10617025" />
  <Point X="85" Y="240" T="10617042" />
  <Point X="85" Y="238" T="10617070" />
  <Point X="87" Y="236" T="10617091" />
  <Point X="88" Y="233" T="10617099" />
  <Point X="90" Y="229" T="10617107" />
  <Point X="92" Y="226" T="10617115" />
  <Point X="94" Y="223" T="10617123" />
  <Point X="96" Y="221" T="10617130" />
  <Point X="97" Y="218" T="10617131" />
  <Point X="98" Y="215" T="10617139" />
  <Point X="99" Y="213" T="10617140" />
  <Point X="102" Y="207" T="10617148" />
  <Point X="105" Y="202" T="10617156" />
  <Point X="108" Y="196" T="10617164" />
  <Point X="111" Y="191" T="10617172" />
  <Point X="113" Y="185" T="10617180" />
  <Point X="114" Y="183" T="10617189" />
  <Point X="116" Y="179" T="10617198" />
  <Point X="118" Y="175" T="10617206" />
  <Point X="120" Y="172" T="10617207" />
  <Point X="122" Y="169" T="10617217" />
  <Point X="123" Y="167" T="10617227" />
  <Point X="124" Y="165" T="10617238" />
  <Point X="126" Y="161" T="10617248" />
  <Point X="127" Y="159" T="10617259" />
  <Point X="128" Y="156" T="10617271" />
  <Point X="129" Y="154" T="10617282" />
  <Point X="130" Y="152" T="10617283" />
  <Point X="131" Y="149" T="10617300" />
  <Point X="132" Y="147" T="10617332" />
  <Point X="133" Y="150" T="10617411" />
  <Point X="134" Y="152" T="10617423" />
  <Point X="135" Y="154" T="10617435" />
  <Point X="135" Y="156" T="10617436" />
  <Point X="137" Y="161" T="10617448" />
  <Point X="139" Y="167" T="10617461" />
  <Point X="141" Y="175" T="10617474" />
  <Point X="141" Y="177" T="10617476" />
  <Point X="144" Y="184" T="10617490" />
  <Point X="146" Y="191" T="10617504" />
  <Point X="149" Y="200" T="10617518" />
  <Point X="152" Y="208" T="10617533" />
  <Point X="155" Y="216" T="10617547" />
  <Point X="158" Y="223" T="10617562" />
  <Point X="162" Y="232" T="10617577" />
  <Point X="165" Y="239" T="10617592" />
  <Point X="169" Y="246" T="10617608" />
  <Point X="171" Y="251" T="10617625" />
  <Point X="173" Y="256" T="10617641" />
  <Point X="174" Y="259" T="10617656" />
  <Point X="176" Y="261" T="10617672" />
  <Point X="177" Y="263" T="10617688" />
  <Point X="174" Y="263" T="10617788" />
  <Point X="172" Y="261" T="10617804" />
  <Point X="167" Y="258" T="10617821" />
  <Point X="162" Y="255" T="10617838" />
  <Point X="156" Y="251" T="10617855" />
  <Point X="147" Y="246" T="10617873" />
  <Point X="140" Y="245" T="10617891" />
  <Point X="131" Y="240" T="10617910" />
  <Point X="121" Y="235" T="10617929" />
  <Point X="112" Y="232" T="10617947" />
  <Point X="110" Y="231" T="10617948" />
  <Point X="102" Y="228" T="10617968" />
  <Point X="95" Y="225" T="10617987" />
  <Point X="92" Y="224" T="10617988" />
  <Point X="87" Y="220" T="10618008" />
  <Point X="79" Y="215" T="10618029" />
  <Point X="73" Y="211" T="10618050" />
  <Point X="65" Y="205" T="10618070" />
  <Point X="61" Y="202" T="10618094" />
  <Point X="56" Y="198" T="10618114" />
  <Point X="54" Y="197" T="10618140" />
  <Point X="56" Y="198" T="10618209" />
  <Point X="60" Y="198" T="10618232" />
  <Point X="68" Y="198" T="10618254" />
  <Point X="75" Y="198" T="10618276" />
  <Point X="79" Y="198" T="10618277" />
  <Point X="89" Y="198" T="10618300" />
  <Point X="104" Y="200" T="10618323" />
  <Point X="118" Y="201" T="10618347" />
  <Point X="130" Y="201" T="10618371" />
  <Point X="142" Y="201" T="10618395" />
  <Point X="154" Y="201" T="10618419" />
  <Point X="165" Y="200" T="10618443" />
  <Point X="172" Y="199" T="10618467" />
  <Point X="176" Y="199" T="10618491" />
  <Point X="178" Y="200" T="10618520" />
  <Point X="180" Y="201" T="10618544" />
  <Point X="182" Y="202" T="10618572" />
  <Point X="183" Y="204" T="10618630" />
  <Point X="181" Y="204" T="10618697" />
  <Point X="177" Y="206" T="10618724" />
  <Point X="164" Y="208" T="10618750" />
  <Point X="150" Y="211" T="10618776" />
  <Point X="148" Y="212" T="10618777" />
  <Point X="137" Y="215" T="10618805" />
  <Point X="135" Y="215" T="10618806" />
  <Point X="125" Y="220" T="10618833" />
  <Point X="116" Y="223" T="10618860" />
  <Point X="105" Y="229" T="10618887" />
  <Point X="97" Y="236" T="10618915" />
  <Point X="90" Y="242" T="10618942" />
  <Point X="83" Y="246" T="10618970" />
  <Point X="79" Y="247" T="10618997" />
  <Point X="81" Y="246" T="10619078" />
</Gesture>