﻿<?xml version="1.0" encoding="utf-8" standalone="yes"?>
<Gesture Name="star02" Subject="2" Speed="fast" Number="2" NumPts="93" Millseconds="1731" AppName="Gestures" AppVer="3.5.0.0" Date="Monday, March 05, 2007" TimeOfDay="8:58:33 PM">
  <Point X="83" Y="226" T="10602341" />
  <Point X="85" Y="224" T="10602361" />
  <Point X="86" Y="222" T="10602369" />
  <Point X="88" Y="219" T="10602377" />
  <Point X="89" Y="215" T="10602385" />
  <Point X="90" Y="213" T="10602391" />
  <Point X="92" Y="210" T="10602397" />
  <Point X="94" Y="208" T="10602404" />
  <Point X="96" Y="203" T="10602411" />
  <Point X="98" Y="199" T="10602418" />
  <Point X="101" Y="194" T="10602425" />
  <Point X="102" Y="191" T="10602433" />
  <Point X="104" Y="188" T="10602440" />
  <Point X="105" Y="186" T="10602441" />
  <Point X="107" Y="181" T="10602450" />
  <Point X="108" Y="178" T="10602458" />
  <Point X="109" Y="175" T="10602467" />
  <Point X="112" Y="169" T="10602477" />
  <Point X="113" Y="166" T="10602486" />
  <Point X="114" Y="162" T="10602495" />
  <Point X="117" Y="155" T="10602507" />
  <Point X="118" Y="152" T="10602516" />
  <Point X="119" Y="150" T="10602526" />
  <Point X="120" Y="147" T="10602537" />
  <Point X="122" Y="144" T="10602547" />
  <Point X="124" Y="140" T="10602559" />
  <Point X="126" Y="137" T="10602577" />
  <Point X="127" Y="135" T="10602593" />
  <Point X="129" Y="136" T="10602641" />
  <Point X="130" Y="138" T="10602669" />
  <Point X="131" Y="141" T="10602681" />
  <Point X="132" Y="143" T="10602698" />
  <Point X="133" Y="146" T="10602710" />
  <Point X="134" Y="150" T="10602723" />
  <Point X="135" Y="153" T="10602736" />
  <Point X="138" Y="163" T="10602751" />
  <Point X="140" Y="172" T="10602765" />
  <Point X="143" Y="184" T="10602780" />
  <Point X="146" Y="193" T="10602796" />
  <Point X="148" Y="199" T="10602812" />
  <Point X="150" Y="207" T="10602828" />
  <Point X="153" Y="216" T="10602844" />
  <Point X="156" Y="222" T="10602859" />
  <Point X="158" Y="228" T="10602875" />
  <Point X="160" Y="233" T="10602890" />
  <Point X="161" Y="236" T="10602906" />
  <Point X="161" Y="238" T="10602907" />
  <Point X="162" Y="241" T="10602923" />
  <Point X="163" Y="243" T="10602939" />
  <Point X="164" Y="245" T="10602967" />
  <Point X="162" Y="244" T="10603015" />
  <Point X="159" Y="242" T="10603032" />
  <Point X="154" Y="238" T="10603049" />
  <Point X="147" Y="233" T="10603067" />
  <Point X="140" Y="227" T="10603084" />
  <Point X="131" Y="219" T="10603104" />
  <Point X="122" Y="213" T="10603123" />
  <Point X="113" Y="207" T="10603142" />
  <Point X="104" Y="204" T="10603161" />
  <Point X="97" Y="202" T="10603180" />
  <Point X="89" Y="198" T="10603199" />
  <Point X="84" Y="196" T="10603219" />
  <Point X="80" Y="193" T="10603239" />
  <Point X="76" Y="189" T="10603258" />
  <Point X="74" Y="187" T="10603278" />
  <Point X="72" Y="186" T="10603298" />
  <Point X="71" Y="183" T="10603324" />
  <Point X="73" Y="182" T="10603384" />
  <Point X="75" Y="182" T="10603405" />
  <Point X="83" Y="183" T="10603426" />
  <Point X="95" Y="184" T="10603449" />
  <Point X="107" Y="185" T="10603472" />
  <Point X="110" Y="186" T="10603473" />
  <Point X="123" Y="187" T="10603495" />
  <Point X="137" Y="188" T="10603518" />
  <Point X="148" Y="189" T="10603541" />
  <Point X="157" Y="190" T="10603565" />
  <Point X="164" Y="192" T="10603589" />
  <Point X="169" Y="192" T="10603613" />
  <Point X="171" Y="194" T="10603636" />
  <Point X="173" Y="194" T="10603661" />
  <Point X="172" Y="196" T="10603733" />
  <Point X="168" Y="199" T="10603757" />
  <Point X="159" Y="202" T="10603782" />
  <Point X="145" Y="206" T="10603808" />
  <Point X="125" Y="211" T="10603837" />
  <Point X="114" Y="212" T="10603864" />
  <Point X="102" Y="213" T="10603892" />
  <Point X="94" Y="214" T="10603918" />
  <Point X="88" Y="217" T="10603945" />
  <Point X="83" Y="220" T="10603971" />
  <Point X="80" Y="224" T="10604000" />
  <Point X="82" Y="223" T="10604072" />
</Gesture>