﻿<?xml version="1.0" encoding="utf-8" standalone="yes"?>
<Gesture Name="star05" Subject="2" Speed="fast" Number="5" NumPts="108" Millseconds="1925" AppName="Gestures" AppVer="3.5.0.0" Date="Monday, March 05, 2007" TimeOfDay="8:58:40 PM">
  <Point X="79" Y="244" T="10609385" />
  <Point X="80" Y="242" T="10609398" />
  <Point X="80" Y="240" T="10609405" />
  <Point X="82" Y="237" T="10609418" />
  <Point X="84" Y="234" T="10609427" />
  <Point X="85" Y="232" T="10609433" />
  <Point X="87" Y="227" T="10609440" />
  <Point X="88" Y="225" T="10609446" />
  <Point X="90" Y="222" T="10609453" />
  <Point X="92" Y="219" T="10609461" />
  <Point X="94" Y="215" T="10609468" />
  <Point X="96" Y="211" T="10609475" />
  <Point X="97" Y="206" T="10609483" />
  <Point X="99" Y="202" T="10609492" />
  <Point X="100" Y="199" T="10609500" />
  <Point X="102" Y="194" T="10609509" />
  <Point X="103" Y="189" T="10609518" />
  <Point X="104" Y="184" T="10609527" />
  <Point X="105" Y="182" T="10609528" />
  <Point X="106" Y="177" T="10609537" />
  <Point X="107" Y="173" T="10609547" />
  <Point X="109" Y="168" T="10609556" />
  <Point X="110" Y="166" T="10609565" />
  <Point X="112" Y="162" T="10609575" />
  <Point X="113" Y="160" T="10609576" />
  <Point X="114" Y="157" T="10609586" />
  <Point X="115" Y="154" T="10609596" />
  <Point X="116" Y="151" T="10609606" />
  <Point X="118" Y="149" T="10609617" />
  <Point X="118" Y="146" T="10609628" />
  <Point X="119" Y="141" T="10609640" />
  <Point X="121" Y="140" T="10609699" />
  <Point X="123" Y="141" T="10609720" />
  <Point X="125" Y="143" T="10609736" />
  <Point X="127" Y="146" T="10609748" />
  <Point X="129" Y="151" T="10609761" />
  <Point X="132" Y="157" T="10609773" />
  <Point X="134" Y="165" T="10609786" />
  <Point X="137" Y="172" T="10609800" />
  <Point X="138" Y="175" T="10609801" />
  <Point X="141" Y="182" T="10609814" />
  <Point X="144" Y="192" T="10609829" />
  <Point X="147" Y="197" T="10609843" />
  <Point X="151" Y="205" T="10609857" />
  <Point X="154" Y="212" T="10609872" />
  <Point X="155" Y="214" T="10609873" />
  <Point X="159" Y="223" T="10609889" />
  <Point X="162" Y="232" T="10609904" />
  <Point X="166" Y="240" T="10609921" />
  <Point X="169" Y="247" T="10609939" />
  <Point X="171" Y="250" T="10609955" />
  <Point X="173" Y="252" T="10609956" />
  <Point X="175" Y="256" T="10609973" />
  <Point X="176" Y="258" T="10609988" />
  <Point X="176" Y="260" T="10610005" />
  <Point X="175" Y="263" T="10610044" />
  <Point X="173" Y="262" T="10610063" />
  <Point X="171" Y="261" T="10610082" />
  <Point X="165" Y="258" T="10610099" />
  <Point X="162" Y="258" T="10610100" />
  <Point X="156" Y="254" T="10610118" />
  <Point X="145" Y="248" T="10610137" />
  <Point X="136" Y="243" T="10610156" />
  <Point X="134" Y="241" T="10610157" />
  <Point X="126" Y="237" T="10610176" />
  <Point X="120" Y="233" T="10610195" />
  <Point X="110" Y="227" T="10610214" />
  <Point X="104" Y="224" T="10610233" />
  <Point X="94" Y="216" T="10610253" />
  <Point X="88" Y="211" T="10610273" />
  <Point X="80" Y="207" T="10610293" />
  <Point X="74" Y="205" T="10610313" />
  <Point X="67" Y="203" T="10610333" />
  <Point X="62" Y="200" T="10610357" />
  <Point X="59" Y="198" T="10610358" />
  <Point X="55" Y="193" T="10610379" />
  <Point X="53" Y="192" T="10610400" />
  <Point X="52" Y="190" T="10610401" />
  <Point X="50" Y="188" T="10610432" />
  <Point X="48" Y="186" T="10610476" />
  <Point X="51" Y="186" T="10610517" />
  <Point X="56" Y="186" T="10610539" />
  <Point X="66" Y="185" T="10610562" />
  <Point X="76" Y="184" T="10610585" />
  <Point X="79" Y="184" T="10610586" />
  <Point X="94" Y="182" T="10610610" />
  <Point X="110" Y="183" T="10610635" />
  <Point X="125" Y="183" T="10610659" />
  <Point X="139" Y="182" T="10610683" />
  <Point X="150" Y="182" T="10610708" />
  <Point X="158" Y="185" T="10610733" />
  <Point X="163" Y="184" T="10610757" />
  <Point X="164" Y="187" T="10610781" />
  <Point X="166" Y="186" T="10610806" />
  <Point X="164" Y="188" T="10610910" />
  <Point X="159" Y="190" T="10610935" />
  <Point X="150" Y="193" T="10610961" />
  <Point X="134" Y="202" T="10610987" />
  <Point X="125" Y="209" T="10611013" />
  <Point X="121" Y="212" T="10611014" />
  <Point X="110" Y="220" T="10611041" />
  <Point X="101" Y="225" T="10611068" />
  <Point X="90" Y="232" T="10611095" />
  <Point X="83" Y="237" T="10611123" />
  <Point X="76" Y="241" T="10611150" />
  <Point X="72" Y="245" T="10611177" />
  <Point X="70" Y="247" T="10611226" />
  <Point X="72" Y="247" T="10611310" />
</Gesture>