﻿<?xml version="1.0" encoding="utf-8" standalone="yes"?>
<Gesture Name="star01" Subject="2" Speed="fast" Number="1" NumPts="94" Millseconds="1679" AppName="Gestures" AppVer="3.5.0.0" Date="Monday, March 05, 2007" TimeOfDay="8:58:30 PM">
  <Point X="79" Y="224" T="10599951" />
  <Point X="80" Y="221" T="10600012" />
  <Point X="80" Y="219" T="10600024" />
  <Point X="81" Y="216" T="10600036" />
  <Point X="83" Y="214" T="10600044" />
  <Point X="85" Y="210" T="10600052" />
  <Point X="86" Y="208" T="10600058" />
  <Point X="88" Y="204" T="10600065" />
  <Point X="90" Y="201" T="10600072" />
  <Point X="91" Y="198" T="10600079" />
  <Point X="94" Y="192" T="10600087" />
  <Point X="96" Y="188" T="10600095" />
  <Point X="98" Y="184" T="10600103" />
  <Point X="99" Y="182" T="10600104" />
  <Point X="101" Y="177" T="10600113" />
  <Point X="102" Y="174" T="10600121" />
  <Point X="105" Y="169" T="10600130" />
  <Point X="106" Y="165" T="10600139" />
  <Point X="107" Y="161" T="10600148" />
  <Point X="109" Y="158" T="10600157" />
  <Point X="110" Y="155" T="10600167" />
  <Point X="112" Y="149" T="10600178" />
  <Point X="114" Y="146" T="10600189" />
  <Point X="115" Y="143" T="10600199" />
  <Point X="116" Y="141" T="10600210" />
  <Point X="117" Y="139" T="10600220" />
  <Point X="118" Y="136" T="10600232" />
  <Point X="119" Y="134" T="10600244" />
  <Point X="120" Y="132" T="10600260" />
  <Point X="122" Y="131" T="10600305" />
  <Point X="124" Y="132" T="10600338" />
  <Point X="126" Y="135" T="10600359" />
  <Point X="127" Y="137" T="10600371" />
  <Point X="129" Y="140" T="10600384" />
  <Point X="133" Y="147" T="10600398" />
  <Point X="136" Y="158" T="10600412" />
  <Point X="139" Y="168" T="10600426" />
  <Point X="142" Y="182" T="10600441" />
  <Point X="145" Y="193" T="10600457" />
  <Point X="148" Y="201" T="10600472" />
  <Point X="151" Y="210" T="10600487" />
  <Point X="152" Y="215" T="10600502" />
  <Point X="153" Y="218" T="10600503" />
  <Point X="154" Y="221" T="10600519" />
  <Point X="155" Y="223" T="10600520" />
  <Point X="155" Y="225" T="10600535" />
  <Point X="157" Y="230" T="10600551" />
  <Point X="154" Y="230" T="10600626" />
  <Point X="152" Y="228" T="10600642" />
  <Point X="148" Y="225" T="10600658" />
  <Point X="143" Y="222" T="10600675" />
  <Point X="137" Y="219" T="10600693" />
  <Point X="127" Y="215" T="10600711" />
  <Point X="121" Y="212" T="10600729" />
  <Point X="114" Y="208" T="10600747" />
  <Point X="108" Y="204" T="10600764" />
  <Point X="98" Y="197" T="10600784" />
  <Point X="93" Y="194" T="10600803" />
  <Point X="87" Y="192" T="10600822" />
  <Point X="85" Y="190" T="10600823" />
  <Point X="79" Y="188" T="10600842" />
  <Point X="74" Y="186" T="10600862" />
  <Point X="72" Y="186" T="10600863" />
  <Point X="67" Y="183" T="10600882" />
  <Point X="64" Y="179" T="10600902" />
  <Point X="62" Y="176" T="10600922" />
  <Point X="61" Y="174" T="10600990" />
  <Point X="64" Y="174" T="10601011" />
  <Point X="69" Y="173" T="10601031" />
  <Point X="79" Y="173" T="10601055" />
  <Point X="91" Y="174" T="10601077" />
  <Point X="94" Y="174" T="10601078" />
  <Point X="106" Y="175" T="10601100" />
  <Point X="124" Y="177" T="10601125" />
  <Point X="127" Y="177" T="10601126" />
  <Point X="140" Y="177" T="10601149" />
  <Point X="152" Y="179" T="10601175" />
  <Point X="161" Y="184" T="10601201" />
  <Point X="168" Y="186" T="10601227" />
  <Point X="170" Y="187" T="10601250" />
  <Point X="172" Y="187" T="10601251" />
  <Point X="174" Y="188" T="10601278" />
  <Point X="171" Y="189" T="10601363" />
  <Point X="166" Y="190" T="10601387" />
  <Point X="160" Y="190" T="10601412" />
  <Point X="151" Y="192" T="10601438" />
  <Point X="138" Y="195" T="10601466" />
  <Point X="124" Y="201" T="10601495" />
  <Point X="122" Y="202" T="10601496" />
  <Point X="109" Y="207" T="10601521" />
  <Point X="95" Y="213" T="10601548" />
  <Point X="86" Y="217" T="10601576" />
  <Point X="80" Y="221" T="10601603" />
  <Point X="76" Y="225" T="10601630" />
</Gesture>