﻿<?xml version="1.0" encoding="utf-8" standalone="yes"?>
<Gesture Name="star06" Subject="2" Speed="fast" Number="6" NumPts="108" Millseconds="1973" AppName="Gestures" AppVer="3.5.0.0" Date="Monday, March 05, 2007" TimeOfDay="8:58:43 PM">
  <Point X="82" Y="230" T="10612068" />
  <Point X="83" Y="227" T="10612097" />
  <Point X="85" Y="226" T="10612121" />
  <Point X="87" Y="224" T="10612133" />
  <Point X="89" Y="222" T="10612140" />
  <Point X="91" Y="219" T="10612148" />
  <Point X="93" Y="217" T="10612156" />
  <Point X="95" Y="213" T="10612164" />
  <Point X="96" Y="211" T="10612171" />
  <Point X="98" Y="207" T="10612178" />
  <Point X="100" Y="204" T="10612185" />
  <Point X="102" Y="200" T="10612192" />
  <Point X="106" Y="193" T="10612200" />
  <Point X="108" Y="189" T="10612209" />
  <Point X="110" Y="184" T="10612217" />
  <Point X="112" Y="180" T="10612225" />
  <Point X="115" Y="175" T="10612234" />
  <Point X="117" Y="171" T="10612243" />
  <Point X="119" Y="165" T="10612253" />
  <Point X="121" Y="160" T="10612262" />
  <Point X="121" Y="158" T="10612271" />
  <Point X="124" Y="151" T="10612281" />
  <Point X="125" Y="148" T="10612291" />
  <Point X="126" Y="144" T="10612302" />
  <Point X="127" Y="141" T="10612311" />
  <Point X="129" Y="139" T="10612322" />
  <Point X="129" Y="136" T="10612333" />
  <Point X="131" Y="134" T="10612343" />
  <Point X="131" Y="132" T="10612355" />
  <Point X="133" Y="131" T="10612397" />
  <Point X="135" Y="134" T="10612417" />
  <Point X="136" Y="137" T="10612434" />
  <Point X="138" Y="140" T="10612449" />
  <Point X="140" Y="146" T="10612462" />
  <Point X="141" Y="153" T="10612474" />
  <Point X="144" Y="159" T="10612488" />
  <Point X="147" Y="172" T="10612502" />
  <Point X="150" Y="181" T="10612515" />
  <Point X="152" Y="190" T="10612528" />
  <Point X="153" Y="192" T="10612529" />
  <Point X="155" Y="199" T="10612544" />
  <Point X="158" Y="209" T="10612558" />
  <Point X="160" Y="217" T="10612572" />
  <Point X="163" Y="225" T="10612586" />
  <Point X="165" Y="231" T="10612601" />
  <Point X="166" Y="233" T="10612602" />
  <Point X="168" Y="238" T="10612616" />
  <Point X="171" Y="244" T="10612632" />
  <Point X="173" Y="249" T="10612646" />
  <Point X="175" Y="252" T="10612665" />
  <Point X="172" Y="251" T="10612745" />
  <Point X="169" Y="248" T="10612760" />
  <Point X="165" Y="245" T="10612776" />
  <Point X="158" Y="240" T="10612792" />
  <Point X="149" Y="231" T="10612809" />
  <Point X="141" Y="224" T="10612826" />
  <Point X="135" Y="218" T="10612843" />
  <Point X="128" Y="213" T="10612861" />
  <Point X="124" Y="211" T="10612862" />
  <Point X="118" Y="209" T="10612879" />
  <Point X="111" Y="207" T="10612897" />
  <Point X="105" Y="206" T="10612915" />
  <Point X="99" Y="202" T="10612933" />
  <Point X="97" Y="200" T="10612934" />
  <Point X="92" Y="197" T="10612953" />
  <Point X="90" Y="195" T="10612974" />
  <Point X="86" Y="193" T="10612993" />
  <Point X="84" Y="191" T="10612994" />
  <Point X="80" Y="189" T="10613014" />
  <Point X="76" Y="186" T="10613034" />
  <Point X="71" Y="184" T="10613053" />
  <Point X="69" Y="183" T="10613073" />
  <Point X="68" Y="181" T="10613093" />
  <Point X="66" Y="179" T="10613094" />
  <Point X="65" Y="176" T="10613125" />
  <Point X="66" Y="174" T="10613193" />
  <Point X="69" Y="175" T="10613214" />
  <Point X="73" Y="175" T="10613235" />
  <Point X="82" Y="176" T="10613257" />
  <Point X="94" Y="177" T="10613279" />
  <Point X="108" Y="181" T="10613302" />
  <Point X="125" Y="184" T="10613325" />
  <Point X="138" Y="186" T="10613348" />
  <Point X="141" Y="186" T="10613349" />
  <Point X="157" Y="187" T="10613374" />
  <Point X="168" Y="186" T="10613398" />
  <Point X="177" Y="187" T="10613421" />
  <Point X="185" Y="189" T="10613444" />
  <Point X="190" Y="190" T="10613468" />
  <Point X="195" Y="192" T="10613492" />
  <Point X="197" Y="193" T="10613516" />
  <Point X="199" Y="194" T="10613540" />
  <Point X="196" Y="195" T="10613657" />
  <Point X="192" Y="195" T="10613683" />
  <Point X="180" Y="197" T="10613708" />
  <Point X="178" Y="198" T="10613709" />
  <Point X="165" Y="202" T="10613736" />
  <Point X="150" Y="204" T="10613762" />
  <Point X="134" Y="209" T="10613790" />
  <Point X="121" Y="213" T="10613817" />
  <Point X="110" Y="219" T="10613844" />
  <Point X="100" Y="223" T="10613872" />
  <Point X="95" Y="226" T="10613898" />
  <Point X="90" Y="229" T="10613925" />
  <Point X="88" Y="230" T="10613926" />
  <Point X="85" Y="233" T="10613954" />
  <Point X="83" Y="234" T="10613985" />
  <Point X="85" Y="233" T="10614041" />
</Gesture>