﻿<?xml version="1.0" encoding="utf-8" standalone="yes"?>
<Gesture Name="star10" Subject="2" Speed="fast" Number="10" NumPts="107" Millseconds="1847" AppName="Gestures" AppVer="3.5.0.0" Date="Monday, March 05, 2007" TimeOfDay="8:58:53 PM">
  <Point X="87" Y="253" T="10622165" />
  <Point X="87" Y="250" T="10622185" />
  <Point X="88" Y="248" T="10622197" />
  <Point X="89" Y="245" T="10622210" />
  <Point X="90" Y="242" T="10622217" />
  <Point X="91" Y="240" T="10622223" />
  <Point X="93" Y="238" T="10622229" />
  <Point X="94" Y="236" T="10622237" />
  <Point X="95" Y="233" T="10622244" />
  <Point X="97" Y="230" T="10622250" />
  <Point X="99" Y="226" T="10622257" />
  <Point X="100" Y="223" T="10622264" />
  <Point X="101" Y="221" T="10622265" />
  <Point X="102" Y="218" T="10622273" />
  <Point X="103" Y="216" T="10622281" />
  <Point X="104" Y="214" T="10622282" />
  <Point X="106" Y="208" T="10622290" />
  <Point X="107" Y="206" T="10622300" />
  <Point X="110" Y="201" T="10622309" />
  <Point X="110" Y="199" T="10622310" />
  <Point X="112" Y="195" T="10622320" />
  <Point X="113" Y="189" T="10622330" />
  <Point X="115" Y="185" T="10622340" />
  <Point X="115" Y="182" T="10622341" />
  <Point X="116" Y="178" T="10622352" />
  <Point X="117" Y="175" T="10622363" />
  <Point X="118" Y="170" T="10622375" />
  <Point X="120" Y="165" T="10622387" />
  <Point X="120" Y="163" T="10622398" />
  <Point X="121" Y="158" T="10622410" />
  <Point X="121" Y="156" T="10622422" />
  <Point X="122" Y="154" T="10622434" />
  <Point X="122" Y="151" T="10622446" />
  <Point X="123" Y="149" T="10622459" />
  <Point X="124" Y="143" T="10622473" />
  <Point X="126" Y="141" T="10622489" />
  <Point X="128" Y="141" T="10622534" />
  <Point X="129" Y="145" T="10622549" />
  <Point X="130" Y="148" T="10622563" />
  <Point X="133" Y="154" T="10622578" />
  <Point X="135" Y="163" T="10622593" />
  <Point X="136" Y="166" T="10622594" />
  <Point X="139" Y="173" T="10622608" />
  <Point X="140" Y="176" T="10622609" />
  <Point X="142" Y="184" T="10622625" />
  <Point X="143" Y="187" T="10622626" />
  <Point X="147" Y="198" T="10622641" />
  <Point X="151" Y="208" T="10622660" />
  <Point X="152" Y="210" T="10622662" />
  <Point X="157" Y="220" T="10622678" />
  <Point X="162" Y="229" T="10622695" />
  <Point X="167" Y="237" T="10622714" />
  <Point X="171" Y="245" T="10622732" />
  <Point X="175" Y="252" T="10622751" />
  <Point X="178" Y="260" T="10622770" />
  <Point X="179" Y="263" T="10622788" />
  <Point X="180" Y="265" T="10622789" />
  <Point X="180" Y="268" T="10622808" />
  <Point X="181" Y="270" T="10622826" />
  <Point X="181" Y="272" T="10622845" />
  <Point X="179" Y="273" T="10622874" />
  <Point X="176" Y="273" T="10622893" />
  <Point X="171" Y="270" T="10622912" />
  <Point X="167" Y="266" T="10622932" />
  <Point X="158" Y="259" T="10622954" />
  <Point X="146" Y="250" T="10622975" />
  <Point X="134" Y="244" T="10622997" />
  <Point X="119" Y="235" T="10623020" />
  <Point X="110" Y="229" T="10623044" />
  <Point X="102" Y="222" T="10623067" />
  <Point X="94" Y="219" T="10623090" />
  <Point X="86" Y="213" T="10623112" />
  <Point X="78" Y="207" T="10623135" />
  <Point X="73" Y="203" T="10623157" />
  <Point X="71" Y="202" T="10623182" />
  <Point X="69" Y="199" T="10623183" />
  <Point X="66" Y="198" T="10623206" />
  <Point X="65" Y="196" T="10623229" />
  <Point X="67" Y="197" T="10623259" />
  <Point X="72" Y="198" T="10623283" />
  <Point X="76" Y="197" T="10623284" />
  <Point X="87" Y="199" T="10623307" />
  <Point X="89" Y="199" T="10623308" />
  <Point X="106" Y="203" T="10623332" />
  <Point X="123" Y="204" T="10623358" />
  <Point X="145" Y="206" T="10623387" />
  <Point X="159" Y="206" T="10623413" />
  <Point X="172" Y="208" T="10623442" />
  <Point X="180" Y="209" T="10623468" />
  <Point X="186" Y="211" T="10623494" />
  <Point X="187" Y="213" T="10623520" />
  <Point X="189" Y="215" T="10623594" />
  <Point X="187" Y="215" T="10623672" />
  <Point X="182" Y="217" T="10623699" />
  <Point X="169" Y="221" T="10623727" />
  <Point X="147" Y="225" T="10623759" />
  <Point X="127" Y="230" T="10623791" />
  <Point X="124" Y="230" T="10623792" />
  <Point X="112" Y="232" T="10623820" />
  <Point X="109" Y="233" T="10623821" />
  <Point X="97" Y="235" T="10623849" />
  <Point X="86" Y="239" T="10623879" />
  <Point X="81" Y="243" T="10623908" />
  <Point X="80" Y="245" T="10623909" />
  <Point X="78" Y="247" T="10623939" />
  <Point X="77" Y="249" T="10623969" />
  <Point X="79" Y="248" T="10624012" />
</Gesture>