﻿<?xml version="1.0" encoding="utf-8" standalone="yes"?>
<Gesture Name="star03" Subject="2" Speed="fast" Number="3" NumPts="98" Millseconds="1822" AppName="Gestures" AppVer="3.5.0.0" Date="Monday, March 05, 2007" TimeOfDay="8:58:35 PM">
  <Point X="85" Y="232" T="10604612" />
  <Point X="86" Y="229" T="10604620" />
  <Point X="86" Y="227" T="10604628" />
  <Point X="87" Y="224" T="10604636" />
  <Point X="88" Y="221" T="10604644" />
  <Point X="90" Y="217" T="10604652" />
  <Point X="90" Y="215" T="10604658" />
  <Point X="92" Y="211" T="10604665" />
  <Point X="93" Y="209" T="10604672" />
  <Point X="94" Y="206" T="10604673" />
  <Point X="96" Y="201" T="10604680" />
  <Point X="97" Y="199" T="10604688" />
  <Point X="98" Y="197" T="10604689" />
  <Point X="100" Y="192" T="10604697" />
  <Point X="102" Y="188" T="10604705" />
  <Point X="104" Y="183" T="10604714" />
  <Point X="106" Y="180" T="10604722" />
  <Point X="109" Y="172" T="10604732" />
  <Point X="110" Y="168" T="10604741" />
  <Point X="112" Y="163" T="10604751" />
  <Point X="115" Y="155" T="10604761" />
  <Point X="116" Y="152" T="10604771" />
  <Point X="118" Y="148" T="10604781" />
  <Point X="119" Y="145" T="10604792" />
  <Point X="121" Y="142" T="10604802" />
  <Point X="124" Y="137" T="10604814" />
  <Point X="125" Y="135" T="10604825" />
  <Point X="127" Y="132" T="10604840" />
  <Point X="128" Y="130" T="10604861" />
  <Point X="129" Y="132" T="10604905" />
  <Point X="130" Y="134" T="10604925" />
  <Point X="131" Y="136" T="10604938" />
  <Point X="132" Y="139" T="10604950" />
  <Point X="133" Y="143" T="10604963" />
  <Point X="135" Y="148" T="10604977" />
  <Point X="137" Y="156" T="10604991" />
  <Point X="139" Y="164" T="10605005" />
  <Point X="142" Y="176" T="10605021" />
  <Point X="144" Y="188" T="10605037" />
  <Point X="147" Y="199" T="10605053" />
  <Point X="147" Y="201" T="10605054" />
  <Point X="149" Y="207" T="10605069" />
  <Point X="150" Y="212" T="10605085" />
  <Point X="153" Y="222" T="10605102" />
  <Point X="156" Y="228" T="10605117" />
  <Point X="159" Y="237" T="10605133" />
  <Point X="161" Y="244" T="10605149" />
  <Point X="162" Y="246" T="10605150" />
  <Point X="164" Y="253" T="10605167" />
  <Point X="165" Y="255" T="10605183" />
  <Point X="166" Y="257" T="10605200" />
  <Point X="164" Y="254" T="10605253" />
  <Point X="161" Y="252" T="10605270" />
  <Point X="158" Y="247" T="10605288" />
  <Point X="150" Y="241" T="10605307" />
  <Point X="142" Y="233" T="10605326" />
  <Point X="135" Y="227" T="10605344" />
  <Point X="126" Y="218" T="10605363" />
  <Point X="116" Y="209" T="10605385" />
  <Point X="110" Y="204" T="10605404" />
  <Point X="100" Y="198" T="10605425" />
  <Point X="94" Y="196" T="10605444" />
  <Point X="92" Y="195" T="10605445" />
  <Point X="87" Y="194" T="10605465" />
  <Point X="81" Y="190" T="10605486" />
  <Point X="77" Y="188" T="10605506" />
  <Point X="74" Y="188" T="10605526" />
  <Point X="70" Y="184" T="10605547" />
  <Point X="68" Y="182" T="10605569" />
  <Point X="67" Y="180" T="10605590" />
  <Point X="66" Y="178" T="10605611" />
  <Point X="68" Y="176" T="10605669" />
  <Point X="70" Y="176" T="10605691" />
  <Point X="79" Y="177" T="10605716" />
  <Point X="95" Y="184" T="10605742" />
  <Point X="108" Y="186" T="10605765" />
  <Point X="122" Y="188" T="10605789" />
  <Point X="135" Y="189" T="10605814" />
  <Point X="148" Y="189" T="10605838" />
  <Point X="157" Y="191" T="10605862" />
  <Point X="165" Y="193" T="10605888" />
  <Point X="171" Y="195" T="10605914" />
  <Point X="176" Y="197" T="10605941" />
  <Point X="179" Y="200" T="10605966" />
  <Point X="177" Y="200" T="10606074" />
  <Point X="172" Y="201" T="10606099" />
  <Point X="166" Y="202" T="10606125" />
  <Point X="157" Y="204" T="10606151" />
  <Point X="143" Y="209" T="10606179" />
  <Point X="127" Y="213" T="10606207" />
  <Point X="109" Y="219" T="10606235" />
  <Point X="99" Y="221" T="10606262" />
  <Point X="95" Y="223" T="10606263" />
  <Point X="86" Y="225" T="10606289" />
  <Point X="79" Y="226" T="10606317" />
  <Point X="74" Y="228" T="10606345" />
  <Point X="73" Y="230" T="10606372" />
  <Point X="75" Y="228" T="10606434" />
</Gesture>