﻿<?xml version="1.0" encoding="utf-8" standalone="yes"?>
<Gesture Name="star07" Subject="2" Speed="fast" Number="7" NumPts="106" Millseconds="1831" AppName="Gestures" AppVer="3.5.0.0" Date="Monday, March 05, 2007" TimeOfDay="8:58:45 PM">
  <Point X="80" Y="243" T="10614583" />
  <Point X="80" Y="241" T="10614599" />
  <Point X="81" Y="239" T="10614620" />
  <Point X="82" Y="236" T="10614632" />
  <Point X="83" Y="233" T="10614640" />
  <Point X="84" Y="230" T="10614649" />
  <Point X="85" Y="228" T="10614655" />
  <Point X="87" Y="224" T="10614662" />
  <Point X="89" Y="221" T="10614669" />
  <Point X="91" Y="217" T="10614677" />
  <Point X="92" Y="215" T="10614684" />
  <Point X="94" Y="211" T="10614692" />
  <Point X="96" Y="207" T="10614700" />
  <Point X="99" Y="203" T="10614708" />
  <Point X="100" Y="201" T="10614709" />
  <Point X="102" Y="196" T="10614718" />
  <Point X="103" Y="194" T="10614727" />
  <Point X="106" Y="188" T="10614736" />
  <Point X="108" Y="185" T="10614737" />
  <Point X="109" Y="182" T="10614747" />
  <Point X="112" Y="177" T="10614757" />
  <Point X="112" Y="175" T="10614758" />
  <Point X="114" Y="172" T="10614768" />
  <Point X="116" Y="165" T="10614778" />
  <Point X="117" Y="161" T="10614789" />
  <Point X="118" Y="159" T="10614800" />
  <Point X="119" Y="157" T="10614801" />
  <Point X="120" Y="155" T="10614812" />
  <Point X="121" Y="152" T="10614814" />
  <Point X="123" Y="150" T="10614826" />
  <Point X="124" Y="148" T="10614838" />
  <Point X="126" Y="144" T="10614851" />
  <Point X="127" Y="142" T="10614863" />
  <Point X="129" Y="142" T="10614908" />
  <Point X="131" Y="144" T="10614925" />
  <Point X="131" Y="146" T="10614938" />
  <Point X="133" Y="148" T="10614952" />
  <Point X="136" Y="153" T="10614966" />
  <Point X="138" Y="159" T="10614980" />
  <Point X="142" Y="168" T="10614994" />
  <Point X="146" Y="179" T="10615010" />
  <Point X="150" Y="189" T="10615025" />
  <Point X="152" Y="196" T="10615040" />
  <Point X="153" Y="198" T="10615041" />
  <Point X="156" Y="205" T="10615056" />
  <Point X="159" Y="213" T="10615073" />
  <Point X="160" Y="216" T="10615074" />
  <Point X="163" Y="224" T="10615090" />
  <Point X="166" Y="230" T="10615107" />
  <Point X="169" Y="238" T="10615124" />
  <Point X="173" Y="248" T="10615146" />
  <Point X="175" Y="253" T="10615164" />
  <Point X="177" Y="258" T="10615182" />
  <Point X="178" Y="260" T="10615200" />
  <Point X="176" Y="261" T="10615244" />
  <Point X="173" Y="259" T="10615262" />
  <Point X="167" Y="255" T="10615282" />
  <Point X="159" Y="250" T="10615301" />
  <Point X="151" Y="246" T="10615320" />
  <Point X="149" Y="244" T="10615321" />
  <Point X="140" Y="238" T="10615340" />
  <Point X="138" Y="236" T="10615341" />
  <Point X="127" Y="229" T="10615360" />
  <Point X="120" Y="224" T="10615381" />
  <Point X="111" Y="217" T="10615401" />
  <Point X="104" Y="213" T="10615421" />
  <Point X="96" Y="207" T="10615442" />
  <Point X="87" Y="201" T="10615466" />
  <Point X="80" Y="199" T="10615489" />
  <Point X="74" Y="195" T="10615511" />
  <Point X="69" Y="193" T="10615533" />
  <Point X="67" Y="191" T="10615555" />
  <Point X="65" Y="189" T="10615579" />
  <Point X="63" Y="187" T="10615602" />
  <Point X="65" Y="185" T="10615644" />
  <Point X="67" Y="186" T="10615667" />
  <Point X="76" Y="185" T="10615692" />
  <Point X="82" Y="184" T="10615716" />
  <Point X="85" Y="185" T="10615717" />
  <Point X="95" Y="185" T="10615739" />
  <Point X="98" Y="185" T="10615741" />
  <Point X="113" Y="185" T="10615764" />
  <Point X="129" Y="186" T="10615790" />
  <Point X="146" Y="187" T="10615819" />
  <Point X="157" Y="190" T="10615847" />
  <Point X="160" Y="190" T="10615848" />
  <Point X="167" Y="192" T="10615873" />
  <Point X="174" Y="194" T="10615899" />
  <Point X="179" Y="194" T="10615925" />
  <Point X="183" Y="195" T="10615951" />
  <Point X="185" Y="195" T="10615977" />
  <Point X="187" Y="196" T="10616003" />
  <Point X="187" Y="198" T="10616086" />
  <Point X="182" Y="202" T="10616113" />
  <Point X="180" Y="203" T="10616114" />
  <Point X="171" Y="207" T="10616141" />
  <Point X="155" Y="210" T="10616170" />
  <Point X="140" Y="213" T="10616200" />
  <Point X="123" Y="219" T="10616232" />
  <Point X="106" Y="226" T="10616265" />
  <Point X="94" Y="230" T="10616295" />
  <Point X="83" Y="234" T="10616325" />
  <Point X="78" Y="236" T="10616353" />
  <Point X="76" Y="238" T="10616354" />
  <Point X="74" Y="240" T="10616385" />
  <Point X="72" Y="240" T="10616414" />
</Gesture>