﻿<?xml version="1.0" encoding="utf-8" standalone="yes"?>
<Gesture Name="triangle06" Subject="2" Speed="fast" Number="6" NumPts="60" Millseconds="932" AppName="Gestures" AppVer="3.5.0.0" Date="Monday, March 05, 2007" TimeOfDay="8:55:17 PM">
  <Point X="158" Y="135" T="10407313" />
  <Point X="157" Y="137" T="10407325" />
  <Point X="154" Y="139" T="10407341" />
  <Point X="153" Y="142" T="10407350" />
  <Point X="151" Y="146" T="10407357" />
  <Point X="151" Y="149" T="10407363" />
  <Point X="149" Y="152" T="10407370" />
  <Point X="146" Y="157" T="10407378" />
  <Point X="144" Y="162" T="10407386" />
  <Point X="142" Y="165" T="10407393" />
  <Point X="141" Y="168" T="10407394" />
  <Point X="138" Y="175" T="10407402" />
  <Point X="135" Y="183" T="10407409" />
  <Point X="133" Y="186" T="10407417" />
  <Point X="132" Y="189" T="10407418" />
  <Point X="129" Y="196" T="10407426" />
  <Point X="126" Y="203" T="10407436" />
  <Point X="123" Y="212" T="10407446" />
  <Point X="121" Y="218" T="10407455" />
  <Point X="119" Y="225" T="10407466" />
  <Point X="118" Y="230" T="10407476" />
  <Point X="118" Y="232" T="10407477" />
  <Point X="117" Y="237" T="10407487" />
  <Point X="116" Y="241" T="10407498" />
  <Point X="116" Y="244" T="10407510" />
  <Point X="116" Y="246" T="10407521" />
  <Point X="116" Y="249" T="10407542" />
  <Point X="118" Y="247" T="10407622" />
  <Point X="120" Y="246" T="10407642" />
  <Point X="123" Y="245" T="10407654" />
  <Point X="125" Y="244" T="10407665" />
  <Point X="128" Y="243" T="10407677" />
  <Point X="132" Y="243" T="10407678" />
  <Point X="138" Y="242" T="10407691" />
  <Point X="145" Y="241" T="10407703" />
  <Point X="154" Y="239" T="10407718" />
  <Point X="161" Y="238" T="10407731" />
  <Point X="168" Y="237" T="10407745" />
  <Point X="175" Y="236" T="10407759" />
  <Point X="178" Y="236" T="10407772" />
  <Point X="183" Y="237" T="10407787" />
  <Point X="185" Y="237" T="10407801" />
  <Point X="187" Y="239" T="10407818" />
  <Point X="187" Y="236" T="10407962" />
  <Point X="187" Y="233" T="10407976" />
  <Point X="185" Y="224" T="10407993" />
  <Point X="185" Y="222" T="10407994" />
  <Point X="182" Y="211" T="10408011" />
  <Point X="180" Y="199" T="10408027" />
  <Point X="177" Y="187" T="10408043" />
  <Point X="173" Y="173" T="10408059" />
  <Point X="168" Y="161" T="10408075" />
  <Point X="164" Y="151" T="10408092" />
  <Point X="161" Y="144" T="10408111" />
  <Point X="159" Y="140" T="10408131" />
  <Point X="156" Y="138" T="10408147" />
  <Point X="154" Y="136" T="10408164" />
  <Point X="152" Y="137" T="10408183" />
  <Point X="153" Y="139" T="10408225" />
  <Point X="155" Y="140" T="10408245" />
</Gesture>