﻿<?xml version="1.0" encoding="utf-8" standalone="yes"?>
<Gesture Name="triangle01" Subject="2" Speed="fast" Number="1" NumPts="60" Millseconds="765" AppName="Gestures" AppVer="3.5.0.0" Date="Monday, March 05, 2007" TimeOfDay="8:55:11 PM">
  <Point X="136" Y="141" T="10401212" />
  <Point X="136" Y="144" T="10401241" />
  <Point X="135" Y="147" T="10401249" />
  <Point X="134" Y="150" T="10401257" />
  <Point X="133" Y="153" T="10401265" />
  <Point X="132" Y="155" T="10401271" />
  <Point X="132" Y="157" T="10401277" />
  <Point X="131" Y="159" T="10401278" />
  <Point X="130" Y="162" T="10401284" />
  <Point X="129" Y="164" T="10401285" />
  <Point X="128" Y="166" T="10401292" />
  <Point X="127" Y="169" T="10401294" />
  <Point X="126" Y="175" T="10401301" />
  <Point X="124" Y="181" T="10401310" />
  <Point X="122" Y="189" T="10401318" />
  <Point X="120" Y="196" T="10401327" />
  <Point X="118" Y="205" T="10401337" />
  <Point X="117" Y="208" T="10401338" />
  <Point X="115" Y="216" T="10401347" />
  <Point X="113" Y="223" T="10401356" />
  <Point X="112" Y="226" T="10401357" />
  <Point X="111" Y="232" T="10401367" />
  <Point X="109" Y="237" T="10401377" />
  <Point X="108" Y="240" T="10401387" />
  <Point X="107" Y="243" T="10401397" />
  <Point X="106" Y="246" T="10401407" />
  <Point X="105" Y="248" T="10401433" />
  <Point X="107" Y="248" T="10401465" />
  <Point X="110" Y="246" T="10401477" />
  <Point X="113" Y="245" T="10401488" />
  <Point X="116" Y="244" T="10401500" />
  <Point X="126" Y="240" T="10401513" />
  <Point X="133" Y="239" T="10401525" />
  <Point X="141" Y="238" T="10401538" />
  <Point X="149" Y="237" T="10401550" />
  <Point X="156" Y="237" T="10401563" />
  <Point X="164" Y="238" T="10401578" />
  <Point X="170" Y="238" T="10401591" />
  <Point X="173" Y="239" T="10401604" />
  <Point X="178" Y="240" T="10401619" />
  <Point X="182" Y="242" T="10401635" />
  <Point X="184" Y="243" T="10401648" />
  <Point X="186" Y="243" T="10401662" />
  <Point X="187" Y="240" T="10401731" />
  <Point X="186" Y="238" T="10401746" />
  <Point X="185" Y="233" T="10401763" />
  <Point X="183" Y="229" T="10401764" />
  <Point X="179" Y="222" T="10401779" />
  <Point X="176" Y="215" T="10401797" />
  <Point X="167" Y="201" T="10401816" />
  <Point X="161" Y="189" T="10401834" />
  <Point X="159" Y="186" T="10401835" />
  <Point X="156" Y="177" T="10401852" />
  <Point X="152" Y="167" T="10401869" />
  <Point X="148" Y="156" T="10401889" />
  <Point X="147" Y="154" T="10401906" />
  <Point X="143" Y="150" T="10401926" />
  <Point X="141" Y="148" T="10401943" />
  <Point X="139" Y="147" T="10401960" />
  <Point X="137" Y="145" T="10401977" />
</Gesture>