﻿<?xml version="1.0" encoding="utf-8" standalone="yes"?>
<Gesture Name="triangle02" Subject="2" Speed="fast" Number="2" NumPts="65" Millseconds="798" AppName="Gestures" AppVer="3.5.0.0" Date="Monday, March 05, 2007" TimeOfDay="8:55:12 PM">
  <Point X="144" Y="140" T="10402366" />
  <Point X="144" Y="143" T="10402386" />
  <Point X="143" Y="146" T="10402399" />
  <Point X="142" Y="149" T="10402406" />
  <Point X="141" Y="153" T="10402414" />
  <Point X="140" Y="155" T="10402420" />
  <Point X="138" Y="160" T="10402427" />
  <Point X="138" Y="162" T="10402433" />
  <Point X="136" Y="165" T="10402434" />
  <Point X="135" Y="168" T="10402441" />
  <Point X="134" Y="171" T="10402442" />
  <Point X="133" Y="175" T="10402450" />
  <Point X="131" Y="178" T="10402451" />
  <Point X="128" Y="185" T="10402458" />
  <Point X="125" Y="193" T="10402466" />
  <Point X="123" Y="200" T="10402474" />
  <Point X="120" Y="207" T="10402483" />
  <Point X="118" Y="213" T="10402491" />
  <Point X="116" Y="219" T="10402500" />
  <Point X="115" Y="225" T="10402509" />
  <Point X="114" Y="233" T="10402518" />
  <Point X="113" Y="238" T="10402528" />
  <Point X="113" Y="240" T="10402537" />
  <Point X="113" Y="243" T="10402547" />
  <Point X="113" Y="245" T="10402557" />
  <Point X="113" Y="247" T="10402567" />
  <Point X="114" Y="249" T="10402587" />
  <Point X="116" Y="250" T="10402633" />
  <Point X="118" Y="249" T="10402649" />
  <Point X="120" Y="248" T="10402665" />
  <Point X="123" Y="248" T="10402677" />
  <Point X="125" Y="249" T="10402689" />
  <Point X="128" Y="249" T="10402701" />
  <Point X="131" Y="248" T="10402712" />
  <Point X="134" Y="248" T="10402713" />
  <Point X="137" Y="247" T="10402726" />
  <Point X="145" Y="247" T="10402739" />
  <Point X="151" Y="247" T="10402752" />
  <Point X="157" Y="246" T="10402765" />
  <Point X="159" Y="246" T="10402766" />
  <Point X="165" Y="245" T="10402780" />
  <Point X="170" Y="246" T="10402794" />
  <Point X="176" Y="245" T="10402808" />
  <Point X="178" Y="246" T="10402822" />
  <Point X="180" Y="245" T="10402836" />
  <Point X="182" Y="245" T="10402850" />
  <Point X="183" Y="243" T="10402869" />
  <Point X="183" Y="241" T="10402897" />
  <Point X="181" Y="239" T="10402921" />
  <Point X="179" Y="236" T="10402937" />
  <Point X="178" Y="234" T="10402952" />
  <Point X="175" Y="228" T="10402968" />
  <Point X="172" Y="222" T="10402984" />
  <Point X="171" Y="219" T="10402985" />
  <Point X="167" Y="209" T="10403002" />
  <Point X="163" Y="198" T="10403020" />
  <Point X="160" Y="186" T="10403037" />
  <Point X="159" Y="182" T="10403038" />
  <Point X="156" Y="171" T="10403056" />
  <Point X="153" Y="159" T="10403074" />
  <Point X="152" Y="154" T="10403092" />
  <Point X="151" Y="152" T="10403110" />
  <Point X="147" Y="149" T="10403128" />
  <Point X="145" Y="148" T="10403146" />
  <Point X="143" Y="148" T="10403164" />
</Gesture>