﻿<?xml version="1.0" encoding="utf-8" standalone="yes"?>
<Gesture Name="triangle04" Subject="2" Speed="fast" Number="4" NumPts="59" Millseconds="794" AppName="Gestures" AppVer="3.5.0.0" Date="Monday, March 05, 2007" TimeOfDay="8:55:15 PM">
  <Point X="153" Y="139" T="10404846" />
  <Point X="151" Y="141" T="10404870" />
  <Point X="149" Y="143" T="10404878" />
  <Point X="148" Y="146" T="10404887" />
  <Point X="146" Y="149" T="10404895" />
  <Point X="144" Y="152" T="10404903" />
  <Point X="143" Y="154" T="10404909" />
  <Point X="140" Y="159" T="10404916" />
  <Point X="139" Y="161" T="10404922" />
  <Point X="138" Y="164" T="10404924" />
  <Point X="137" Y="167" T="10404931" />
  <Point X="136" Y="170" T="10404932" />
  <Point X="133" Y="176" T="10404940" />
  <Point X="131" Y="183" T="10404948" />
  <Point X="129" Y="191" T="10404956" />
  <Point X="126" Y="198" T="10404964" />
  <Point X="124" Y="206" T="10404972" />
  <Point X="123" Y="214" T="10404981" />
  <Point X="121" Y="220" T="10404991" />
  <Point X="121" Y="223" T="10404992" />
  <Point X="120" Y="228" T="10405001" />
  <Point X="119" Y="237" T="10405012" />
  <Point X="118" Y="241" T="10405022" />
  <Point X="118" Y="244" T="10405032" />
  <Point X="117" Y="246" T="10405042" />
  <Point X="117" Y="249" T="10405053" />
  <Point X="117" Y="251" T="10405063" />
  <Point X="120" Y="251" T="10405131" />
  <Point X="122" Y="251" T="10405143" />
  <Point X="124" Y="251" T="10405154" />
  <Point X="126" Y="250" T="10405165" />
  <Point X="132" Y="250" T="10405178" />
  <Point X="135" Y="250" T="10405190" />
  <Point X="139" Y="250" T="10405191" />
  <Point X="142" Y="250" T="10405204" />
  <Point X="150" Y="250" T="10405217" />
  <Point X="159" Y="248" T="10405232" />
  <Point X="165" Y="247" T="10405248" />
  <Point X="172" Y="248" T="10405260" />
  <Point X="175" Y="247" T="10405274" />
  <Point X="180" Y="248" T="10405290" />
  <Point X="182" Y="248" T="10405303" />
  <Point X="185" Y="249" T="10405317" />
  <Point X="187" Y="248" T="10405331" />
  <Point X="186" Y="246" T="10405407" />
  <Point X="185" Y="244" T="10405421" />
  <Point X="184" Y="240" T="10405436" />
  <Point X="182" Y="233" T="10405452" />
  <Point X="179" Y="224" T="10405467" />
  <Point X="176" Y="212" T="10405483" />
  <Point X="173" Y="200" T="10405499" />
  <Point X="168" Y="185" T="10405516" />
  <Point X="163" Y="171" T="10405532" />
  <Point X="160" Y="160" T="10405549" />
  <Point X="158" Y="151" T="10405569" />
  <Point X="157" Y="148" T="10405586" />
  <Point X="155" Y="143" T="10405606" />
  <Point X="154" Y="140" T="10405623" />
  <Point X="152" Y="141" T="10405640" />
</Gesture>