﻿<?xml version="1.0" encoding="utf-8" standalone="yes"?>
<Gesture Name="triangle08" Subject="2" Speed="fast" Number="8" NumPts="62" Millseconds="1013" AppName="Gestures" AppVer="3.5.0.0" Date="Monday, March 05, 2007" TimeOfDay="8:55:20 PM">
  <Point X="160" Y="124" T="10409964" />
  <Point X="158" Y="126" T="10409977" />
  <Point X="156" Y="129" T="10409989" />
  <Point X="154" Y="132" T="10409997" />
  <Point X="152" Y="135" T="10410004" />
  <Point X="150" Y="137" T="10410013" />
  <Point X="148" Y="141" T="10410021" />
  <Point X="146" Y="143" T="10410027" />
  <Point X="143" Y="149" T="10410034" />
  <Point X="140" Y="154" T="10410041" />
  <Point X="138" Y="157" T="10410048" />
  <Point X="137" Y="161" T="10410049" />
  <Point X="134" Y="168" T="10410058" />
  <Point X="130" Y="176" T="10410066" />
  <Point X="127" Y="184" T="10410074" />
  <Point X="124" Y="192" T="10410084" />
  <Point X="121" Y="202" T="10410093" />
  <Point X="119" Y="206" T="10410103" />
  <Point X="118" Y="211" T="10410113" />
  <Point X="117" Y="213" T="10410114" />
  <Point X="116" Y="216" T="10410124" />
  <Point X="115" Y="219" T="10410134" />
  <Point X="114" Y="222" T="10410143" />
  <Point X="113" Y="226" T="10410154" />
  <Point X="112" Y="229" T="10410164" />
  <Point X="111" Y="231" T="10410181" />
  <Point X="109" Y="233" T="10410205" />
  <Point X="112" Y="233" T="10410297" />
  <Point X="114" Y="233" T="10410309" />
  <Point X="116" Y="231" T="10410321" />
  <Point X="119" Y="230" T="10410332" />
  <Point X="121" Y="230" T="10410344" />
  <Point X="130" Y="227" T="10410358" />
  <Point X="136" Y="227" T="10410370" />
  <Point X="144" Y="227" T="10410383" />
  <Point X="154" Y="227" T="10410398" />
  <Point X="161" Y="228" T="10410411" />
  <Point X="168" Y="228" T="10410426" />
  <Point X="175" Y="230" T="10410440" />
  <Point X="180" Y="231" T="10410453" />
  <Point X="182" Y="231" T="10410466" />
  <Point X="184" Y="232" T="10410480" />
  <Point X="187" Y="233" T="10410481" />
  <Point X="189" Y="233" T="10410498" />
  <Point X="191" Y="234" T="10410517" />
  <Point X="191" Y="231" T="10410668" />
  <Point X="188" Y="228" T="10410685" />
  <Point X="186" Y="221" T="10410702" />
  <Point X="183" Y="211" T="10410720" />
  <Point X="182" Y="208" T="10410721" />
  <Point X="179" Y="198" T="10410737" />
  <Point X="176" Y="186" T="10410754" />
  <Point X="171" Y="170" T="10410774" />
  <Point X="167" Y="154" T="10410794" />
  <Point X="163" Y="141" T="10410814" />
  <Point X="161" Y="133" T="10410831" />
  <Point X="161" Y="131" T="10410848" />
  <Point X="159" Y="129" T="10410865" />
  <Point X="157" Y="126" T="10410884" />
  <Point X="156" Y="124" T="10410901" />
  <Point X="155" Y="126" T="10410952" />
  <Point X="157" Y="129" T="10410977" />
</Gesture>