﻿<?xml version="1.0" encoding="utf-8" standalone="yes"?>
<Gesture Name="triangle09" Subject="2" Speed="fast" Number="9" NumPts="62" Millseconds="977" AppName="Gestures" AppVer="3.5.0.0" Date="Monday, March 05, 2007" TimeOfDay="8:55:21 PM">
  <Point X="161" Y="126" T="10411246" />
  <Point X="159" Y="127" T="10411283" />
  <Point X="158" Y="130" T="10411291" />
  <Point X="157" Y="133" T="10411299" />
  <Point X="155" Y="137" T="10411307" />
  <Point X="153" Y="141" T="10411315" />
  <Point X="152" Y="143" T="10411322" />
  <Point X="150" Y="148" T="10411328" />
  <Point X="149" Y="150" T="10411335" />
  <Point X="148" Y="153" T="10411336" />
  <Point X="145" Y="159" T="10411343" />
  <Point X="143" Y="163" T="10411350" />
  <Point X="142" Y="166" T="10411351" />
  <Point X="138" Y="174" T="10411359" />
  <Point X="137" Y="178" T="10411367" />
  <Point X="135" Y="182" T="10411368" />
  <Point X="132" Y="190" T="10411376" />
  <Point X="129" Y="198" T="10411385" />
  <Point X="126" Y="205" T="10411394" />
  <Point X="124" Y="212" T="10411402" />
  <Point X="123" Y="214" T="10411403" />
  <Point X="122" Y="219" T="10411413" />
  <Point X="121" Y="222" T="10411424" />
  <Point X="120" Y="225" T="10411434" />
  <Point X="119" Y="228" T="10411444" />
  <Point X="119" Y="230" T="10411458" />
  <Point X="119" Y="232" T="10411489" />
  <Point X="121" Y="233" T="10411585" />
  <Point X="123" Y="232" T="10411597" />
  <Point X="125" Y="231" T="10411609" />
  <Point X="131" Y="229" T="10411621" />
  <Point X="136" Y="228" T="10411634" />
  <Point X="143" Y="226" T="10411646" />
  <Point X="150" Y="225" T="10411659" />
  <Point X="158" Y="222" T="10411671" />
  <Point X="165" Y="222" T="10411684" />
  <Point X="167" Y="222" T="10411685" />
  <Point X="174" Y="221" T="10411699" />
  <Point X="181" Y="222" T="10411712" />
  <Point X="183" Y="221" T="10411714" />
  <Point X="186" Y="222" T="10411727" />
  <Point X="192" Y="223" T="10411741" />
  <Point X="196" Y="224" T="10411755" />
  <Point X="198" Y="225" T="10411771" />
  <Point X="200" Y="225" T="10411786" />
  <Point X="202" Y="226" T="10411805" />
  <Point X="201" Y="224" T="10411929" />
  <Point X="200" Y="221" T="10411946" />
  <Point X="196" Y="211" T="10411962" />
  <Point X="192" Y="202" T="10411978" />
  <Point X="187" Y="190" T="10411995" />
  <Point X="183" Y="178" T="10412011" />
  <Point X="178" Y="165" T="10412028" />
  <Point X="172" Y="149" T="10412047" />
  <Point X="170" Y="143" T="10412064" />
  <Point X="168" Y="137" T="10412081" />
  <Point X="166" Y="132" T="10412098" />
  <Point X="165" Y="130" T="10412118" />
  <Point X="163" Y="128" T="10412137" />
  <Point X="161" Y="126" T="10412157" />
  <Point X="161" Y="129" T="10412202" />
  <Point X="162" Y="131" T="10412223" />
</Gesture>