﻿<?xml version="1.0" encoding="utf-8" standalone="yes"?>
<Gesture Name="triangle05" Subject="2" Speed="fast" Number="5" NumPts="64" Millseconds="972" AppName="Gestures" AppVer="3.5.0.0" Date="Monday, March 05, 2007" TimeOfDay="8:55:16 PM">
  <Point X="153" Y="138" T="10406080" />
  <Point X="151" Y="140" T="10406112" />
  <Point X="150" Y="143" T="10406121" />
  <Point X="148" Y="146" T="10406128" />
  <Point X="147" Y="149" T="10406134" />
  <Point X="145" Y="152" T="10406140" />
  <Point X="144" Y="155" T="10406147" />
  <Point X="141" Y="159" T="10406154" />
  <Point X="139" Y="165" T="10406161" />
  <Point X="137" Y="168" T="10406167" />
  <Point X="136" Y="171" T="10406169" />
  <Point X="133" Y="178" T="10406176" />
  <Point X="132" Y="181" T="10406183" />
  <Point X="131" Y="185" T="10406184" />
  <Point X="128" Y="193" T="10406193" />
  <Point X="125" Y="201" T="10406201" />
  <Point X="123" Y="208" T="10406209" />
  <Point X="121" Y="215" T="10406218" />
  <Point X="120" Y="221" T="10406226" />
  <Point X="119" Y="223" T="10406235" />
  <Point X="117" Y="231" T="10406244" />
  <Point X="117" Y="234" T="10406253" />
  <Point X="116" Y="237" T="10406263" />
  <Point X="115" Y="240" T="10406273" />
  <Point X="114" Y="242" T="10406282" />
  <Point X="114" Y="244" T="10406292" />
  <Point X="113" Y="246" T="10406325" />
  <Point X="115" Y="246" T="10406394" />
  <Point X="117" Y="245" T="10406405" />
  <Point X="119" Y="245" T="10406416" />
  <Point X="125" Y="243" T="10406427" />
  <Point X="130" Y="243" T="10406439" />
  <Point X="134" Y="243" T="10406450" />
  <Point X="142" Y="241" T="10406462" />
  <Point X="149" Y="240" T="10406475" />
  <Point X="156" Y="240" T="10406487" />
  <Point X="162" Y="240" T="10406501" />
  <Point X="170" Y="240" T="10406514" />
  <Point X="174" Y="242" T="10406527" />
  <Point X="179" Y="242" T="10406541" />
  <Point X="181" Y="243" T="10406554" />
  <Point X="183" Y="244" T="10406567" />
  <Point X="185" Y="244" T="10406586" />
  <Point X="187" Y="245" T="10406659" />
  <Point X="187" Y="243" T="10406740" />
  <Point X="187" Y="240" T="10406754" />
  <Point X="185" Y="235" T="10406769" />
  <Point X="182" Y="228" T="10406784" />
  <Point X="178" Y="219" T="10406799" />
  <Point X="176" Y="216" T="10406800" />
  <Point X="171" Y="203" T="10406816" />
  <Point X="166" Y="188" T="10406833" />
  <Point X="162" Y="175" T="10406849" />
  <Point X="159" Y="164" T="10406866" />
  <Point X="156" Y="156" T="10406882" />
  <Point X="154" Y="151" T="10406899" />
  <Point X="153" Y="148" T="10406915" />
  <Point X="152" Y="146" T="10406916" />
  <Point X="152" Y="144" T="10406934" />
  <Point X="151" Y="141" T="10406951" />
  <Point X="150" Y="139" T="10406969" />
  <Point X="151" Y="141" T="10407016" />
  <Point X="151" Y="143" T="10407034" />
  <Point X="152" Y="145" T="10407052" />
</Gesture>