﻿<?xml version="1.0" encoding="utf-8" standalone="yes"?>
<Gesture Name="triangle03" Subject="2" Speed="fast" Number="3" NumPts="65" Millseconds="877" AppName="Gestures" AppVer="3.5.0.0" Date="Monday, March 05, 2007" TimeOfDay="8:55:13 PM">
  <Point X="147" Y="140" T="10403596" />
  <Point X="145" Y="143" T="10403612" />
  <Point X="143" Y="145" T="10403621" />
  <Point X="142" Y="147" T="10403629" />
  <Point X="141" Y="150" T="10403637" />
  <Point X="139" Y="155" T="10403645" />
  <Point X="138" Y="157" T="10403652" />
  <Point X="136" Y="162" T="10403658" />
  <Point X="135" Y="167" T="10403665" />
  <Point X="134" Y="170" T="10403672" />
  <Point X="132" Y="173" T="10403674" />
  <Point X="131" Y="179" T="10403681" />
  <Point X="130" Y="182" T="10403688" />
  <Point X="129" Y="186" T="10403689" />
  <Point X="126" Y="193" T="10403697" />
  <Point X="125" Y="201" T="10403706" />
  <Point X="123" Y="209" T="10403714" />
  <Point X="121" Y="216" T="10403722" />
  <Point X="120" Y="223" T="10403731" />
  <Point X="118" Y="229" T="10403740" />
  <Point X="118" Y="232" T="10403741" />
  <Point X="117" Y="237" T="10403751" />
  <Point X="116" Y="241" T="10403760" />
  <Point X="115" Y="243" T="10403761" />
  <Point X="115" Y="245" T="10403771" />
  <Point X="114" Y="247" T="10403782" />
  <Point X="113" Y="250" T="10403792" />
  <Point X="112" Y="252" T="10403805" />
  <Point X="115" Y="250" T="10403874" />
  <Point X="117" Y="250" T="10403890" />
  <Point X="119" Y="249" T="10403902" />
  <Point X="122" Y="249" T="10403914" />
  <Point X="124" Y="249" T="10403926" />
  <Point X="127" Y="248" T="10403937" />
  <Point X="130" Y="247" T="10403938" />
  <Point X="133" Y="247" T="10403951" />
  <Point X="141" Y="246" T="10403964" />
  <Point X="147" Y="247" T="10403977" />
  <Point X="149" Y="247" T="10403978" />
  <Point X="156" Y="246" T="10403992" />
  <Point X="165" Y="243" T="10404006" />
  <Point X="168" Y="244" T="10404021" />
  <Point X="175" Y="243" T="10404035" />
  <Point X="179" Y="243" T="10404049" />
  <Point X="181" Y="244" T="10404064" />
  <Point X="184" Y="245" T="10404078" />
  <Point X="186" Y="246" T="10404093" />
  <Point X="188" Y="246" T="10404119" />
  <Point X="187" Y="244" T="10404204" />
  <Point X="186" Y="241" T="10404221" />
  <Point X="183" Y="234" T="10404237" />
  <Point X="180" Y="225" T="10404253" />
  <Point X="175" Y="212" T="10404270" />
  <Point X="171" Y="198" T="10404287" />
  <Point X="166" Y="186" T="10404304" />
  <Point X="165" Y="183" T="10404305" />
  <Point X="160" Y="171" T="10404322" />
  <Point X="156" Y="161" T="10404340" />
  <Point X="155" Y="159" T="10404341" />
  <Point X="151" Y="152" T="10404358" />
  <Point X="149" Y="150" T="10404376" />
  <Point X="146" Y="147" T="10404377" />
  <Point X="144" Y="145" T="10404395" />
  <Point X="142" Y="144" T="10404413" />
  <Point X="144" Y="147" T="10404473" />
</Gesture>