﻿<?xml version="1.0" encoding="utf-8" standalone="yes"?>
<Gesture Name="triangle07" Subject="2" Speed="fast" Number="7" NumPts="67" Millseconds="1100" AppName="Gestures" AppVer="3.5.0.0" Date="Monday, March 05, 2007" TimeOfDay="8:55:18 PM">
  <Point X="161" Y="128" T="10408494" />
  <Point X="159" Y="131" T="10408534" />
  <Point X="158" Y="135" T="10408550" />
  <Point X="157" Y="137" T="10408556" />
  <Point X="156" Y="140" T="10408563" />
  <Point X="155" Y="142" T="10408571" />
  <Point X="153" Y="144" T="10408579" />
  <Point X="151" Y="147" T="10408586" />
  <Point X="149" Y="150" T="10408594" />
  <Point X="148" Y="152" T="10408602" />
  <Point X="146" Y="155" T="10408603" />
  <Point X="143" Y="160" T="10408610" />
  <Point X="142" Y="163" T="10408617" />
  <Point X="140" Y="166" T="10408618" />
  <Point X="137" Y="172" T="10408627" />
  <Point X="134" Y="179" T="10408635" />
  <Point X="130" Y="186" T="10408643" />
  <Point X="127" Y="193" T="10408652" />
  <Point X="124" Y="199" T="10408660" />
  <Point X="121" Y="205" T="10408669" />
  <Point X="119" Y="208" T="10408671" />
  <Point X="117" Y="214" T="10408680" />
  <Point X="115" Y="218" T="10408690" />
  <Point X="114" Y="220" T="10408691" />
  <Point X="113" Y="222" T="10408701" />
  <Point X="112" Y="226" T="10408702" />
  <Point X="111" Y="230" T="10408713" />
  <Point X="111" Y="232" T="10408724" />
  <Point X="111" Y="235" T="10408747" />
  <Point X="110" Y="238" T="10408787" />
  <Point X="108" Y="240" T="10408812" />
  <Point X="110" Y="238" T="10408897" />
  <Point X="113" Y="237" T="10408909" />
  <Point X="115" Y="235" T="10408921" />
  <Point X="120" Y="233" T="10408934" />
  <Point X="123" Y="232" T="10408946" />
  <Point X="131" Y="228" T="10408959" />
  <Point X="138" Y="228" T="10408972" />
  <Point X="140" Y="227" T="10408973" />
  <Point X="147" Y="226" T="10408988" />
  <Point X="156" Y="226" T="10409001" />
  <Point X="160" Y="226" T="10409015" />
  <Point X="166" Y="226" T="10409029" />
  <Point X="169" Y="226" T="10409030" />
  <Point X="172" Y="227" T="10409044" />
  <Point X="174" Y="228" T="10409045" />
  <Point X="177" Y="227" T="10409060" />
  <Point X="179" Y="230" T="10409075" />
  <Point X="181" Y="230" T="10409090" />
  <Point X="184" Y="231" T="10409105" />
  <Point X="186" Y="233" T="10409123" />
  <Point X="186" Y="230" T="10409297" />
  <Point X="185" Y="227" T="10409313" />
  <Point X="181" Y="219" T="10409329" />
  <Point X="179" Y="209" T="10409346" />
  <Point X="177" Y="197" T="10409364" />
  <Point X="175" Y="182" T="10409381" />
  <Point X="174" Y="170" T="10409399" />
  <Point X="171" Y="158" T="10409416" />
  <Point X="171" Y="154" T="10409417" />
  <Point X="168" Y="142" T="10409436" />
  <Point X="163" Y="130" T="10409455" />
  <Point X="161" Y="123" T="10409473" />
  <Point X="161" Y="121" T="10409492" />
  <Point X="159" Y="120" T="10409522" />
  <Point X="158" Y="122" T="10409570" />
  <Point X="159" Y="124" T="10409594" />
</Gesture>