﻿<?xml version="1.0" encoding="utf-8" standalone="yes"?>
<Gesture Name="triangle10" Subject="2" Speed="fast" Number="10" NumPts="60" Millseconds="999" AppName="Gestures" AppVer="3.5.0.0" Date="Monday, March 05, 2007" TimeOfDay="8:55:22 PM">
  <Point X="159" Y="134" T="10412578" />
  <Point X="158" Y="136" T="10412606" />
  <Point X="159" Y="138" T="10412694" />
  <Point X="157" Y="141" T="10412775" />
  <Point X="155" Y="143" T="10412791" />
  <Point X="154" Y="147" T="10412799" />
  <Point X="153" Y="149" T="10412806" />
  <Point X="151" Y="154" T="10412812" />
  <Point X="149" Y="160" T="10412819" />
  <Point X="148" Y="164" T="10412826" />
  <Point X="146" Y="167" T="10412827" />
  <Point X="145" Y="171" T="10412835" />
  <Point X="143" Y="175" T="10412836" />
  <Point X="140" Y="184" T="10412844" />
  <Point X="137" Y="193" T="10412852" />
  <Point X="134" Y="201" T="10412860" />
  <Point X="131" Y="209" T="10412868" />
  <Point X="129" Y="215" T="10412876" />
  <Point X="127" Y="221" T="10412885" />
  <Point X="125" Y="224" T="10412894" />
  <Point X="124" Y="227" T="10412903" />
  <Point X="124" Y="229" T="10412912" />
  <Point X="123" Y="231" T="10412932" />
  <Point X="123" Y="233" T="10412948" />
  <Point X="123" Y="235" T="10412964" />
  <Point X="123" Y="237" T="10412980" />
  <Point X="123" Y="239" T="10413008" />
  <Point X="125" Y="239" T="10413052" />
  <Point X="128" Y="239" T="10413065" />
  <Point X="130" Y="238" T="10413076" />
  <Point X="133" Y="237" T="10413087" />
  <Point X="141" Y="233" T="10413099" />
  <Point X="149" Y="232" T="10413110" />
  <Point X="157" Y="230" T="10413122" />
  <Point X="166" Y="228" T="10413135" />
  <Point X="174" Y="227" T="10413147" />
  <Point X="181" Y="227" T="10413160" />
  <Point X="183" Y="227" T="10413161" />
  <Point X="188" Y="227" T="10413174" />
  <Point X="191" Y="227" T="10413187" />
  <Point X="196" Y="227" T="10413200" />
  <Point X="199" Y="227" T="10413213" />
  <Point X="201" Y="228" T="10413227" />
  <Point X="203" Y="227" T="10413241" />
  <Point X="205" Y="228" T="10413255" />
  <Point X="203" Y="226" T="10413373" />
  <Point X="201" Y="224" T="10413389" />
  <Point X="199" Y="221" T="10413390" />
  <Point X="196" Y="216" T="10413405" />
  <Point X="195" Y="214" T="10413406" />
  <Point X="189" Y="203" T="10413422" />
  <Point X="183" Y="189" T="10413438" />
  <Point X="178" Y="174" T="10413455" />
  <Point X="173" Y="160" T="10413472" />
  <Point X="169" Y="148" T="10413489" />
  <Point X="166" Y="139" T="10413506" />
  <Point X="162" Y="132" T="10413523" />
  <Point X="160" Y="130" T="10413540" />
  <Point X="158" Y="130" T="10413558" />
  <Point X="156" Y="132" T="10413577" />
</Gesture>