﻿<?xml version="1.0" encoding="utf-8" standalone="yes"?>
<Gesture Name="v01" Subject="2" Speed="fast" Number="1" NumPts="37" Millseconds="322" AppName="Gestures" AppVer="3.5.0.0" Date="Monday, March 05, 2007" TimeOfDay="8:56:06 PM">
  <Point X="100" Y="166" T="10457212" />
  <Point X="102" Y="168" T="10457240" />
  <Point X="104" Y="171" T="10457252" />
  <Point X="106" Y="173" T="10457260" />
  <Point X="109" Y="176" T="10457268" />
  <Point X="112" Y="179" T="10457276" />
  <Point X="113" Y="181" T="10457282" />
  <Point X="116" Y="186" T="10457288" />
  <Point X="118" Y="188" T="10457295" />
  <Point X="121" Y="193" T="10457301" />
  <Point X="124" Y="200" T="10457308" />
  <Point X="126" Y="203" T="10457315" />
  <Point X="127" Y="207" T="10457316" />
  <Point X="129" Y="209" T="10457324" />
  <Point X="131" Y="213" T="10457325" />
  <Point X="133" Y="218" T="10457333" />
  <Point X="136" Y="222" T="10457341" />
  <Point X="138" Y="224" T="10457349" />
  <Point X="140" Y="225" T="10457359" />
  <Point X="142" Y="225" T="10457371" />
  <Point X="144" Y="223" T="10457384" />
  <Point X="146" Y="220" T="10457396" />
  <Point X="147" Y="217" T="10457405" />
  <Point X="148" Y="213" T="10457415" />
  <Point X="148" Y="210" T="10457416" />
  <Point X="149" Y="204" T="10457427" />
  <Point X="150" Y="192" T="10457438" />
  <Point X="151" Y="180" T="10457449" />
  <Point X="152" Y="171" T="10457459" />
  <Point X="153" Y="167" T="10457460" />
  <Point X="156" Y="153" T="10457472" />
  <Point X="158" Y="144" T="10457484" />
  <Point X="159" Y="141" T="10457485" />
  <Point X="163" Y="132" T="10457497" />
  <Point X="165" Y="127" T="10457509" />
  <Point X="167" Y="124" T="10457521" />
  <Point X="169" Y="122" T="10457534" />
</Gesture>