﻿<?xml version="1.0" encoding="utf-8" standalone="yes"?>
<Gesture Name="v02" Subject="2" Speed="fast" Number="2" NumPts="39" Millseconds="373" AppName="Gestures" AppVer="3.5.0.0" Date="Monday, March 05, 2007" TimeOfDay="8:56:07 PM">
  <Point X="98" Y="161" T="10458191" />
  <Point X="100" Y="164" T="10458215" />
  <Point X="101" Y="166" T="10458222" />
  <Point X="103" Y="168" T="10458234" />
  <Point X="105" Y="171" T="10458242" />
  <Point X="108" Y="174" T="10458250" />
  <Point X="109" Y="176" T="10458257" />
  <Point X="112" Y="181" T="10458263" />
  <Point X="113" Y="185" T="10458270" />
  <Point X="114" Y="188" T="10458271" />
  <Point X="118" Y="194" T="10458278" />
  <Point X="119" Y="198" T="10458285" />
  <Point X="121" Y="201" T="10458286" />
  <Point X="123" Y="204" T="10458294" />
  <Point X="124" Y="207" T="10458295" />
  <Point X="128" Y="214" T="10458303" />
  <Point X="131" Y="220" T="10458311" />
  <Point X="134" Y="225" T="10458320" />
  <Point X="137" Y="230" T="10458328" />
  <Point X="138" Y="233" T="10458337" />
  <Point X="141" Y="236" T="10458346" />
  <Point X="143" Y="238" T="10458347" />
  <Point X="145" Y="239" T="10458358" />
  <Point X="147" Y="240" T="10458373" />
  <Point X="148" Y="238" T="10458393" />
  <Point X="149" Y="234" T="10458404" />
  <Point X="150" Y="230" T="10458415" />
  <Point X="150" Y="220" T="10458426" />
  <Point X="150" Y="210" T="10458438" />
  <Point X="150" Y="197" T="10458450" />
  <Point X="151" Y="184" T="10458461" />
  <Point X="152" Y="171" T="10458473" />
  <Point X="155" Y="160" T="10458486" />
  <Point X="157" Y="155" T="10458498" />
  <Point X="160" Y="146" T="10458510" />
  <Point X="163" Y="142" T="10458523" />
  <Point X="164" Y="140" T="10458536" />
  <Point X="166" Y="135" T="10458550" />
  <Point X="167" Y="133" T="10458564" />
</Gesture>