﻿<?xml version="1.0" encoding="utf-8" standalone="yes"?>
<Gesture Name="v03" Subject="2" Speed="fast" Number="3" NumPts="41" Millseconds="436" AppName="Gestures" AppVer="3.5.0.0" Date="Monday, March 05, 2007" TimeOfDay="8:56:08 PM">
  <Point X="95" Y="174" T="10459146" />
  <Point X="97" Y="176" T="10459199" />
  <Point X="100" Y="177" T="10459227" />
  <Point X="101" Y="179" T="10459236" />
  <Point X="102" Y="181" T="10459244" />
  <Point X="104" Y="184" T="10459252" />
  <Point X="106" Y="187" T="10459260" />
  <Point X="108" Y="191" T="10459268" />
  <Point X="110" Y="193" T="10459275" />
  <Point X="113" Y="198" T="10459282" />
  <Point X="115" Y="203" T="10459290" />
  <Point X="118" Y="209" T="10459297" />
  <Point X="120" Y="215" T="10459305" />
  <Point X="123" Y="220" T="10459313" />
  <Point X="125" Y="225" T="10459321" />
  <Point X="127" Y="230" T="10459329" />
  <Point X="128" Y="233" T="10459338" />
  <Point X="130" Y="237" T="10459347" />
  <Point X="132" Y="240" T="10459355" />
  <Point X="134" Y="241" T="10459365" />
  <Point X="137" Y="242" T="10459375" />
  <Point X="139" Y="241" T="10459389" />
  <Point X="141" Y="238" T="10459401" />
  <Point X="143" Y="234" T="10459412" />
  <Point X="145" Y="227" T="10459422" />
  <Point X="148" Y="218" T="10459433" />
  <Point X="149" Y="212" T="10459444" />
  <Point X="150" Y="209" T="10459445" />
  <Point X="152" Y="201" T="10459457" />
  <Point X="152" Y="197" T="10459458" />
  <Point X="155" Y="187" T="10459469" />
  <Point X="157" Y="180" T="10459481" />
  <Point X="158" Y="178" T="10459482" />
  <Point X="161" Y="169" T="10459494" />
  <Point X="164" Y="161" T="10459507" />
  <Point X="166" Y="156" T="10459519" />
  <Point X="168" Y="151" T="10459531" />
  <Point X="170" Y="147" T="10459544" />
  <Point X="171" Y="145" T="10459556" />
  <Point X="172" Y="143" T="10459569" />
  <Point X="173" Y="141" T="10459582" />
</Gesture>