﻿<?xml version="1.0" encoding="utf-8" standalone="yes"?>
<Gesture Name="v04" Subject="2" Speed="fast" Number="4" NumPts="39" Millseconds="408" AppName="Gestures" AppVer="3.5.0.0" Date="Monday, March 05, 2007" TimeOfDay="8:56:09 PM">
  <Point X="101" Y="167" T="10460106" />
  <Point X="103" Y="165" T="10460130" />
  <Point X="105" Y="165" T="10460167" />
  <Point X="106" Y="168" T="10460182" />
  <Point X="107" Y="170" T="10460190" />
  <Point X="108" Y="172" T="10460198" />
  <Point X="110" Y="175" T="10460206" />
  <Point X="111" Y="177" T="10460213" />
  <Point X="114" Y="181" T="10460220" />
  <Point X="116" Y="188" T="10460227" />
  <Point X="119" Y="193" T="10460235" />
  <Point X="121" Y="201" T="10460242" />
  <Point X="124" Y="208" T="10460250" />
  <Point X="126" Y="215" T="10460258" />
  <Point X="128" Y="220" T="10460267" />
  <Point X="129" Y="223" T="10460275" />
  <Point X="131" Y="225" T="10460283" />
  <Point X="133" Y="227" T="10460293" />
  <Point X="135" Y="228" T="10460302" />
  <Point X="138" Y="227" T="10460322" />
  <Point X="139" Y="225" T="10460338" />
  <Point X="141" Y="222" T="10460348" />
  <Point X="142" Y="215" T="10460358" />
  <Point X="143" Y="211" T="10460369" />
  <Point X="144" Y="201" T="10460379" />
  <Point X="144" Y="194" T="10460390" />
  <Point X="145" Y="191" T="10460391" />
  <Point X="146" Y="184" T="10460402" />
  <Point X="148" Y="180" T="10460403" />
  <Point X="150" Y="172" T="10460414" />
  <Point X="151" Y="169" T="10460415" />
  <Point X="155" Y="160" T="10460427" />
  <Point X="159" Y="152" T="10460439" />
  <Point X="163" Y="146" T="10460451" />
  <Point X="167" Y="140" T="10460463" />
  <Point X="169" Y="137" T="10460476" />
  <Point X="171" Y="134" T="10460488" />
  <Point X="172" Y="132" T="10460500" />
  <Point X="174" Y="130" T="10460514" />
</Gesture>