﻿<?xml version="1.0" encoding="utf-8" standalone="yes"?>
<Gesture Name="v05" Subject="2" Speed="fast" Number="5" NumPts="38" Millseconds="503" AppName="Gestures" AppVer="3.5.0.0" Date="Monday, March 05, 2007" TimeOfDay="8:56:10 PM">
  <Point X="101" Y="160" T="10461029" />
  <Point X="103" Y="161" T="10461131" />
  <Point X="105" Y="163" T="10461163" />
  <Point X="106" Y="165" T="10461171" />
  <Point X="109" Y="167" T="10461183" />
  <Point X="110" Y="169" T="10461189" />
  <Point X="113" Y="174" T="10461196" />
  <Point X="116" Y="178" T="10461203" />
  <Point X="118" Y="181" T="10461210" />
  <Point X="122" Y="188" T="10461217" />
  <Point X="126" Y="195" T="10461224" />
  <Point X="130" Y="203" T="10461232" />
  <Point X="134" Y="210" T="10461240" />
  <Point X="137" Y="216" T="10461248" />
  <Point X="139" Y="219" T="10461256" />
  <Point X="142" Y="223" T="10461264" />
  <Point X="145" Y="227" T="10461272" />
  <Point X="148" Y="230" T="10461281" />
  <Point X="151" Y="233" T="10461290" />
  <Point X="155" Y="237" T="10461299" />
  <Point X="157" Y="238" T="10461311" />
  <Point X="158" Y="236" T="10461367" />
  <Point X="158" Y="232" T="10461378" />
  <Point X="157" Y="226" T="10461388" />
  <Point X="157" Y="220" T="10461399" />
  <Point X="157" Y="217" T="10461400" />
  <Point X="158" Y="208" T="10461411" />
  <Point X="158" Y="205" T="10461412" />
  <Point X="159" Y="192" T="10461423" />
  <Point X="161" Y="182" T="10461434" />
  <Point X="162" Y="178" T="10461435" />
  <Point X="166" Y="165" T="10461448" />
  <Point X="169" Y="155" T="10461459" />
  <Point X="173" Y="145" T="10461472" />
  <Point X="177" Y="138" T="10461484" />
  <Point X="179" Y="133" T="10461496" />
  <Point X="180" Y="131" T="10461515" />
  <Point X="181" Y="129" T="10461532" />
</Gesture>