﻿<?xml version="1.0" encoding="utf-8" standalone="yes"?>
<Gesture Name="v06" Subject="2" Speed="fast" Number="6" NumPts="40" Millseconds="410" AppName="Gestures" AppVer="3.5.0.0" Date="Monday, March 05, 2007" TimeOfDay="8:56:11 PM">
  <Point X="103" Y="162" T="10462106" />
  <Point X="104" Y="164" T="10462146" />
  <Point X="106" Y="167" T="10462182" />
  <Point X="108" Y="169" T="10462193" />
  <Point X="109" Y="171" T="10462202" />
  <Point X="111" Y="175" T="10462210" />
  <Point X="114" Y="179" T="10462218" />
  <Point X="116" Y="181" T="10462224" />
  <Point X="119" Y="186" T="10462231" />
  <Point X="121" Y="189" T="10462237" />
  <Point X="122" Y="192" T="10462239" />
  <Point X="124" Y="196" T="10462246" />
  <Point X="126" Y="199" T="10462247" />
  <Point X="130" Y="205" T="10462255" />
  <Point X="133" Y="211" T="10462263" />
  <Point X="136" Y="216" T="10462271" />
  <Point X="137" Y="218" T="10462280" />
  <Point X="140" Y="221" T="10462288" />
  <Point X="143" Y="222" T="10462297" />
  <Point X="145" Y="222" T="10462298" />
  <Point X="147" Y="223" T="10462307" />
  <Point X="149" Y="221" T="10462319" />
  <Point X="151" Y="220" T="10462331" />
  <Point X="153" Y="217" T="10462342" />
  <Point X="155" Y="210" T="10462352" />
  <Point X="157" Y="203" T="10462363" />
  <Point X="158" Y="197" T="10462374" />
  <Point X="158" Y="194" T="10462375" />
  <Point X="159" Y="187" T="10462387" />
  <Point X="159" Y="184" T="10462388" />
  <Point X="161" Y="175" T="10462400" />
  <Point X="163" Y="166" T="10462412" />
  <Point X="165" Y="158" T="10462424" />
  <Point X="166" Y="153" T="10462436" />
  <Point X="169" Y="148" T="10462449" />
  <Point X="171" Y="145" T="10462462" />
  <Point X="173" Y="140" T="10462474" />
  <Point X="175" Y="138" T="10462488" />
  <Point X="177" Y="135" T="10462502" />
  <Point X="178" Y="133" T="10462516" />
</Gesture>