﻿<?xml version="1.0" encoding="utf-8" standalone="yes"?>
<Gesture Name="v07" Subject="2" Speed="fast" Number="7" NumPts="41" Millseconds="488" AppName="Gestures" AppVer="3.5.0.0" Date="Monday, March 05, 2007" TimeOfDay="8:56:12 PM">
  <Point X="102" Y="157" T="10463170" />
  <Point X="104" Y="158" T="10463203" />
  <Point X="106" Y="161" T="10463219" />
  <Point X="107" Y="164" T="10463227" />
  <Point X="109" Y="166" T="10463235" />
  <Point X="111" Y="170" T="10463243" />
  <Point X="113" Y="173" T="10463250" />
  <Point X="116" Y="178" T="10463256" />
  <Point X="117" Y="181" T="10463263" />
  <Point X="119" Y="185" T="10463264" />
  <Point X="122" Y="191" T="10463271" />
  <Point X="124" Y="194" T="10463278" />
  <Point X="125" Y="198" T="10463279" />
  <Point X="128" Y="203" T="10463287" />
  <Point X="131" Y="210" T="10463295" />
  <Point X="134" Y="215" T="10463303" />
  <Point X="135" Y="217" T="10463312" />
  <Point X="137" Y="220" T="10463320" />
  <Point X="139" Y="222" T="10463329" />
  <Point X="142" Y="224" T="10463337" />
  <Point X="144" Y="225" T="10463354" />
  <Point X="146" Y="223" T="10463372" />
  <Point X="147" Y="220" T="10463381" />
  <Point X="149" Y="216" T="10463391" />
  <Point X="149" Y="214" T="10463392" />
  <Point X="150" Y="210" T="10463403" />
  <Point X="152" Y="201" T="10463413" />
  <Point X="153" Y="190" T="10463424" />
  <Point X="154" Y="182" T="10463435" />
  <Point X="154" Y="178" T="10463436" />
  <Point X="156" Y="168" T="10463448" />
  <Point X="159" Y="157" T="10463460" />
  <Point X="162" Y="150" T="10463473" />
  <Point X="164" Y="145" T="10463486" />
  <Point X="167" Y="141" T="10463498" />
  <Point X="169" Y="139" T="10463511" />
  <Point X="170" Y="136" T="10463523" />
  <Point X="172" Y="134" T="10463535" />
  <Point X="174" Y="132" T="10463548" />
  <Point X="176" Y="131" T="10463578" />
  <Point X="176" Y="129" T="10463658" />
</Gesture>