﻿<?xml version="1.0" encoding="utf-8" standalone="yes"?>
<Gesture Name="v08" Subject="2" Speed="fast" Number="8" NumPts="40" Millseconds="451" AppName="Gestures" AppVer="3.5.0.0" Date="Monday, March 05, 2007" TimeOfDay="8:56:13 PM">
  <Point X="98" Y="161" T="10464210" />
  <Point X="99" Y="163" T="10464221" />
  <Point X="100" Y="165" T="10464241" />
  <Point X="103" Y="167" T="10464256" />
  <Point X="105" Y="168" T="10464268" />
  <Point X="107" Y="171" T="10464280" />
  <Point X="109" Y="173" T="10464288" />
  <Point X="112" Y="176" T="10464296" />
  <Point X="115" Y="178" T="10464304" />
  <Point X="116" Y="180" T="10464311" />
  <Point X="118" Y="182" T="10464312" />
  <Point X="121" Y="187" T="10464320" />
  <Point X="122" Y="190" T="10464328" />
  <Point X="124" Y="194" T="10464329" />
  <Point X="127" Y="199" T="10464337" />
  <Point X="130" Y="206" T="10464345" />
  <Point X="133" Y="212" T="10464353" />
  <Point X="136" Y="218" T="10464362" />
  <Point X="137" Y="220" T="10464370" />
  <Point X="140" Y="226" T="10464379" />
  <Point X="141" Y="228" T="10464380" />
  <Point X="143" Y="230" T="10464390" />
  <Point X="144" Y="232" T="10464399" />
  <Point X="147" Y="234" T="10464412" />
  <Point X="148" Y="232" T="10464461" />
  <Point X="148" Y="229" T="10464471" />
  <Point X="148" Y="224" T="10464481" />
  <Point X="148" Y="220" T="10464492" />
  <Point X="147" Y="210" T="10464503" />
  <Point X="148" Y="200" T="10464514" />
  <Point X="150" Y="188" T="10464526" />
  <Point X="152" Y="177" T="10464538" />
  <Point X="156" Y="166" T="10464550" />
  <Point X="161" Y="158" T="10464562" />
  <Point X="165" Y="151" T="10464574" />
  <Point X="167" Y="147" T="10464586" />
  <Point X="172" Y="141" T="10464599" />
  <Point X="174" Y="138" T="10464611" />
  <Point X="176" Y="136" T="10464625" />
  <Point X="177" Y="134" T="10464661" />
</Gesture>