﻿<?xml version="1.0" encoding="utf-8" standalone="yes"?>
<Gesture Name="v09" Subject="2" Speed="fast" Number="9" NumPts="41" Millseconds="403" AppName="Gestures" AppVer="3.5.0.0" Date="Monday, March 05, 2007" TimeOfDay="8:56:15 PM">
  <Point X="103" Y="154" T="10465297" />
  <Point X="105" Y="157" T="10465313" />
  <Point X="106" Y="159" T="10465324" />
  <Point X="108" Y="161" T="10465340" />
  <Point X="110" Y="164" T="10465347" />
  <Point X="112" Y="167" T="10465355" />
  <Point X="114" Y="170" T="10465363" />
  <Point X="117" Y="174" T="10465371" />
  <Point X="119" Y="177" T="10465378" />
  <Point X="120" Y="179" T="10465379" />
  <Point X="123" Y="184" T="10465387" />
  <Point X="124" Y="186" T="10465395" />
  <Point X="126" Y="189" T="10465396" />
  <Point X="128" Y="195" T="10465403" />
  <Point X="131" Y="201" T="10465411" />
  <Point X="134" Y="208" T="10465419" />
  <Point X="136" Y="213" T="10465428" />
  <Point X="138" Y="219" T="10465436" />
  <Point X="139" Y="222" T="10465445" />
  <Point X="141" Y="225" T="10465454" />
  <Point X="142" Y="228" T="10465462" />
  <Point X="143" Y="231" T="10465472" />
  <Point X="145" Y="230" T="10465511" />
  <Point X="146" Y="228" T="10465521" />
  <Point X="146" Y="225" T="10465530" />
  <Point X="147" Y="222" T="10465531" />
  <Point X="147" Y="217" T="10465542" />
  <Point X="148" Y="210" T="10465553" />
  <Point X="149" Y="200" T="10465564" />
  <Point X="150" Y="191" T="10465575" />
  <Point X="151" Y="184" T="10465586" />
  <Point X="152" Y="181" T="10465588" />
  <Point X="155" Y="171" T="10465599" />
  <Point X="158" Y="163" T="10465612" />
  <Point X="161" Y="158" T="10465624" />
  <Point X="165" Y="148" T="10465636" />
  <Point X="168" Y="144" T="10465649" />
  <Point X="169" Y="141" T="10465662" />
  <Point X="171" Y="139" T="10465674" />
  <Point X="173" Y="137" T="10465687" />
  <Point X="174" Y="135" T="10465700" />
</Gesture>