﻿<?xml version="1.0" encoding="utf-8" standalone="yes"?>
<Gesture Name="v10" Subject="2" Speed="fast" Number="10" NumPts="44" Millseconds="483" AppName="Gestures" AppVer="3.5.0.0" Date="Monday, March 05, 2007" TimeOfDay="8:56:16 PM">
  <Point X="103" Y="170" T="10466392" />
  <Point X="104" Y="173" T="10466408" />
  <Point X="105" Y="175" T="10466416" />
  <Point X="106" Y="178" T="10466423" />
  <Point X="109" Y="181" T="10466432" />
  <Point X="110" Y="183" T="10466438" />
  <Point X="113" Y="185" T="10466445" />
  <Point X="114" Y="187" T="10466451" />
  <Point X="116" Y="190" T="10466457" />
  <Point X="120" Y="195" T="10466464" />
  <Point X="121" Y="198" T="10466471" />
  <Point X="123" Y="203" T="10466478" />
  <Point X="126" Y="208" T="10466485" />
  <Point X="127" Y="210" T="10466493" />
  <Point X="129" Y="215" T="10466500" />
  <Point X="131" Y="218" T="10466508" />
  <Point X="132" Y="221" T="10466516" />
  <Point X="133" Y="223" T="10466525" />
  <Point X="133" Y="225" T="10466533" />
  <Point X="134" Y="228" T="10466549" />
  <Point X="135" Y="226" T="10466594" />
  <Point X="136" Y="223" T="10466603" />
  <Point X="137" Y="220" T="10466613" />
  <Point X="139" Y="214" T="10466623" />
  <Point X="140" Y="210" T="10466633" />
  <Point X="143" Y="200" T="10466643" />
  <Point X="145" Y="193" T="10466653" />
  <Point X="146" Y="190" T="10466654" />
  <Point X="149" Y="184" T="10466665" />
  <Point X="151" Y="181" T="10466666" />
  <Point X="156" Y="172" T="10466678" />
  <Point X="161" Y="162" T="10466690" />
  <Point X="164" Y="157" T="10466702" />
  <Point X="166" Y="154" T="10466703" />
  <Point X="170" Y="147" T="10466715" />
  <Point X="174" Y="141" T="10466728" />
  <Point X="176" Y="137" T="10466741" />
  <Point X="178" Y="135" T="10466753" />
  <Point X="181" Y="132" T="10466754" />
  <Point X="183" Y="130" T="10466767" />
  <Point X="184" Y="128" T="10466781" />
  <Point X="186" Y="126" T="10466794" />
  <Point X="187" Y="124" T="10466830" />
  <Point X="187" Y="122" T="10466875" />
</Gesture>