﻿<?xml version="1.0" encoding="utf-8" standalone="yes"?>
<Gesture Name="x01" Subject="2" Speed="fast" Number="1" NumPts="54" Millseconds="802" AppName="Gestures" AppVer="3.5.0.0" Date="Monday, March 05, 2007" TimeOfDay="9:07:39 PM">
  <Point X="114" Y="157" T="11150610" />
  <Point X="116" Y="160" T="11150646" />
  <Point X="118" Y="162" T="11150667" />
  <Point X="119" Y="165" T="11150680" />
  <Point X="121" Y="168" T="11150696" />
  <Point X="122" Y="170" T="11150703" />
  <Point X="124" Y="172" T="11150712" />
  <Point X="125" Y="174" T="11150720" />
  <Point X="127" Y="176" T="11150728" />
  <Point X="129" Y="178" T="11150736" />
  <Point X="130" Y="180" T="11150743" />
  <Point X="132" Y="183" T="11150750" />
  <Point X="133" Y="186" T="11150757" />
  <Point X="135" Y="188" T="11150765" />
  <Point X="136" Y="190" T="11150773" />
  <Point X="137" Y="193" T="11150781" />
  <Point X="139" Y="195" T="11150789" />
  <Point X="140" Y="198" T="11150797" />
  <Point X="142" Y="200" T="11150806" />
  <Point X="143" Y="203" T="11150816" />
  <Point X="145" Y="206" T="11150832" />
  <Point X="146" Y="208" T="11150848" />
  <Point X="147" Y="210" T="11150877" />
  <Point X="148" Y="207" T="11150909" />
  <Point X="149" Y="204" T="11150921" />
  <Point X="149" Y="202" T="11150931" />
  <Point X="150" Y="198" T="11150942" />
  <Point X="150" Y="195" T="11150952" />
  <Point X="151" Y="189" T="11150965" />
  <Point X="152" Y="187" T="11150966" />
  <Point X="152" Y="183" T="11150977" />
  <Point X="154" Y="174" T="11150991" />
  <Point X="155" Y="169" T="11151004" />
  <Point X="157" Y="161" T="11151018" />
  <Point X="158" Y="155" T="11151032" />
  <Point X="159" Y="149" T="11151046" />
  <Point X="161" Y="145" T="11151061" />
  <Point X="162" Y="139" T="11151075" />
  <Point X="163" Y="136" T="11151090" />
  <Point X="164" Y="133" T="11151105" />
  <Point X="164" Y="136" T="11151173" />
  <Point X="162" Y="138" T="11151189" />
  <Point X="161" Y="140" T="11151205" />
  <Point X="158" Y="145" T="11151221" />
  <Point X="153" Y="151" T="11151238" />
  <Point X="148" Y="155" T="11151254" />
  <Point X="142" Y="161" T="11151271" />
  <Point X="137" Y="168" T="11151289" />
  <Point X="131" Y="177" T="11151307" />
  <Point X="128" Y="184" T="11151324" />
  <Point X="124" Y="192" T="11151343" />
  <Point X="122" Y="198" T="11151361" />
  <Point X="120" Y="204" T="11151380" />
  <Point X="119" Y="206" T="11151412" />
</Gesture>