﻿<?xml version="1.0" encoding="utf-8" standalone="yes"?>
<Gesture Name="x02" Subject="2" Speed="fast" Number="2" NumPts="62" Millseconds="951" AppName="Gestures" AppVer="3.5.0.0" Date="Monday, March 05, 2007" TimeOfDay="9:07:40 PM">
  <Point X="112" Y="150" T="11152166" />
  <Point X="114" Y="151" T="11152198" />
  <Point X="117" Y="153" T="11152214" />
  <Point X="119" Y="156" T="11152227" />
  <Point X="121" Y="158" T="11152234" />
  <Point X="123" Y="162" T="11152243" />
  <Point X="126" Y="163" T="11152251" />
  <Point X="128" Y="166" T="11152259" />
  <Point X="131" Y="169" T="11152267" />
  <Point X="132" Y="172" T="11152275" />
  <Point X="135" Y="174" T="11152283" />
  <Point X="136" Y="177" T="11152291" />
  <Point X="138" Y="180" T="11152299" />
  <Point X="140" Y="182" T="11152308" />
  <Point X="142" Y="185" T="11152315" />
  <Point X="143" Y="187" T="11152323" />
  <Point X="145" Y="190" T="11152332" />
  <Point X="146" Y="193" T="11152340" />
  <Point X="148" Y="196" T="11152348" />
  <Point X="149" Y="198" T="11152357" />
  <Point X="150" Y="201" T="11152366" />
  <Point X="151" Y="203" T="11152376" />
  <Point X="152" Y="206" T="11152385" />
  <Point X="154" Y="208" T="11152411" />
  <Point X="156" Y="207" T="11152456" />
  <Point X="156" Y="205" T="11152468" />
  <Point X="157" Y="202" T="11152484" />
  <Point X="157" Y="200" T="11152495" />
  <Point X="157" Y="195" T="11152507" />
  <Point X="157" Y="187" T="11152520" />
  <Point X="157" Y="183" T="11152531" />
  <Point X="157" Y="181" T="11152532" />
  <Point X="157" Y="178" T="11152545" />
  <Point X="158" Y="170" T="11152557" />
  <Point X="158" Y="167" T="11152569" />
  <Point X="159" Y="160" T="11152583" />
  <Point X="159" Y="155" T="11152596" />
  <Point X="160" Y="153" T="11152609" />
  <Point X="160" Y="151" T="11152622" />
  <Point X="161" Y="148" T="11152635" />
  <Point X="161" Y="145" T="11152649" />
  <Point X="162" Y="143" T="11152662" />
  <Point X="162" Y="140" T="11152676" />
  <Point X="163" Y="138" T="11152693" />
  <Point X="163" Y="136" T="11152712" />
  <Point X="161" Y="137" T="11152784" />
  <Point X="160" Y="139" T="11152800" />
  <Point X="158" Y="141" T="11152816" />
  <Point X="156" Y="143" T="11152831" />
  <Point X="153" Y="148" T="11152847" />
  <Point X="150" Y="153" T="11152862" />
  <Point X="145" Y="158" T="11152878" />
  <Point X="139" Y="168" T="11152897" />
  <Point X="133" Y="178" T="11152917" />
  <Point X="129" Y="186" T="11152934" />
  <Point X="126" Y="192" T="11152951" />
  <Point X="125" Y="198" T="11152968" />
  <Point X="123" Y="202" T="11152985" />
  <Point X="122" Y="207" T="11153003" />
  <Point X="121" Y="211" T="11153024" />
  <Point X="119" Y="213" T="11153068" />
  <Point X="119" Y="211" T="11153117" />
</Gesture>