﻿<?xml version="1.0" encoding="utf-8" standalone="yes"?>
<Gesture Name="x03" Subject="2" Speed="fast" Number="3" NumPts="63" Millseconds="897" AppName="Gestures" AppVer="3.5.0.0" Date="Monday, March 05, 2007" TimeOfDay="9:07:42 PM">
  <Point X="118" Y="152" T="11153709" />
  <Point X="118" Y="154" T="11153725" />
  <Point X="119" Y="156" T="11153741" />
  <Point X="121" Y="159" T="11153762" />
  <Point X="124" Y="161" T="11153774" />
  <Point X="125" Y="163" T="11153782" />
  <Point X="127" Y="166" T="11153790" />
  <Point X="130" Y="167" T="11153798" />
  <Point X="132" Y="169" T="11153806" />
  <Point X="133" Y="171" T="11153813" />
  <Point X="135" Y="174" T="11153821" />
  <Point X="138" Y="175" T="11153829" />
  <Point X="140" Y="178" T="11153837" />
  <Point X="142" Y="180" T="11153845" />
  <Point X="143" Y="182" T="11153853" />
  <Point X="145" Y="184" T="11153861" />
  <Point X="146" Y="186" T="11153862" />
  <Point X="148" Y="189" T="11153871" />
  <Point X="150" Y="192" T="11153879" />
  <Point X="152" Y="194" T="11153888" />
  <Point X="154" Y="197" T="11153897" />
  <Point X="155" Y="200" T="11153907" />
  <Point X="157" Y="202" T="11153916" />
  <Point X="158" Y="205" T="11153926" />
  <Point X="159" Y="207" T="11153927" />
  <Point X="160" Y="209" T="11153937" />
  <Point X="162" Y="211" T="11153947" />
  <Point X="163" Y="213" T="11153963" />
  <Point X="164" Y="215" T="11153991" />
  <Point X="164" Y="213" T="11154015" />
  <Point X="164" Y="211" T="11154027" />
  <Point X="165" Y="209" T="11154039" />
  <Point X="165" Y="206" T="11154052" />
  <Point X="165" Y="202" T="11154064" />
  <Point X="165" Y="199" T="11154075" />
  <Point X="164" Y="194" T="11154088" />
  <Point X="164" Y="186" T="11154101" />
  <Point X="163" Y="179" T="11154114" />
  <Point X="163" Y="169" T="11154128" />
  <Point X="163" Y="163" T="11154141" />
  <Point X="163" Y="157" T="11154154" />
  <Point X="164" Y="152" T="11154168" />
  <Point X="164" Y="149" T="11154182" />
  <Point X="164" Y="145" T="11154196" />
  <Point X="164" Y="143" T="11154210" />
  <Point X="164" Y="141" T="11154225" />
  <Point X="164" Y="139" T="11154263" />
  <Point X="163" Y="141" T="11154286" />
  <Point X="161" Y="143" T="11154306" />
  <Point X="160" Y="145" T="11154321" />
  <Point X="156" Y="150" T="11154336" />
  <Point X="152" Y="156" T="11154352" />
  <Point X="149" Y="163" T="11154368" />
  <Point X="143" Y="172" T="11154385" />
  <Point X="139" Y="182" T="11154402" />
  <Point X="134" Y="190" T="11154419" />
  <Point X="131" Y="197" T="11154435" />
  <Point X="127" Y="206" T="11154453" />
  <Point X="126" Y="211" T="11154470" />
  <Point X="125" Y="213" T="11154487" />
  <Point X="124" Y="215" T="11154505" />
  <Point X="123" Y="217" T="11154543" />
  <Point X="124" Y="215" T="11154606" />
</Gesture>