﻿<?xml version="1.0" encoding="utf-8" standalone="yes"?>
<Gesture Name="x04" Subject="2" Speed="fast" Number="4" NumPts="57" Millseconds="825" AppName="Gestures" AppVer="3.5.0.0" Date="Monday, March 05, 2007" TimeOfDay="9:07:43 PM">
  <Point X="123" Y="154" T="11155229" />
  <Point X="125" Y="155" T="11155273" />
  <Point X="128" Y="156" T="11155290" />
  <Point X="130" Y="159" T="11155302" />
  <Point X="132" Y="162" T="11155310" />
  <Point X="134" Y="164" T="11155318" />
  <Point X="136" Y="166" T="11155330" />
  <Point X="138" Y="169" T="11155338" />
  <Point X="140" Y="172" T="11155346" />
  <Point X="142" Y="174" T="11155354" />
  <Point X="143" Y="177" T="11155362" />
  <Point X="146" Y="180" T="11155374" />
  <Point X="147" Y="182" T="11155381" />
  <Point X="148" Y="184" T="11155382" />
  <Point X="150" Y="187" T="11155391" />
  <Point X="152" Y="190" T="11155400" />
  <Point X="153" Y="192" T="11155409" />
  <Point X="155" Y="195" T="11155418" />
  <Point X="157" Y="197" T="11155428" />
  <Point X="158" Y="199" T="11155437" />
  <Point X="159" Y="201" T="11155439" />
  <Point X="160" Y="203" T="11155449" />
  <Point X="161" Y="205" T="11155459" />
  <Point X="162" Y="208" T="11155469" />
  <Point X="164" Y="210" T="11155487" />
  <Point X="165" Y="208" T="11155543" />
  <Point X="166" Y="206" T="11155553" />
  <Point X="166" Y="203" T="11155564" />
  <Point X="166" Y="198" T="11155575" />
  <Point X="166" Y="196" T="11155586" />
  <Point X="165" Y="191" T="11155599" />
  <Point X="165" Y="189" T="11155600" />
  <Point X="165" Y="184" T="11155612" />
  <Point X="165" Y="175" T="11155624" />
  <Point X="165" Y="170" T="11155637" />
  <Point X="166" Y="162" T="11155653" />
  <Point X="167" Y="158" T="11155666" />
  <Point X="168" Y="153" T="11155681" />
  <Point X="169" Y="148" T="11155694" />
  <Point X="170" Y="145" T="11155707" />
  <Point X="170" Y="143" T="11155721" />
  <Point X="171" Y="141" T="11155734" />
  <Point X="170" Y="143" T="11155821" />
  <Point X="168" Y="145" T="11155841" />
  <Point X="165" Y="147" T="11155855" />
  <Point X="162" Y="151" T="11155870" />
  <Point X="159" Y="153" T="11155885" />
  <Point X="156" Y="155" T="11155886" />
  <Point X="150" Y="161" T="11155902" />
  <Point X="144" Y="167" T="11155920" />
  <Point X="139" Y="174" T="11155938" />
  <Point X="134" Y="182" T="11155956" />
  <Point X="132" Y="188" T="11155975" />
  <Point X="130" Y="196" T="11155994" />
  <Point X="129" Y="198" T="11156012" />
  <Point X="129" Y="201" T="11156031" />
  <Point X="127" Y="203" T="11156054" />
</Gesture>