﻿<?xml version="1.0" encoding="utf-8" standalone="yes"?>
<Gesture Name="x05" Subject="2" Speed="fast" Number="5" NumPts="59" Millseconds="916" AppName="Gestures" AppVer="3.5.0.0" Date="Monday, March 05, 2007" TimeOfDay="9:07:45 PM">
  <Point X="127" Y="150" T="11156737" />
  <Point X="127" Y="152" T="11156786" />
  <Point X="129" Y="155" T="11156806" />
  <Point X="131" Y="157" T="11156818" />
  <Point X="133" Y="158" T="11156826" />
  <Point X="136" Y="160" T="11156835" />
  <Point X="138" Y="164" T="11156843" />
  <Point X="140" Y="166" T="11156851" />
  <Point X="143" Y="168" T="11156859" />
  <Point X="145" Y="171" T="11156867" />
  <Point X="146" Y="173" T="11156874" />
  <Point X="147" Y="175" T="11156882" />
  <Point X="149" Y="178" T="11156890" />
  <Point X="152" Y="180" T="11156898" />
  <Point X="154" Y="184" T="11156906" />
  <Point X="156" Y="187" T="11156907" />
  <Point X="158" Y="189" T="11156917" />
  <Point X="160" Y="192" T="11156926" />
  <Point X="162" Y="194" T="11156935" />
  <Point X="165" Y="197" T="11156946" />
  <Point X="166" Y="200" T="11156956" />
  <Point X="167" Y="202" T="11156966" />
  <Point X="168" Y="204" T="11156977" />
  <Point X="169" Y="206" T="11156987" />
  <Point X="170" Y="209" T="11156998" />
  <Point X="171" Y="211" T="11157055" />
  <Point X="171" Y="209" T="11157091" />
  <Point X="171" Y="207" T="11157103" />
  <Point X="171" Y="204" T="11157115" />
  <Point X="171" Y="201" T="11157128" />
  <Point X="170" Y="197" T="11157140" />
  <Point X="170" Y="191" T="11157154" />
  <Point X="170" Y="183" T="11157167" />
  <Point X="170" Y="178" T="11157181" />
  <Point X="170" Y="171" T="11157195" />
  <Point X="171" Y="165" T="11157209" />
  <Point X="171" Y="159" T="11157225" />
  <Point X="172" Y="154" T="11157240" />
  <Point X="173" Y="151" T="11157254" />
  <Point X="174" Y="149" T="11157269" />
  <Point X="174" Y="144" T="11157285" />
  <Point X="175" Y="142" T="11157300" />
  <Point X="175" Y="140" T="11157335" />
  <Point X="173" Y="142" T="11157396" />
  <Point X="171" Y="144" T="11157421" />
  <Point X="170" Y="146" T="11157437" />
  <Point X="168" Y="149" T="11157454" />
  <Point X="164" Y="153" T="11157471" />
  <Point X="159" Y="159" T="11157489" />
  <Point X="157" Y="163" T="11157490" />
  <Point X="153" Y="169" T="11157506" />
  <Point X="149" Y="175" T="11157523" />
  <Point X="145" Y="181" T="11157539" />
  <Point X="143" Y="186" T="11157555" />
  <Point X="139" Y="194" T="11157575" />
  <Point X="134" Y="203" T="11157594" />
  <Point X="131" Y="209" T="11157611" />
  <Point X="127" Y="213" T="11157629" />
  <Point X="125" Y="215" T="11157653" />
</Gesture>