﻿<?xml version="1.0" encoding="utf-8" standalone="yes"?>
<Gesture Name="x06" Subject="2" Speed="fast" Number="6" NumPts="59" Millseconds="843" AppName="Gestures" AppVer="3.5.0.0" Date="Monday, March 05, 2007" TimeOfDay="9:07:47 PM">
  <Point X="127" Y="156" T="11158335" />
  <Point X="129" Y="157" T="11158392" />
  <Point X="130" Y="159" T="11158408" />
  <Point X="133" Y="161" T="11158420" />
  <Point X="135" Y="164" T="11158428" />
  <Point X="137" Y="166" T="11158436" />
  <Point X="139" Y="168" T="11158444" />
  <Point X="142" Y="171" T="11158452" />
  <Point X="144" Y="174" T="11158460" />
  <Point X="146" Y="176" T="11158468" />
  <Point X="148" Y="179" T="11158477" />
  <Point X="149" Y="181" T="11158484" />
  <Point X="152" Y="184" T="11158492" />
  <Point X="154" Y="187" T="11158500" />
  <Point X="156" Y="189" T="11158508" />
  <Point X="159" Y="194" T="11158517" />
  <Point X="162" Y="196" T="11158528" />
  <Point X="164" Y="198" T="11158537" />
  <Point X="164" Y="200" T="11158546" />
  <Point X="166" Y="202" T="11158555" />
  <Point X="168" Y="203" T="11158565" />
  <Point X="169" Y="205" T="11158574" />
  <Point X="170" Y="208" T="11158585" />
  <Point X="172" Y="210" T="11158608" />
  <Point X="172" Y="207" T="11158660" />
  <Point X="171" Y="205" T="11158677" />
  <Point X="171" Y="202" T="11158689" />
  <Point X="171" Y="199" T="11158702" />
  <Point X="170" Y="196" T="11158714" />
  <Point X="170" Y="193" T="11158725" />
  <Point X="170" Y="190" T="11158726" />
  <Point X="170" Y="184" T="11158738" />
  <Point X="170" Y="176" T="11158751" />
  <Point X="170" Y="169" T="11158763" />
  <Point X="171" Y="163" T="11158776" />
  <Point X="172" Y="157" T="11158789" />
  <Point X="174" Y="151" T="11158802" />
  <Point X="175" Y="148" T="11158816" />
  <Point X="177" Y="143" T="11158829" />
  <Point X="178" Y="140" T="11158844" />
  <Point X="179" Y="135" T="11158857" />
  <Point X="180" Y="133" T="11158890" />
  <Point X="180" Y="135" T="11158926" />
  <Point X="179" Y="138" T="11158947" />
  <Point X="177" Y="140" T="11158964" />
  <Point X="176" Y="142" T="11158979" />
  <Point X="174" Y="147" T="11158995" />
  <Point X="170" Y="152" T="11159011" />
  <Point X="166" Y="157" T="11159026" />
  <Point X="159" Y="166" T="11159042" />
  <Point X="153" Y="173" T="11159059" />
  <Point X="148" Y="181" T="11159076" />
  <Point X="147" Y="184" T="11159077" />
  <Point X="143" Y="191" T="11159094" />
  <Point X="141" Y="198" T="11159111" />
  <Point X="139" Y="204" T="11159127" />
  <Point X="137" Y="209" T="11159144" />
  <Point X="137" Y="211" T="11159161" />
  <Point X="136" Y="213" T="11159178" />
</Gesture>