﻿<?xml version="1.0" encoding="utf-8" standalone="yes"?>
<Gesture Name="x07" Subject="2" Speed="fast" Number="7" NumPts="63" Millseconds="885" AppName="Gestures" AppVer="3.5.0.0" Date="Monday, March 05, 2007" TimeOfDay="9:07:48 PM">
  <Point X="132" Y="155" T="11159883" />
  <Point X="133" Y="158" T="11159919" />
  <Point X="136" Y="160" T="11159935" />
  <Point X="138" Y="163" T="11159948" />
  <Point X="140" Y="164" T="11159955" />
  <Point X="143" Y="167" T="11159967" />
  <Point X="145" Y="170" T="11159975" />
  <Point X="147" Y="172" T="11159983" />
  <Point X="149" Y="175" T="11159991" />
  <Point X="151" Y="177" T="11159999" />
  <Point X="153" Y="180" T="11160007" />
  <Point X="154" Y="182" T="11160014" />
  <Point X="156" Y="184" T="11160022" />
  <Point X="158" Y="188" T="11160029" />
  <Point X="160" Y="191" T="11160037" />
  <Point X="162" Y="193" T="11160044" />
  <Point X="164" Y="195" T="11160052" />
  <Point X="164" Y="197" T="11160061" />
  <Point X="166" Y="200" T="11160069" />
  <Point X="167" Y="202" T="11160078" />
  <Point X="169" Y="204" T="11160087" />
  <Point X="170" Y="207" T="11160096" />
  <Point X="171" Y="210" T="11160106" />
  <Point X="172" Y="212" T="11160115" />
  <Point X="174" Y="214" T="11160131" />
  <Point X="174" Y="216" T="11160143" />
  <Point X="175" Y="214" T="11160184" />
  <Point X="174" Y="211" T="11160199" />
  <Point X="174" Y="209" T="11160211" />
  <Point X="174" Y="205" T="11160223" />
  <Point X="174" Y="202" T="11160234" />
  <Point X="174" Y="199" T="11160246" />
  <Point X="173" Y="193" T="11160258" />
  <Point X="173" Y="187" T="11160270" />
  <Point X="173" Y="180" T="11160282" />
  <Point X="173" Y="177" T="11160294" />
  <Point X="173" Y="170" T="11160307" />
  <Point X="173" Y="163" T="11160319" />
  <Point X="173" Y="160" T="11160332" />
  <Point X="174" Y="155" T="11160346" />
  <Point X="175" Y="149" T="11160359" />
  <Point X="175" Y="147" T="11160373" />
  <Point X="176" Y="144" T="11160386" />
  <Point X="176" Y="142" T="11160400" />
  <Point X="177" Y="140" T="11160414" />
  <Point X="177" Y="138" T="11160430" />
  <Point X="176" Y="140" T="11160527" />
  <Point X="173" Y="143" T="11160550" />
  <Point X="172" Y="146" T="11160565" />
  <Point X="167" Y="152" T="11160580" />
  <Point X="163" Y="157" T="11160596" />
  <Point X="159" Y="163" T="11160611" />
  <Point X="154" Y="170" T="11160627" />
  <Point X="151" Y="175" T="11160644" />
  <Point X="147" Y="183" T="11160660" />
  <Point X="144" Y="191" T="11160677" />
  <Point X="142" Y="194" T="11160678" />
  <Point X="141" Y="200" T="11160696" />
  <Point X="139" Y="206" T="11160713" />
  <Point X="138" Y="209" T="11160714" />
  <Point X="137" Y="215" T="11160732" />
  <Point X="136" Y="217" T="11160750" />
  <Point X="135" Y="219" T="11160768" />
</Gesture>