﻿<?xml version="1.0" encoding="utf-8" standalone="yes"?>
<Gesture Name="x08" Subject="2" Speed="fast" Number="8" NumPts="59" Millseconds="922" AppName="Gestures" AppVer="3.5.0.0" Date="Monday, March 05, 2007" TimeOfDay="9:07:50 PM">
  <Point X="131" Y="156" T="11161510" />
  <Point X="131" Y="154" T="11161530" />
  <Point X="132" Y="156" T="11161583" />
  <Point X="134" Y="158" T="11161595" />
  <Point X="136" Y="160" T="11161609" />
  <Point X="138" Y="163" T="11161617" />
  <Point X="141" Y="165" T="11161625" />
  <Point X="143" Y="168" T="11161633" />
  <Point X="146" Y="170" T="11161641" />
  <Point X="148" Y="173" T="11161649" />
  <Point X="151" Y="175" T="11161658" />
  <Point X="152" Y="177" T="11161665" />
  <Point X="154" Y="180" T="11161673" />
  <Point X="156" Y="182" T="11161681" />
  <Point X="160" Y="187" T="11161689" />
  <Point X="160" Y="189" T="11161698" />
  <Point X="163" Y="192" T="11161706" />
  <Point X="165" Y="194" T="11161715" />
  <Point X="167" Y="197" T="11161724" />
  <Point X="168" Y="199" T="11161733" />
  <Point X="170" Y="201" T="11161734" />
  <Point X="171" Y="204" T="11161743" />
  <Point X="173" Y="207" T="11161754" />
  <Point X="174" Y="209" T="11161764" />
  <Point X="176" Y="211" T="11161778" />
  <Point X="177" Y="213" T="11161806" />
  <Point X="177" Y="211" T="11161866" />
  <Point X="177" Y="208" T="11161878" />
  <Point X="177" Y="206" T="11161889" />
  <Point X="176" Y="203" T="11161900" />
  <Point X="175" Y="196" T="11161911" />
  <Point X="175" Y="190" T="11161923" />
  <Point X="174" Y="183" T="11161935" />
  <Point X="174" Y="176" T="11161947" />
  <Point X="174" Y="169" T="11161960" />
  <Point X="174" Y="167" T="11161972" />
  <Point X="174" Y="160" T="11161986" />
  <Point X="176" Y="154" T="11161999" />
  <Point X="176" Y="151" T="11162011" />
  <Point X="177" Y="149" T="11162024" />
  <Point X="177" Y="147" T="11162037" />
  <Point X="177" Y="145" T="11162051" />
  <Point X="178" Y="143" T="11162074" />
  <Point X="176" Y="145" T="11162155" />
  <Point X="174" Y="147" T="11162180" />
  <Point X="173" Y="150" T="11162195" />
  <Point X="168" Y="156" T="11162209" />
  <Point X="164" Y="161" T="11162225" />
  <Point X="156" Y="170" T="11162240" />
  <Point X="152" Y="177" T="11162256" />
  <Point X="150" Y="180" T="11162257" />
  <Point X="145" Y="188" T="11162274" />
  <Point X="142" Y="193" T="11162290" />
  <Point X="139" Y="200" T="11162306" />
  <Point X="138" Y="206" T="11162323" />
  <Point X="137" Y="211" T="11162339" />
  <Point X="136" Y="216" T="11162356" />
  <Point X="135" Y="220" T="11162373" />
  <Point X="133" Y="220" T="11162432" />
</Gesture>