﻿<?xml version="1.0" encoding="utf-8" standalone="yes"?>
<Gesture Name="x09" Subject="2" Speed="fast" Number="9" NumPts="57" Millseconds="799" AppName="Gestures" AppVer="3.5.0.0" Date="Monday, March 05, 2007" TimeOfDay="9:07:51 PM">
  <Point X="134" Y="158" T="11163156" />
  <Point X="135" Y="160" T="11163176" />
  <Point X="136" Y="162" T="11163193" />
  <Point X="137" Y="165" T="11163201" />
  <Point X="139" Y="167" T="11163213" />
  <Point X="140" Y="170" T="11163221" />
  <Point X="142" Y="172" T="11163229" />
  <Point X="144" Y="174" T="11163237" />
  <Point X="146" Y="177" T="11163245" />
  <Point X="149" Y="180" T="11163253" />
  <Point X="151" Y="183" T="11163262" />
  <Point X="153" Y="185" T="11163269" />
  <Point X="156" Y="189" T="11163277" />
  <Point X="158" Y="191" T="11163286" />
  <Point X="160" Y="194" T="11163294" />
  <Point X="162" Y="196" T="11163302" />
  <Point X="164" Y="200" T="11163311" />
  <Point X="166" Y="203" T="11163319" />
  <Point X="168" Y="205" T="11163328" />
  <Point X="169" Y="207" T="11163329" />
  <Point X="171" Y="210" T="11163342" />
  <Point X="172" Y="212" T="11163357" />
  <Point X="174" Y="214" T="11163381" />
  <Point X="174" Y="212" T="11163397" />
  <Point X="175" Y="210" T="11163421" />
  <Point X="175" Y="208" T="11163433" />
  <Point X="175" Y="205" T="11163445" />
  <Point X="174" Y="203" T="11163457" />
  <Point X="174" Y="199" T="11163468" />
  <Point X="174" Y="194" T="11163479" />
  <Point X="173" Y="187" T="11163491" />
  <Point X="173" Y="180" T="11163502" />
  <Point X="173" Y="176" T="11163515" />
  <Point X="174" Y="169" T="11163527" />
  <Point X="175" Y="163" T="11163540" />
  <Point X="176" Y="159" T="11163553" />
  <Point X="177" Y="157" T="11163554" />
  <Point X="178" Y="154" T="11163567" />
  <Point X="179" Y="149" T="11163580" />
  <Point X="179" Y="146" T="11163593" />
  <Point X="180" Y="143" T="11163607" />
  <Point X="181" Y="141" T="11163629" />
  <Point X="180" Y="144" T="11163726" />
  <Point X="179" Y="146" T="11163750" />
  <Point X="178" Y="149" T="11163764" />
  <Point X="176" Y="151" T="11163778" />
  <Point X="175" Y="153" T="11163793" />
  <Point X="169" Y="162" T="11163808" />
  <Point X="163" Y="170" T="11163824" />
  <Point X="158" Y="179" T="11163840" />
  <Point X="153" Y="187" T="11163856" />
  <Point X="148" Y="194" T="11163872" />
  <Point X="145" Y="201" T="11163888" />
  <Point X="142" Y="207" T="11163904" />
  <Point X="141" Y="213" T="11163921" />
  <Point X="140" Y="215" T="11163937" />
  <Point X="139" Y="217" T="11163955" />
</Gesture>