﻿<?xml version="1.0" encoding="utf-8" standalone="yes"?>
<Gesture Name="x10" Subject="2" Speed="fast" Number="10" NumPts="51" Millseconds="878" AppName="Gestures" AppVer="3.5.0.0" Date="Monday, March 05, 2007" TimeOfDay="9:07:53 PM">
  <Point X="132" Y="171" T="11164675" />
  <Point X="134" Y="174" T="11164808" />
  <Point X="135" Y="176" T="11164818" />
  <Point X="138" Y="178" T="11164828" />
  <Point X="141" Y="180" T="11164838" />
  <Point X="142" Y="182" T="11164844" />
  <Point X="145" Y="186" T="11164850" />
  <Point X="148" Y="188" T="11164860" />
  <Point X="152" Y="191" T="11164869" />
  <Point X="155" Y="194" T="11164879" />
  <Point X="156" Y="196" T="11164886" />
  <Point X="159" Y="198" T="11164893" />
  <Point X="161" Y="200" T="11164900" />
  <Point X="162" Y="202" T="11164909" />
  <Point X="164" Y="203" T="11164917" />
  <Point X="166" Y="206" T="11164926" />
  <Point X="168" Y="208" T="11164927" />
  <Point X="169" Y="210" T="11164938" />
  <Point X="170" Y="212" T="11164951" />
  <Point X="171" Y="215" T="11164966" />
  <Point X="170" Y="212" T="11165027" />
  <Point X="170" Y="210" T="11165037" />
  <Point X="169" Y="204" T="11165048" />
  <Point X="169" Y="201" T="11165059" />
  <Point X="168" Y="195" T="11165070" />
  <Point X="168" Y="193" T="11165071" />
  <Point X="168" Y="189" T="11165083" />
  <Point X="169" Y="183" T="11165095" />
  <Point X="169" Y="180" T="11165096" />
  <Point X="170" Y="176" T="11165107" />
  <Point X="171" Y="170" T="11165120" />
  <Point X="173" Y="164" T="11165134" />
  <Point X="174" Y="159" T="11165148" />
  <Point X="175" Y="153" T="11165161" />
  <Point X="177" Y="146" T="11165195" />
  <Point X="175" Y="148" T="11165292" />
  <Point X="173" Y="151" T="11165317" />
  <Point X="172" Y="153" T="11165331" />
  <Point X="171" Y="155" T="11165346" />
  <Point X="170" Y="157" T="11165360" />
  <Point X="166" Y="162" T="11165376" />
  <Point X="162" Y="167" T="11165391" />
  <Point X="157" Y="174" T="11165407" />
  <Point X="152" Y="182" T="11165424" />
  <Point X="145" Y="194" T="11165441" />
  <Point X="141" Y="202" T="11165458" />
  <Point X="138" Y="208" T="11165475" />
  <Point X="136" Y="213" T="11165492" />
  <Point X="134" Y="218" T="11165509" />
  <Point X="133" Y="220" T="11165528" />
  <Point X="131" Y="222" T="11165553" />
</Gesture>