﻿<?xml version="1.0" encoding="utf-8" standalone="yes"?>
<Gesture Name="arrow10" Subject="3" Speed="fast" Number="10" NumPts="57" Millseconds="655" AppName="Gestures" AppVer="3.5.0.0" Date="Thursday, March 08, 2007" TimeOfDay="2:07:14 PM">
  <Point X="42" Y="269" T="88504198" />
  <Point X="43" Y="266" T="88504230" />
  <Point X="46" Y="264" T="88504242" />
  <Point X="49" Y="261" T="88504249" />
  <Point X="52" Y="258" T="88504254" />
  <Point X="54" Y="256" T="88504260" />
  <Point X="57" Y="254" T="88504261" />
  <Point X="60" Y="251" T="88504267" />
  <Point X="67" Y="246" T="88504274" />
  <Point X="71" Y="243" T="88504280" />
  <Point X="76" Y="240" T="88504281" />
  <Point X="80" Y="237" T="88504289" />
  <Point X="85" Y="234" T="88504290" />
  <Point X="94" Y="226" T="88504297" />
  <Point X="99" Y="222" T="88504305" />
  <Point X="103" Y="219" T="88504306" />
  <Point X="113" Y="211" T="88504314" />
  <Point X="122" Y="202" T="88504323" />
  <Point X="130" Y="196" T="88504332" />
  <Point X="136" Y="189" T="88504340" />
  <Point X="139" Y="186" T="88504341" />
  <Point X="144" Y="181" T="88504351" />
  <Point X="148" Y="177" T="88504360" />
  <Point X="151" Y="174" T="88504370" />
  <Point X="154" Y="172" T="88504380" />
  <Point X="151" Y="171" T="88504422" />
  <Point X="149" Y="171" T="88504432" />
  <Point X="146" Y="172" T="88504443" />
  <Point X="144" Y="173" T="88504453" />
  <Point X="141" Y="175" T="88504454" />
  <Point X="137" Y="177" T="88504465" />
  <Point X="135" Y="179" T="88504466" />
  <Point X="128" Y="182" T="88504478" />
  <Point X="121" Y="185" T="88504490" />
  <Point X="114" Y="186" T="88504503" />
  <Point X="107" Y="186" T="88504515" />
  <Point X="102" Y="188" T="88504528" />
  <Point X="100" Y="187" T="88504541" />
  <Point X="102" Y="185" T="88504571" />
  <Point X="108" Y="184" T="88504584" />
  <Point X="116" Y="182" T="88504598" />
  <Point X="126" Y="179" T="88504612" />
  <Point X="134" Y="176" T="88504626" />
  <Point X="142" Y="174" T="88504640" />
  <Point X="144" Y="174" T="88504654" />
  <Point X="147" Y="173" T="88504669" />
  <Point X="148" Y="176" T="88504694" />
  <Point X="147" Y="178" T="88504709" />
  <Point X="145" Y="184" T="88504725" />
  <Point X="143" Y="190" T="88504740" />
  <Point X="142" Y="198" T="88504756" />
  <Point X="140" Y="206" T="88504772" />
  <Point X="139" Y="212" T="88504788" />
  <Point X="138" Y="218" T="88504804" />
  <Point X="138" Y="221" T="88504820" />
  <Point X="138" Y="223" T="88504837" />
  <Point X="138" Y="225" T="88504853" />
</Gesture>