﻿<?xml version="1.0" encoding="utf-8" standalone="yes"?>
<Gesture Name="arrow08" Subject="3" Speed="fast" Number="8" NumPts="61" Millseconds="701" AppName="Gestures" AppVer="3.5.0.0" Date="Thursday, March 08, 2007" TimeOfDay="2:07:12 PM">
  <Point X="34" Y="272" T="88501471" />
  <Point X="35" Y="269" T="88501499" />
  <Point X="37" Y="266" T="88501507" />
  <Point X="39" Y="264" T="88501515" />
  <Point X="41" Y="262" T="88501520" />
  <Point X="42" Y="260" T="88501526" />
  <Point X="44" Y="258" T="88501527" />
  <Point X="46" Y="255" T="88501534" />
  <Point X="50" Y="251" T="88501540" />
  <Point X="53" Y="248" T="88501547" />
  <Point X="56" Y="245" T="88501548" />
  <Point X="60" Y="241" T="88501554" />
  <Point X="63" Y="238" T="88501556" />
  <Point X="71" Y="230" T="88501563" />
  <Point X="75" Y="226" T="88501571" />
  <Point X="80" Y="222" T="88501572" />
  <Point X="89" Y="213" T="88501580" />
  <Point X="97" Y="206" T="88501589" />
  <Point X="105" Y="198" T="88501597" />
  <Point X="113" Y="189" T="88501606" />
  <Point X="124" Y="179" T="88501615" />
  <Point X="131" Y="172" T="88501625" />
  <Point X="137" Y="167" T="88501634" />
  <Point X="140" Y="165" T="88501635" />
  <Point X="144" Y="161" T="88501645" />
  <Point X="150" Y="156" T="88501656" />
  <Point X="152" Y="154" T="88501666" />
  <Point X="154" Y="154" T="88501676" />
  <Point X="155" Y="152" T="88501704" />
  <Point X="153" Y="154" T="88501724" />
  <Point X="151" Y="156" T="88501736" />
  <Point X="148" Y="159" T="88501747" />
  <Point X="145" Y="160" T="88501759" />
  <Point X="141" Y="162" T="88501760" />
  <Point X="134" Y="166" T="88501773" />
  <Point X="125" Y="169" T="88501785" />
  <Point X="115" Y="172" T="88501798" />
  <Point X="105" Y="174" T="88501811" />
  <Point X="96" Y="173" T="88501825" />
  <Point X="93" Y="173" T="88501838" />
  <Point X="91" Y="173" T="88501851" />
  <Point X="93" Y="171" T="88501885" />
  <Point X="99" Y="169" T="88501899" />
  <Point X="108" Y="166" T="88501913" />
  <Point X="117" Y="162" T="88501928" />
  <Point X="128" Y="157" T="88501943" />
  <Point X="137" Y="155" T="88501958" />
  <Point X="140" Y="153" T="88501973" />
  <Point X="143" Y="153" T="88501974" />
  <Point X="145" Y="153" T="88501991" />
  <Point X="147" Y="154" T="88502006" />
  <Point X="147" Y="159" T="88502022" />
  <Point X="145" Y="164" T="88502038" />
  <Point X="142" Y="170" T="88502054" />
  <Point X="139" Y="176" T="88502070" />
  <Point X="136" Y="186" T="88502087" />
  <Point X="135" Y="192" T="88502104" />
  <Point X="135" Y="197" T="88502121" />
  <Point X="135" Y="201" T="88502138" />
  <Point X="135" Y="204" T="88502155" />
  <Point X="135" Y="208" T="88502172" />
</Gesture>