﻿<?xml version="1.0" encoding="utf-8" standalone="yes"?>
<Gesture Name="arrow09" Subject="3" Speed="fast" Number="9" NumPts="62" Millseconds="774" AppName="Gestures" AppVer="3.5.0.0" Date="Thursday, March 08, 2007" TimeOfDay="2:07:13 PM">
  <Point X="47" Y="264" T="88502731" />
  <Point X="47" Y="262" T="88502759" />
  <Point X="49" Y="259" T="88502771" />
  <Point X="51" Y="257" T="88502779" />
  <Point X="54" Y="254" T="88502788" />
  <Point X="56" Y="251" T="88502794" />
  <Point X="59" Y="249" T="88502799" />
  <Point X="61" Y="247" T="88502801" />
  <Point X="64" Y="244" T="88502807" />
  <Point X="71" Y="239" T="88502814" />
  <Point X="78" Y="233" T="88502821" />
  <Point X="87" Y="225" T="88502828" />
  <Point X="91" Y="223" T="88502835" />
  <Point X="95" Y="219" T="88502836" />
  <Point X="104" Y="211" T="88502844" />
  <Point X="112" Y="204" T="88502852" />
  <Point X="121" Y="197" T="88502861" />
  <Point X="128" Y="190" T="88502869" />
  <Point X="135" Y="184" T="88502878" />
  <Point X="141" Y="179" T="88502887" />
  <Point X="144" Y="176" T="88502888" />
  <Point X="149" Y="172" T="88502898" />
  <Point X="154" Y="169" T="88502907" />
  <Point X="156" Y="168" T="88502908" />
  <Point X="159" Y="165" T="88502918" />
  <Point X="162" Y="162" T="88502928" />
  <Point X="164" Y="161" T="88502938" />
  <Point X="165" Y="159" T="88502949" />
  <Point X="162" Y="161" T="88502992" />
  <Point X="160" Y="162" T="88503003" />
  <Point X="158" Y="163" T="88503014" />
  <Point X="152" Y="165" T="88503025" />
  <Point X="145" Y="168" T="88503037" />
  <Point X="137" Y="171" T="88503049" />
  <Point X="127" Y="173" T="88503062" />
  <Point X="118" Y="176" T="88503074" />
  <Point X="110" Y="176" T="88503087" />
  <Point X="106" Y="176" T="88503100" />
  <Point X="103" Y="177" T="88503101" />
  <Point X="101" Y="177" T="88503113" />
  <Point X="104" Y="176" T="88503159" />
  <Point X="110" Y="174" T="88503172" />
  <Point X="116" Y="172" T="88503186" />
  <Point X="118" Y="172" T="88503187" />
  <Point X="124" Y="169" T="88503202" />
  <Point X="134" Y="167" T="88503217" />
  <Point X="140" Y="166" T="88503232" />
  <Point X="147" Y="165" T="88503247" />
  <Point X="151" Y="164" T="88503264" />
  <Point X="153" Y="164" T="88503279" />
  <Point X="155" Y="164" T="88503307" />
  <Point X="155" Y="166" T="88503367" />
  <Point X="154" Y="169" T="88503383" />
  <Point X="153" Y="172" T="88503384" />
  <Point X="151" Y="179" T="88503400" />
  <Point X="148" Y="189" T="88503417" />
  <Point X="144" Y="199" T="88503435" />
  <Point X="143" Y="201" T="88503436" />
  <Point X="140" Y="206" T="88503453" />
  <Point X="137" Y="213" T="88503470" />
  <Point X="136" Y="215" T="88503488" />
  <Point X="135" Y="220" T="88503505" />
</Gesture>