﻿<?xml version="1.0" encoding="utf-8" standalone="yes"?>
<Gesture Name="arrow01" Subject="3" Speed="fast" Number="1" NumPts="52" Millseconds="585" AppName="Gestures" AppVer="3.5.0.0" Date="Thursday, March 08, 2007" TimeOfDay="2:07:03 PM">
  <Point X="52" Y="225" T="88492797" />
  <Point X="52" Y="223" T="88492832" />
  <Point X="55" Y="220" T="88492844" />
  <Point X="59" Y="218" T="88492852" />
  <Point X="61" Y="217" T="88492857" />
  <Point X="64" Y="215" T="88492863" />
  <Point X="66" Y="213" T="88492864" />
  <Point X="69" Y="211" T="88492871" />
  <Point X="76" Y="207" T="88492878" />
  <Point X="84" Y="202" T="88492885" />
  <Point X="87" Y="200" T="88492891" />
  <Point X="91" Y="198" T="88492892" />
  <Point X="99" Y="193" T="88492901" />
  <Point X="106" Y="190" T="88492909" />
  <Point X="113" Y="186" T="88492918" />
  <Point X="120" Y="182" T="88492926" />
  <Point X="126" Y="179" T="88492934" />
  <Point X="131" Y="175" T="88492943" />
  <Point X="133" Y="174" T="88492944" />
  <Point X="137" Y="172" T="88492954" />
  <Point X="140" Y="170" T="88492963" />
  <Point X="142" Y="169" T="88492973" />
  <Point X="144" Y="166" T="88492982" />
  <Point X="145" Y="164" T="88492996" />
  <Point X="143" Y="163" T="88493016" />
  <Point X="141" Y="164" T="88493026" />
  <Point X="138" Y="166" T="88493036" />
  <Point X="132" Y="167" T="88493047" />
  <Point X="124" Y="170" T="88493058" />
  <Point X="116" Y="173" T="88493069" />
  <Point X="108" Y="174" T="88493081" />
  <Point X="101" Y="175" T="88493093" />
  <Point X="97" Y="176" T="88493105" />
  <Point X="91" Y="176" T="88493116" />
  <Point X="89" Y="176" T="88493128" />
  <Point X="92" Y="175" T="88493163" />
  <Point X="98" Y="174" T="88493176" />
  <Point X="106" Y="170" T="88493189" />
  <Point X="115" Y="169" T="88493202" />
  <Point X="118" Y="168" T="88493203" />
  <Point X="126" Y="166" T="88493217" />
  <Point X="133" Y="165" T="88493231" />
  <Point X="139" Y="165" T="88493245" />
  <Point X="141" Y="164" T="88493259" />
  <Point X="142" Y="166" T="88493273" />
  <Point X="143" Y="169" T="88493288" />
  <Point X="141" Y="172" T="88493302" />
  <Point X="137" Y="178" T="88493317" />
  <Point X="132" Y="186" T="88493332" />
  <Point X="128" Y="194" T="88493348" />
  <Point X="126" Y="200" T="88493366" />
  <Point X="126" Y="204" T="88493382" />
</Gesture>