﻿<?xml version="1.0" encoding="utf-8" standalone="yes"?>
<Gesture Name="arrow03" Subject="3" Speed="fast" Number="3" NumPts="60" Millseconds="700" AppName="Gestures" AppVer="3.5.0.0" Date="Thursday, March 08, 2007" TimeOfDay="2:07:06 PM">
  <Point X="33" Y="247" T="88495232" />
  <Point X="35" Y="246" T="88495248" />
  <Point X="37" Y="245" T="88495256" />
  <Point X="40" Y="243" T="88495263" />
  <Point X="44" Y="241" T="88495271" />
  <Point X="46" Y="238" T="88495277" />
  <Point X="48" Y="236" T="88495283" />
  <Point X="51" Y="234" T="88495284" />
  <Point X="54" Y="231" T="88495290" />
  <Point X="57" Y="228" T="88495291" />
  <Point X="60" Y="226" T="88495298" />
  <Point X="63" Y="224" T="88495299" />
  <Point X="66" Y="221" T="88495307" />
  <Point X="70" Y="217" T="88495308" />
  <Point X="79" Y="212" T="88495315" />
  <Point X="87" Y="205" T="88495323" />
  <Point X="96" Y="198" T="88495332" />
  <Point X="104" Y="191" T="88495340" />
  <Point X="112" Y="185" T="88495348" />
  <Point X="120" Y="179" T="88495357" />
  <Point X="127" Y="175" T="88495366" />
  <Point X="130" Y="173" T="88495367" />
  <Point X="136" Y="169" T="88495377" />
  <Point X="140" Y="167" T="88495387" />
  <Point X="142" Y="166" T="88495388" />
  <Point X="146" Y="163" T="88495398" />
  <Point X="148" Y="161" T="88495408" />
  <Point X="150" Y="161" T="88495428" />
  <Point X="148" Y="161" T="88495464" />
  <Point X="145" Y="163" T="88495476" />
  <Point X="143" Y="163" T="88495487" />
  <Point X="140" Y="164" T="88495498" />
  <Point X="133" Y="166" T="88495510" />
  <Point X="125" Y="168" T="88495522" />
  <Point X="116" Y="172" T="88495535" />
  <Point X="106" Y="174" T="88495547" />
  <Point X="103" Y="175" T="88495548" />
  <Point X="94" Y="177" T="88495561" />
  <Point X="88" Y="177" T="88495574" />
  <Point X="84" Y="178" T="88495587" />
  <Point X="82" Y="178" T="88495588" />
  <Point X="85" Y="176" T="88495628" />
  <Point X="91" Y="174" T="88495641" />
  <Point X="101" Y="171" T="88495656" />
  <Point X="111" Y="168" T="88495671" />
  <Point X="125" Y="165" T="88495686" />
  <Point X="136" Y="162" T="88495701" />
  <Point X="143" Y="160" T="88495716" />
  <Point X="149" Y="160" T="88495732" />
  <Point X="151" Y="160" T="88495747" />
  <Point X="153" Y="159" T="88495762" />
  <Point X="152" Y="162" T="88495797" />
  <Point X="149" Y="164" T="88495814" />
  <Point X="148" Y="166" T="88495830" />
  <Point X="142" Y="175" T="88495847" />
  <Point X="138" Y="184" T="88495864" />
  <Point X="135" Y="197" T="88495881" />
  <Point X="134" Y="205" T="88495898" />
  <Point X="134" Y="210" T="88495915" />
  <Point X="134" Y="212" T="88495932" />
</Gesture>