﻿<?xml version="1.0" encoding="utf-8" standalone="yes"?>
<Gesture Name="arrow04" Subject="3" Speed="fast" Number="4" NumPts="58" Millseconds="731" AppName="Gestures" AppVer="3.5.0.0" Date="Thursday, March 08, 2007" TimeOfDay="2:07:07 PM">
  <Point X="32" Y="255" T="88496514" />
  <Point X="33" Y="253" T="88496547" />
  <Point X="33" Y="251" T="88496552" />
  <Point X="35" Y="248" T="88496559" />
  <Point X="38" Y="244" T="88496566" />
  <Point X="41" Y="242" T="88496572" />
  <Point X="43" Y="240" T="88496577" />
  <Point X="45" Y="238" T="88496579" />
  <Point X="48" Y="235" T="88496585" />
  <Point X="54" Y="230" T="88496592" />
  <Point X="62" Y="224" T="88496599" />
  <Point X="66" Y="220" T="88496606" />
  <Point X="71" Y="217" T="88496607" />
  <Point X="80" Y="212" T="88496614" />
  <Point X="89" Y="204" T="88496622" />
  <Point X="99" Y="197" T="88496630" />
  <Point X="108" Y="191" T="88496639" />
  <Point X="116" Y="184" T="88496647" />
  <Point X="123" Y="178" T="88496656" />
  <Point X="129" Y="173" T="88496665" />
  <Point X="135" Y="169" T="88496674" />
  <Point X="137" Y="166" T="88496675" />
  <Point X="142" Y="162" T="88496684" />
  <Point X="144" Y="160" T="88496694" />
  <Point X="147" Y="158" T="88496695" />
  <Point X="149" Y="156" T="88496704" />
  <Point X="151" Y="153" T="88496715" />
  <Point X="149" Y="156" T="88496807" />
  <Point X="147" Y="157" T="88496819" />
  <Point X="144" Y="158" T="88496830" />
  <Point X="138" Y="160" T="88496841" />
  <Point X="131" Y="163" T="88496853" />
  <Point X="123" Y="165" T="88496865" />
  <Point X="114" Y="166" T="88496877" />
  <Point X="105" Y="170" T="88496889" />
  <Point X="97" Y="172" T="88496902" />
  <Point X="90" Y="172" T="88496914" />
  <Point X="87" Y="172" T="88496927" />
  <Point X="85" Y="171" T="88496940" />
  <Point X="88" Y="170" T="88496967" />
  <Point X="93" Y="169" T="88496980" />
  <Point X="100" Y="167" T="88496994" />
  <Point X="103" Y="167" T="88496995" />
  <Point X="113" Y="165" T="88497010" />
  <Point X="128" Y="161" T="88497024" />
  <Point X="141" Y="158" T="88497039" />
  <Point X="148" Y="157" T="88497054" />
  <Point X="150" Y="156" T="88497055" />
  <Point X="155" Y="155" T="88497074" />
  <Point X="152" Y="156" T="88497123" />
  <Point X="148" Y="160" T="88497140" />
  <Point X="142" Y="166" T="88497158" />
  <Point X="141" Y="168" T="88497159" />
  <Point X="136" Y="179" T="88497177" />
  <Point X="132" Y="193" T="88497194" />
  <Point X="130" Y="207" T="88497211" />
  <Point X="129" Y="211" T="88497228" />
  <Point X="130" Y="216" T="88497245" />
</Gesture>