﻿<?xml version="1.0" encoding="utf-8" standalone="yes"?>
<Gesture Name="arrow07" Subject="3" Speed="fast" Number="7" NumPts="58" Millseconds="733" AppName="Gestures" AppVer="3.5.0.0" Date="Thursday, March 08, 2007" TimeOfDay="2:07:11 PM">
  <Point X="38" Y="258" T="88500223" />
  <Point X="40" Y="256" T="88500251" />
  <Point X="42" Y="255" T="88500264" />
  <Point X="44" Y="252" T="88500272" />
  <Point X="47" Y="249" T="88500280" />
  <Point X="49" Y="247" T="88500286" />
  <Point X="51" Y="245" T="88500292" />
  <Point X="54" Y="243" T="88500293" />
  <Point X="57" Y="240" T="88500299" />
  <Point X="60" Y="237" T="88500300" />
  <Point X="63" Y="234" T="88500307" />
  <Point X="71" Y="229" T="88500314" />
  <Point X="79" Y="222" T="88500322" />
  <Point X="88" Y="214" T="88500329" />
  <Point X="97" Y="208" T="88500337" />
  <Point X="106" Y="200" T="88500345" />
  <Point X="114" Y="193" T="88500353" />
  <Point X="121" Y="186" T="88500361" />
  <Point X="127" Y="180" T="88500370" />
  <Point X="132" Y="176" T="88500379" />
  <Point X="138" Y="171" T="88500389" />
  <Point X="142" Y="168" T="88500397" />
  <Point X="144" Y="167" T="88500407" />
  <Point X="146" Y="165" T="88500416" />
  <Point X="144" Y="165" T="88500501" />
  <Point X="141" Y="165" T="88500511" />
  <Point X="135" Y="168" T="88500521" />
  <Point X="130" Y="169" T="88500532" />
  <Point X="128" Y="169" T="88500533" />
  <Point X="122" Y="170" T="88500544" />
  <Point X="119" Y="171" T="88500545" />
  <Point X="112" Y="173" T="88500557" />
  <Point X="109" Y="173" T="88500558" />
  <Point X="100" Y="174" T="88500570" />
  <Point X="92" Y="174" T="88500582" />
  <Point X="89" Y="175" T="88500594" />
  <Point X="87" Y="175" T="88500606" />
  <Point X="90" Y="174" T="88500644" />
  <Point X="96" Y="173" T="88500657" />
  <Point X="103" Y="172" T="88500670" />
  <Point X="111" Y="168" T="88500684" />
  <Point X="117" Y="166" T="88500699" />
  <Point X="122" Y="165" T="88500712" />
  <Point X="129" Y="163" T="88500727" />
  <Point X="135" Y="164" T="88500741" />
  <Point X="140" Y="163" T="88500759" />
  <Point X="142" Y="164" T="88500773" />
  <Point X="144" Y="165" T="88500788" />
  <Point X="146" Y="166" T="88500808" />
  <Point X="148" Y="168" T="88500828" />
  <Point X="148" Y="171" T="88500843" />
  <Point X="145" Y="180" T="88500859" />
  <Point X="144" Y="183" T="88500861" />
  <Point X="139" Y="194" T="88500877" />
  <Point X="135" Y="202" T="88500893" />
  <Point X="132" Y="207" T="88500910" />
  <Point X="131" Y="210" T="88500926" />
  <Point X="132" Y="213" T="88500956" />
</Gesture>