﻿<?xml version="1.0" encoding="utf-8" standalone="yes"?>
<Gesture Name="arrow02" Subject="3" Speed="fast" Number="2" NumPts="56" Millseconds="622" AppName="Gestures" AppVer="3.5.0.0" Date="Thursday, March 08, 2007" TimeOfDay="2:07:04 PM">
  <Point X="47" Y="236" T="88493985" />
  <Point X="49" Y="234" T="88494021" />
  <Point X="51" Y="232" T="88494029" />
  <Point X="54" Y="228" T="88494037" />
  <Point X="57" Y="226" T="88494042" />
  <Point X="59" Y="224" T="88494048" />
  <Point X="62" Y="221" T="88494049" />
  <Point X="65" Y="220" T="88494056" />
  <Point X="71" Y="216" T="88494062" />
  <Point X="75" Y="212" T="88494068" />
  <Point X="79" Y="210" T="88494069" />
  <Point X="83" Y="207" T="88494077" />
  <Point X="88" Y="204" T="88494078" />
  <Point X="96" Y="198" T="88494085" />
  <Point X="105" Y="192" T="88494093" />
  <Point X="113" Y="186" T="88494102" />
  <Point X="121" Y="181" T="88494110" />
  <Point X="126" Y="177" T="88494118" />
  <Point X="132" Y="174" T="88494127" />
  <Point X="137" Y="170" T="88494136" />
  <Point X="141" Y="168" T="88494145" />
  <Point X="144" Y="167" T="88494154" />
  <Point X="147" Y="166" T="88494164" />
  <Point X="144" Y="166" T="88494205" />
  <Point X="142" Y="167" T="88494215" />
  <Point X="139" Y="169" T="88494225" />
  <Point X="134" Y="170" T="88494235" />
  <Point X="127" Y="174" T="88494246" />
  <Point X="120" Y="177" T="88494257" />
  <Point X="114" Y="179" T="88494269" />
  <Point X="111" Y="179" T="88494270" />
  <Point X="103" Y="182" T="88494282" />
  <Point X="96" Y="183" T="88494295" />
  <Point X="93" Y="183" T="88494308" />
  <Point X="91" Y="181" T="88494309" />
  <Point X="89" Y="181" T="88494329" />
  <Point X="89" Y="179" T="88494341" />
  <Point X="91" Y="177" T="88494357" />
  <Point X="94" Y="175" T="88494370" />
  <Point X="102" Y="172" T="88494383" />
  <Point X="110" Y="170" T="88494397" />
  <Point X="113" Y="169" T="88494398" />
  <Point X="121" Y="168" T="88494412" />
  <Point X="124" Y="167" T="88494413" />
  <Point X="132" Y="166" T="88494428" />
  <Point X="138" Y="166" T="88494442" />
  <Point X="143" Y="167" T="88494458" />
  <Point X="145" Y="168" T="88494473" />
  <Point X="147" Y="170" T="88494497" />
  <Point X="146" Y="173" T="88494525" />
  <Point X="145" Y="175" T="88494540" />
  <Point X="144" Y="177" T="88494541" />
  <Point X="139" Y="185" T="88494558" />
  <Point X="134" Y="196" T="88494574" />
  <Point X="131" Y="204" T="88494591" />
  <Point X="129" Y="210" T="88494607" />
</Gesture>