﻿<?xml version="1.0" encoding="utf-8" standalone="yes"?>
<Gesture Name="arrow06" Subject="3" Speed="fast" Number="6" NumPts="62" Millseconds="706" AppName="Gestures" AppVer="3.5.0.0" Date="Thursday, March 08, 2007" TimeOfDay="2:07:09 PM">
  <Point X="32" Y="257" T="88498954" />
  <Point X="33" Y="254" T="88498998" />
  <Point X="35" Y="252" T="88499006" />
  <Point X="37" Y="249" T="88499015" />
  <Point X="39" Y="247" T="88499020" />
  <Point X="41" Y="245" T="88499026" />
  <Point X="43" Y="244" T="88499027" />
  <Point X="45" Y="242" T="88499034" />
  <Point X="50" Y="237" T="88499040" />
  <Point X="53" Y="234" T="88499047" />
  <Point X="56" Y="230" T="88499048" />
  <Point X="59" Y="228" T="88499055" />
  <Point X="62" Y="225" T="88499056" />
  <Point X="70" Y="217" T="88499063" />
  <Point X="78" Y="211" T="88499071" />
  <Point X="82" Y="207" T="88499079" />
  <Point X="86" Y="203" T="88499080" />
  <Point X="94" Y="197" T="88499088" />
  <Point X="103" Y="191" T="88499097" />
  <Point X="110" Y="184" T="88499106" />
  <Point X="121" Y="178" T="88499115" />
  <Point X="128" Y="174" T="88499124" />
  <Point X="133" Y="170" T="88499134" />
  <Point X="138" Y="166" T="88499144" />
  <Point X="141" Y="164" T="88499153" />
  <Point X="143" Y="162" T="88499163" />
  <Point X="145" Y="161" T="88499173" />
  <Point X="146" Y="159" T="88499187" />
  <Point X="143" Y="159" T="88499212" />
  <Point X="141" Y="159" T="88499223" />
  <Point X="135" Y="161" T="88499234" />
  <Point X="127" Y="163" T="88499246" />
  <Point X="118" Y="166" T="88499257" />
  <Point X="108" Y="171" T="88499269" />
  <Point X="98" Y="174" T="88499282" />
  <Point X="89" Y="176" T="88499294" />
  <Point X="82" Y="178" T="88499307" />
  <Point X="79" Y="179" T="88499319" />
  <Point X="76" Y="178" T="88499332" />
  <Point X="79" Y="176" T="88499348" />
  <Point X="85" Y="173" T="88499361" />
  <Point X="92" Y="171" T="88499375" />
  <Point X="95" Y="169" T="88499376" />
  <Point X="103" Y="166" T="88499391" />
  <Point X="114" Y="161" T="88499406" />
  <Point X="120" Y="158" T="88499420" />
  <Point X="127" Y="156" T="88499435" />
  <Point X="132" Y="154" T="88499452" />
  <Point X="134" Y="153" T="88499467" />
  <Point X="137" Y="153" T="88499482" />
  <Point X="140" Y="155" T="88499497" />
  <Point X="139" Y="157" T="88499512" />
  <Point X="138" Y="162" T="88499528" />
  <Point X="133" Y="173" T="88499545" />
  <Point X="130" Y="183" T="88499563" />
  <Point X="127" Y="192" T="88499579" />
  <Point X="127" Y="195" T="88499580" />
  <Point X="125" Y="201" T="88499597" />
  <Point X="124" Y="206" T="88499614" />
  <Point X="124" Y="208" T="88499631" />
  <Point X="124" Y="210" T="88499632" />
  <Point X="122" Y="213" T="88499660" />
</Gesture>