﻿<?xml version="1.0" encoding="utf-8" standalone="yes"?>
<Gesture Name="arrow05" Subject="3" Speed="fast" Number="5" NumPts="60" Millseconds="631" AppName="Gestures" AppVer="3.5.0.0" Date="Thursday, March 08, 2007" TimeOfDay="2:07:08 PM">
  <Point X="37" Y="264" T="88497731" />
  <Point X="38" Y="262" T="88497746" />
  <Point X="39" Y="259" T="88497754" />
  <Point X="42" Y="257" T="88497762" />
  <Point X="44" Y="253" T="88497771" />
  <Point X="46" Y="251" T="88497777" />
  <Point X="48" Y="249" T="88497782" />
  <Point X="50" Y="247" T="88497783" />
  <Point X="53" Y="244" T="88497790" />
  <Point X="59" Y="238" T="88497797" />
  <Point X="67" Y="230" T="88497804" />
  <Point X="71" Y="227" T="88497811" />
  <Point X="75" Y="223" T="88497812" />
  <Point X="85" Y="215" T="88497820" />
  <Point X="94" Y="208" T="88497828" />
  <Point X="103" Y="199" T="88497836" />
  <Point X="112" Y="192" T="88497844" />
  <Point X="120" Y="185" T="88497852" />
  <Point X="127" Y="180" T="88497861" />
  <Point X="133" Y="175" T="88497870" />
  <Point X="136" Y="174" T="88497871" />
  <Point X="141" Y="170" T="88497881" />
  <Point X="143" Y="168" T="88497890" />
  <Point X="146" Y="165" T="88497891" />
  <Point X="148" Y="163" T="88497903" />
  <Point X="148" Y="161" T="88497927" />
  <Point X="146" Y="161" T="88497939" />
  <Point X="143" Y="162" T="88497949" />
  <Point X="140" Y="164" T="88497960" />
  <Point X="132" Y="167" T="88497972" />
  <Point X="127" Y="169" T="88497983" />
  <Point X="124" Y="171" T="88497984" />
  <Point X="115" Y="176" T="88497996" />
  <Point X="105" Y="180" T="88498008" />
  <Point X="96" Y="182" T="88498020" />
  <Point X="91" Y="184" T="88498033" />
  <Point X="86" Y="185" T="88498045" />
  <Point X="89" Y="183" T="88498091" />
  <Point X="94" Y="180" T="88498104" />
  <Point X="102" Y="178" T="88498119" />
  <Point X="104" Y="178" T="88498120" />
  <Point X="112" Y="175" T="88498134" />
  <Point X="115" Y="173" T="88498135" />
  <Point X="123" Y="170" T="88498151" />
  <Point X="125" Y="169" T="88498152" />
  <Point X="134" Y="167" T="88498167" />
  <Point X="137" Y="166" T="88498182" />
  <Point X="140" Y="165" T="88498183" />
  <Point X="142" Y="165" T="88498200" />
  <Point X="143" Y="167" T="88498227" />
  <Point X="141" Y="169" T="88498242" />
  <Point X="140" Y="171" T="88498244" />
  <Point X="139" Y="174" T="88498260" />
  <Point X="135" Y="180" T="88498276" />
  <Point X="131" Y="187" T="88498292" />
  <Point X="128" Y="197" T="88498310" />
  <Point X="126" Y="207" T="88498327" />
  <Point X="126" Y="209" T="88498328" />
  <Point X="125" Y="216" T="88498345" />
  <Point X="124" Y="221" T="88498362" />
</Gesture>