﻿<?xml version="1.0" encoding="utf-8" standalone="yes"?>
<Gesture Name="caret08" Subject="3" Speed="fast" Number="8" NumPts="43" Millseconds="528" AppName="Gestures" AppVer="3.5.0.0" Date="Thursday, March 08, 2007" TimeOfDay="1:54:32 PM">
  <Point X="80" Y="241" T="87740491" />
  <Point X="81" Y="238" T="87740525" />
  <Point X="81" Y="235" T="87740533" />
  <Point X="82" Y="233" T="87740540" />
  <Point X="84" Y="229" T="87740549" />
  <Point X="85" Y="226" T="87740555" />
  <Point X="86" Y="223" T="87740560" />
  <Point X="87" Y="221" T="87740561" />
  <Point X="88" Y="217" T="87740568" />
  <Point X="92" Y="210" T="87740574" />
  <Point X="96" Y="201" T="87740581" />
  <Point X="98" Y="197" T="87740588" />
  <Point X="101" Y="192" T="87740589" />
  <Point X="103" Y="187" T="87740597" />
  <Point X="106" Y="182" T="87740598" />
  <Point X="112" Y="173" T="87740606" />
  <Point X="117" Y="163" T="87740614" />
  <Point X="122" Y="154" T="87740622" />
  <Point X="127" Y="146" T="87740631" />
  <Point X="131" Y="140" T="87740640" />
  <Point X="135" Y="135" T="87740649" />
  <Point X="136" Y="132" T="87740650" />
  <Point X="139" Y="129" T="87740659" />
  <Point X="141" Y="127" T="87740668" />
  <Point X="143" Y="125" T="87740685" />
  <Point X="143" Y="123" T="87740721" />
  <Point X="143" Y="126" T="87740753" />
  <Point X="145" Y="129" T="87740765" />
  <Point X="146" Y="133" T="87740776" />
  <Point X="149" Y="141" T="87740787" />
  <Point X="153" Y="152" T="87740798" />
  <Point X="157" Y="165" T="87740810" />
  <Point X="162" Y="181" T="87740822" />
  <Point X="166" Y="195" T="87740834" />
  <Point X="170" Y="207" T="87740846" />
  <Point X="171" Y="215" T="87740858" />
  <Point X="172" Y="219" T="87740871" />
  <Point X="173" Y="222" T="87740883" />
  <Point X="175" Y="227" T="87740896" />
  <Point X="175" Y="230" T="87740908" />
  <Point X="176" Y="232" T="87740921" />
  <Point X="177" Y="234" T="87740937" />
  <Point X="178" Y="236" T="87741019" />
</Gesture>