﻿<?xml version="1.0" encoding="utf-8" standalone="yes"?>
<Gesture Name="caret01" Subject="3" Speed="fast" Number="1" NumPts="45" Millseconds="508" AppName="Gestures" AppVer="3.5.0.0" Date="Thursday, March 08, 2007" TimeOfDay="1:54:26 PM">
  <Point X="70" Y="239" T="87733995" />
  <Point X="71" Y="236" T="87734074" />
  <Point X="71" Y="234" T="87734082" />
  <Point X="71" Y="232" T="87734087" />
  <Point X="72" Y="230" T="87734093" />
  <Point X="73" Y="228" T="87734099" />
  <Point X="74" Y="224" T="87734105" />
  <Point X="76" Y="218" T="87734111" />
  <Point X="78" Y="214" T="87734118" />
  <Point X="79" Y="211" T="87734119" />
  <Point X="80" Y="207" T="87734125" />
  <Point X="82" Y="204" T="87734126" />
  <Point X="83" Y="200" T="87734134" />
  <Point X="85" Y="196" T="87734135" />
  <Point X="89" Y="187" T="87734143" />
  <Point X="93" Y="178" T="87734151" />
  <Point X="97" Y="170" T="87734160" />
  <Point X="100" Y="163" T="87734169" />
  <Point X="104" Y="153" T="87734178" />
  <Point X="106" Y="148" T="87734188" />
  <Point X="108" Y="143" T="87734198" />
  <Point X="109" Y="141" T="87734199" />
  <Point X="110" Y="138" T="87734209" />
  <Point X="110" Y="135" T="87734219" />
  <Point X="111" Y="132" T="87734229" />
  <Point X="111" Y="129" T="87734246" />
  <Point X="114" Y="131" T="87734287" />
  <Point X="116" Y="133" T="87734297" />
  <Point X="118" Y="137" T="87734308" />
  <Point X="124" Y="145" T="87734320" />
  <Point X="127" Y="151" T="87734331" />
  <Point X="129" Y="156" T="87734332" />
  <Point X="135" Y="167" T="87734344" />
  <Point X="141" Y="180" T="87734356" />
  <Point X="147" Y="193" T="87734368" />
  <Point X="152" Y="202" T="87734380" />
  <Point X="156" Y="209" T="87734393" />
  <Point X="159" Y="217" T="87734406" />
  <Point X="160" Y="220" T="87734419" />
  <Point X="162" Y="224" T="87734420" />
  <Point X="163" Y="226" T="87734433" />
  <Point X="166" Y="230" T="87734446" />
  <Point X="167" Y="233" T="87734460" />
  <Point X="167" Y="235" T="87734474" />
  <Point X="169" Y="235" T="87734503" />
</Gesture>