﻿<?xml version="1.0" encoding="utf-8" standalone="yes"?>
<Gesture Name="caret06" Subject="3" Speed="fast" Number="6" NumPts="45" Millseconds="433" AppName="Gestures" AppVer="3.5.0.0" Date="Thursday, March 08, 2007" TimeOfDay="1:54:30 PM">
  <Point X="87" Y="231" T="87738681" />
  <Point X="87" Y="228" T="87738690" />
  <Point X="88" Y="226" T="87738698" />
  <Point X="89" Y="223" T="87738714" />
  <Point X="90" Y="219" T="87738722" />
  <Point X="91" Y="217" T="87738728" />
  <Point X="93" Y="212" T="87738735" />
  <Point X="94" Y="210" T="87738741" />
  <Point X="96" Y="204" T="87738747" />
  <Point X="99" Y="197" T="87738754" />
  <Point X="101" Y="193" T="87738761" />
  <Point X="103" Y="188" T="87738762" />
  <Point X="105" Y="184" T="87738769" />
  <Point X="108" Y="179" T="87738770" />
  <Point X="113" Y="170" T="87738778" />
  <Point X="118" Y="159" T="87738786" />
  <Point X="122" Y="149" T="87738795" />
  <Point X="127" Y="140" T="87738803" />
  <Point X="130" Y="132" T="87738811" />
  <Point X="134" Y="126" T="87738820" />
  <Point X="135" Y="124" T="87738829" />
  <Point X="139" Y="117" T="87738839" />
  <Point X="140" Y="113" T="87738848" />
  <Point X="141" Y="111" T="87738858" />
  <Point X="142" Y="109" T="87738868" />
  <Point X="144" Y="109" T="87738890" />
  <Point X="146" Y="109" T="87738902" />
  <Point X="148" Y="111" T="87738914" />
  <Point X="150" Y="115" T="87738926" />
  <Point X="151" Y="118" T="87738937" />
  <Point X="152" Y="123" T="87738948" />
  <Point X="154" Y="130" T="87738960" />
  <Point X="157" Y="140" T="87738971" />
  <Point X="160" Y="152" T="87738983" />
  <Point X="164" Y="167" T="87738996" />
  <Point X="169" Y="182" T="87739008" />
  <Point X="173" Y="195" T="87739021" />
  <Point X="176" Y="204" T="87739034" />
  <Point X="177" Y="206" T="87739035" />
  <Point X="178" Y="214" T="87739048" />
  <Point X="179" Y="217" T="87739062" />
  <Point X="180" Y="219" T="87739063" />
  <Point X="181" Y="221" T="87739076" />
  <Point X="182" Y="224" T="87739090" />
  <Point X="184" Y="226" T="87739114" />
</Gesture>