﻿<?xml version="1.0" encoding="utf-8" standalone="yes"?>
<Gesture Name="caret07" Subject="3" Speed="fast" Number="7" NumPts="47" Millseconds="471" AppName="Gestures" AppVer="3.5.0.0" Date="Thursday, March 08, 2007" TimeOfDay="1:54:31 PM">
  <Point X="78" Y="239" T="87739576" />
  <Point X="79" Y="236" T="87739593" />
  <Point X="80" Y="233" T="87739605" />
  <Point X="81" Y="231" T="87739613" />
  <Point X="82" Y="229" T="87739618" />
  <Point X="83" Y="225" T="87739625" />
  <Point X="85" Y="221" T="87739634" />
  <Point X="86" Y="219" T="87739640" />
  <Point X="88" Y="212" T="87739647" />
  <Point X="88" Y="209" T="87739653" />
  <Point X="90" Y="206" T="87739654" />
  <Point X="91" Y="202" T="87739661" />
  <Point X="92" Y="198" T="87739662" />
  <Point X="93" Y="194" T="87739670" />
  <Point X="95" Y="189" T="87739671" />
  <Point X="97" Y="179" T="87739679" />
  <Point X="100" Y="170" T="87739687" />
  <Point X="102" Y="160" T="87739695" />
  <Point X="104" Y="153" T="87739704" />
  <Point X="106" Y="145" T="87739713" />
  <Point X="108" Y="136" T="87739722" />
  <Point X="109" Y="131" T="87739732" />
  <Point X="110" Y="129" T="87739741" />
  <Point X="111" Y="123" T="87739751" />
  <Point X="113" Y="123" T="87739778" />
  <Point X="115" Y="124" T="87739790" />
  <Point X="117" Y="125" T="87739800" />
  <Point X="119" Y="128" T="87739810" />
  <Point X="121" Y="129" T="87739822" />
  <Point X="123" Y="131" T="87739838" />
  <Point X="124" Y="134" T="87739849" />
  <Point X="126" Y="137" T="87739860" />
  <Point X="131" Y="148" T="87739872" />
  <Point X="136" Y="159" T="87739883" />
  <Point X="142" Y="172" T="87739895" />
  <Point X="149" Y="187" T="87739908" />
  <Point X="156" Y="200" T="87739920" />
  <Point X="161" Y="209" T="87739933" />
  <Point X="162" Y="211" T="87739934" />
  <Point X="164" Y="215" T="87739947" />
  <Point X="167" Y="221" T="87739960" />
  <Point X="168" Y="224" T="87739973" />
  <Point X="170" Y="226" T="87739986" />
  <Point X="171" Y="228" T="87740003" />
  <Point X="171" Y="230" T="87740017" />
  <Point X="170" Y="233" T="87740030" />
  <Point X="170" Y="235" T="87740047" />
</Gesture>