﻿<?xml version="1.0" encoding="utf-8" standalone="yes"?>
<Gesture Name="caret04" Subject="3" Speed="fast" Number="4" NumPts="43" Millseconds="526" AppName="Gestures" AppVer="3.5.0.0" Date="Thursday, March 08, 2007" TimeOfDay="1:54:28 PM">
  <Point X="75" Y="229" T="87736901" />
  <Point X="76" Y="227" T="87736929" />
  <Point X="78" Y="223" T="87736941" />
  <Point X="80" Y="219" T="87736949" />
  <Point X="81" Y="217" T="87736954" />
  <Point X="83" Y="215" T="87736960" />
  <Point X="86" Y="209" T="87736966" />
  <Point X="87" Y="206" T="87736972" />
  <Point X="89" Y="203" T="87736973" />
  <Point X="91" Y="200" T="87736980" />
  <Point X="94" Y="192" T="87736987" />
  <Point X="98" Y="184" T="87736994" />
  <Point X="102" Y="176" T="87737002" />
  <Point X="105" Y="168" T="87737010" />
  <Point X="108" Y="159" T="87737017" />
  <Point X="118" Y="135" T="87737046" />
  <Point X="120" Y="130" T="87737054" />
  <Point X="121" Y="128" T="87737062" />
  <Point X="123" Y="125" T="87737071" />
  <Point X="124" Y="122" T="87737080" />
  <Point X="125" Y="120" T="87737088" />
  <Point X="126" Y="118" T="87737089" />
  <Point X="128" Y="115" T="87737106" />
  <Point X="130" Y="113" T="87737125" />
  <Point X="131" Y="115" T="87737162" />
  <Point X="132" Y="117" T="87737172" />
  <Point X="135" Y="123" T="87737182" />
  <Point X="137" Y="129" T="87737193" />
  <Point X="141" Y="140" T="87737204" />
  <Point X="146" Y="153" T="87737215" />
  <Point X="151" Y="161" T="87737226" />
  <Point X="153" Y="165" T="87737227" />
  <Point X="159" Y="179" T="87737239" />
  <Point X="165" Y="192" T="87737250" />
  <Point X="169" Y="200" T="87737262" />
  <Point X="172" Y="206" T="87737275" />
  <Point X="174" Y="212" T="87737287" />
  <Point X="175" Y="215" T="87737299" />
  <Point X="177" Y="216" T="87737314" />
  <Point X="178" Y="218" T="87737327" />
  <Point X="178" Y="220" T="87737339" />
  <Point X="179" Y="222" T="87737396" />
  <Point X="181" Y="221" T="87737427" />
</Gesture>