﻿<?xml version="1.0" encoding="utf-8" standalone="yes"?>
<Gesture Name="caret03" Subject="3" Speed="fast" Number="3" NumPts="42" Millseconds="414" AppName="Gestures" AppVer="3.5.0.0" Date="Thursday, March 08, 2007" TimeOfDay="1:54:27 PM">
  <Point X="73" Y="228" T="87735989" />
  <Point X="73" Y="226" T="87735998" />
  <Point X="74" Y="224" T="87736010" />
  <Point X="75" Y="222" T="87736022" />
  <Point X="75" Y="219" T="87736030" />
  <Point X="77" Y="217" T="87736039" />
  <Point X="78" Y="213" T="87736047" />
  <Point X="79" Y="211" T="87736053" />
  <Point X="81" Y="205" T="87736060" />
  <Point X="83" Y="202" T="87736066" />
  <Point X="84" Y="198" T="87736067" />
  <Point X="86" Y="194" T="87736075" />
  <Point X="88" Y="189" T="87736076" />
  <Point X="89" Y="185" T="87736083" />
  <Point X="91" Y="181" T="87736084" />
  <Point X="95" Y="171" T="87736092" />
  <Point X="98" Y="161" T="87736100" />
  <Point X="102" Y="151" T="87736108" />
  <Point X="104" Y="143" T="87736117" />
  <Point X="107" Y="137" T="87736126" />
  <Point X="109" Y="129" T="87736136" />
  <Point X="111" Y="127" T="87736144" />
  <Point X="112" Y="124" T="87736157" />
  <Point X="113" Y="122" T="87736179" />
  <Point X="115" Y="121" T="87736199" />
  <Point X="118" Y="122" T="87736211" />
  <Point X="120" Y="124" T="87736221" />
  <Point X="122" Y="126" T="87736231" />
  <Point X="126" Y="132" T="87736242" />
  <Point X="131" Y="139" T="87736253" />
  <Point X="136" Y="149" T="87736264" />
  <Point X="142" Y="161" T="87736276" />
  <Point X="149" Y="174" T="87736288" />
  <Point X="156" Y="187" T="87736300" />
  <Point X="162" Y="199" T="87736312" />
  <Point X="166" Y="207" T="87736325" />
  <Point X="167" Y="209" T="87736337" />
  <Point X="169" Y="215" T="87736350" />
  <Point X="170" Y="217" T="87736363" />
  <Point X="171" Y="221" T="87736376" />
  <Point X="172" Y="223" T="87736389" />
  <Point X="172" Y="225" T="87736403" />
</Gesture>