﻿<?xml version="1.0" encoding="utf-8" standalone="yes"?>
<Gesture Name="caret09" Subject="3" Speed="fast" Number="9" NumPts="43" Millseconds="463" AppName="Gestures" AppVer="3.5.0.0" Date="Thursday, March 08, 2007" TimeOfDay="1:54:33 PM">
  <Point X="89" Y="236" T="87741416" />
  <Point X="90" Y="234" T="87741437" />
  <Point X="90" Y="231" T="87741445" />
  <Point X="91" Y="228" T="87741453" />
  <Point X="91" Y="225" T="87741461" />
  <Point X="92" Y="222" T="87741470" />
  <Point X="92" Y="219" T="87741476" />
  <Point X="93" Y="214" T="87741483" />
  <Point X="95" Y="208" T="87741490" />
  <Point X="96" Y="204" T="87741497" />
  <Point X="96" Y="201" T="87741498" />
  <Point X="97" Y="197" T="87741506" />
  <Point X="98" Y="192" T="87741507" />
  <Point X="101" Y="183" T="87741514" />
  <Point X="104" Y="173" T="87741522" />
  <Point X="106" Y="168" T="87741530" />
  <Point X="107" Y="164" T="87741531" />
  <Point X="110" Y="155" T="87741539" />
  <Point X="112" Y="148" T="87741548" />
  <Point X="114" Y="142" T="87741557" />
  <Point X="116" Y="138" T="87741565" />
  <Point X="118" Y="133" T="87741575" />
  <Point X="119" Y="130" T="87741584" />
  <Point X="120" Y="128" T="87741602" />
  <Point X="122" Y="130" T="87741671" />
  <Point X="124" Y="132" T="87741681" />
  <Point X="125" Y="135" T="87741691" />
  <Point X="127" Y="137" T="87741701" />
  <Point X="133" Y="145" T="87741712" />
  <Point X="137" Y="151" T="87741723" />
  <Point X="139" Y="154" T="87741724" />
  <Point X="145" Y="167" T="87741736" />
  <Point X="152" Y="182" T="87741747" />
  <Point X="158" Y="197" T="87741759" />
  <Point X="162" Y="209" T="87741773" />
  <Point X="164" Y="214" T="87741787" />
  <Point X="165" Y="217" T="87741788" />
  <Point X="166" Y="221" T="87741801" />
  <Point X="166" Y="223" T="87741813" />
  <Point X="168" Y="228" T="87741826" />
  <Point X="168" Y="231" T="87741840" />
  <Point X="169" Y="233" T="87741853" />
  <Point X="170" Y="235" T="87741879" />
</Gesture>