﻿<?xml version="1.0" encoding="utf-8" standalone="yes"?>
<Gesture Name="caret05" Subject="3" Speed="fast" Number="5" NumPts="45" Millseconds="470" AppName="Gestures" AppVer="3.5.0.0" Date="Thursday, March 08, 2007" TimeOfDay="1:54:29 PM">
  <Point X="83" Y="228" T="87737804" />
  <Point X="84" Y="226" T="87737816" />
  <Point X="86" Y="223" T="87737824" />
  <Point X="87" Y="221" T="87737833" />
  <Point X="89" Y="218" T="87737841" />
  <Point X="89" Y="216" T="87737847" />
  <Point X="90" Y="214" T="87737853" />
  <Point X="91" Y="212" T="87737854" />
  <Point X="92" Y="209" T="87737860" />
  <Point X="94" Y="204" T="87737867" />
  <Point X="97" Y="197" T="87737874" />
  <Point X="98" Y="194" T="87737881" />
  <Point X="99" Y="191" T="87737882" />
  <Point X="103" Y="182" T="87737889" />
  <Point X="106" Y="175" T="87737897" />
  <Point X="109" Y="166" T="87737905" />
  <Point X="112" Y="158" T="87737914" />
  <Point X="115" Y="151" T="87737922" />
  <Point X="117" Y="145" T="87737931" />
  <Point X="119" Y="140" T="87737940" />
  <Point X="120" Y="135" T="87737949" />
  <Point X="121" Y="133" T="87737950" />
  <Point X="122" Y="130" T="87737959" />
  <Point X="123" Y="127" T="87737969" />
  <Point X="123" Y="125" T="87737978" />
  <Point X="124" Y="123" T="87737991" />
  <Point X="126" Y="122" T="87738017" />
  <Point X="128" Y="123" T="87738033" />
  <Point X="130" Y="123" T="87738045" />
  <Point X="132" Y="125" T="87738057" />
  <Point X="134" Y="128" T="87738068" />
  <Point X="137" Y="133" T="87738080" />
  <Point X="141" Y="141" T="87738091" />
  <Point X="146" Y="155" T="87738103" />
  <Point X="152" Y="169" T="87738116" />
  <Point X="158" Y="182" T="87738128" />
  <Point X="163" Y="194" T="87738141" />
  <Point X="164" Y="198" T="87738142" />
  <Point X="168" Y="207" T="87738155" />
  <Point X="172" Y="213" T="87738168" />
  <Point X="175" Y="218" T="87738181" />
  <Point X="176" Y="220" T="87738202" />
  <Point X="177" Y="222" T="87738217" />
  <Point X="178" Y="224" T="87738242" />
  <Point X="178" Y="226" T="87738274" />
</Gesture>