﻿<?xml version="1.0" encoding="utf-8" standalone="yes"?>
<Gesture Name="caret02" Subject="3" Speed="fast" Number="2" NumPts="43" Millseconds="433" AppName="Gestures" AppVer="3.5.0.0" Date="Thursday, March 08, 2007" TimeOfDay="1:54:27 PM">
  <Point X="71" Y="231" T="87735091" />
  <Point X="71" Y="229" T="87735107" />
  <Point X="72" Y="226" T="87735123" />
  <Point X="73" Y="224" T="87735131" />
  <Point X="74" Y="221" T="87735138" />
  <Point X="75" Y="218" T="87735144" />
  <Point X="76" Y="216" T="87735150" />
  <Point X="77" Y="213" T="87735151" />
  <Point X="78" Y="211" T="87735157" />
  <Point X="80" Y="203" T="87735164" />
  <Point X="83" Y="195" T="87735171" />
  <Point X="84" Y="190" T="87735177" />
  <Point X="86" Y="185" T="87735179" />
  <Point X="90" Y="174" T="87735186" />
  <Point X="91" Y="169" T="87735194" />
  <Point X="93" Y="164" T="87735195" />
  <Point X="97" Y="155" T="87735203" />
  <Point X="100" Y="147" T="87735212" />
  <Point X="103" Y="140" T="87735220" />
  <Point X="105" Y="135" T="87735229" />
  <Point X="107" Y="133" T="87735230" />
  <Point X="108" Y="130" T="87735240" />
  <Point X="110" Y="127" T="87735249" />
  <Point X="112" Y="125" T="87735259" />
  <Point X="114" Y="123" T="87735274" />
  <Point X="115" Y="121" T="87735294" />
  <Point X="117" Y="122" T="87735322" />
  <Point X="120" Y="124" T="87735334" />
  <Point X="122" Y="128" T="87735345" />
  <Point X="126" Y="135" T="87735356" />
  <Point X="131" Y="145" T="87735367" />
  <Point X="137" Y="157" T="87735379" />
  <Point X="143" Y="169" T="87735390" />
  <Point X="150" Y="182" T="87735403" />
  <Point X="157" Y="195" T="87735415" />
  <Point X="162" Y="203" T="87735427" />
  <Point X="164" Y="209" T="87735440" />
  <Point X="166" Y="212" T="87735452" />
  <Point X="168" Y="214" T="87735465" />
  <Point X="169" Y="217" T="87735477" />
  <Point X="170" Y="220" T="87735479" />
  <Point X="171" Y="222" T="87735499" />
  <Point X="171" Y="224" T="87735524" />
</Gesture>