﻿<?xml version="1.0" encoding="utf-8" standalone="yes"?>
<Gesture Name="caret10" Subject="3" Speed="fast" Number="10" NumPts="45" Millseconds="505" AppName="Gestures" AppVer="3.5.0.0" Date="Thursday, March 08, 2007" TimeOfDay="1:54:34 PM">
  <Point X="84" Y="237" T="87742394" />
  <Point X="84" Y="234" T="87742418" />
  <Point X="84" Y="232" T="87742434" />
  <Point X="85" Y="230" T="87742442" />
  <Point X="86" Y="226" T="87742451" />
  <Point X="88" Y="223" T="87742459" />
  <Point X="89" Y="220" T="87742465" />
  <Point X="90" Y="218" T="87742471" />
  <Point X="92" Y="215" T="87742472" />
  <Point X="93" Y="211" T="87742478" />
  <Point X="95" Y="207" T="87742479" />
  <Point X="97" Y="204" T="87742486" />
  <Point X="98" Y="201" T="87742487" />
  <Point X="102" Y="193" T="87742495" />
  <Point X="104" Y="189" T="87742503" />
  <Point X="107" Y="185" T="87742504" />
  <Point X="111" Y="177" T="87742512" />
  <Point X="116" Y="170" T="87742520" />
  <Point X="120" Y="162" T="87742529" />
  <Point X="123" Y="156" T="87742538" />
  <Point X="125" Y="153" T="87742539" />
  <Point X="128" Y="148" T="87742549" />
  <Point X="131" Y="143" T="87742558" />
  <Point X="134" Y="137" T="87742576" />
  <Point X="135" Y="135" T="87742587" />
  <Point X="136" Y="133" T="87742607" />
  <Point X="138" Y="134" T="87742659" />
  <Point X="140" Y="136" T="87742675" />
  <Point X="142" Y="140" T="87742686" />
  <Point X="144" Y="146" T="87742697" />
  <Point X="148" Y="157" T="87742708" />
  <Point X="152" Y="170" T="87742720" />
  <Point X="157" Y="183" T="87742732" />
  <Point X="162" Y="195" T="87742744" />
  <Point X="166" Y="207" T="87742756" />
  <Point X="169" Y="215" T="87742769" />
  <Point X="171" Y="219" T="87742782" />
  <Point X="172" Y="222" T="87742794" />
  <Point X="174" Y="225" T="87742795" />
  <Point X="174" Y="227" T="87742808" />
  <Point X="175" Y="229" T="87742822" />
  <Point X="176" Y="232" T="87742835" />
  <Point X="177" Y="234" T="87742849" />
  <Point X="177" Y="236" T="87742871" />
  <Point X="177" Y="238" T="87742899" />
</Gesture>