﻿<?xml version="1.0" encoding="utf-8" standalone="yes"?>
<Gesture Name="check03" Subject="3" Speed="fast" Number="3" NumPts="38" Millseconds="374" AppName="Gestures" AppVer="3.5.0.0" Date="Thursday, March 08, 2007" TimeOfDay="2:09:33 PM">
  <Point X="72" Y="211" T="88642861" />
  <Point X="74" Y="214" T="88642889" />
  <Point X="77" Y="214" T="88642902" />
  <Point X="79" Y="214" T="88642910" />
  <Point X="81" Y="215" T="88642918" />
  <Point X="84" Y="217" T="88642925" />
  <Point X="87" Y="219" T="88642934" />
  <Point X="90" Y="221" T="88642942" />
  <Point X="92" Y="223" T="88642949" />
  <Point X="96" Y="225" T="88642955" />
  <Point X="99" Y="228" T="88642962" />
  <Point X="101" Y="230" T="88642969" />
  <Point X="103" Y="231" T="88642970" />
  <Point X="105" Y="233" T="88642978" />
  <Point X="109" Y="236" T="88642986" />
  <Point X="112" Y="238" T="88642994" />
  <Point X="116" Y="239" T="88643002" />
  <Point X="118" Y="240" T="88643010" />
  <Point X="120" Y="243" T="88643019" />
  <Point X="120" Y="241" T="88643077" />
  <Point X="120" Y="237" T="88643086" />
  <Point X="120" Y="234" T="88643095" />
  <Point X="120" Y="225" T="88643105" />
  <Point X="122" Y="217" T="88643115" />
  <Point X="124" Y="209" T="88643125" />
  <Point X="125" Y="204" T="88643126" />
  <Point X="127" Y="195" T="88643136" />
  <Point X="128" Y="190" T="88643137" />
  <Point X="132" Y="181" T="88643148" />
  <Point X="133" Y="177" T="88643149" />
  <Point X="138" Y="168" T="88643161" />
  <Point X="142" Y="161" T="88643172" />
  <Point X="143" Y="159" T="88643173" />
  <Point X="147" Y="153" T="88643186" />
  <Point X="150" Y="149" T="88643198" />
  <Point X="153" Y="144" T="88643210" />
  <Point X="154" Y="142" T="88643223" />
  <Point X="156" Y="140" T="88643235" />
</Gesture>