﻿<?xml version="1.0" encoding="utf-8" standalone="yes"?>
<Gesture Name="check01" Subject="3" Speed="fast" Number="1" NumPts="37" Millseconds="363" AppName="Gestures" AppVer="3.5.0.0" Date="Thursday, March 08, 2007" TimeOfDay="2:09:30 PM">
  <Point X="71" Y="194" T="88640728" />
  <Point X="73" Y="194" T="88640756" />
  <Point X="75" Y="196" T="88640772" />
  <Point X="77" Y="198" T="88640780" />
  <Point X="80" Y="201" T="88640788" />
  <Point X="83" Y="204" T="88640797" />
  <Point X="84" Y="206" T="88640803" />
  <Point X="88" Y="211" T="88640809" />
  <Point X="89" Y="213" T="88640816" />
  <Point X="92" Y="218" T="88640822" />
  <Point X="95" Y="222" T="88640829" />
  <Point X="98" Y="226" T="88640837" />
  <Point X="101" Y="229" T="88640845" />
  <Point X="102" Y="232" T="88640853" />
  <Point X="103" Y="234" T="88640854" />
  <Point X="104" Y="236" T="88640862" />
  <Point X="106" Y="238" T="88640871" />
  <Point X="108" Y="237" T="88640909" />
  <Point X="108" Y="233" T="88640918" />
  <Point X="109" Y="229" T="88640927" />
  <Point X="111" Y="223" T="88640936" />
  <Point X="112" Y="221" T="88640937" />
  <Point X="114" Y="214" T="88640947" />
  <Point X="116" Y="206" T="88640957" />
  <Point X="118" Y="202" T="88640958" />
  <Point X="122" Y="194" T="88640968" />
  <Point X="128" Y="182" T="88640978" />
  <Point X="134" Y="172" T="88640989" />
  <Point X="138" Y="165" T="88641000" />
  <Point X="144" Y="158" T="88641011" />
  <Point X="150" Y="152" T="88641022" />
  <Point X="153" Y="149" T="88641033" />
  <Point X="156" Y="147" T="88641044" />
  <Point X="161" Y="141" T="88641056" />
  <Point X="162" Y="139" T="88641067" />
  <Point X="164" Y="137" T="88641079" />
  <Point X="166" Y="133" T="88641091" />
</Gesture>