﻿<?xml version="1.0" encoding="utf-8" standalone="yes"?>
<Gesture Name="check06" Subject="3" Speed="fast" Number="6" NumPts="40" Millseconds="374" AppName="Gestures" AppVer="3.5.0.0" Date="Thursday, March 08, 2007" TimeOfDay="2:09:35 PM">
  <Point X="82" Y="203" T="88645700" />
  <Point X="84" Y="205" T="88645717" />
  <Point X="85" Y="207" T="88645725" />
  <Point X="87" Y="209" T="88645733" />
  <Point X="89" Y="212" T="88645745" />
  <Point X="91" Y="215" T="88645753" />
  <Point X="93" Y="219" T="88645761" />
  <Point X="95" Y="222" T="88645769" />
  <Point X="96" Y="224" T="88645775" />
  <Point X="99" Y="230" T="88645782" />
  <Point X="102" Y="235" T="88645789" />
  <Point X="103" Y="237" T="88645796" />
  <Point X="105" Y="240" T="88645797" />
  <Point X="108" Y="243" T="88645805" />
  <Point X="110" Y="247" T="88645814" />
  <Point X="112" Y="250" T="88645822" />
  <Point X="114" Y="252" T="88645839" />
  <Point X="116" Y="252" T="88645871" />
  <Point X="117" Y="249" T="88645880" />
  <Point X="118" Y="247" T="88645888" />
  <Point X="118" Y="244" T="88645897" />
  <Point X="119" Y="240" T="88645906" />
  <Point X="120" Y="238" T="88645908" />
  <Point X="121" Y="231" T="88645917" />
  <Point X="123" Y="221" T="88645927" />
  <Point X="125" Y="213" T="88645938" />
  <Point X="130" Y="199" T="88645948" />
  <Point X="133" Y="190" T="88645959" />
  <Point X="135" Y="186" T="88645960" />
  <Point X="139" Y="177" T="88645971" />
  <Point X="140" Y="173" T="88645972" />
  <Point X="147" Y="164" T="88645983" />
  <Point X="151" Y="157" T="88645995" />
  <Point X="152" Y="154" T="88645996" />
  <Point X="158" Y="147" T="88646008" />
  <Point X="161" Y="142" T="88646020" />
  <Point X="167" Y="137" T="88646032" />
  <Point X="169" Y="133" T="88646045" />
  <Point X="173" Y="129" T="88646059" />
  <Point X="175" Y="127" T="88646074" />
</Gesture>