﻿<?xml version="1.0" encoding="utf-8" standalone="yes"?>
<Gesture Name="check07" Subject="3" Speed="fast" Number="7" NumPts="41" Millseconds="441" AppName="Gestures" AppVer="3.5.0.0" Date="Thursday, March 08, 2007" TimeOfDay="2:09:36 PM">
  <Point X="78" Y="200" T="88646601" />
  <Point X="79" Y="202" T="88646629" />
  <Point X="81" Y="204" T="88646650" />
  <Point X="84" Y="207" T="88646662" />
  <Point X="86" Y="210" T="88646670" />
  <Point X="88" Y="213" T="88646678" />
  <Point X="89" Y="215" T="88646684" />
  <Point X="92" Y="218" T="88646691" />
  <Point X="95" Y="222" T="88646698" />
  <Point X="97" Y="225" T="88646705" />
  <Point X="100" Y="229" T="88646712" />
  <Point X="103" Y="232" T="88646719" />
  <Point X="104" Y="234" T="88646726" />
  <Point X="107" Y="238" T="88646733" />
  <Point X="109" Y="241" T="88646741" />
  <Point X="111" Y="243" T="88646749" />
  <Point X="114" Y="245" T="88646758" />
  <Point X="115" Y="247" T="88646770" />
  <Point X="117" Y="247" T="88646809" />
  <Point X="118" Y="244" T="88646829" />
  <Point X="119" Y="241" T="88646838" />
  <Point X="120" Y="236" T="88646847" />
  <Point X="121" Y="230" T="88646857" />
  <Point X="122" Y="227" T="88646858" />
  <Point X="124" Y="221" T="88646868" />
  <Point X="128" Y="210" T="88646878" />
  <Point X="133" Y="198" T="88646889" />
  <Point X="137" Y="188" T="88646900" />
  <Point X="139" Y="185" T="88646901" />
  <Point X="144" Y="177" T="88646912" />
  <Point X="146" Y="172" T="88646913" />
  <Point X="152" Y="162" T="88646925" />
  <Point X="157" Y="154" T="88646937" />
  <Point X="159" Y="151" T="88646938" />
  <Point X="165" Y="142" T="88646950" />
  <Point X="170" Y="134" T="88646962" />
  <Point X="173" Y="130" T="88646975" />
  <Point X="177" Y="124" T="88646989" />
  <Point X="179" Y="122" T="88647002" />
  <Point X="181" Y="121" T="88647017" />
  <Point X="183" Y="123" T="88647042" />
</Gesture>