﻿<?xml version="1.0" encoding="utf-8" standalone="yes"?>
<Gesture Name="check08" Subject="3" Speed="fast" Number="8" NumPts="40" Millseconds="394" AppName="Gestures" AppVer="3.5.0.0" Date="Thursday, March 08, 2007" TimeOfDay="2:09:37 PM">
  <Point X="91" Y="192" T="88647547" />
  <Point X="93" Y="195" T="88647595" />
  <Point X="94" Y="197" T="88647604" />
  <Point X="96" Y="200" T="88647611" />
  <Point X="98" Y="202" T="88647620" />
  <Point X="99" Y="204" T="88647626" />
  <Point X="101" Y="206" T="88647632" />
  <Point X="102" Y="209" T="88647633" />
  <Point X="103" Y="211" T="88647639" />
  <Point X="105" Y="213" T="88647640" />
  <Point X="106" Y="216" T="88647647" />
  <Point X="108" Y="219" T="88647648" />
  <Point X="110" Y="221" T="88647656" />
  <Point X="111" Y="224" T="88647657" />
  <Point X="114" Y="228" T="88647665" />
  <Point X="116" Y="231" T="88647672" />
  <Point X="118" Y="235" T="88647681" />
  <Point X="121" Y="239" T="88647689" />
  <Point X="123" Y="241" T="88647698" />
  <Point X="125" Y="243" T="88647707" />
  <Point X="126" Y="241" T="88647757" />
  <Point X="127" Y="237" T="88647766" />
  <Point X="128" Y="233" T="88647776" />
  <Point X="129" Y="223" T="88647786" />
  <Point X="131" Y="216" T="88647796" />
  <Point X="134" Y="204" T="88647806" />
  <Point X="137" Y="195" T="88647816" />
  <Point X="139" Y="191" T="88647817" />
  <Point X="142" Y="183" T="88647828" />
  <Point X="144" Y="179" T="88647829" />
  <Point X="150" Y="168" T="88647841" />
  <Point X="154" Y="161" T="88647853" />
  <Point X="156" Y="157" T="88647854" />
  <Point X="163" Y="149" T="88647866" />
  <Point X="169" Y="143" T="88647878" />
  <Point X="175" Y="136" T="88647891" />
  <Point X="180" Y="132" T="88647903" />
  <Point X="183" Y="130" T="88647916" />
  <Point X="187" Y="126" T="88647928" />
  <Point X="189" Y="126" T="88647941" />
</Gesture>