﻿<?xml version="1.0" encoding="utf-8" standalone="yes"?>
<Gesture Name="check05" Subject="3" Speed="fast" Number="5" NumPts="38" Millseconds="384" AppName="Gestures" AppVer="3.5.0.0" Date="Thursday, March 08, 2007" TimeOfDay="2:09:34 PM">
  <Point X="78" Y="205" T="88644743" />
  <Point X="79" Y="203" T="88644784" />
  <Point X="81" Y="206" T="88644813" />
  <Point X="82" Y="208" T="88644821" />
  <Point X="84" Y="210" T="88644829" />
  <Point X="85" Y="213" T="88644838" />
  <Point X="87" Y="216" T="88644846" />
  <Point X="89" Y="220" T="88644854" />
  <Point X="90" Y="223" T="88644861" />
  <Point X="93" Y="228" T="88644867" />
  <Point X="95" Y="233" T="88644874" />
  <Point X="97" Y="236" T="88644881" />
  <Point X="98" Y="239" T="88644882" />
  <Point X="100" Y="241" T="88644890" />
  <Point X="103" Y="244" T="88644898" />
  <Point X="104" Y="246" T="88644899" />
  <Point X="105" Y="248" T="88644907" />
  <Point X="107" Y="249" T="88644915" />
  <Point X="109" Y="252" T="88644924" />
  <Point X="111" Y="253" T="88644933" />
  <Point X="113" Y="252" T="88644958" />
  <Point X="114" Y="249" T="88644967" />
  <Point X="116" Y="246" T="88644978" />
  <Point X="117" Y="241" T="88644988" />
  <Point X="118" Y="239" T="88644997" />
  <Point X="120" Y="235" T="88644999" />
  <Point X="122" Y="227" T="88645009" />
  <Point X="126" Y="216" T="88645020" />
  <Point X="131" Y="201" T="88645031" />
  <Point X="134" Y="192" T="88645042" />
  <Point X="136" Y="187" T="88645043" />
  <Point X="142" Y="175" T="88645055" />
  <Point X="147" Y="163" T="88645066" />
  <Point X="153" Y="155" T="88645078" />
  <Point X="156" Y="151" T="88645090" />
  <Point X="159" Y="146" T="88645102" />
  <Point X="162" Y="141" T="88645115" />
  <Point X="163" Y="139" T="88645127" />
</Gesture>