﻿<?xml version="1.0" encoding="utf-8" standalone="yes"?>
<Gesture Name="check09" Subject="3" Speed="fast" Number="9" NumPts="42" Millseconds="415" AppName="Gestures" AppVer="3.5.0.0" Date="Thursday, March 08, 2007" TimeOfDay="2:09:38 PM">
  <Point X="87" Y="207" T="88648499" />
  <Point X="89" Y="208" T="88648540" />
  <Point X="91" Y="209" T="88648555" />
  <Point X="94" Y="212" T="88648568" />
  <Point X="96" Y="215" T="88648577" />
  <Point X="97" Y="217" T="88648583" />
  <Point X="100" Y="220" T="88648589" />
  <Point X="101" Y="222" T="88648595" />
  <Point X="104" Y="226" T="88648602" />
  <Point X="105" Y="229" T="88648608" />
  <Point X="106" Y="232" T="88648609" />
  <Point X="108" Y="234" T="88648616" />
  <Point X="110" Y="238" T="88648624" />
  <Point X="112" Y="242" T="88648631" />
  <Point X="115" Y="246" T="88648639" />
  <Point X="116" Y="248" T="88648647" />
  <Point X="117" Y="250" T="88648655" />
  <Point X="119" Y="252" T="88648663" />
  <Point X="121" Y="251" T="88648701" />
  <Point X="122" Y="249" T="88648714" />
  <Point X="123" Y="246" T="88648723" />
  <Point X="125" Y="241" T="88648732" />
  <Point X="126" Y="236" T="88648742" />
  <Point X="127" Y="234" T="88648743" />
  <Point X="130" Y="226" T="88648753" />
  <Point X="134" Y="213" T="88648763" />
  <Point X="139" Y="201" T="88648774" />
  <Point X="142" Y="192" T="88648785" />
  <Point X="144" Y="187" T="88648786" />
  <Point X="149" Y="179" T="88648797" />
  <Point X="151" Y="176" T="88648798" />
  <Point X="157" Y="166" T="88648810" />
  <Point X="161" Y="159" T="88648822" />
  <Point X="163" Y="157" T="88648823" />
  <Point X="169" Y="149" T="88648835" />
  <Point X="172" Y="147" T="88648847" />
  <Point X="177" Y="140" T="88648860" />
  <Point X="183" Y="136" T="88648872" />
  <Point X="186" Y="134" T="88648885" />
  <Point X="188" Y="131" T="88648886" />
  <Point X="190" Y="131" T="88648899" />
  <Point X="192" Y="129" T="88648914" />
</Gesture>