﻿<?xml version="1.0" encoding="utf-8" standalone="yes"?>
<Gesture Name="check04" Subject="3" Speed="fast" Number="4" NumPts="37" Millseconds="382" AppName="Gestures" AppVer="3.5.0.0" Date="Thursday, March 08, 2007" TimeOfDay="2:09:33 PM">
  <Point X="77" Y="204" T="88643811" />
  <Point X="79" Y="206" T="88643847" />
  <Point X="81" Y="208" T="88643859" />
  <Point X="83" Y="209" T="88643867" />
  <Point X="86" Y="211" T="88643875" />
  <Point X="88" Y="214" T="88643883" />
  <Point X="90" Y="217" T="88643891" />
  <Point X="91" Y="220" T="88643897" />
  <Point X="93" Y="223" T="88643904" />
  <Point X="95" Y="226" T="88643910" />
  <Point X="98" Y="230" T="88643917" />
  <Point X="100" Y="234" T="88643924" />
  <Point X="102" Y="238" T="88643931" />
  <Point X="104" Y="242" T="88643940" />
  <Point X="105" Y="245" T="88643947" />
  <Point X="107" Y="248" T="88643959" />
  <Point X="109" Y="247" T="88644012" />
  <Point X="110" Y="245" T="88644020" />
  <Point X="111" Y="241" T="88644029" />
  <Point X="112" Y="237" T="88644037" />
  <Point X="114" Y="231" T="88644047" />
  <Point X="116" Y="225" T="88644056" />
  <Point X="118" Y="221" T="88644057" />
  <Point X="121" Y="212" T="88644067" />
  <Point X="126" Y="200" T="88644077" />
  <Point X="130" Y="190" T="88644087" />
  <Point X="132" Y="186" T="88644088" />
  <Point X="137" Y="177" T="88644099" />
  <Point X="142" Y="167" T="88644110" />
  <Point X="148" Y="157" T="88644121" />
  <Point X="151" Y="153" T="88644133" />
  <Point X="156" Y="146" T="88644144" />
  <Point X="157" Y="144" T="88644155" />
  <Point X="159" Y="141" T="88644156" />
  <Point X="161" Y="138" T="88644168" />
  <Point X="163" Y="137" T="88644181" />
  <Point X="164" Y="135" T="88644193" />
</Gesture>