﻿<?xml version="1.0" encoding="utf-8" standalone="yes"?>
<Gesture Name="check10" Subject="3" Speed="fast" Number="10" NumPts="39" Millseconds="400" AppName="Gestures" AppVer="3.5.0.0" Date="Thursday, March 08, 2007" TimeOfDay="2:09:39 PM">
  <Point X="97" Y="202" T="88649396" />
  <Point X="99" Y="201" T="88649433" />
  <Point X="101" Y="203" T="88649445" />
  <Point X="103" Y="204" T="88649454" />
  <Point X="106" Y="206" T="88649461" />
  <Point X="109" Y="208" T="88649470" />
  <Point X="112" Y="211" T="88649478" />
  <Point X="114" Y="213" T="88649484" />
  <Point X="118" Y="216" T="88649491" />
  <Point X="121" Y="220" T="88649498" />
  <Point X="123" Y="222" T="88649505" />
  <Point X="126" Y="227" T="88649512" />
  <Point X="128" Y="229" T="88649519" />
  <Point X="131" Y="235" T="88649527" />
  <Point X="133" Y="238" T="88649535" />
  <Point X="134" Y="241" T="88649542" />
  <Point X="136" Y="243" T="88649562" />
  <Point X="137" Y="241" T="88649594" />
  <Point X="137" Y="238" T="88649602" />
  <Point X="138" Y="235" T="88649611" />
  <Point X="139" Y="230" T="88649620" />
  <Point X="141" Y="225" T="88649630" />
  <Point X="141" Y="223" T="88649631" />
  <Point X="143" Y="216" T="88649640" />
  <Point X="147" Y="204" T="88649651" />
  <Point X="150" Y="195" T="88649661" />
  <Point X="154" Y="186" T="88649672" />
  <Point X="159" Y="175" T="88649683" />
  <Point X="162" Y="168" T="88649693" />
  <Point X="164" Y="165" T="88649694" />
  <Point X="168" Y="159" T="88649706" />
  <Point X="170" Y="156" T="88649707" />
  <Point X="175" Y="148" T="88649718" />
  <Point X="179" Y="141" T="88649730" />
  <Point X="184" Y="136" T="88649742" />
  <Point X="186" Y="133" T="88649755" />
  <Point X="190" Y="129" T="88649767" />
  <Point X="193" Y="127" T="88649779" />
  <Point X="195" Y="127" T="88649796" />
</Gesture>