﻿<?xml version="1.0" encoding="utf-8" standalone="yes"?>
<Gesture Name="check02" Subject="3" Speed="fast" Number="2" NumPts="42" Millseconds="400" AppName="Gestures" AppVer="3.5.0.0" Date="Thursday, March 08, 2007" TimeOfDay="2:09:32 PM">
  <Point X="70" Y="206" T="88641863" />
  <Point X="72" Y="206" T="88641887" />
  <Point X="74" Y="208" T="88641898" />
  <Point X="76" Y="209" T="88641906" />
  <Point X="79" Y="212" T="88641919" />
  <Point X="81" Y="216" T="88641927" />
  <Point X="83" Y="219" T="88641935" />
  <Point X="85" Y="223" T="88641943" />
  <Point X="88" Y="226" T="88641951" />
  <Point X="89" Y="228" T="88641958" />
  <Point X="91" Y="233" T="88641965" />
  <Point X="93" Y="237" T="88641972" />
  <Point X="95" Y="240" T="88641980" />
  <Point X="98" Y="243" T="88641988" />
  <Point X="100" Y="246" T="88641997" />
  <Point X="102" Y="247" T="88642008" />
  <Point X="104" Y="249" T="88642025" />
  <Point X="106" Y="247" T="88642044" />
  <Point X="108" Y="245" T="88642052" />
  <Point X="109" Y="242" T="88642061" />
  <Point X="110" Y="238" T="88642070" />
  <Point X="111" Y="234" T="88642079" />
  <Point X="112" Y="231" T="88642081" />
  <Point X="114" Y="225" T="88642090" />
  <Point X="118" Y="214" T="88642101" />
  <Point X="121" Y="206" T="88642111" />
  <Point X="122" Y="202" T="88642112" />
  <Point X="126" Y="194" T="88642123" />
  <Point X="128" Y="190" T="88642124" />
  <Point X="132" Y="182" T="88642135" />
  <Point X="133" Y="179" T="88642136" />
  <Point X="138" Y="172" T="88642148" />
  <Point X="140" Y="169" T="88642149" />
  <Point X="145" Y="161" T="88642161" />
  <Point X="150" Y="153" T="88642173" />
  <Point X="155" Y="147" T="88642185" />
  <Point X="157" Y="143" T="88642198" />
  <Point X="161" Y="138" T="88642210" />
  <Point X="163" Y="134" T="88642223" />
  <Point X="164" Y="132" T="88642235" />
  <Point X="166" Y="130" T="88642249" />
  <Point X="167" Y="128" T="88642263" />
</Gesture>