﻿<?xml version="1.0" encoding="utf-8" standalone="yes"?>
<Gesture Name="circle10" Subject="3" Speed="fast" Number="10" NumPts="55" Millseconds="547" AppName="Gestures" AppVer="3.5.0.0" Date="Thursday, March 08, 2007" TimeOfDay="2:08:34 PM">
  <Point X="138" Y="121" T="88583578" />
  <Point X="136" Y="120" T="88583591" />
  <Point X="134" Y="121" T="88583599" />
  <Point X="132" Y="122" T="88583608" />
  <Point X="129" Y="123" T="88583616" />
  <Point X="125" Y="124" T="88583624" />
  <Point X="121" Y="126" T="88583632" />
  <Point X="117" Y="129" T="88583640" />
  <Point X="115" Y="130" T="88583647" />
  <Point X="113" Y="131" T="88583653" />
  <Point X="109" Y="135" T="88583660" />
  <Point X="107" Y="137" T="88583661" />
  <Point X="105" Y="139" T="88583668" />
  <Point X="102" Y="143" T="88583676" />
  <Point X="100" Y="145" T="88583677" />
  <Point X="97" Y="151" T="88583685" />
  <Point X="94" Y="158" T="88583693" />
  <Point X="91" Y="165" T="88583701" />
  <Point X="90" Y="174" T="88583710" />
  <Point X="89" Y="183" T="88583719" />
  <Point X="90" Y="197" T="88583728" />
  <Point X="92" Y="204" T="88583738" />
  <Point X="94" Y="211" T="88583747" />
  <Point X="98" Y="219" T="88583757" />
  <Point X="102" Y="222" T="88583767" />
  <Point X="106" Y="225" T="88583777" />
  <Point X="112" Y="228" T="88583787" />
  <Point X="114" Y="228" T="88583788" />
  <Point X="119" Y="227" T="88583799" />
  <Point X="121" Y="226" T="88583800" />
  <Point X="126" Y="226" T="88583811" />
  <Point X="128" Y="225" T="88583812" />
  <Point X="135" Y="222" T="88583824" />
  <Point X="142" Y="218" T="88583836" />
  <Point X="147" Y="214" T="88583848" />
  <Point X="152" Y="209" T="88583861" />
  <Point X="156" Y="204" T="88583873" />
  <Point X="158" Y="199" T="88583886" />
  <Point X="162" Y="192" T="88583899" />
  <Point X="166" Y="182" T="88583912" />
  <Point X="168" Y="179" T="88583925" />
  <Point X="170" Y="172" T="88583939" />
  <Point X="172" Y="164" T="88583955" />
  <Point X="172" Y="161" T="88583957" />
  <Point X="172" Y="159" T="88583970" />
  <Point X="171" Y="154" T="88583985" />
  <Point X="169" Y="149" T="88583999" />
  <Point X="165" Y="145" T="88584014" />
  <Point X="164" Y="143" T="88584029" />
  <Point X="159" Y="138" T="88584047" />
  <Point X="155" Y="134" T="88584062" />
  <Point X="153" Y="131" T="88584078" />
  <Point X="151" Y="129" T="88584093" />
  <Point X="149" Y="127" T="88584109" />
  <Point X="147" Y="125" T="88584125" />
</Gesture>