﻿<?xml version="1.0" encoding="utf-8" standalone="yes"?>
<Gesture Name="circle02" Subject="3" Speed="fast" Number="2" NumPts="50" Millseconds="482" AppName="Gestures" AppVer="3.5.0.0" Date="Thursday, March 08, 2007" TimeOfDay="2:08:24 PM">
  <Point X="124" Y="140" T="88574203" />
  <Point X="122" Y="140" T="88574224" />
  <Point X="119" Y="142" T="88574236" />
  <Point X="117" Y="142" T="88574244" />
  <Point X="114" Y="144" T="88574252" />
  <Point X="111" Y="145" T="88574260" />
  <Point X="109" Y="146" T="88574267" />
  <Point X="105" Y="150" T="88574273" />
  <Point X="100" Y="154" T="88574281" />
  <Point X="98" Y="158" T="88574288" />
  <Point X="95" Y="161" T="88574289" />
  <Point X="90" Y="167" T="88574296" />
  <Point X="88" Y="171" T="88574303" />
  <Point X="86" Y="174" T="88574304" />
  <Point X="84" Y="183" T="88574312" />
  <Point X="82" Y="192" T="88574320" />
  <Point X="82" Y="200" T="88574329" />
  <Point X="84" Y="208" T="88574337" />
  <Point X="86" Y="216" T="88574345" />
  <Point X="90" Y="223" T="88574354" />
  <Point X="95" Y="227" T="88574363" />
  <Point X="97" Y="229" T="88574364" />
  <Point X="103" Y="231" T="88574374" />
  <Point X="108" Y="233" T="88574383" />
  <Point X="111" Y="233" T="88574385" />
  <Point X="116" Y="234" T="88574395" />
  <Point X="124" Y="232" T="88574405" />
  <Point X="129" Y="229" T="88574416" />
  <Point X="132" Y="228" T="88574417" />
  <Point X="137" Y="226" T="88574428" />
  <Point X="139" Y="224" T="88574429" />
  <Point X="146" Y="221" T="88574440" />
  <Point X="150" Y="217" T="88574452" />
  <Point X="155" Y="209" T="88574465" />
  <Point X="158" Y="205" T="88574477" />
  <Point X="161" Y="197" T="88574489" />
  <Point X="162" Y="189" T="88574502" />
  <Point X="163" Y="185" T="88574515" />
  <Point X="164" Y="174" T="88574528" />
  <Point X="164" Y="171" T="88574541" />
  <Point X="163" Y="166" T="88574555" />
  <Point X="161" Y="165" T="88574569" />
  <Point X="158" Y="160" T="88574583" />
  <Point X="154" Y="156" T="88574597" />
  <Point X="151" Y="153" T="88574611" />
  <Point X="146" Y="149" T="88574625" />
  <Point X="142" Y="147" T="88574639" />
  <Point X="139" Y="145" T="88574654" />
  <Point X="138" Y="142" T="88574670" />
  <Point X="136" Y="142" T="88574685" />
</Gesture>