﻿<?xml version="1.0" encoding="utf-8" standalone="yes"?>
<Gesture Name="circle07" Subject="3" Speed="fast" Number="7" NumPts="58" Millseconds="581" AppName="Gestures" AppVer="3.5.0.0" Date="Thursday, March 08, 2007" TimeOfDay="2:08:30 PM">
  <Point X="140" Y="129" T="88579649" />
  <Point X="138" Y="129" T="88579662" />
  <Point X="136" Y="130" T="88579674" />
  <Point X="133" Y="131" T="88579682" />
  <Point X="131" Y="132" T="88579691" />
  <Point X="127" Y="134" T="88579699" />
  <Point X="124" Y="136" T="88579708" />
  <Point X="120" Y="139" T="88579716" />
  <Point X="117" Y="142" T="88579724" />
  <Point X="113" Y="145" T="88579732" />
  <Point X="111" Y="148" T="88579739" />
  <Point X="109" Y="150" T="88579740" />
  <Point X="106" Y="156" T="88579748" />
  <Point X="103" Y="162" T="88579757" />
  <Point X="101" Y="168" T="88579765" />
  <Point X="99" Y="176" T="88579773" />
  <Point X="98" Y="182" T="88579781" />
  <Point X="98" Y="190" T="88579790" />
  <Point X="98" Y="197" T="88579798" />
  <Point X="100" Y="203" T="88579807" />
  <Point X="103" Y="213" T="88579817" />
  <Point X="106" Y="219" T="88579826" />
  <Point X="107" Y="221" T="88579836" />
  <Point X="111" Y="224" T="88579837" />
  <Point X="114" Y="226" T="88579847" />
  <Point X="120" Y="229" T="88579857" />
  <Point X="121" Y="231" T="88579867" />
  <Point X="127" Y="231" T="88579877" />
  <Point X="135" Y="230" T="88579889" />
  <Point X="137" Y="229" T="88579899" />
  <Point X="140" Y="229" T="88579900" />
  <Point X="144" Y="228" T="88579911" />
  <Point X="147" Y="226" T="88579923" />
  <Point X="154" Y="223" T="88579935" />
  <Point X="157" Y="221" T="88579947" />
  <Point X="162" Y="216" T="88579959" />
  <Point X="164" Y="213" T="88579971" />
  <Point X="166" Y="211" T="88579972" />
  <Point X="168" Y="205" T="88579985" />
  <Point X="170" Y="202" T="88579998" />
  <Point X="173" Y="193" T="88580011" />
  <Point X="174" Y="191" T="88580013" />
  <Point X="177" Y="185" T="88580026" />
  <Point X="179" Y="177" T="88580041" />
  <Point X="181" Y="170" T="88580055" />
  <Point X="181" Y="168" T="88580056" />
  <Point X="181" Y="165" T="88580071" />
  <Point X="181" Y="158" T="88580086" />
  <Point X="179" Y="153" T="88580101" />
  <Point X="177" Y="149" T="88580116" />
  <Point X="173" Y="145" T="88580131" />
  <Point X="169" Y="141" T="88580147" />
  <Point X="164" Y="138" T="88580164" />
  <Point X="162" Y="137" T="88580179" />
  <Point X="160" Y="136" T="88580180" />
  <Point X="158" Y="134" T="88580197" />
  <Point X="156" Y="132" T="88580213" />
  <Point X="154" Y="132" T="88580230" />
</Gesture>