﻿<?xml version="1.0" encoding="utf-8" standalone="yes"?>
<Gesture Name="circle06" Subject="3" Speed="fast" Number="6" NumPts="57" Millseconds="569" AppName="Gestures" AppVer="3.5.0.0" Date="Thursday, March 08, 2007" TimeOfDay="2:08:28 PM">
  <Point X="137" Y="140" T="88578500" />
  <Point X="133" Y="136" T="88578505" />
  <Point X="131" Y="135" T="88578512" />
  <Point X="128" Y="136" T="88578524" />
  <Point X="125" Y="137" T="88578532" />
  <Point X="122" Y="138" T="88578541" />
  <Point X="119" Y="140" T="88578549" />
  <Point X="116" Y="141" T="88578557" />
  <Point X="114" Y="142" T="88578564" />
  <Point X="110" Y="145" T="88578570" />
  <Point X="108" Y="148" T="88578578" />
  <Point X="105" Y="150" T="88578586" />
  <Point X="104" Y="153" T="88578593" />
  <Point X="103" Y="155" T="88578594" />
  <Point X="101" Y="160" T="88578602" />
  <Point X="100" Y="167" T="88578610" />
  <Point X="99" Y="174" T="88578619" />
  <Point X="99" Y="182" T="88578627" />
  <Point X="100" Y="190" T="88578636" />
  <Point X="101" Y="197" T="88578645" />
  <Point X="103" Y="205" T="88578654" />
  <Point X="104" Y="208" T="88578655" />
  <Point X="107" Y="213" T="88578664" />
  <Point X="109" Y="216" T="88578674" />
  <Point X="112" Y="220" T="88578684" />
  <Point X="115" Y="221" T="88578694" />
  <Point X="117" Y="223" T="88578695" />
  <Point X="120" Y="224" T="88578705" />
  <Point X="123" Y="225" T="88578716" />
  <Point X="128" Y="226" T="88578727" />
  <Point X="132" Y="226" T="88578738" />
  <Point X="135" Y="225" T="88578750" />
  <Point X="138" Y="224" T="88578751" />
  <Point X="142" Y="223" T="88578762" />
  <Point X="148" Y="219" T="88578775" />
  <Point X="151" Y="217" T="88578787" />
  <Point X="158" Y="212" T="88578799" />
  <Point X="162" Y="206" T="88578812" />
  <Point X="166" Y="200" T="88578825" />
  <Point X="170" Y="192" T="88578838" />
  <Point X="172" Y="185" T="88578852" />
  <Point X="174" Y="179" T="88578865" />
  <Point X="176" Y="171" T="88578879" />
  <Point X="176" Y="165" T="88578895" />
  <Point X="176" Y="163" T="88578909" />
  <Point X="176" Y="160" T="88578910" />
  <Point X="175" Y="158" T="88578925" />
  <Point X="173" Y="153" T="88578940" />
  <Point X="170" Y="151" T="88578955" />
  <Point X="168" Y="149" T="88578969" />
  <Point X="165" Y="147" T="88578971" />
  <Point X="163" Y="145" T="88578986" />
  <Point X="161" Y="145" T="88579005" />
  <Point X="159" Y="143" T="88579020" />
  <Point X="157" Y="141" T="88579036" />
  <Point X="155" Y="140" T="88579053" />
  <Point X="154" Y="137" T="88579069" />
</Gesture>