﻿<?xml version="1.0" encoding="utf-8" standalone="yes"?>
<Gesture Name="circle03" Subject="3" Speed="fast" Number="3" NumPts="57" Millseconds="552" AppName="Gestures" AppVer="3.5.0.0" Date="Thursday, March 08, 2007" TimeOfDay="2:08:25 PM">
  <Point X="132" Y="137" T="88575315" />
  <Point X="130" Y="136" T="88575339" />
  <Point X="128" Y="137" T="88575351" />
  <Point X="126" Y="137" T="88575360" />
  <Point X="123" Y="136" T="88575368" />
  <Point X="121" Y="137" T="88575376" />
  <Point X="119" Y="138" T="88575384" />
  <Point X="116" Y="139" T="88575392" />
  <Point X="113" Y="141" T="88575400" />
  <Point X="109" Y="142" T="88575408" />
  <Point X="106" Y="145" T="88575416" />
  <Point X="104" Y="148" T="88575423" />
  <Point X="102" Y="150" T="88575424" />
  <Point X="98" Y="155" T="88575432" />
  <Point X="97" Y="158" T="88575440" />
  <Point X="95" Y="161" T="88575441" />
  <Point X="93" Y="166" T="88575449" />
  <Point X="91" Y="174" T="88575457" />
  <Point X="89" Y="181" T="88575466" />
  <Point X="89" Y="189" T="88575475" />
  <Point X="89" Y="201" T="88575484" />
  <Point X="89" Y="209" T="88575493" />
  <Point X="91" Y="215" T="88575503" />
  <Point X="92" Y="218" T="88575504" />
  <Point X="95" Y="223" T="88575514" />
  <Point X="101" Y="229" T="88575525" />
  <Point X="108" Y="233" T="88575538" />
  <Point X="113" Y="235" T="88575549" />
  <Point X="116" Y="235" T="88575550" />
  <Point X="121" Y="235" T="88575560" />
  <Point X="124" Y="235" T="88575562" />
  <Point X="131" Y="234" T="88575573" />
  <Point X="136" Y="233" T="88575585" />
  <Point X="138" Y="232" T="88575586" />
  <Point X="146" Y="228" T="88575598" />
  <Point X="153" Y="224" T="88575610" />
  <Point X="158" Y="220" T="88575623" />
  <Point X="164" Y="214" T="88575639" />
  <Point X="167" Y="207" T="88575654" />
  <Point X="169" Y="199" T="88575669" />
  <Point X="170" Y="197" T="88575670" />
  <Point X="171" Y="190" T="88575684" />
  <Point X="171" Y="188" T="88575685" />
  <Point X="172" Y="181" T="88575700" />
  <Point X="172" Y="179" T="88575701" />
  <Point X="172" Y="175" T="88575716" />
  <Point X="172" Y="168" T="88575731" />
  <Point X="170" Y="158" T="88575748" />
  <Point X="168" Y="156" T="88575763" />
  <Point X="166" Y="152" T="88575764" />
  <Point X="164" Y="150" T="88575780" />
  <Point X="161" Y="148" T="88575781" />
  <Point X="155" Y="145" T="88575797" />
  <Point X="150" Y="143" T="88575813" />
  <Point X="145" Y="141" T="88575830" />
  <Point X="143" Y="139" T="88575850" />
  <Point X="141" Y="139" T="88575867" />
</Gesture>