﻿<?xml version="1.0" encoding="utf-8" standalone="yes"?>
<Gesture Name="circle05" Subject="3" Speed="fast" Number="5" NumPts="57" Millseconds="558" AppName="Gestures" AppVer="3.5.0.0" Date="Thursday, March 08, 2007" TimeOfDay="2:08:27 PM">
  <Point X="132" Y="135" T="88577389" />
  <Point X="130" Y="135" T="88577405" />
  <Point X="127" Y="136" T="88577417" />
  <Point X="125" Y="137" T="88577425" />
  <Point X="123" Y="137" T="88577433" />
  <Point X="121" Y="139" T="88577441" />
  <Point X="119" Y="141" T="88577450" />
  <Point X="117" Y="142" T="88577458" />
  <Point X="115" Y="143" T="88577466" />
  <Point X="114" Y="145" T="88577473" />
  <Point X="112" Y="147" T="88577479" />
  <Point X="110" Y="151" T="88577486" />
  <Point X="108" Y="154" T="88577494" />
  <Point X="107" Y="157" T="88577495" />
  <Point X="104" Y="164" T="88577503" />
  <Point X="103" Y="169" T="88577511" />
  <Point X="101" Y="175" T="88577519" />
  <Point X="101" Y="182" T="88577528" />
  <Point X="101" Y="188" T="88577536" />
  <Point X="102" Y="195" T="88577545" />
  <Point X="103" Y="199" T="88577546" />
  <Point X="104" Y="205" T="88577556" />
  <Point X="106" Y="211" T="88577565" />
  <Point X="109" Y="214" T="88577575" />
  <Point X="114" Y="220" T="88577585" />
  <Point X="120" Y="223" T="88577595" />
  <Point X="123" Y="225" T="88577606" />
  <Point X="125" Y="226" T="88577607" />
  <Point X="129" Y="227" T="88577617" />
  <Point X="131" Y="227" T="88577618" />
  <Point X="133" Y="226" T="88577629" />
  <Point X="137" Y="226" T="88577630" />
  <Point X="139" Y="226" T="88577641" />
  <Point X="143" Y="225" T="88577643" />
  <Point X="148" Y="223" T="88577655" />
  <Point X="152" Y="222" T="88577667" />
  <Point X="158" Y="218" T="88577680" />
  <Point X="161" Y="216" T="88577692" />
  <Point X="166" Y="210" T="88577705" />
  <Point X="168" Y="206" T="88577718" />
  <Point X="171" Y="203" T="88577719" />
  <Point X="173" Y="199" T="88577732" />
  <Point X="178" Y="189" T="88577746" />
  <Point X="179" Y="183" T="88577760" />
  <Point X="182" Y="173" T="88577775" />
  <Point X="183" Y="171" T="88577789" />
  <Point X="183" Y="168" T="88577790" />
  <Point X="183" Y="162" T="88577805" />
  <Point X="180" Y="158" T="88577820" />
  <Point X="178" Y="155" T="88577835" />
  <Point X="173" Y="151" T="88577850" />
  <Point X="168" Y="147" T="88577866" />
  <Point X="161" Y="144" T="88577882" />
  <Point X="156" Y="141" T="88577898" />
  <Point X="154" Y="140" T="88577914" />
  <Point X="153" Y="138" T="88577930" />
  <Point X="152" Y="136" T="88577947" />
</Gesture>