﻿<?xml version="1.0" encoding="utf-8" standalone="yes"?>
<Gesture Name="circle08" Subject="3" Speed="fast" Number="8" NumPts="53" Millseconds="549" AppName="Gestures" AppVer="3.5.0.0" Date="Thursday, March 08, 2007" TimeOfDay="2:08:31 PM">
  <Point X="144" Y="129" T="88580969" />
  <Point X="142" Y="129" T="88580993" />
  <Point X="140" Y="129" T="88581005" />
  <Point X="137" Y="129" T="88581014" />
  <Point X="134" Y="129" T="88581022" />
  <Point X="131" Y="130" T="88581030" />
  <Point X="128" Y="132" T="88581038" />
  <Point X="126" Y="133" T="88581045" />
  <Point X="124" Y="134" T="88581051" />
  <Point X="118" Y="139" T="88581058" />
  <Point X="116" Y="141" T="88581065" />
  <Point X="114" Y="143" T="88581066" />
  <Point X="112" Y="145" T="88581074" />
  <Point X="110" Y="147" T="88581075" />
  <Point X="106" Y="151" T="88581083" />
  <Point X="103" Y="157" T="88581091" />
  <Point X="100" Y="162" T="88581099" />
  <Point X="97" Y="169" T="88581108" />
  <Point X="96" Y="176" T="88581116" />
  <Point X="95" Y="184" T="88581125" />
  <Point X="95" Y="187" T="88581126" />
  <Point X="96" Y="194" T="88581136" />
  <Point X="97" Y="201" T="88581145" />
  <Point X="98" Y="203" T="88581146" />
  <Point X="100" Y="208" T="88581156" />
  <Point X="103" Y="214" T="88581167" />
  <Point X="107" Y="219" T="88581177" />
  <Point X="112" Y="222" T="88581187" />
  <Point X="115" Y="223" T="88581198" />
  <Point X="119" Y="224" T="88581209" />
  <Point X="125" Y="225" T="88581220" />
  <Point X="129" Y="224" T="88581232" />
  <Point X="137" Y="221" T="88581243" />
  <Point X="143" Y="217" T="88581255" />
  <Point X="147" Y="214" T="88581267" />
  <Point X="154" Y="210" T="88581279" />
  <Point X="158" Y="203" T="88581292" />
  <Point X="161" Y="198" T="88581305" />
  <Point X="166" Y="190" T="88581318" />
  <Point X="167" Y="187" T="88581319" />
  <Point X="170" Y="181" T="88581332" />
  <Point X="173" Y="171" T="88581347" />
  <Point X="175" Y="164" T="88581361" />
  <Point X="175" Y="159" T="88581375" />
  <Point X="174" Y="155" T="88581388" />
  <Point X="173" Y="150" T="88581403" />
  <Point X="170" Y="145" T="88581417" />
  <Point X="167" Y="143" T="88581432" />
  <Point X="162" Y="140" T="88581447" />
  <Point X="159" Y="137" T="88581463" />
  <Point X="157" Y="135" T="88581478" />
  <Point X="155" Y="132" T="88581494" />
  <Point X="153" Y="130" T="88581518" />
</Gesture>