﻿<?xml version="1.0" encoding="utf-8" standalone="yes"?>
<Gesture Name="circle09" Subject="3" Speed="fast" Number="9" NumPts="59" Millseconds="573" AppName="Gestures" AppVer="3.5.0.0" Date="Thursday, March 08, 2007" TimeOfDay="2:08:32 PM">
  <Point X="138" Y="125" T="88582242" />
  <Point X="136" Y="125" T="88582249" />
  <Point X="133" Y="125" T="88582261" />
  <Point X="131" Y="125" T="88582270" />
  <Point X="127" Y="127" T="88582278" />
  <Point X="124" Y="128" T="88582286" />
  <Point X="122" Y="128" T="88582292" />
  <Point X="118" Y="130" T="88582298" />
  <Point X="116" Y="131" T="88582305" />
  <Point X="114" Y="132" T="88582311" />
  <Point X="110" Y="133" T="88582318" />
  <Point X="108" Y="135" T="88582319" />
  <Point X="104" Y="140" T="88582326" />
  <Point X="101" Y="143" T="88582335" />
  <Point X="99" Y="145" T="88582342" />
  <Point X="98" Y="148" T="88582344" />
  <Point X="95" Y="153" T="88582352" />
  <Point X="92" Y="160" T="88582360" />
  <Point X="90" Y="168" T="88582369" />
  <Point X="89" Y="177" T="88582378" />
  <Point X="89" Y="190" T="88582387" />
  <Point X="90" Y="197" T="88582396" />
  <Point X="92" Y="205" T="88582406" />
  <Point X="96" Y="215" T="88582416" />
  <Point X="99" Y="221" T="88582426" />
  <Point X="102" Y="223" T="88582436" />
  <Point X="106" Y="225" T="88582446" />
  <Point X="110" Y="228" T="88582447" />
  <Point X="113" Y="230" T="88582458" />
  <Point X="115" Y="230" T="88582459" />
  <Point X="119" Y="230" T="88582470" />
  <Point X="121" Y="230" T="88582472" />
  <Point X="128" Y="228" T="88582483" />
  <Point X="134" Y="226" T="88582495" />
  <Point X="141" Y="222" T="88582508" />
  <Point X="147" Y="218" T="88582520" />
  <Point X="151" Y="214" T="88582533" />
  <Point X="157" Y="205" T="88582545" />
  <Point X="161" Y="198" T="88582558" />
  <Point X="162" Y="195" T="88582559" />
  <Point X="165" Y="189" T="88582573" />
  <Point X="168" Y="181" T="88582587" />
  <Point X="169" Y="178" T="88582588" />
  <Point X="171" Y="175" T="88582601" />
  <Point X="173" Y="166" T="88582616" />
  <Point X="174" Y="161" T="88582630" />
  <Point X="174" Y="158" T="88582631" />
  <Point X="174" Y="155" T="88582646" />
  <Point X="174" Y="152" T="88582647" />
  <Point X="173" Y="149" T="88582662" />
  <Point X="172" Y="146" T="88582663" />
  <Point X="171" Y="143" T="88582679" />
  <Point X="169" Y="141" T="88582680" />
  <Point X="164" Y="136" T="88582696" />
  <Point X="160" Y="132" T="88582712" />
  <Point X="158" Y="130" T="88582728" />
  <Point X="156" Y="128" T="88582747" />
  <Point X="153" Y="128" T="88582764" />
  <Point X="153" Y="131" T="88582815" />
</Gesture>