﻿<?xml version="1.0" encoding="utf-8" standalone="yes"?>
<Gesture Name="circle04" Subject="3" Speed="fast" Number="4" NumPts="53" Millseconds="537" AppName="Gestures" AppVer="3.5.0.0" Date="Thursday, March 08, 2007" TimeOfDay="2:08:26 PM">
  <Point X="133" Y="132" T="88576376" />
  <Point X="131" Y="132" T="88576388" />
  <Point X="129" Y="131" T="88576401" />
  <Point X="127" Y="132" T="88576408" />
  <Point X="124" Y="132" T="88576417" />
  <Point X="122" Y="132" T="88576425" />
  <Point X="118" Y="134" T="88576433" />
  <Point X="115" Y="137" T="88576441" />
  <Point X="112" Y="138" T="88576449" />
  <Point X="109" Y="141" T="88576457" />
  <Point X="107" Y="144" T="88576464" />
  <Point X="104" Y="148" T="88576471" />
  <Point X="101" Y="154" T="88576478" />
  <Point X="99" Y="160" T="88576486" />
  <Point X="97" Y="167" T="88576494" />
  <Point X="97" Y="174" T="88576502" />
  <Point X="96" Y="182" T="88576510" />
  <Point X="97" Y="189" T="88576518" />
  <Point X="98" Y="196" T="88576527" />
  <Point X="100" Y="202" T="88576536" />
  <Point X="101" Y="205" T="88576537" />
  <Point X="103" Y="210" T="88576546" />
  <Point X="105" Y="214" T="88576556" />
  <Point X="110" Y="219" T="88576566" />
  <Point X="113" Y="221" T="88576575" />
  <Point X="116" Y="223" T="88576585" />
  <Point X="120" Y="224" T="88576596" />
  <Point X="127" Y="224" T="88576606" />
  <Point X="131" Y="224" T="88576617" />
  <Point X="137" Y="223" T="88576628" />
  <Point X="140" Y="222" T="88576639" />
  <Point X="147" Y="219" T="88576650" />
  <Point X="153" Y="216" T="88576663" />
  <Point X="156" Y="214" T="88576674" />
  <Point X="161" Y="209" T="88576686" />
  <Point X="163" Y="206" T="88576699" />
  <Point X="167" Y="199" T="88576711" />
  <Point X="169" Y="194" T="88576724" />
  <Point X="172" Y="188" T="88576736" />
  <Point X="173" Y="185" T="88576738" />
  <Point X="174" Y="181" T="88576751" />
  <Point X="176" Y="173" T="88576765" />
  <Point X="176" Y="171" T="88576766" />
  <Point X="176" Y="166" T="88576780" />
  <Point X="175" Y="160" T="88576794" />
  <Point X="174" Y="157" T="88576808" />
  <Point X="171" Y="153" T="88576823" />
  <Point X="167" Y="147" T="88576837" />
  <Point X="161" Y="145" T="88576852" />
  <Point X="156" Y="142" T="88576868" />
  <Point X="154" Y="142" T="88576883" />
  <Point X="152" Y="140" T="88576898" />
  <Point X="150" Y="139" T="88576913" />
</Gesture>