﻿<?xml version="1.0" encoding="utf-8" standalone="yes"?>
<Gesture Name="circle01" Subject="3" Speed="fast" Number="1" NumPts="48" Millseconds="434" AppName="Gestures" AppVer="3.5.0.0" Date="Thursday, March 08, 2007" TimeOfDay="2:08:23 PM">
  <Point X="131" Y="139" T="88573034" />
  <Point X="128" Y="140" T="88573054" />
  <Point X="126" Y="139" T="88573066" />
  <Point X="124" Y="139" T="88573073" />
  <Point X="121" Y="140" T="88573082" />
  <Point X="118" Y="141" T="88573090" />
  <Point X="115" Y="142" T="88573098" />
  <Point X="111" Y="144" T="88573106" />
  <Point X="109" Y="145" T="88573112" />
  <Point X="105" Y="148" T="88573119" />
  <Point X="102" Y="151" T="88573127" />
  <Point X="99" Y="154" T="88573135" />
  <Point X="96" Y="158" T="88573143" />
  <Point X="94" Y="161" T="88573150" />
  <Point X="93" Y="165" T="88573151" />
  <Point X="91" Y="170" T="88573160" />
  <Point X="90" Y="175" T="88573168" />
  <Point X="90" Y="182" T="88573176" />
  <Point X="91" Y="188" T="88573185" />
  <Point X="93" Y="194" T="88573194" />
  <Point X="98" Y="202" T="88573203" />
  <Point X="101" Y="207" T="88573213" />
  <Point X="106" Y="212" T="88573222" />
  <Point X="108" Y="214" T="88573223" />
  <Point X="113" Y="217" T="88573233" />
  <Point X="121" Y="219" T="88573244" />
  <Point X="126" Y="220" T="88573254" />
  <Point X="128" Y="220" T="88573255" />
  <Point X="132" Y="219" T="88573266" />
  <Point X="134" Y="218" T="88573267" />
  <Point X="136" Y="218" T="88573278" />
  <Point X="140" Y="218" T="88573279" />
  <Point X="143" Y="215" T="88573291" />
  <Point X="147" Y="212" T="88573302" />
  <Point X="150" Y="210" T="88573304" />
  <Point X="154" Y="204" T="88573316" />
  <Point X="157" Y="197" T="88573328" />
  <Point X="160" Y="190" T="88573341" />
  <Point X="161" Y="183" T="88573354" />
  <Point X="163" Y="171" T="88573368" />
  <Point X="163" Y="167" T="88573381" />
  <Point X="163" Y="161" T="88573395" />
  <Point X="162" Y="159" T="88573396" />
  <Point X="160" Y="157" T="88573409" />
  <Point X="157" Y="155" T="88573423" />
  <Point X="152" Y="153" T="88573437" />
  <Point X="148" Y="152" T="88573452" />
  <Point X="145" Y="151" T="88573468" />
</Gesture>