﻿<?xml version="1.0" encoding="utf-8" standalone="yes"?>
<Gesture Name="delete_mark01" Subject="3" Speed="fast" Number="1" NumPts="57" Millseconds="606" AppName="Gestures" AppVer="3.5.0.0" Date="Thursday, March 08, 2007" TimeOfDay="2:02:37 PM">
  <Point X="86" Y="138" T="88226709" />
  <Point X="88" Y="140" T="88226729" />
  <Point X="89" Y="143" T="88226737" />
  <Point X="91" Y="146" T="88226745" />
  <Point X="92" Y="148" T="88226750" />
  <Point X="95" Y="153" T="88226758" />
  <Point X="96" Y="156" T="88226764" />
  <Point X="99" Y="161" T="88226770" />
  <Point X="101" Y="163" T="88226776" />
  <Point X="102" Y="166" T="88226777" />
  <Point X="106" Y="170" T="88226786" />
  <Point X="110" Y="177" T="88226793" />
  <Point X="111" Y="180" T="88226800" />
  <Point X="113" Y="183" T="88226801" />
  <Point X="117" Y="189" T="88226811" />
  <Point X="121" Y="196" T="88226819" />
  <Point X="124" Y="201" T="88226828" />
  <Point X="128" Y="207" T="88226836" />
  <Point X="129" Y="211" T="88226844" />
  <Point X="132" Y="215" T="88226845" />
  <Point X="134" Y="219" T="88226856" />
  <Point X="135" Y="221" T="88226857" />
  <Point X="137" Y="224" T="88226869" />
  <Point X="138" Y="227" T="88226878" />
  <Point X="139" Y="229" T="88226888" />
  <Point X="139" Y="232" T="88226898" />
  <Point X="139" Y="234" T="88226908" />
  <Point X="139" Y="236" T="88226924" />
  <Point X="138" Y="238" T="88226948" />
  <Point X="136" Y="238" T="88226964" />
  <Point X="134" Y="238" T="88226975" />
  <Point X="131" Y="238" T="88226986" />
  <Point X="124" Y="237" T="88226998" />
  <Point X="117" Y="233" T="88227010" />
  <Point X="109" Y="233" T="88227023" />
  <Point X="100" Y="230" T="88227035" />
  <Point X="92" Y="230" T="88227048" />
  <Point X="89" Y="229" T="88227049" />
  <Point X="81" Y="226" T="88227063" />
  <Point X="79" Y="227" T="88227064" />
  <Point X="74" Y="226" T="88227080" />
  <Point X="71" Y="226" T="88227081" />
  <Point X="69" Y="225" T="88227096" />
  <Point X="67" Y="224" T="88227109" />
  <Point X="66" Y="221" T="88227124" />
  <Point X="69" Y="219" T="88227140" />
  <Point X="71" Y="217" T="88227154" />
  <Point X="76" Y="212" T="88227169" />
  <Point X="83" Y="202" T="88227185" />
  <Point X="91" Y="190" T="88227200" />
  <Point X="97" Y="179" T="88227216" />
  <Point X="100" Y="174" T="88227217" />
  <Point X="109" Y="158" T="88227235" />
  <Point X="119" Y="141" T="88227256" />
  <Point X="123" Y="133" T="88227272" />
  <Point X="127" Y="127" T="88227288" />
  <Point X="129" Y="125" T="88227315" />
</Gesture>