﻿<?xml version="1.0" encoding="utf-8" standalone="yes"?>
<Gesture Name="delete_mark10" Subject="3" Speed="fast" Number="10" NumPts="54" Millseconds="589" AppName="Gestures" AppVer="3.5.0.0" Date="Thursday, March 08, 2007" TimeOfDay="2:02:46 PM">
  <Point X="73" Y="165" T="88235359" />
  <Point X="75" Y="165" T="88235372" />
  <Point X="77" Y="166" T="88235385" />
  <Point X="79" Y="168" T="88235392" />
  <Point X="80" Y="171" T="88235401" />
  <Point X="82" Y="173" T="88235409" />
  <Point X="84" Y="177" T="88235417" />
  <Point X="85" Y="179" T="88235423" />
  <Point X="88" Y="185" T="88235430" />
  <Point X="90" Y="187" T="88235436" />
  <Point X="91" Y="190" T="88235437" />
  <Point X="93" Y="193" T="88235445" />
  <Point X="94" Y="197" T="88235446" />
  <Point X="98" Y="203" T="88235453" />
  <Point X="102" Y="210" T="88235461" />
  <Point X="105" Y="217" T="88235469" />
  <Point X="109" Y="223" T="88235478" />
  <Point X="112" Y="229" T="88235486" />
  <Point X="115" Y="234" T="88235495" />
  <Point X="116" Y="236" T="88235503" />
  <Point X="118" Y="239" T="88235512" />
  <Point X="120" Y="242" T="88235513" />
  <Point X="122" Y="244" T="88235526" />
  <Point X="123" Y="247" T="88235537" />
  <Point X="124" Y="249" T="88235557" />
  <Point X="125" Y="251" T="88235570" />
  <Point X="123" Y="252" T="88235619" />
  <Point X="120" Y="253" T="88235631" />
  <Point X="118" Y="252" T="88235642" />
  <Point X="115" Y="252" T="88235652" />
  <Point X="108" Y="251" T="88235664" />
  <Point X="102" Y="250" T="88235676" />
  <Point X="95" Y="248" T="88235688" />
  <Point X="86" Y="247" T="88235700" />
  <Point X="79" Y="247" T="88235712" />
  <Point X="72" Y="246" T="88235724" />
  <Point X="68" Y="245" T="88235737" />
  <Point X="62" Y="244" T="88235749" />
  <Point X="59" Y="243" T="88235762" />
  <Point X="59" Y="241" T="88235775" />
  <Point X="59" Y="239" T="88235796" />
  <Point X="60" Y="236" T="88235809" />
  <Point X="65" Y="228" T="88235823" />
  <Point X="67" Y="226" T="88235824" />
  <Point X="73" Y="219" T="88235839" />
  <Point X="82" Y="207" T="88235853" />
  <Point X="93" Y="193" T="88235869" />
  <Point X="101" Y="181" T="88235883" />
  <Point X="104" Y="177" T="88235885" />
  <Point X="112" Y="164" T="88235900" />
  <Point X="118" Y="156" T="88235916" />
  <Point X="120" Y="153" T="88235931" />
  <Point X="122" Y="151" T="88235933" />
  <Point X="123" Y="149" T="88235948" />
</Gesture>