﻿<?xml version="1.0" encoding="utf-8" standalone="yes"?>
<Gesture Name="delete_mark09" Subject="3" Speed="fast" Number="9" NumPts="57" Millseconds="633" AppName="Gestures" AppVer="3.5.0.0" Date="Thursday, March 08, 2007" TimeOfDay="2:02:45 PM">
  <Point X="73" Y="150" T="88234378" />
  <Point X="75" Y="149" T="88234398" />
  <Point X="78" Y="148" T="88234411" />
  <Point X="79" Y="150" T="88234423" />
  <Point X="81" Y="153" T="88234435" />
  <Point X="83" Y="156" T="88234443" />
  <Point X="84" Y="159" T="88234451" />
  <Point X="85" Y="162" T="88234457" />
  <Point X="88" Y="167" T="88234464" />
  <Point X="89" Y="170" T="88234470" />
  <Point X="91" Y="173" T="88234471" />
  <Point X="93" Y="177" T="88234478" />
  <Point X="94" Y="181" T="88234479" />
  <Point X="98" Y="188" T="88234487" />
  <Point X="102" Y="197" T="88234495" />
  <Point X="106" Y="205" T="88234503" />
  <Point X="110" Y="213" T="88234511" />
  <Point X="114" Y="220" T="88234520" />
  <Point X="117" Y="226" T="88234529" />
  <Point X="120" Y="230" T="88234538" />
  <Point X="123" Y="234" T="88234547" />
  <Point X="124" Y="236" T="88234548" />
  <Point X="126" Y="238" T="88234557" />
  <Point X="128" Y="240" T="88234568" />
  <Point X="129" Y="242" T="88234578" />
  <Point X="130" Y="244" T="88234589" />
  <Point X="131" Y="247" T="88234608" />
  <Point X="130" Y="249" T="88234624" />
  <Point X="128" Y="251" T="88234644" />
  <Point X="126" Y="252" T="88234656" />
  <Point X="123" Y="252" T="88234668" />
  <Point X="120" Y="250" T="88234679" />
  <Point X="117" Y="250" T="88234691" />
  <Point X="110" Y="246" T="88234703" />
  <Point X="104" Y="244" T="88234715" />
  <Point X="101" Y="244" T="88234716" />
  <Point X="95" Y="242" T="88234729" />
  <Point X="91" Y="242" T="88234742" />
  <Point X="85" Y="241" T="88234755" />
  <Point X="82" Y="243" T="88234756" />
  <Point X="79" Y="243" T="88234771" />
  <Point X="77" Y="244" T="88234784" />
  <Point X="74" Y="242" T="88234785" />
  <Point X="72" Y="241" T="88234805" />
  <Point X="71" Y="239" T="88234837" />
  <Point X="71" Y="237" T="88234851" />
  <Point X="73" Y="231" T="88234866" />
  <Point X="76" Y="224" T="88234880" />
  <Point X="77" Y="222" T="88234882" />
  <Point X="84" Y="209" T="88234897" />
  <Point X="92" Y="193" T="88234913" />
  <Point X="100" Y="178" T="88234929" />
  <Point X="108" Y="163" T="88234946" />
  <Point X="114" Y="154" T="88234962" />
  <Point X="119" Y="149" T="88234979" />
  <Point X="123" Y="146" T="88234995" />
  <Point X="125" Y="146" T="88235011" />
</Gesture>