﻿<?xml version="1.0" encoding="utf-8" standalone="yes"?>
<Gesture Name="delete_mark02" Subject="3" Speed="fast" Number="2" NumPts="55" Millseconds="647" AppName="Gestures" AppVer="3.5.0.0" Date="Thursday, March 08, 2007" TimeOfDay="2:02:39 PM">
  <Point X="85" Y="150" T="88227910" />
  <Point X="85" Y="152" T="88227938" />
  <Point X="86" Y="154" T="88227950" />
  <Point X="88" Y="157" T="88227959" />
  <Point X="90" Y="159" T="88227967" />
  <Point X="93" Y="162" T="88227975" />
  <Point X="96" Y="166" T="88227983" />
  <Point X="99" Y="170" T="88227992" />
  <Point X="100" Y="173" T="88227998" />
  <Point X="104" Y="178" T="88228005" />
  <Point X="105" Y="181" T="88228012" />
  <Point X="107" Y="184" T="88228013" />
  <Point X="111" Y="189" T="88228020" />
  <Point X="113" Y="193" T="88228027" />
  <Point X="115" Y="196" T="88228028" />
  <Point X="119" Y="202" T="88228037" />
  <Point X="123" Y="209" T="88228045" />
  <Point X="126" Y="213" T="88228053" />
  <Point X="129" Y="218" T="88228062" />
  <Point X="131" Y="221" T="88228070" />
  <Point X="133" Y="224" T="88228079" />
  <Point X="135" Y="226" T="88228089" />
  <Point X="137" Y="229" T="88228098" />
  <Point X="138" Y="232" T="88228121" />
  <Point X="138" Y="234" T="88228153" />
  <Point X="137" Y="237" T="88228169" />
  <Point X="135" Y="237" T="88228185" />
  <Point X="132" Y="239" T="88228197" />
  <Point X="130" Y="239" T="88228208" />
  <Point X="124" Y="239" T="88228218" />
  <Point X="118" Y="239" T="88228230" />
  <Point X="110" Y="238" T="88228241" />
  <Point X="105" Y="238" T="88228252" />
  <Point X="102" Y="238" T="88228253" />
  <Point X="94" Y="237" T="88228265" />
  <Point X="86" Y="237" T="88228278" />
  <Point X="80" Y="237" T="88228290" />
  <Point X="77" Y="235" T="88228302" />
  <Point X="73" Y="233" T="88228315" />
  <Point X="71" Y="231" T="88228329" />
  <Point X="72" Y="229" T="88228377" />
  <Point X="74" Y="226" T="88228390" />
  <Point X="76" Y="225" T="88228404" />
  <Point X="80" Y="221" T="88228417" />
  <Point X="84" Y="215" T="88228431" />
  <Point X="92" Y="204" T="88228446" />
  <Point X="98" Y="194" T="88228460" />
  <Point X="100" Y="189" T="88228461" />
  <Point X="105" Y="179" T="88228477" />
  <Point X="107" Y="175" T="88228478" />
  <Point X="113" Y="163" T="88228494" />
  <Point X="119" Y="154" T="88228510" />
  <Point X="123" Y="147" T="88228526" />
  <Point X="125" Y="144" T="88228541" />
  <Point X="126" Y="141" T="88228557" />
</Gesture>