﻿<?xml version="1.0" encoding="utf-8" standalone="yes"?>
<Gesture Name="delete_mark05" Subject="3" Speed="fast" Number="5" NumPts="55" Millseconds="633" AppName="Gestures" AppVer="3.5.0.0" Date="Thursday, March 08, 2007" TimeOfDay="2:02:42 PM">
  <Point X="80" Y="141" T="88230941" />
  <Point X="81" Y="143" T="88230993" />
  <Point X="84" Y="146" T="88231006" />
  <Point X="85" Y="148" T="88231012" />
  <Point X="87" Y="150" T="88231017" />
  <Point X="90" Y="154" T="88231023" />
  <Point X="92" Y="156" T="88231029" />
  <Point X="94" Y="158" T="88231030" />
  <Point X="96" Y="161" T="88231037" />
  <Point X="101" Y="168" T="88231044" />
  <Point X="105" Y="175" T="88231051" />
  <Point X="107" Y="179" T="88231057" />
  <Point X="109" Y="182" T="88231059" />
  <Point X="114" Y="190" T="88231066" />
  <Point X="116" Y="194" T="88231074" />
  <Point X="118" Y="198" T="88231075" />
  <Point X="122" Y="205" T="88231083" />
  <Point X="126" Y="212" T="88231091" />
  <Point X="129" Y="218" T="88231100" />
  <Point X="131" Y="222" T="88231110" />
  <Point X="133" Y="226" T="88231111" />
  <Point X="135" Y="228" T="88231120" />
  <Point X="137" Y="231" T="88231129" />
  <Point X="140" Y="236" T="88231139" />
  <Point X="141" Y="239" T="88231150" />
  <Point X="142" Y="241" T="88231178" />
  <Point X="139" Y="241" T="88231202" />
  <Point X="137" Y="242" T="88231214" />
  <Point X="135" Y="241" T="88231226" />
  <Point X="132" Y="241" T="88231237" />
  <Point X="127" Y="240" T="88231249" />
  <Point X="119" Y="238" T="88231261" />
  <Point X="111" Y="239" T="88231273" />
  <Point X="100" Y="239" T="88231286" />
  <Point X="91" Y="239" T="88231299" />
  <Point X="84" Y="240" T="88231312" />
  <Point X="79" Y="241" T="88231325" />
  <Point X="73" Y="240" T="88231337" />
  <Point X="70" Y="241" T="88231350" />
  <Point X="69" Y="239" T="88231363" />
  <Point X="71" Y="236" T="88231390" />
  <Point X="71" Y="234" T="88231403" />
  <Point X="74" Y="228" T="88231417" />
  <Point X="75" Y="226" T="88231418" />
  <Point X="79" Y="219" T="88231433" />
  <Point X="86" Y="206" T="88231447" />
  <Point X="94" Y="190" T="88231462" />
  <Point X="102" Y="175" T="88231477" />
  <Point X="104" Y="170" T="88231479" />
  <Point X="113" Y="154" T="88231494" />
  <Point X="121" Y="142" T="88231510" />
  <Point X="125" Y="135" T="88231526" />
  <Point X="130" Y="130" T="88231542" />
  <Point X="132" Y="128" T="88231558" />
  <Point X="133" Y="126" T="88231574" />
</Gesture>