﻿<?xml version="1.0" encoding="utf-8" standalone="yes"?>
<Gesture Name="delete_mark03" Subject="3" Speed="fast" Number="3" NumPts="53" Millseconds="616" AppName="Gestures" AppVer="3.5.0.0" Date="Thursday, March 08, 2007" TimeOfDay="2:02:40 PM">
  <Point X="81" Y="152" T="88229025" />
  <Point X="82" Y="155" T="88229033" />
  <Point X="84" Y="157" T="88229045" />
  <Point X="86" Y="159" T="88229053" />
  <Point X="89" Y="163" T="88229062" />
  <Point X="91" Y="166" T="88229070" />
  <Point X="94" Y="170" T="88229078" />
  <Point X="96" Y="173" T="88229084" />
  <Point X="99" Y="178" T="88229091" />
  <Point X="101" Y="181" T="88229097" />
  <Point X="102" Y="183" T="88229098" />
  <Point X="104" Y="187" T="88229105" />
  <Point X="106" Y="189" T="88229106" />
  <Point X="107" Y="193" T="88229114" />
  <Point X="109" Y="196" T="88229115" />
  <Point X="113" Y="202" T="88229123" />
  <Point X="116" Y="209" T="88229131" />
  <Point X="119" Y="216" T="88229139" />
  <Point X="122" Y="222" T="88229148" />
  <Point X="125" Y="226" T="88229156" />
  <Point X="128" Y="230" T="88229165" />
  <Point X="130" Y="233" T="88229174" />
  <Point X="132" Y="235" T="88229183" />
  <Point X="134" Y="237" T="88229193" />
  <Point X="135" Y="239" T="88229203" />
  <Point X="137" Y="241" T="88229222" />
  <Point X="135" Y="242" T="88229290" />
  <Point X="132" Y="241" T="88229302" />
  <Point X="130" Y="240" T="88229313" />
  <Point X="127" Y="240" T="88229323" />
  <Point X="119" Y="239" T="88229335" />
  <Point X="111" Y="239" T="88229346" />
  <Point X="102" Y="236" T="88229358" />
  <Point X="94" Y="238" T="88229370" />
  <Point X="86" Y="238" T="88229382" />
  <Point X="79" Y="238" T="88229395" />
  <Point X="73" Y="237" T="88229407" />
  <Point X="70" Y="236" T="88229419" />
  <Point X="67" Y="234" T="88229431" />
  <Point X="65" Y="232" T="88229450" />
  <Point X="65" Y="230" T="88229463" />
  <Point X="67" Y="229" T="88229482" />
  <Point X="69" Y="227" T="88229495" />
  <Point X="74" Y="221" T="88229509" />
  <Point X="82" Y="214" T="88229523" />
  <Point X="91" Y="203" T="88229538" />
  <Point X="98" Y="192" T="88229553" />
  <Point X="108" Y="174" T="88229568" />
  <Point X="116" Y="159" T="88229586" />
  <Point X="117" Y="156" T="88229587" />
  <Point X="122" Y="147" T="88229605" />
  <Point X="126" Y="141" T="88229623" />
  <Point X="129" Y="137" T="88229641" />
</Gesture>