﻿<?xml version="1.0" encoding="utf-8" standalone="yes"?>
<Gesture Name="delete_mark04" Subject="3" Speed="fast" Number="4" NumPts="55" Millseconds="623" AppName="Gestures" AppVer="3.5.0.0" Date="Thursday, March 08, 2007" TimeOfDay="2:02:41 PM">
  <Point X="81" Y="152" T="88230025" />
  <Point X="82" Y="154" T="88230053" />
  <Point X="84" Y="155" T="88230065" />
  <Point X="86" Y="158" T="88230074" />
  <Point X="89" Y="161" T="88230082" />
  <Point X="91" Y="163" T="88230088" />
  <Point X="93" Y="166" T="88230094" />
  <Point X="94" Y="168" T="88230095" />
  <Point X="96" Y="172" T="88230101" />
  <Point X="101" Y="177" T="88230108" />
  <Point X="105" Y="183" T="88230115" />
  <Point X="107" Y="186" T="88230121" />
  <Point X="109" Y="190" T="88230122" />
  <Point X="113" Y="196" T="88230130" />
  <Point X="115" Y="200" T="88230138" />
  <Point X="117" Y="204" T="88230139" />
  <Point X="121" Y="209" T="88230147" />
  <Point X="125" Y="214" T="88230155" />
  <Point X="128" Y="220" T="88230164" />
  <Point X="130" Y="224" T="88230172" />
  <Point X="132" Y="228" T="88230181" />
  <Point X="134" Y="230" T="88230191" />
  <Point X="136" Y="232" T="88230200" />
  <Point X="137" Y="235" T="88230209" />
  <Point X="138" Y="237" T="88230219" />
  <Point X="138" Y="239" T="88230243" />
  <Point X="136" Y="240" T="88230284" />
  <Point X="134" Y="241" T="88230299" />
  <Point X="131" Y="242" T="88230311" />
  <Point X="129" Y="241" T="88230322" />
  <Point X="126" Y="240" T="88230332" />
  <Point X="118" Y="239" T="88230344" />
  <Point X="111" Y="238" T="88230355" />
  <Point X="102" Y="237" T="88230367" />
  <Point X="94" Y="235" T="88230379" />
  <Point X="87" Y="231" T="88230392" />
  <Point X="83" Y="230" T="88230404" />
  <Point X="78" Y="225" T="88230416" />
  <Point X="76" Y="223" T="88230429" />
  <Point X="74" Y="222" T="88230447" />
  <Point X="74" Y="219" T="88230472" />
  <Point X="76" Y="217" T="88230492" />
  <Point X="78" Y="215" T="88230505" />
  <Point X="85" Y="210" T="88230519" />
  <Point X="87" Y="208" T="88230520" />
  <Point X="93" Y="199" T="88230535" />
  <Point X="95" Y="196" T="88230536" />
  <Point X="102" Y="186" T="88230551" />
  <Point X="105" Y="182" T="88230553" />
  <Point X="113" Y="168" T="88230569" />
  <Point X="121" Y="154" T="88230585" />
  <Point X="127" Y="143" T="88230601" />
  <Point X="131" Y="137" T="88230616" />
  <Point X="132" Y="135" T="88230632" />
  <Point X="134" Y="133" T="88230648" />
</Gesture>