﻿<?xml version="1.0" encoding="utf-8" standalone="yes"?>
<Gesture Name="delete_mark08" Subject="3" Speed="fast" Number="8" NumPts="55" Millseconds="603" AppName="Gestures" AppVer="3.5.0.0" Date="Thursday, March 08, 2007" TimeOfDay="2:02:44 PM">
  <Point X="72" Y="143" T="88233494" />
  <Point X="75" Y="144" T="88233534" />
  <Point X="77" Y="147" T="88233546" />
  <Point X="80" Y="150" T="88233554" />
  <Point X="82" Y="152" T="88233560" />
  <Point X="85" Y="155" T="88233567" />
  <Point X="90" Y="160" T="88233574" />
  <Point X="92" Y="164" T="88233581" />
  <Point X="97" Y="169" T="88233587" />
  <Point X="99" Y="172" T="88233594" />
  <Point X="102" Y="176" T="88233595" />
  <Point X="104" Y="179" T="88233602" />
  <Point X="106" Y="184" T="88233603" />
  <Point X="111" Y="191" T="88233610" />
  <Point X="116" Y="199" T="88233618" />
  <Point X="120" Y="207" T="88233626" />
  <Point X="123" Y="215" T="88233634" />
  <Point X="126" Y="220" T="88233643" />
  <Point X="127" Y="223" T="88233651" />
  <Point X="130" Y="226" T="88233660" />
  <Point X="134" Y="232" T="88233672" />
  <Point X="135" Y="234" T="88233681" />
  <Point X="137" Y="236" T="88233690" />
  <Point X="138" Y="238" T="88233700" />
  <Point X="139" Y="240" T="88233727" />
  <Point X="137" Y="241" T="88233751" />
  <Point X="134" Y="241" T="88233763" />
  <Point X="132" Y="241" T="88233773" />
  <Point X="130" Y="241" T="88233784" />
  <Point X="125" Y="241" T="88233795" />
  <Point X="119" Y="239" T="88233806" />
  <Point X="116" Y="239" T="88233807" />
  <Point X="108" Y="240" T="88233819" />
  <Point X="99" Y="241" T="88233831" />
  <Point X="91" Y="243" T="88233844" />
  <Point X="83" Y="245" T="88233856" />
  <Point X="79" Y="246" T="88233869" />
  <Point X="73" Y="246" T="88233882" />
  <Point X="71" Y="247" T="88233894" />
  <Point X="69" Y="248" T="88233907" />
  <Point X="68" Y="245" T="88233924" />
  <Point X="68" Y="243" T="88233938" />
  <Point X="68" Y="241" T="88233939" />
  <Point X="69" Y="237" T="88233953" />
  <Point X="73" Y="226" T="88233968" />
  <Point X="77" Y="216" T="88233982" />
  <Point X="79" Y="212" T="88233983" />
  <Point X="85" Y="199" T="88233999" />
  <Point X="88" Y="195" T="88234000" />
  <Point X="97" Y="179" T="88234015" />
  <Point X="107" Y="164" T="88234033" />
  <Point X="115" Y="153" T="88234049" />
  <Point X="120" Y="145" T="88234065" />
  <Point X="123" Y="143" T="88234081" />
  <Point X="126" Y="138" T="88234097" />
</Gesture>