﻿<?xml version="1.0" encoding="utf-8" standalone="yes"?>
<Gesture Name="delete_mark07" Subject="3" Speed="fast" Number="7" NumPts="54" Millseconds="567" AppName="Gestures" AppVer="3.5.0.0" Date="Thursday, March 08, 2007" TimeOfDay="2:02:43 PM">
  <Point X="73" Y="141" T="88232665" />
  <Point X="74" Y="143" T="88232685" />
  <Point X="75" Y="145" T="88232697" />
  <Point X="78" Y="148" T="88232709" />
  <Point X="80" Y="151" T="88232717" />
  <Point X="83" Y="155" T="88232726" />
  <Point X="84" Y="158" T="88232733" />
  <Point X="88" Y="164" T="88232739" />
  <Point X="90" Y="167" T="88232746" />
  <Point X="92" Y="170" T="88232747" />
  <Point X="95" Y="174" T="88232754" />
  <Point X="97" Y="177" T="88232755" />
  <Point X="99" Y="181" T="88232762" />
  <Point X="101" Y="185" T="88232763" />
  <Point X="106" Y="192" T="88232771" />
  <Point X="111" Y="200" T="88232779" />
  <Point X="115" Y="208" T="88232787" />
  <Point X="120" Y="215" T="88232795" />
  <Point X="124" Y="223" T="88232804" />
  <Point X="127" Y="228" T="88232813" />
  <Point X="129" Y="231" T="88232814" />
  <Point X="131" Y="235" T="88232823" />
  <Point X="134" Y="238" T="88232833" />
  <Point X="135" Y="241" T="88232842" />
  <Point X="136" Y="243" T="88232852" />
  <Point X="136" Y="245" T="88232862" />
  <Point X="135" Y="247" T="88232907" />
  <Point X="132" Y="247" T="88232919" />
  <Point X="130" Y="247" T="88232930" />
  <Point X="126" Y="246" T="88232940" />
  <Point X="118" Y="244" T="88232952" />
  <Point X="112" Y="241" T="88232963" />
  <Point X="104" Y="238" T="88232975" />
  <Point X="97" Y="234" T="88232987" />
  <Point X="89" Y="230" T="88233000" />
  <Point X="81" Y="226" T="88233012" />
  <Point X="77" Y="222" T="88233025" />
  <Point X="71" Y="220" T="88233037" />
  <Point X="69" Y="215" T="88233050" />
  <Point X="68" Y="213" T="88233063" />
  <Point X="67" Y="211" T="88233076" />
  <Point X="69" Y="208" T="88233091" />
  <Point X="71" Y="206" T="88233105" />
  <Point X="78" Y="200" T="88233119" />
  <Point X="81" Y="198" T="88233120" />
  <Point X="88" Y="191" T="88233134" />
  <Point X="91" Y="190" T="88233135" />
  <Point X="98" Y="180" T="88233150" />
  <Point X="101" Y="177" T="88233151" />
  <Point X="110" Y="162" T="88233167" />
  <Point X="118" Y="145" T="88233183" />
  <Point X="125" Y="133" T="88233200" />
  <Point X="129" Y="128" T="88233215" />
  <Point X="131" Y="125" T="88233232" />
</Gesture>