﻿<?xml version="1.0" encoding="utf-8" standalone="yes"?>
<Gesture Name="delete_mark06" Subject="3" Speed="fast" Number="6" NumPts="53" Millseconds="568" AppName="Gestures" AppVer="3.5.0.0" Date="Thursday, March 08, 2007" TimeOfDay="2:02:42 PM">
  <Point X="74" Y="145" T="88231845" />
  <Point X="75" Y="148" T="88231866" />
  <Point X="77" Y="150" T="88231878" />
  <Point X="79" Y="153" T="88231886" />
  <Point X="82" Y="157" T="88231894" />
  <Point X="83" Y="160" T="88231900" />
  <Point X="85" Y="162" T="88231905" />
  <Point X="88" Y="167" T="88231912" />
  <Point X="92" Y="172" T="88231918" />
  <Point X="94" Y="175" T="88231925" />
  <Point X="99" Y="182" T="88231932" />
  <Point X="103" Y="188" T="88231939" />
  <Point X="108" Y="195" T="88231946" />
  <Point X="110" Y="199" T="88231954" />
  <Point X="112" Y="202" T="88231955" />
  <Point X="115" Y="210" T="88231963" />
  <Point X="118" Y="217" T="88231971" />
  <Point X="121" Y="223" T="88231980" />
  <Point X="123" Y="230" T="88231988" />
  <Point X="125" Y="235" T="88231997" />
  <Point X="126" Y="237" T="88231998" />
  <Point X="127" Y="240" T="88232008" />
  <Point X="129" Y="243" T="88232017" />
  <Point X="130" Y="245" T="88232027" />
  <Point X="131" Y="247" T="88232042" />
  <Point X="129" Y="249" T="88232085" />
  <Point X="127" Y="249" T="88232097" />
  <Point X="124" Y="248" T="88232109" />
  <Point X="121" Y="247" T="88232120" />
  <Point X="116" Y="247" T="88232130" />
  <Point X="109" Y="244" T="88232142" />
  <Point X="102" Y="242" T="88232154" />
  <Point X="93" Y="240" T="88232165" />
  <Point X="85" Y="239" T="88232178" />
  <Point X="78" Y="238" T="88232190" />
  <Point X="73" Y="238" T="88232202" />
  <Point X="70" Y="236" T="88232214" />
  <Point X="68" Y="234" T="88232232" />
  <Point X="69" Y="232" T="88232249" />
  <Point X="70" Y="229" T="88232262" />
  <Point X="71" Y="227" T="88232275" />
  <Point X="75" Y="222" T="88232288" />
  <Point X="80" Y="216" T="88232302" />
  <Point X="86" Y="210" T="88232316" />
  <Point X="88" Y="206" T="88232317" />
  <Point X="95" Y="194" T="88232332" />
  <Point X="97" Y="190" T="88232333" />
  <Point X="105" Y="177" T="88232348" />
  <Point X="108" Y="173" T="88232350" />
  <Point X="119" Y="158" T="88232366" />
  <Point X="128" Y="147" T="88232382" />
  <Point X="133" Y="141" T="88232397" />
  <Point X="135" Y="139" T="88232413" />
</Gesture>