﻿<?xml version="1.0" encoding="utf-8" standalone="yes"?>
<Gesture Name="left_sq_bracket03" Subject="3" Speed="fast" Number="3" NumPts="50" Millseconds="567" AppName="Gestures" AppVer="3.5.0.0" Date="Thursday, March 08, 2007" TimeOfDay="2:03:47 PM">
  <Point X="158" Y="124" T="88296919" />
  <Point X="155" Y="125" T="88296947" />
  <Point X="153" Y="126" T="88296955" />
  <Point X="151" Y="126" T="88296964" />
  <Point X="148" Y="126" T="88296971" />
  <Point X="145" Y="126" T="88296980" />
  <Point X="142" Y="126" T="88296988" />
  <Point X="140" Y="126" T="88296994" />
  <Point X="136" Y="126" T="88297001" />
  <Point X="134" Y="126" T="88297007" />
  <Point X="130" Y="125" T="88297014" />
  <Point X="126" Y="125" T="88297021" />
  <Point X="124" Y="125" T="88297029" />
  <Point X="121" Y="125" T="88297036" />
  <Point X="117" Y="125" T="88297044" />
  <Point X="114" Y="125" T="88297052" />
  <Point X="112" Y="126" T="88297060" />
  <Point X="109" Y="127" T="88297069" />
  <Point X="108" Y="129" T="88297097" />
  <Point X="108" Y="132" T="88297114" />
  <Point X="109" Y="134" T="88297126" />
  <Point X="110" Y="137" T="88297135" />
  <Point X="111" Y="139" T="88297144" />
  <Point X="111" Y="142" T="88297154" />
  <Point X="112" Y="146" T="88297164" />
  <Point X="113" Y="153" T="88297174" />
  <Point X="113" Y="156" T="88297175" />
  <Point X="113" Y="163" T="88297185" />
  <Point X="113" Y="174" T="88297196" />
  <Point X="113" Y="185" T="88297207" />
  <Point X="113" Y="196" T="88297218" />
  <Point X="113" Y="204" T="88297230" />
  <Point X="113" Y="207" T="88297231" />
  <Point X="113" Y="215" T="88297243" />
  <Point X="113" Y="221" T="88297255" />
  <Point X="113" Y="224" T="88297267" />
  <Point X="113" Y="227" T="88297279" />
  <Point X="113" Y="229" T="88297291" />
  <Point X="115" Y="232" T="88297326" />
  <Point X="117" Y="232" T="88297355" />
  <Point X="120" Y="232" T="88297368" />
  <Point X="127" Y="229" T="88297382" />
  <Point X="136" Y="227" T="88297396" />
  <Point X="143" Y="226" T="88297411" />
  <Point X="145" Y="226" T="88297412" />
  <Point X="152" Y="225" T="88297426" />
  <Point X="159" Y="225" T="88297441" />
  <Point X="165" Y="226" T="88297456" />
  <Point X="167" Y="226" T="88297470" />
  <Point X="170" Y="227" T="88297486" />
</Gesture>