﻿<?xml version="1.0" encoding="utf-8" standalone="yes"?>
<Gesture Name="left_curly_brace01" Subject="3" Speed="fast" Number="1" NumPts="52" Millseconds="545" AppName="Gestures" AppVer="3.5.0.0" Date="Thursday, March 08, 2007" TimeOfDay="1:53:00 PM">
  <Point X="124" Y="114" T="87648322" />
  <Point X="121" Y="112" T="87648350" />
  <Point X="119" Y="114" T="87648367" />
  <Point X="117" Y="114" T="87648374" />
  <Point X="115" Y="115" T="87648383" />
  <Point X="112" Y="114" T="87648391" />
  <Point X="109" Y="116" T="87648399" />
  <Point X="106" Y="118" T="87648407" />
  <Point X="103" Y="121" T="87648415" />
  <Point X="101" Y="122" T="87648422" />
  <Point X="98" Y="123" T="87648429" />
  <Point X="95" Y="127" T="87648436" />
  <Point X="94" Y="129" T="87648444" />
  <Point X="92" Y="133" T="87648451" />
  <Point X="90" Y="136" T="87648459" />
  <Point X="90" Y="139" T="87648467" />
  <Point X="90" Y="142" T="87648475" />
  <Point X="91" Y="144" T="87648484" />
  <Point X="94" Y="147" T="87648495" />
  <Point X="97" Y="148" T="87648504" />
  <Point X="100" Y="149" T="87648513" />
  <Point X="104" Y="151" T="87648522" />
  <Point X="107" Y="152" T="87648531" />
  <Point X="111" Y="153" T="87648541" />
  <Point X="114" Y="156" T="87648550" />
  <Point X="117" Y="159" T="87648552" />
  <Point X="120" Y="162" T="87648564" />
  <Point X="122" Y="165" T="87648574" />
  <Point X="123" Y="170" T="87648585" />
  <Point X="121" Y="175" T="87648596" />
  <Point X="118" Y="178" T="87648608" />
  <Point X="116" Y="180" T="87648619" />
  <Point X="113" Y="182" T="87648631" />
  <Point X="108" Y="185" T="87648642" />
  <Point X="106" Y="185" T="87648654" />
  <Point X="105" Y="187" T="87648666" />
  <Point X="104" Y="189" T="87648679" />
  <Point X="103" Y="192" T="87648691" />
  <Point X="103" Y="195" T="87648692" />
  <Point X="103" Y="198" T="87648707" />
  <Point X="103" Y="201" T="87648708" />
  <Point X="103" Y="207" T="87648725" />
  <Point X="103" Y="213" T="87648738" />
  <Point X="104" Y="217" T="87648752" />
  <Point X="106" Y="226" T="87648766" />
  <Point X="107" Y="229" T="87648781" />
  <Point X="109" Y="234" T="87648795" />
  <Point X="110" Y="236" T="87648814" />
  <Point X="113" Y="238" T="87648815" />
  <Point X="124" Y="239" T="87648835" />
  <Point X="136" Y="234" T="87648851" />
  <Point X="144" Y="231" T="87648867" />
</Gesture>