﻿<?xml version="1.0" encoding="utf-8" standalone="yes"?>
<Gesture Name="left_curly_brace10" Subject="3" Speed="fast" Number="10" NumPts="58" Millseconds="651" AppName="Gestures" AppVer="3.5.0.0" Date="Thursday, March 08, 2007" TimeOfDay="1:53:10 PM">
  <Point X="139" Y="131" T="87658490" />
  <Point X="137" Y="131" T="87658511" />
  <Point X="135" Y="131" T="87658519" />
  <Point X="132" Y="129" T="87658526" />
  <Point X="130" Y="129" T="87658534" />
  <Point X="127" Y="128" T="87658542" />
  <Point X="124" Y="128" T="87658550" />
  <Point X="122" Y="128" T="87658558" />
  <Point X="119" Y="128" T="87658566" />
  <Point X="116" Y="128" T="87658574" />
  <Point X="114" Y="128" T="87658582" />
  <Point X="112" Y="130" T="87658590" />
  <Point X="109" Y="132" T="87658602" />
  <Point X="108" Y="135" T="87658619" />
  <Point X="108" Y="138" T="87658627" />
  <Point X="110" Y="140" T="87658636" />
  <Point X="113" Y="142" T="87658649" />
  <Point X="115" Y="144" T="87658657" />
  <Point X="119" Y="145" T="87658666" />
  <Point X="122" Y="147" T="87658674" />
  <Point X="127" Y="149" T="87658683" />
  <Point X="131" Y="150" T="87658693" />
  <Point X="134" Y="151" T="87658702" />
  <Point X="137" Y="153" T="87658712" />
  <Point X="141" Y="157" T="87658721" />
  <Point X="143" Y="160" T="87658741" />
  <Point X="143" Y="162" T="87658761" />
  <Point X="141" Y="164" T="87658772" />
  <Point X="139" Y="166" T="87658782" />
  <Point X="136" Y="167" T="87658794" />
  <Point X="134" Y="168" T="87658805" />
  <Point X="132" Y="169" T="87658806" />
  <Point X="130" Y="169" T="87658818" />
  <Point X="128" Y="171" T="87658837" />
  <Point X="128" Y="173" T="87658857" />
  <Point X="130" Y="173" T="87658874" />
  <Point X="132" Y="173" T="87658886" />
  <Point X="134" Y="173" T="87658899" />
  <Point X="136" Y="174" T="87658913" />
  <Point X="139" Y="176" T="87658926" />
  <Point X="141" Y="177" T="87658939" />
  <Point X="142" Y="182" T="87658953" />
  <Point X="142" Y="190" T="87658967" />
  <Point X="140" Y="196" T="87658981" />
  <Point X="133" Y="204" T="87658995" />
  <Point X="127" Y="213" T="87659009" />
  <Point X="125" Y="215" T="87659010" />
  <Point X="121" Y="221" T="87659025" />
  <Point X="119" Y="224" T="87659026" />
  <Point X="118" Y="227" T="87659041" />
  <Point X="117" Y="230" T="87659042" />
  <Point X="117" Y="233" T="87659058" />
  <Point X="118" Y="235" T="87659059" />
  <Point X="121" Y="239" T="87659075" />
  <Point X="127" Y="242" T="87659091" />
  <Point X="134" Y="243" T="87659107" />
  <Point X="143" Y="241" T="87659124" />
  <Point X="149" Y="239" T="87659141" />
</Gesture>