﻿<?xml version="1.0" encoding="utf-8" standalone="yes"?>
<Gesture Name="left_sq_bracket10" Subject="3" Speed="fast" Number="10" NumPts="53" Millseconds="640" AppName="Gestures" AppVer="3.5.0.0" Date="Thursday, March 08, 2007" TimeOfDay="2:03:56 PM">
  <Point X="179" Y="126" T="88305171" />
  <Point X="177" Y="127" T="88305204" />
  <Point X="175" Y="127" T="88305216" />
  <Point X="173" Y="127" T="88305224" />
  <Point X="170" Y="128" T="88305232" />
  <Point X="167" Y="129" T="88305241" />
  <Point X="165" Y="130" T="88305247" />
  <Point X="160" Y="131" T="88305254" />
  <Point X="158" Y="131" T="88305260" />
  <Point X="156" Y="132" T="88305261" />
  <Point X="154" Y="132" T="88305268" />
  <Point X="152" Y="132" T="88305269" />
  <Point X="149" Y="132" T="88305278" />
  <Point X="146" Y="133" T="88305285" />
  <Point X="144" Y="133" T="88305294" />
  <Point X="142" Y="133" T="88305304" />
  <Point X="143" Y="136" T="88305396" />
  <Point X="144" Y="139" T="88305413" />
  <Point X="144" Y="142" T="88305422" />
  <Point X="144" Y="145" T="88305430" />
  <Point X="144" Y="149" T="88305439" />
  <Point X="144" Y="154" T="88305448" />
  <Point X="144" Y="156" T="88305449" />
  <Point X="143" Y="162" T="88305459" />
  <Point X="143" Y="169" T="88305469" />
  <Point X="142" Y="173" T="88305470" />
  <Point X="142" Y="180" T="88305480" />
  <Point X="141" Y="191" T="88305490" />
  <Point X="141" Y="203" T="88305501" />
  <Point X="141" Y="208" T="88305512" />
  <Point X="141" Y="211" T="88305513" />
  <Point X="141" Y="216" T="88305525" />
  <Point X="141" Y="220" T="88305536" />
  <Point X="141" Y="225" T="88305548" />
  <Point X="140" Y="231" T="88305560" />
  <Point X="140" Y="233" T="88305572" />
  <Point X="140" Y="235" T="88305584" />
  <Point X="139" Y="238" T="88305596" />
  <Point X="138" Y="240" T="88305609" />
  <Point X="140" Y="240" T="88305662" />
  <Point X="143" Y="241" T="88305675" />
  <Point X="145" Y="240" T="88305688" />
  <Point X="151" Y="239" T="88305702" />
  <Point X="158" Y="238" T="88305716" />
  <Point X="164" Y="238" T="88305730" />
  <Point X="166" Y="238" T="88305731" />
  <Point X="172" Y="238" T="88305745" />
  <Point X="174" Y="239" T="88305746" />
  <Point X="183" Y="238" T="88305762" />
  <Point X="187" Y="239" T="88305777" />
  <Point X="190" Y="239" T="88305778" />
  <Point X="195" Y="239" T="88305794" />
  <Point X="197" Y="239" T="88305811" />
</Gesture>