﻿<?xml version="1.0" encoding="utf-8" standalone="yes"?>
<Gesture Name="left_curly_brace04" Subject="3" Speed="fast" Number="4" NumPts="55" Millseconds="725" AppName="Gestures" AppVer="3.5.0.0" Date="Thursday, March 08, 2007" TimeOfDay="1:53:04 PM">
  <Point X="130" Y="122" T="87651660" />
  <Point X="128" Y="120" T="87651704" />
  <Point X="126" Y="119" T="87651716" />
  <Point X="123" Y="118" T="87651727" />
  <Point X="121" Y="119" T="87651736" />
  <Point X="119" Y="119" T="87651743" />
  <Point X="116" Y="120" T="87651751" />
  <Point X="114" Y="121" T="87651760" />
  <Point X="112" Y="123" T="87651768" />
  <Point X="110" Y="125" T="87651776" />
  <Point X="109" Y="127" T="87651785" />
  <Point X="108" Y="130" T="87651792" />
  <Point X="108" Y="134" T="87651801" />
  <Point X="108" Y="136" T="87651809" />
  <Point X="108" Y="139" T="87651818" />
  <Point X="110" Y="141" T="87651825" />
  <Point X="112" Y="142" T="87651833" />
  <Point X="114" Y="144" T="87651841" />
  <Point X="116" Y="146" T="87651850" />
  <Point X="119" Y="147" T="87651858" />
  <Point X="121" Y="148" T="87651867" />
  <Point X="123" Y="148" T="87651876" />
  <Point X="125" Y="148" T="87651885" />
  <Point X="128" Y="150" T="87651894" />
  <Point X="130" Y="152" T="87651905" />
  <Point X="131" Y="155" T="87651921" />
  <Point X="131" Y="157" T="87651933" />
  <Point X="130" Y="159" T="87651945" />
  <Point X="128" Y="162" T="87651956" />
  <Point X="126" Y="163" T="87651967" />
  <Point X="124" Y="162" T="87651981" />
  <Point X="125" Y="164" T="87652073" />
  <Point X="126" Y="166" T="87652089" />
  <Point X="129" Y="167" T="87652101" />
  <Point X="131" Y="170" T="87652113" />
  <Point X="133" Y="172" T="87652125" />
  <Point X="136" Y="179" T="87652137" />
  <Point X="137" Y="182" T="87652150" />
  <Point X="137" Y="187" T="87652162" />
  <Point X="136" Y="190" T="87652175" />
  <Point X="131" Y="195" T="87652188" />
  <Point X="122" Y="201" T="87652204" />
  <Point X="111" Y="209" T="87652218" />
  <Point X="103" Y="217" T="87652231" />
  <Point X="97" Y="226" T="87652246" />
  <Point X="96" Y="231" T="87652260" />
  <Point X="96" Y="235" T="87652261" />
  <Point X="96" Y="239" T="87652276" />
  <Point X="98" Y="244" T="87652291" />
  <Point X="103" Y="247" T="87652306" />
  <Point X="109" Y="246" T="87652321" />
  <Point X="118" Y="244" T="87652337" />
  <Point X="123" Y="242" T="87652353" />
  <Point X="129" Y="240" T="87652369" />
  <Point X="132" Y="239" T="87652385" />
</Gesture>