﻿<?xml version="1.0" encoding="utf-8" standalone="yes"?>
<Gesture Name="left_curly_brace08" Subject="3" Speed="fast" Number="8" NumPts="57" Millseconds="651" AppName="Gestures" AppVer="3.5.0.0" Date="Thursday, March 08, 2007" TimeOfDay="1:53:08 PM">
  <Point X="136" Y="127" T="87656405" />
  <Point X="135" Y="125" T="87656424" />
  <Point X="133" Y="123" T="87656440" />
  <Point X="130" Y="123" T="87656452" />
  <Point X="128" Y="122" T="87656461" />
  <Point X="125" Y="122" T="87656468" />
  <Point X="123" Y="123" T="87656476" />
  <Point X="120" Y="123" T="87656484" />
  <Point X="117" Y="124" T="87656492" />
  <Point X="114" Y="126" T="87656500" />
  <Point X="112" Y="129" T="87656508" />
  <Point X="110" Y="131" T="87656516" />
  <Point X="109" Y="133" T="87656524" />
  <Point X="108" Y="137" T="87656532" />
  <Point X="109" Y="139" T="87656541" />
  <Point X="110" Y="143" T="87656550" />
  <Point X="112" Y="145" T="87656558" />
  <Point X="114" Y="146" T="87656566" />
  <Point X="117" Y="147" T="87656574" />
  <Point X="120" Y="149" T="87656583" />
  <Point X="124" Y="150" T="87656592" />
  <Point X="126" Y="151" T="87656601" />
  <Point X="129" Y="152" T="87656602" />
  <Point X="132" Y="153" T="87656611" />
  <Point X="135" Y="153" T="87656621" />
  <Point X="137" Y="155" T="87656630" />
  <Point X="138" Y="158" T="87656640" />
  <Point X="140" Y="160" T="87656651" />
  <Point X="140" Y="163" T="87656661" />
  <Point X="138" Y="165" T="87656672" />
  <Point X="136" Y="167" T="87656682" />
  <Point X="134" Y="170" T="87656693" />
  <Point X="131" Y="171" T="87656705" />
  <Point X="129" Y="173" T="87656716" />
  <Point X="127" Y="173" T="87656729" />
  <Point X="127" Y="176" T="87656758" />
  <Point X="129" Y="177" T="87656783" />
  <Point X="131" Y="177" T="87656795" />
  <Point X="134" Y="176" T="87656807" />
  <Point X="136" Y="177" T="87656820" />
  <Point X="138" Y="178" T="87656833" />
  <Point X="142" Y="183" T="87656847" />
  <Point X="144" Y="190" T="87656860" />
  <Point X="143" Y="197" T="87656874" />
  <Point X="139" Y="206" T="87656889" />
  <Point X="133" Y="215" T="87656904" />
  <Point X="129" Y="221" T="87656918" />
  <Point X="126" Y="227" T="87656932" />
  <Point X="124" Y="234" T="87656947" />
  <Point X="124" Y="236" T="87656962" />
  <Point X="127" Y="241" T="87656977" />
  <Point X="132" Y="244" T="87656992" />
  <Point X="138" Y="245" T="87657008" />
  <Point X="145" Y="242" T="87657023" />
  <Point X="149" Y="240" T="87657039" />
  <Point X="152" Y="239" T="87657040" />
  <Point X="156" Y="239" T="87657056" />
</Gesture>