﻿<?xml version="1.0" encoding="utf-8" standalone="yes"?>
<Gesture Name="left_curly_brace03" Subject="3" Speed="fast" Number="3" NumPts="55" Millseconds="664" AppName="Gestures" AppVer="3.5.0.0" Date="Thursday, March 08, 2007" TimeOfDay="1:53:02 PM">
  <Point X="130" Y="124" T="87650585" />
  <Point X="130" Y="122" T="87650597" />
  <Point X="128" Y="120" T="87650621" />
  <Point X="125" Y="120" T="87650633" />
  <Point X="123" Y="119" T="87650645" />
  <Point X="121" Y="118" T="87650653" />
  <Point X="118" Y="119" T="87650661" />
  <Point X="115" Y="121" T="87650669" />
  <Point X="112" Y="123" T="87650677" />
  <Point X="109" Y="125" T="87650685" />
  <Point X="106" Y="127" T="87650693" />
  <Point X="104" Y="130" T="87650701" />
  <Point X="103" Y="133" T="87650709" />
  <Point X="103" Y="136" T="87650717" />
  <Point X="103" Y="138" T="87650725" />
  <Point X="103" Y="142" T="87650732" />
  <Point X="104" Y="144" T="87650740" />
  <Point X="107" Y="147" T="87650749" />
  <Point X="109" Y="149" T="87650762" />
  <Point X="112" Y="150" T="87650771" />
  <Point X="115" Y="151" T="87650779" />
  <Point X="118" Y="153" T="87650788" />
  <Point X="120" Y="155" T="87650797" />
  <Point X="122" Y="156" T="87650807" />
  <Point X="124" Y="159" T="87650817" />
  <Point X="125" Y="164" T="87650827" />
  <Point X="124" Y="167" T="87650836" />
  <Point X="123" Y="170" T="87650847" />
  <Point X="121" Y="173" T="87650857" />
  <Point X="119" Y="176" T="87650858" />
  <Point X="116" Y="177" T="87650870" />
  <Point X="114" Y="178" T="87650881" />
  <Point X="112" Y="180" T="87650892" />
  <Point X="110" Y="180" T="87650904" />
  <Point X="109" Y="182" T="87650954" />
  <Point X="111" Y="183" T="87650975" />
  <Point X="113" Y="183" T="87650988" />
  <Point X="116" Y="184" T="87651000" />
  <Point X="119" Y="185" T="87651013" />
  <Point X="123" Y="189" T="87651026" />
  <Point X="126" Y="193" T="87651039" />
  <Point X="127" Y="201" T="87651053" />
  <Point X="128" Y="204" T="87651067" />
  <Point X="126" Y="212" T="87651081" />
  <Point X="122" Y="220" T="87651097" />
  <Point X="116" Y="228" T="87651112" />
  <Point X="111" Y="235" T="87651126" />
  <Point X="108" Y="240" T="87651141" />
  <Point X="108" Y="246" T="87651156" />
  <Point X="109" Y="248" T="87651171" />
  <Point X="112" Y="251" T="87651185" />
  <Point X="116" Y="252" T="87651201" />
  <Point X="122" Y="252" T="87651217" />
  <Point X="131" Y="248" T="87651233" />
  <Point X="137" Y="245" T="87651249" />
</Gesture>