﻿<?xml version="1.0" encoding="utf-8" standalone="yes"?>
<Gesture Name="left_curly_brace05" Subject="3" Speed="fast" Number="5" NumPts="53" Millseconds="622" AppName="Gestures" AppVer="3.5.0.0" Date="Thursday, March 08, 2007" TimeOfDay="1:53:05 PM">
  <Point X="134" Y="123" T="87652824" />
  <Point X="132" Y="122" T="87652864" />
  <Point X="129" Y="121" T="87652876" />
  <Point X="127" Y="121" T="87652884" />
  <Point X="125" Y="120" T="87652892" />
  <Point X="122" Y="121" T="87652900" />
  <Point X="119" Y="122" T="87652908" />
  <Point X="117" Y="122" T="87652916" />
  <Point X="115" Y="122" T="87652924" />
  <Point X="113" Y="124" T="87652932" />
  <Point X="112" Y="126" T="87652940" />
  <Point X="112" Y="128" T="87652947" />
  <Point X="111" Y="132" T="87652955" />
  <Point X="111" Y="134" T="87652963" />
  <Point X="110" Y="137" T="87652971" />
  <Point X="111" Y="139" T="87652979" />
  <Point X="112" Y="142" T="87652987" />
  <Point X="114" Y="144" T="87652997" />
  <Point X="116" Y="146" T="87653006" />
  <Point X="118" Y="147" T="87653015" />
  <Point X="120" Y="149" T="87653024" />
  <Point X="123" Y="150" T="87653033" />
  <Point X="125" Y="152" T="87653043" />
  <Point X="127" Y="154" T="87653052" />
  <Point X="130" Y="155" T="87653061" />
  <Point X="131" Y="158" T="87653071" />
  <Point X="132" Y="160" T="87653082" />
  <Point X="132" Y="162" T="87653092" />
  <Point X="131" Y="164" T="87653102" />
  <Point X="126" Y="170" T="87653113" />
  <Point X="123" Y="172" T="87653124" />
  <Point X="120" Y="173" T="87653135" />
  <Point X="118" Y="175" T="87653136" />
  <Point X="115" Y="175" T="87653148" />
  <Point X="113" Y="177" T="87653160" />
  <Point X="113" Y="179" T="87653205" />
  <Point X="113" Y="181" T="87653221" />
  <Point X="114" Y="183" T="87653233" />
  <Point X="116" Y="185" T="87653246" />
  <Point X="117" Y="189" T="87653258" />
  <Point X="119" Y="196" T="87653271" />
  <Point X="120" Y="206" T="87653285" />
  <Point X="121" Y="211" T="87653298" />
  <Point X="121" Y="218" T="87653312" />
  <Point X="121" Y="224" T="87653327" />
  <Point X="120" Y="230" T="87653341" />
  <Point X="122" Y="234" T="87653355" />
  <Point X="128" Y="236" T="87653369" />
  <Point X="134" Y="236" T="87653384" />
  <Point X="143" Y="234" T="87653400" />
  <Point X="149" Y="232" T="87653415" />
  <Point X="152" Y="231" T="87653430" />
  <Point X="154" Y="230" T="87653446" />
</Gesture>