﻿<?xml version="1.0" encoding="utf-8" standalone="yes"?>
<Gesture Name="left_curly_brace07" Subject="3" Speed="fast" Number="7" NumPts="56" Millseconds="708" AppName="Gestures" AppVer="3.5.0.0" Date="Thursday, March 08, 2007" TimeOfDay="1:53:07 PM">
  <Point X="138" Y="126" T="87655249" />
  <Point X="135" Y="125" T="87655281" />
  <Point X="133" Y="124" T="87655293" />
  <Point X="131" Y="124" T="87655301" />
  <Point X="129" Y="124" T="87655309" />
  <Point X="126" Y="123" T="87655317" />
  <Point X="124" Y="124" T="87655325" />
  <Point X="121" Y="124" T="87655333" />
  <Point X="119" Y="124" T="87655341" />
  <Point X="116" Y="126" T="87655353" />
  <Point X="115" Y="129" T="87655361" />
  <Point X="114" Y="132" T="87655369" />
  <Point X="114" Y="134" T="87655381" />
  <Point X="114" Y="136" T="87655393" />
  <Point X="115" Y="138" T="87655402" />
  <Point X="117" Y="141" T="87655413" />
  <Point X="119" Y="142" T="87655422" />
  <Point X="122" Y="144" T="87655431" />
  <Point X="125" Y="145" T="87655439" />
  <Point X="129" Y="147" T="87655448" />
  <Point X="132" Y="148" T="87655456" />
  <Point X="135" Y="150" T="87655466" />
  <Point X="137" Y="152" T="87655475" />
  <Point X="139" Y="155" T="87655484" />
  <Point X="141" Y="157" T="87655494" />
  <Point X="141" Y="160" T="87655504" />
  <Point X="142" Y="163" T="87655514" />
  <Point X="141" Y="166" T="87655524" />
  <Point X="138" Y="168" T="87655535" />
  <Point X="136" Y="170" T="87655546" />
  <Point X="134" Y="171" T="87655556" />
  <Point X="131" Y="172" T="87655568" />
  <Point X="129" Y="172" T="87655580" />
  <Point X="127" Y="173" T="87655597" />
  <Point X="129" Y="175" T="87655669" />
  <Point X="131" Y="175" T="87655682" />
  <Point X="133" Y="176" T="87655694" />
  <Point X="135" Y="177" T="87655706" />
  <Point X="137" Y="178" T="87655718" />
  <Point X="139" Y="180" T="87655731" />
  <Point X="140" Y="182" T="87655744" />
  <Point X="141" Y="187" T="87655758" />
  <Point X="141" Y="190" T="87655771" />
  <Point X="138" Y="198" T="87655785" />
  <Point X="133" Y="205" T="87655799" />
  <Point X="130" Y="209" T="87655813" />
  <Point X="127" Y="212" T="87655814" />
  <Point X="124" Y="216" T="87655828" />
  <Point X="121" Y="219" T="87655829" />
  <Point X="119" Y="222" T="87655844" />
  <Point X="118" Y="229" T="87655859" />
  <Point X="127" Y="241" T="87655894" />
  <Point X="134" Y="241" T="87655910" />
  <Point X="142" Y="240" T="87655925" />
  <Point X="148" Y="238" T="87655941" />
  <Point X="150" Y="237" T="87655957" />
</Gesture>