﻿<?xml version="1.0" encoding="utf-8" standalone="yes"?>
<Gesture Name="left_sq_bracket07" Subject="3" Speed="fast" Number="7" NumPts="52" Millseconds="606" AppName="Gestures" AppVer="3.5.0.0" Date="Thursday, March 08, 2007" TimeOfDay="2:03:52 PM">
  <Point X="166" Y="122" T="88301627" />
  <Point X="163" Y="122" T="88301655" />
  <Point X="161" Y="123" T="88301671" />
  <Point X="159" Y="123" T="88301680" />
  <Point X="156" Y="123" T="88301687" />
  <Point X="153" Y="123" T="88301696" />
  <Point X="150" Y="123" T="88301704" />
  <Point X="146" Y="123" T="88301712" />
  <Point X="144" Y="123" T="88301719" />
  <Point X="140" Y="123" T="88301725" />
  <Point X="136" Y="123" T="88301732" />
  <Point X="133" Y="123" T="88301740" />
  <Point X="130" Y="123" T="88301748" />
  <Point X="127" Y="123" T="88301757" />
  <Point X="125" Y="123" T="88301767" />
  <Point X="126" Y="125" T="88301808" />
  <Point X="128" Y="127" T="88301821" />
  <Point X="130" Y="129" T="88301834" />
  <Point X="132" Y="132" T="88301843" />
  <Point X="133" Y="135" T="88301851" />
  <Point X="134" Y="139" T="88301860" />
  <Point X="135" Y="144" T="88301870" />
  <Point X="136" Y="147" T="88301871" />
  <Point X="136" Y="153" T="88301881" />
  <Point X="136" Y="166" T="88301891" />
  <Point X="135" Y="173" T="88301901" />
  <Point X="134" Y="184" T="88301912" />
  <Point X="133" Y="196" T="88301923" />
  <Point X="133" Y="201" T="88301933" />
  <Point X="132" Y="204" T="88301934" />
  <Point X="132" Y="210" T="88301946" />
  <Point X="131" Y="216" T="88301957" />
  <Point X="131" Y="218" T="88301958" />
  <Point X="131" Y="223" T="88301970" />
  <Point X="131" Y="226" T="88301982" />
  <Point X="131" Y="231" T="88301994" />
  <Point X="130" Y="235" T="88302007" />
  <Point X="130" Y="237" T="88302022" />
  <Point X="130" Y="240" T="88302035" />
  <Point X="131" Y="242" T="88302087" />
  <Point X="133" Y="240" T="88302100" />
  <Point X="136" Y="239" T="88302113" />
  <Point X="138" Y="238" T="88302127" />
  <Point X="141" Y="239" T="88302128" />
  <Point X="143" Y="238" T="88302142" />
  <Point X="150" Y="236" T="88302156" />
  <Point X="158" Y="236" T="88302171" />
  <Point X="160" Y="236" T="88302172" />
  <Point X="165" Y="235" T="88302187" />
  <Point X="172" Y="235" T="88302202" />
  <Point X="176" Y="236" T="88302218" />
  <Point X="178" Y="236" T="88302233" />
</Gesture>