﻿<?xml version="1.0" encoding="utf-8" standalone="yes"?>
<Gesture Name="left_curly_brace06" Subject="3" Speed="fast" Number="6" NumPts="59" Millseconds="705" AppName="Gestures" AppVer="3.5.0.0" Date="Thursday, March 08, 2007" TimeOfDay="1:53:06 PM">
  <Point X="136" Y="125" T="87654084" />
  <Point X="134" Y="124" T="87654138" />
  <Point X="132" Y="124" T="87654150" />
  <Point X="129" Y="123" T="87654161" />
  <Point X="127" Y="122" T="87654169" />
  <Point X="125" Y="123" T="87654177" />
  <Point X="122" Y="124" T="87654186" />
  <Point X="120" Y="124" T="87654194" />
  <Point X="117" Y="124" T="87654202" />
  <Point X="114" Y="125" T="87654210" />
  <Point X="112" Y="127" T="87654218" />
  <Point X="111" Y="129" T="87654226" />
  <Point X="110" Y="132" T="87654234" />
  <Point X="109" Y="134" T="87654243" />
  <Point X="109" Y="136" T="87654250" />
  <Point X="110" Y="138" T="87654258" />
  <Point X="111" Y="141" T="87654266" />
  <Point X="114" Y="143" T="87654277" />
  <Point X="116" Y="145" T="87654285" />
  <Point X="119" Y="148" T="87654294" />
  <Point X="121" Y="149" T="87654303" />
  <Point X="124" Y="151" T="87654312" />
  <Point X="126" Y="152" T="87654321" />
  <Point X="129" Y="152" T="87654330" />
  <Point X="131" Y="154" T="87654340" />
  <Point X="133" Y="157" T="87654341" />
  <Point X="134" Y="161" T="87654352" />
  <Point X="135" Y="164" T="87654362" />
  <Point X="135" Y="166" T="87654373" />
  <Point X="135" Y="169" T="87654374" />
  <Point X="134" Y="171" T="87654385" />
  <Point X="132" Y="175" T="87654396" />
  <Point X="130" Y="176" T="87654408" />
  <Point X="127" Y="177" T="87654419" />
  <Point X="125" Y="179" T="87654431" />
  <Point X="123" Y="178" T="87654458" />
  <Point X="124" Y="180" T="87654512" />
  <Point X="126" Y="182" T="87654531" />
  <Point X="128" Y="183" T="87654544" />
  <Point X="130" Y="184" T="87654556" />
  <Point X="132" Y="187" T="87654570" />
  <Point X="136" Y="192" T="87654583" />
  <Point X="138" Y="197" T="87654597" />
  <Point X="140" Y="202" T="87654611" />
  <Point X="139" Y="204" T="87654612" />
  <Point X="138" Y="209" T="87654626" />
  <Point X="134" Y="216" T="87654643" />
  <Point X="131" Y="219" T="87654644" />
  <Point X="127" Y="223" T="87654658" />
  <Point X="124" Y="226" T="87654660" />
  <Point X="122" Y="229" T="87654675" />
  <Point X="120" Y="232" T="87654676" />
  <Point X="119" Y="235" T="87654691" />
  <Point X="119" Y="240" T="87654707" />
  <Point X="122" Y="242" T="87654723" />
  <Point X="127" Y="245" T="87654740" />
  <Point X="133" Y="244" T="87654756" />
  <Point X="139" Y="242" T="87654773" />
  <Point X="142" Y="241" T="87654789" />
</Gesture>