﻿<?xml version="1.0" encoding="utf-8" standalone="yes"?>
<Gesture Name="left_sq_bracket05" Subject="3" Speed="fast" Number="5" NumPts="52" Millseconds="639" AppName="Gestures" AppVer="3.5.0.0" Date="Thursday, March 08, 2007" TimeOfDay="2:03:50 PM">
  <Point X="165" Y="124" T="88299128" />
  <Point X="163" Y="124" T="88299180" />
  <Point X="161" Y="123" T="88299192" />
  <Point X="159" Y="123" T="88299201" />
  <Point X="157" Y="122" T="88299208" />
  <Point X="154" Y="123" T="88299217" />
  <Point X="151" Y="124" T="88299225" />
  <Point X="149" Y="124" T="88299233" />
  <Point X="147" Y="123" T="88299241" />
  <Point X="144" Y="123" T="88299249" />
  <Point X="141" Y="124" T="88299257" />
  <Point X="139" Y="125" T="88299265" />
  <Point X="136" Y="125" T="88299274" />
  <Point X="134" Y="126" T="88299281" />
  <Point X="132" Y="127" T="88299293" />
  <Point X="130" Y="128" T="88299314" />
  <Point X="130" Y="130" T="88299367" />
  <Point X="131" Y="132" T="88299378" />
  <Point X="131" Y="135" T="88299387" />
  <Point X="132" Y="139" T="88299398" />
  <Point X="132" Y="143" T="88299407" />
  <Point X="133" Y="147" T="88299416" />
  <Point X="134" Y="152" T="88299426" />
  <Point X="134" Y="155" T="88299427" />
  <Point X="135" Y="162" T="88299437" />
  <Point X="136" Y="172" T="88299447" />
  <Point X="136" Y="180" T="88299458" />
  <Point X="136" Y="185" T="88299459" />
  <Point X="137" Y="192" T="88299469" />
  <Point X="137" Y="195" T="88299470" />
  <Point X="137" Y="202" T="88299482" />
  <Point X="137" Y="205" T="88299483" />
  <Point X="137" Y="212" T="88299494" />
  <Point X="137" Y="219" T="88299507" />
  <Point X="138" Y="224" T="88299519" />
  <Point X="138" Y="227" T="88299531" />
  <Point X="138" Y="233" T="88299543" />
  <Point X="138" Y="236" T="88299555" />
  <Point X="137" Y="238" T="88299568" />
  <Point X="137" Y="243" T="88299581" />
  <Point X="136" Y="245" T="88299594" />
  <Point X="135" Y="248" T="88299618" />
  <Point X="137" Y="246" T="88299663" />
  <Point X="140" Y="245" T="88299676" />
  <Point X="142" Y="243" T="88299691" />
  <Point X="148" Y="242" T="88299705" />
  <Point X="154" Y="241" T="88299720" />
  <Point X="157" Y="242" T="88299734" />
  <Point X="160" Y="242" T="88299735" />
  <Point X="163" Y="244" T="88299750" />
  <Point X="166" Y="243" T="88299751" />
  <Point X="168" Y="244" T="88299767" />
</Gesture>