﻿<?xml version="1.0" encoding="utf-8" standalone="yes"?>
<Gesture Name="left_curly_brace02" Subject="3" Speed="fast" Number="2" NumPts="55" Millseconds="586" AppName="Gestures" AppVer="3.5.0.0" Date="Thursday, March 08, 2007" TimeOfDay="1:53:01 PM">
  <Point X="124" Y="119" T="87649524" />
  <Point X="122" Y="118" T="87649553" />
  <Point X="120" Y="118" T="87649565" />
  <Point X="118" Y="120" T="87649573" />
  <Point X="115" Y="121" T="87649581" />
  <Point X="112" Y="122" T="87649589" />
  <Point X="110" Y="124" T="87649598" />
  <Point X="108" Y="126" T="87649606" />
  <Point X="106" Y="128" T="87649614" />
  <Point X="104" Y="131" T="87649626" />
  <Point X="104" Y="134" T="87649634" />
  <Point X="103" Y="137" T="87649642" />
  <Point X="104" Y="141" T="87649650" />
  <Point X="106" Y="144" T="87649662" />
  <Point X="108" Y="147" T="87649671" />
  <Point X="111" Y="151" T="87649678" />
  <Point X="114" Y="154" T="87649686" />
  <Point X="118" Y="156" T="87649695" />
  <Point X="121" Y="159" T="87649703" />
  <Point X="124" Y="161" T="87649711" />
  <Point X="126" Y="163" T="87649720" />
  <Point X="127" Y="166" T="87649730" />
  <Point X="127" Y="169" T="87649741" />
  <Point X="126" Y="171" T="87649750" />
  <Point X="124" Y="174" T="87649761" />
  <Point X="122" Y="177" T="87649771" />
  <Point X="119" Y="179" T="87649781" />
  <Point X="117" Y="180" T="87649792" />
  <Point X="113" Y="184" T="87649802" />
  <Point X="111" Y="184" T="87649813" />
  <Point X="110" Y="186" T="87649825" />
  <Point X="110" Y="189" T="87649857" />
  <Point X="112" Y="188" T="87649869" />
  <Point X="115" Y="189" T="87649881" />
  <Point X="117" Y="189" T="87649893" />
  <Point X="120" Y="190" T="87649904" />
  <Point X="122" Y="190" T="87649905" />
  <Point X="125" Y="191" T="87649918" />
  <Point X="129" Y="195" T="87649930" />
  <Point X="130" Y="198" T="87649943" />
  <Point X="130" Y="206" T="87649956" />
  <Point X="130" Y="208" T="87649958" />
  <Point X="128" Y="213" T="87649971" />
  <Point X="124" Y="219" T="87649985" />
  <Point X="123" Y="222" T="87649986" />
  <Point X="120" Y="225" T="87650000" />
  <Point X="114" Y="233" T="87650014" />
  <Point X="112" Y="238" T="87650028" />
  <Point X="111" Y="240" T="87650030" />
  <Point X="112" Y="242" T="87650044" />
  <Point X="112" Y="244" T="87650045" />
  <Point X="114" Y="247" T="87650060" />
  <Point X="117" Y="248" T="87650076" />
  <Point X="124" Y="249" T="87650094" />
  <Point X="132" Y="246" T="87650110" />
</Gesture>