﻿<?xml version="1.0" encoding="utf-8" standalone="yes"?>
<Gesture Name="left_curly_brace09" Subject="3" Speed="fast" Number="9" NumPts="53" Millseconds="636" AppName="Gestures" AppVer="3.5.0.0" Date="Thursday, March 08, 2007" TimeOfDay="1:53:09 PM">
  <Point X="136" Y="131" T="87657468" />
  <Point X="133" Y="130" T="87657492" />
  <Point X="131" Y="129" T="87657500" />
  <Point X="129" Y="130" T="87657508" />
  <Point X="126" Y="130" T="87657516" />
  <Point X="124" Y="130" T="87657524" />
  <Point X="122" Y="129" T="87657532" />
  <Point X="119" Y="130" T="87657540" />
  <Point X="116" Y="131" T="87657548" />
  <Point X="114" Y="132" T="87657556" />
  <Point X="111" Y="133" T="87657564" />
  <Point X="109" Y="134" T="87657576" />
  <Point X="108" Y="137" T="87657588" />
  <Point X="108" Y="140" T="87657596" />
  <Point X="110" Y="143" T="87657613" />
  <Point X="113" Y="146" T="87657625" />
  <Point X="116" Y="148" T="87657634" />
  <Point X="119" Y="150" T="87657642" />
  <Point X="123" Y="152" T="87657650" />
  <Point X="127" Y="154" T="87657659" />
  <Point X="130" Y="156" T="87657668" />
  <Point X="133" Y="157" T="87657677" />
  <Point X="135" Y="159" T="87657686" />
  <Point X="138" Y="161" T="87657695" />
  <Point X="138" Y="164" T="87657710" />
  <Point X="138" Y="166" T="87657720" />
  <Point X="137" Y="168" T="87657732" />
  <Point X="134" Y="170" T="87657743" />
  <Point X="132" Y="172" T="87657754" />
  <Point X="130" Y="173" T="87657765" />
  <Point X="127" Y="174" T="87657775" />
  <Point X="126" Y="176" T="87657793" />
  <Point X="128" Y="177" T="87657833" />
  <Point X="130" Y="176" T="87657845" />
  <Point X="132" Y="176" T="87657858" />
  <Point X="135" Y="177" T="87657870" />
  <Point X="137" Y="177" T="87657882" />
  <Point X="138" Y="179" T="87657894" />
  <Point X="140" Y="182" T="87657906" />
  <Point X="141" Y="189" T="87657919" />
  <Point X="141" Y="193" T="87657932" />
  <Point X="140" Y="196" T="87657934" />
  <Point X="137" Y="203" T="87657948" />
  <Point X="131" Y="212" T="87657964" />
  <Point X="126" Y="220" T="87657978" />
  <Point X="120" Y="227" T="87657992" />
  <Point X="117" Y="235" T="87658006" />
  <Point X="118" Y="239" T="87658021" />
  <Point X="121" Y="245" T="87658035" />
  <Point X="126" Y="247" T="87658050" />
  <Point X="134" Y="248" T="87658071" />
  <Point X="143" Y="245" T="87658087" />
  <Point X="147" Y="244" T="87658104" />
</Gesture>