﻿<?xml version="1.0" encoding="utf-8" standalone="yes"?>
<Gesture Name="left_sq_bracket01" Subject="3" Speed="fast" Number="1" NumPts="52" Millseconds="661" AppName="Gestures" AppVer="3.5.0.0" Date="Thursday, March 08, 2007" TimeOfDay="2:03:45 PM">
  <Point X="157" Y="128" T="88294553" />
  <Point X="155" Y="127" T="88294621" />
  <Point X="153" Y="128" T="88294629" />
  <Point X="150" Y="130" T="88294638" />
  <Point X="147" Y="132" T="88294645" />
  <Point X="145" Y="134" T="88294651" />
  <Point X="141" Y="135" T="88294657" />
  <Point X="138" Y="136" T="88294665" />
  <Point X="136" Y="136" T="88294671" />
  <Point X="132" Y="137" T="88294678" />
  <Point X="128" Y="138" T="88294685" />
  <Point X="125" Y="138" T="88294693" />
  <Point X="122" Y="140" T="88294701" />
  <Point X="120" Y="140" T="88294709" />
  <Point X="117" Y="141" T="88294722" />
  <Point X="115" Y="141" T="88294739" />
  <Point X="114" Y="143" T="88294800" />
  <Point X="114" Y="146" T="88294808" />
  <Point X="114" Y="149" T="88294821" />
  <Point X="114" Y="152" T="88294830" />
  <Point X="114" Y="156" T="88294839" />
  <Point X="114" Y="158" T="88294840" />
  <Point X="114" Y="163" T="88294850" />
  <Point X="114" Y="168" T="88294859" />
  <Point X="114" Y="170" T="88294860" />
  <Point X="113" Y="178" T="88294871" />
  <Point X="113" Y="189" T="88294881" />
  <Point X="113" Y="196" T="88294892" />
  <Point X="113" Y="199" T="88294893" />
  <Point X="113" Y="206" T="88294904" />
  <Point X="113" Y="209" T="88294905" />
  <Point X="114" Y="217" T="88294916" />
  <Point X="114" Y="222" T="88294928" />
  <Point X="114" Y="227" T="88294940" />
  <Point X="114" Y="230" T="88294941" />
  <Point X="115" Y="235" T="88294953" />
  <Point X="115" Y="239" T="88294965" />
  <Point X="115" Y="244" T="88294977" />
  <Point X="115" Y="247" T="88294990" />
  <Point X="115" Y="249" T="88295003" />
  <Point X="117" Y="250" T="88295053" />
  <Point X="119" Y="248" T="88295066" />
  <Point X="123" Y="246" T="88295080" />
  <Point X="130" Y="244" T="88295094" />
  <Point X="135" Y="244" T="88295108" />
  <Point X="144" Y="243" T="88295123" />
  <Point X="152" Y="241" T="88295138" />
  <Point X="158" Y="241" T="88295152" />
  <Point X="165" Y="241" T="88295167" />
  <Point X="170" Y="241" T="88295182" />
  <Point X="174" Y="240" T="88295198" />
  <Point X="176" Y="240" T="88295214" />
</Gesture>