﻿<?xml version="1.0" encoding="utf-8" standalone="yes"?>
<Gesture Name="left_sq_bracket06" Subject="3" Speed="fast" Number="6" NumPts="53" Millseconds="659" AppName="Gestures" AppVer="3.5.0.0" Date="Thursday, March 08, 2007" TimeOfDay="2:03:51 PM">
  <Point X="172" Y="122" T="88300284" />
  <Point X="169" Y="122" T="88300311" />
  <Point X="167" Y="122" T="88300323" />
  <Point X="164" Y="122" T="88300332" />
  <Point X="161" Y="121" T="88300339" />
  <Point X="159" Y="121" T="88300345" />
  <Point X="157" Y="121" T="88300351" />
  <Point X="154" Y="121" T="88300352" />
  <Point X="152" Y="122" T="88300358" />
  <Point X="150" Y="122" T="88300359" />
  <Point X="148" Y="122" T="88300366" />
  <Point X="143" Y="122" T="88300373" />
  <Point X="139" Y="123" T="88300381" />
  <Point X="135" Y="123" T="88300388" />
  <Point X="133" Y="124" T="88300396" />
  <Point X="130" Y="123" T="88300404" />
  <Point X="127" Y="123" T="88300412" />
  <Point X="125" Y="123" T="88300420" />
  <Point X="127" Y="125" T="88300492" />
  <Point X="128" Y="128" T="88300503" />
  <Point X="129" Y="131" T="88300515" />
  <Point X="129" Y="133" T="88300524" />
  <Point X="130" Y="135" T="88300534" />
  <Point X="131" Y="144" T="88300543" />
  <Point X="131" Y="150" T="88300554" />
  <Point X="131" Y="158" T="88300564" />
  <Point X="131" Y="166" T="88300574" />
  <Point X="131" Y="169" T="88300575" />
  <Point X="131" Y="175" T="88300586" />
  <Point X="131" Y="185" T="88300597" />
  <Point X="131" Y="192" T="88300608" />
  <Point X="132" Y="197" T="88300620" />
  <Point X="132" Y="199" T="88300631" />
  <Point X="132" Y="202" T="88300642" />
  <Point X="132" Y="204" T="88300654" />
  <Point X="132" Y="206" T="88300695" />
  <Point X="131" Y="208" T="88300712" />
  <Point X="130" Y="210" T="88300724" />
  <Point X="129" Y="213" T="88300743" />
  <Point X="129" Y="215" T="88300756" />
  <Point X="128" Y="218" T="88300769" />
  <Point X="128" Y="221" T="88300782" />
  <Point X="129" Y="224" T="88300796" />
  <Point X="130" Y="226" T="88300810" />
  <Point X="132" Y="230" T="88300823" />
  <Point X="134" Y="232" T="88300837" />
  <Point X="136" Y="234" T="88300852" />
  <Point X="138" Y="235" T="88300866" />
  <Point X="141" Y="234" T="88300881" />
  <Point X="146" Y="231" T="88300896" />
  <Point X="153" Y="228" T="88300911" />
  <Point X="160" Y="226" T="88300927" />
  <Point X="163" Y="226" T="88300943" />
</Gesture>