﻿<?xml version="1.0" encoding="utf-8" standalone="yes"?>
<Gesture Name="left_sq_bracket02" Subject="3" Speed="fast" Number="2" NumPts="49" Millseconds="563" AppName="Gestures" AppVer="3.5.0.0" Date="Thursday, March 08, 2007" TimeOfDay="2:03:46 PM">
  <Point X="159" Y="128" T="88295732" />
  <Point X="157" Y="128" T="88295769" />
  <Point X="155" Y="130" T="88295781" />
  <Point X="153" Y="131" T="88295789" />
  <Point X="151" Y="132" T="88295797" />
  <Point X="148" Y="133" T="88295805" />
  <Point X="145" Y="134" T="88295813" />
  <Point X="142" Y="134" T="88295821" />
  <Point X="139" Y="133" T="88295829" />
  <Point X="137" Y="135" T="88295837" />
  <Point X="134" Y="135" T="88295845" />
  <Point X="132" Y="135" T="88295853" />
  <Point X="130" Y="134" T="88295861" />
  <Point X="128" Y="134" T="88295870" />
  <Point X="126" Y="135" T="88295881" />
  <Point X="124" Y="135" T="88295906" />
  <Point X="123" Y="137" T="88295932" />
  <Point X="124" Y="140" T="88295951" />
  <Point X="125" Y="142" T="88295960" />
  <Point X="126" Y="144" T="88295968" />
  <Point X="127" Y="148" T="88295977" />
  <Point X="127" Y="152" T="88295986" />
  <Point X="127" Y="154" T="88295987" />
  <Point X="128" Y="160" T="88295997" />
  <Point X="128" Y="169" T="88296007" />
  <Point X="127" Y="177" T="88296017" />
  <Point X="127" Y="189" T="88296028" />
  <Point X="126" Y="196" T="88296038" />
  <Point X="126" Y="199" T="88296039" />
  <Point X="126" Y="207" T="88296050" />
  <Point X="125" Y="211" T="88296051" />
  <Point X="125" Y="214" T="88296063" />
  <Point X="125" Y="218" T="88296064" />
  <Point X="125" Y="223" T="88296076" />
  <Point X="124" Y="228" T="88296088" />
  <Point X="125" Y="232" T="88296100" />
  <Point X="125" Y="234" T="88296128" />
  <Point X="127" Y="234" T="88296156" />
  <Point X="129" Y="232" T="88296168" />
  <Point X="131" Y="230" T="88296181" />
  <Point X="134" Y="230" T="88296194" />
  <Point X="137" Y="229" T="88296208" />
  <Point X="140" Y="229" T="88296209" />
  <Point X="143" Y="227" T="88296223" />
  <Point X="149" Y="228" T="88296237" />
  <Point X="155" Y="227" T="88296251" />
  <Point X="160" Y="228" T="88296265" />
  <Point X="165" Y="229" T="88296280" />
  <Point X="167" Y="230" T="88296295" />
</Gesture>