﻿<?xml version="1.0" encoding="utf-8" standalone="yes"?>
<Gesture Name="left_sq_bracket04" Subject="3" Speed="fast" Number="4" NumPts="50" Millseconds="561" AppName="Gestures" AppVer="3.5.0.0" Date="Thursday, March 08, 2007" TimeOfDay="2:03:49 PM">
  <Point X="160" Y="128" T="88298042" />
  <Point X="157" Y="128" T="88298066" />
  <Point X="154" Y="128" T="88298078" />
  <Point X="152" Y="129" T="88298086" />
  <Point X="149" Y="129" T="88298094" />
  <Point X="147" Y="130" T="88298100" />
  <Point X="144" Y="129" T="88298106" />
  <Point X="140" Y="130" T="88298114" />
  <Point X="138" Y="131" T="88298121" />
  <Point X="136" Y="131" T="88298127" />
  <Point X="132" Y="131" T="88298134" />
  <Point X="129" Y="130" T="88298141" />
  <Point X="127" Y="131" T="88298148" />
  <Point X="124" Y="132" T="88298155" />
  <Point X="121" Y="133" T="88298163" />
  <Point X="119" Y="133" T="88298171" />
  <Point X="117" Y="133" T="88298179" />
  <Point X="115" Y="134" T="88298188" />
  <Point X="114" Y="136" T="88298214" />
  <Point X="115" Y="138" T="88298235" />
  <Point X="117" Y="140" T="88298245" />
  <Point X="118" Y="143" T="88298254" />
  <Point X="119" Y="145" T="88298264" />
  <Point X="121" Y="151" T="88298274" />
  <Point X="123" Y="159" T="88298284" />
  <Point X="123" Y="165" T="88298294" />
  <Point X="124" Y="172" T="88298304" />
  <Point X="124" Y="183" T="88298315" />
  <Point X="124" Y="190" T="88298326" />
  <Point X="124" Y="199" T="88298337" />
  <Point X="125" Y="204" T="88298348" />
  <Point X="124" Y="212" T="88298360" />
  <Point X="124" Y="215" T="88298371" />
  <Point X="124" Y="222" T="88298383" />
  <Point X="123" Y="224" T="88298395" />
  <Point X="123" Y="227" T="88298408" />
  <Point X="123" Y="229" T="88298420" />
  <Point X="123" Y="232" T="88298432" />
  <Point X="125" Y="232" T="88298471" />
  <Point X="127" Y="231" T="88298484" />
  <Point X="130" Y="231" T="88298497" />
  <Point X="133" Y="229" T="88298510" />
  <Point X="136" Y="229" T="88298511" />
  <Point X="139" Y="228" T="88298526" />
  <Point X="148" Y="227" T="88298540" />
  <Point X="156" Y="229" T="88298556" />
  <Point X="161" Y="227" T="88298570" />
  <Point X="167" Y="227" T="88298588" />
  <Point X="170" Y="228" T="88298602" />
  <Point X="172" Y="229" T="88298603" />
</Gesture>