﻿<?xml version="1.0" encoding="utf-8" standalone="yes"?>
<Gesture Name="left_sq_bracket09" Subject="3" Speed="fast" Number="9" NumPts="53" Millseconds="727" AppName="Gestures" AppVer="3.5.0.0" Date="Thursday, March 08, 2007" TimeOfDay="2:03:55 PM">
  <Point X="169" Y="119" T="88303905" />
  <Point X="166" Y="120" T="88303933" />
  <Point X="164" Y="120" T="88303945" />
  <Point X="161" Y="120" T="88303954" />
  <Point X="159" Y="120" T="88303962" />
  <Point X="156" Y="120" T="88303969" />
  <Point X="154" Y="121" T="88303978" />
  <Point X="152" Y="121" T="88303986" />
  <Point X="150" Y="121" T="88303994" />
  <Point X="148" Y="122" T="88304002" />
  <Point X="145" Y="122" T="88304014" />
  <Point X="143" Y="123" T="88304030" />
  <Point X="141" Y="124" T="88304045" />
  <Point X="139" Y="126" T="88304065" />
  <Point X="139" Y="128" T="88304122" />
  <Point X="140" Y="131" T="88304130" />
  <Point X="141" Y="134" T="88304139" />
  <Point X="142" Y="137" T="88304148" />
  <Point X="143" Y="141" T="88304157" />
  <Point X="143" Y="144" T="88304158" />
  <Point X="144" Y="150" T="88304167" />
  <Point X="145" Y="155" T="88304177" />
  <Point X="146" Y="167" T="88304186" />
  <Point X="147" Y="174" T="88304196" />
  <Point X="147" Y="186" T="88304206" />
  <Point X="147" Y="194" T="88304216" />
  <Point X="146" Y="204" T="88304227" />
  <Point X="145" Y="211" T="88304237" />
  <Point X="145" Y="214" T="88304238" />
  <Point X="145" Y="218" T="88304249" />
  <Point X="144" Y="220" T="88304250" />
  <Point X="144" Y="223" T="88304262" />
  <Point X="144" Y="226" T="88304263" />
  <Point X="143" Y="230" T="88304274" />
  <Point X="143" Y="234" T="88304286" />
  <Point X="143" Y="236" T="88304287" />
  <Point X="143" Y="239" T="88304299" />
  <Point X="143" Y="241" T="88304311" />
  <Point X="142" Y="243" T="88304325" />
  <Point X="142" Y="245" T="88304367" />
  <Point X="144" Y="242" T="88304427" />
  <Point X="146" Y="241" T="88304443" />
  <Point X="148" Y="239" T="88304456" />
  <Point X="151" Y="238" T="88304470" />
  <Point X="155" Y="236" T="88304485" />
  <Point X="160" Y="234" T="88304499" />
  <Point X="163" Y="235" T="88304514" />
  <Point X="170" Y="233" T="88304529" />
  <Point X="177" Y="233" T="88304545" />
  <Point X="182" Y="233" T="88304560" />
  <Point X="187" Y="233" T="88304575" />
  <Point X="189" Y="233" T="88304600" />
  <Point X="191" Y="231" T="88304632" />
</Gesture>