﻿<?xml version="1.0" encoding="utf-8" standalone="yes"?>
<Gesture Name="left_sq_bracket08" Subject="3" Speed="fast" Number="8" NumPts="50" Millseconds="593" AppName="Gestures" AppVer="3.5.0.0" Date="Thursday, March 08, 2007" TimeOfDay="2:03:53 PM">
  <Point X="173" Y="123" T="88302743" />
  <Point X="171" Y="125" T="88302766" />
  <Point X="169" Y="125" T="88302778" />
  <Point X="166" Y="126" T="88302790" />
  <Point X="164" Y="126" T="88302798" />
  <Point X="161" Y="126" T="88302806" />
  <Point X="159" Y="127" T="88302814" />
  <Point X="156" Y="126" T="88302822" />
  <Point X="152" Y="125" T="88302830" />
  <Point X="149" Y="126" T="88302838" />
  <Point X="147" Y="127" T="88302846" />
  <Point X="144" Y="126" T="88302854" />
  <Point X="142" Y="126" T="88302862" />
  <Point X="140" Y="126" T="88302879" />
  <Point X="141" Y="129" T="88302932" />
  <Point X="141" Y="131" T="88302941" />
  <Point X="142" Y="134" T="88302954" />
  <Point X="143" Y="138" T="88302962" />
  <Point X="143" Y="143" T="88302971" />
  <Point X="144" Y="148" T="88302980" />
  <Point X="144" Y="155" T="88302989" />
  <Point X="145" Y="167" T="88302998" />
  <Point X="145" Y="175" T="88303008" />
  <Point X="145" Y="183" T="88303018" />
  <Point X="145" Y="187" T="88303019" />
  <Point X="145" Y="195" T="88303029" />
  <Point X="144" Y="203" T="88303039" />
  <Point X="144" Y="209" T="88303050" />
  <Point X="143" Y="212" T="88303051" />
  <Point X="143" Y="217" T="88303062" />
  <Point X="142" Y="219" T="88303063" />
  <Point X="142" Y="223" T="88303074" />
  <Point X="141" Y="226" T="88303085" />
  <Point X="140" Y="230" T="88303097" />
  <Point X="140" Y="233" T="88303109" />
  <Point X="139" Y="238" T="88303121" />
  <Point X="138" Y="240" T="88303146" />
  <Point X="141" Y="239" T="88303193" />
  <Point X="143" Y="238" T="88303205" />
  <Point X="145" Y="238" T="88303218" />
  <Point X="147" Y="238" T="88303232" />
  <Point X="151" Y="237" T="88303245" />
  <Point X="157" Y="237" T="88303258" />
  <Point X="159" Y="236" T="88303272" />
  <Point X="162" Y="235" T="88303273" />
  <Point X="165" Y="236" T="88303288" />
  <Point X="171" Y="236" T="88303305" />
  <Point X="174" Y="235" T="88303306" />
  <Point X="176" Y="236" T="88303320" />
  <Point X="178" Y="235" T="88303336" />
</Gesture>