﻿<?xml version="1.0" encoding="utf-8" standalone="yes"?>
<Gesture Name="pigtail03" Subject="3" Speed="fast" Number="3" NumPts="52" Millseconds="515" AppName="Gestures" AppVer="3.5.0.0" Date="Thursday, March 08, 2007" TimeOfDay="2:04:49 PM">
  <Point X="58" Y="216" T="88359026" />
  <Point X="59" Y="218" T="88359055" />
  <Point X="62" Y="219" T="88359071" />
  <Point X="64" Y="221" T="88359084" />
  <Point X="67" Y="222" T="88359091" />
  <Point X="70" Y="223" T="88359100" />
  <Point X="74" Y="224" T="88359108" />
  <Point X="76" Y="223" T="88359114" />
  <Point X="82" Y="221" T="88359121" />
  <Point X="85" Y="220" T="88359127" />
  <Point X="88" Y="220" T="88359129" />
  <Point X="91" Y="219" T="88359135" />
  <Point X="94" Y="218" T="88359137" />
  <Point X="101" Y="214" T="88359144" />
  <Point X="107" Y="210" T="88359152" />
  <Point X="112" Y="205" T="88359161" />
  <Point X="118" Y="200" T="88359169" />
  <Point X="122" Y="195" T="88359177" />
  <Point X="127" Y="189" T="88359186" />
  <Point X="131" Y="183" T="88359195" />
  <Point X="136" Y="173" T="88359204" />
  <Point X="139" Y="166" T="88359214" />
  <Point X="141" Y="161" T="88359224" />
  <Point X="142" Y="159" T="88359225" />
  <Point X="143" Y="153" T="88359235" />
  <Point X="144" Y="149" T="88359245" />
  <Point X="145" Y="146" T="88359255" />
  <Point X="144" Y="140" T="88359265" />
  <Point X="142" Y="141" T="88359281" />
  <Point X="140" Y="139" T="88359293" />
  <Point X="138" Y="141" T="88359304" />
  <Point X="136" Y="142" T="88359315" />
  <Point X="132" Y="147" T="88359327" />
  <Point X="129" Y="150" T="88359339" />
  <Point X="123" Y="159" T="88359351" />
  <Point X="118" Y="167" T="88359364" />
  <Point X="114" Y="178" T="88359376" />
  <Point X="113" Y="181" T="88359377" />
  <Point X="111" Y="193" T="88359390" />
  <Point X="112" Y="201" T="88359404" />
  <Point X="117" Y="214" T="88359418" />
  <Point X="123" Y="221" T="88359432" />
  <Point X="134" Y="225" T="88359446" />
  <Point X="144" Y="226" T="88359460" />
  <Point X="147" Y="225" T="88359461" />
  <Point X="156" Y="225" T="88359476" />
  <Point X="159" Y="224" T="88359477" />
  <Point X="168" Y="222" T="88359492" />
  <Point X="170" Y="221" T="88359494" />
  <Point X="179" Y="218" T="88359510" />
  <Point X="185" Y="213" T="88359525" />
  <Point X="188" Y="210" T="88359541" />
</Gesture>