﻿<?xml version="1.0" encoding="utf-8" standalone="yes"?>
<Gesture Name="pigtail09" Subject="3" Speed="fast" Number="9" NumPts="53" Millseconds="485" AppName="Gestures" AppVer="3.5.0.0" Date="Thursday, March 08, 2007" TimeOfDay="2:04:56 PM">
  <Point X="72" Y="217" T="88365597" />
  <Point X="73" Y="219" T="88365617" />
  <Point X="75" Y="221" T="88365630" />
  <Point X="76" Y="223" T="88365638" />
  <Point X="79" Y="226" T="88365647" />
  <Point X="81" Y="230" T="88365654" />
  <Point X="85" Y="232" T="88365662" />
  <Point X="87" Y="232" T="88365668" />
  <Point X="92" Y="233" T="88365675" />
  <Point X="95" Y="233" T="88365681" />
  <Point X="98" Y="233" T="88365683" />
  <Point X="101" Y="232" T="88365689" />
  <Point X="104" Y="231" T="88365691" />
  <Point X="111" Y="229" T="88365698" />
  <Point X="118" Y="226" T="88365706" />
  <Point X="125" Y="223" T="88365714" />
  <Point X="131" Y="218" T="88365723" />
  <Point X="137" Y="212" T="88365731" />
  <Point X="143" Y="207" T="88365740" />
  <Point X="148" Y="200" T="88365749" />
  <Point X="152" Y="194" T="88365758" />
  <Point X="154" Y="190" T="88365759" />
  <Point X="157" Y="183" T="88365768" />
  <Point X="160" Y="172" T="88365778" />
  <Point X="161" Y="166" T="88365788" />
  <Point X="162" Y="159" T="88365798" />
  <Point X="161" Y="155" T="88365809" />
  <Point X="160" Y="152" T="88365819" />
  <Point X="159" Y="149" T="88365830" />
  <Point X="157" Y="148" T="88365841" />
  <Point X="153" Y="147" T="88365852" />
  <Point X="150" Y="147" T="88365863" />
  <Point X="145" Y="150" T="88365875" />
  <Point X="142" Y="152" T="88365886" />
  <Point X="135" Y="160" T="88365899" />
  <Point X="129" Y="171" T="88365911" />
  <Point X="123" Y="181" T="88365924" />
  <Point X="119" Y="196" T="88365937" />
  <Point X="117" Y="201" T="88365938" />
  <Point X="116" Y="212" T="88365952" />
  <Point X="119" Y="223" T="88365968" />
  <Point X="125" Y="227" T="88365982" />
  <Point X="127" Y="229" T="88365983" />
  <Point X="137" Y="229" T="88365997" />
  <Point X="140" Y="229" T="88365998" />
  <Point X="152" Y="226" T="88366013" />
  <Point X="156" Y="226" T="88366014" />
  <Point X="167" Y="220" T="88366029" />
  <Point X="170" Y="219" T="88366031" />
  <Point X="183" Y="210" T="88366046" />
  <Point X="191" Y="203" T="88366062" />
  <Point X="194" Y="201" T="88366063" />
  <Point X="198" Y="197" T="88366082" />
</Gesture>