﻿<?xml version="1.0" encoding="utf-8" standalone="yes"?>
<Gesture Name="pigtail10" Subject="3" Speed="fast" Number="10" NumPts="52" Millseconds="495" AppName="Gestures" AppVer="3.5.0.0" Date="Thursday, March 08, 2007" TimeOfDay="2:04:57 PM">
  <Point X="65" Y="214" T="88366717" />
  <Point X="66" Y="216" T="88366746" />
  <Point X="69" Y="219" T="88366758" />
  <Point X="71" Y="221" T="88366766" />
  <Point X="74" Y="223" T="88366774" />
  <Point X="76" Y="223" T="88366780" />
  <Point X="78" Y="224" T="88366786" />
  <Point X="80" Y="224" T="88366787" />
  <Point X="83" Y="224" T="88366793" />
  <Point X="88" Y="224" T="88366800" />
  <Point X="94" Y="224" T="88366807" />
  <Point X="97" Y="223" T="88366813" />
  <Point X="100" Y="222" T="88366815" />
  <Point X="107" Y="220" T="88366822" />
  <Point X="110" Y="218" T="88366830" />
  <Point X="114" Y="215" T="88366831" />
  <Point X="120" Y="212" T="88366839" />
  <Point X="126" Y="206" T="88366848" />
  <Point X="132" Y="200" T="88366856" />
  <Point X="137" Y="195" T="88366865" />
  <Point X="140" Y="192" T="88366866" />
  <Point X="144" Y="185" T="88366876" />
  <Point X="148" Y="179" T="88366885" />
  <Point X="150" Y="176" T="88366886" />
  <Point X="153" Y="170" T="88366896" />
  <Point X="157" Y="161" T="88366907" />
  <Point X="159" Y="155" T="88366917" />
  <Point X="160" Y="151" T="88366927" />
  <Point X="160" Y="145" T="88366938" />
  <Point X="159" Y="143" T="88366950" />
  <Point X="157" Y="142" T="88366962" />
  <Point X="154" Y="141" T="88366974" />
  <Point X="152" Y="141" T="88366987" />
  <Point X="149" Y="142" T="88366998" />
  <Point X="146" Y="143" T="88367011" />
  <Point X="144" Y="145" T="88367023" />
  <Point X="138" Y="152" T="88367035" />
  <Point X="132" Y="161" T="88367048" />
  <Point X="127" Y="172" T="88367061" />
  <Point X="122" Y="189" T="88367075" />
  <Point X="121" Y="200" T="88367088" />
  <Point X="123" Y="209" T="88367102" />
  <Point X="124" Y="212" T="88367103" />
  <Point X="130" Y="217" T="88367117" />
  <Point X="142" Y="219" T="88367132" />
  <Point X="156" Y="216" T="88367146" />
  <Point X="166" Y="213" T="88367161" />
  <Point X="169" Y="211" T="88367162" />
  <Point X="176" Y="206" T="88367178" />
  <Point X="178" Y="205" T="88367179" />
  <Point X="184" Y="199" T="88367195" />
  <Point X="187" Y="196" T="88367212" />
</Gesture>