﻿<?xml version="1.0" encoding="utf-8" standalone="yes"?>
<Gesture Name="pigtail08" Subject="3" Speed="fast" Number="8" NumPts="47" Millseconds="464" AppName="Gestures" AppVer="3.5.0.0" Date="Thursday, March 08, 2007" TimeOfDay="2:04:55 PM">
  <Point X="50" Y="227" T="88364538" />
  <Point X="52" Y="228" T="88364554" />
  <Point X="54" Y="228" T="88364562" />
  <Point X="57" Y="230" T="88364571" />
  <Point X="59" Y="232" T="88364579" />
  <Point X="63" Y="234" T="88364587" />
  <Point X="66" Y="235" T="88364595" />
  <Point X="68" Y="236" T="88364601" />
  <Point X="73" Y="236" T="88364608" />
  <Point X="76" Y="236" T="88364615" />
  <Point X="79" Y="236" T="88364616" />
  <Point X="83" Y="235" T="88364623" />
  <Point X="86" Y="234" T="88364624" />
  <Point X="93" Y="232" T="88364631" />
  <Point X="99" Y="228" T="88364639" />
  <Point X="106" Y="224" T="88364647" />
  <Point X="112" Y="220" T="88364656" />
  <Point X="118" Y="215" T="88364664" />
  <Point X="124" Y="209" T="88364674" />
  <Point X="133" Y="200" T="88364684" />
  <Point X="139" Y="193" T="88364693" />
  <Point X="145" Y="181" T="88364704" />
  <Point X="149" Y="175" T="88364714" />
  <Point X="151" Y="171" T="88364715" />
  <Point X="154" Y="165" T="88364726" />
  <Point X="156" Y="156" T="88364736" />
  <Point X="156" Y="153" T="88364746" />
  <Point X="156" Y="151" T="88364757" />
  <Point X="153" Y="148" T="88364768" />
  <Point X="150" Y="148" T="88364778" />
  <Point X="147" Y="148" T="88364790" />
  <Point X="142" Y="149" T="88364801" />
  <Point X="134" Y="153" T="88364813" />
  <Point X="128" Y="158" T="88364825" />
  <Point X="121" Y="165" T="88364837" />
  <Point X="114" Y="174" T="88364849" />
  <Point X="109" Y="185" T="88364862" />
  <Point X="107" Y="202" T="88364875" />
  <Point X="109" Y="212" T="88364888" />
  <Point X="115" Y="221" T="88364902" />
  <Point X="126" Y="226" T="88364915" />
  <Point X="137" Y="227" T="88364929" />
  <Point X="152" Y="224" T="88364944" />
  <Point X="163" Y="221" T="88364958" />
  <Point X="176" Y="213" T="88364973" />
  <Point X="183" Y="209" T="88364987" />
  <Point X="186" Y="206" T="88365002" />
</Gesture>