﻿<?xml version="1.0" encoding="utf-8" standalone="yes"?>
<Gesture Name="pigtail06" Subject="3" Speed="fast" Number="6" NumPts="54" Millseconds="505" AppName="Gestures" AppVer="3.5.0.0" Date="Thursday, March 08, 2007" TimeOfDay="2:04:53 PM">
  <Point X="62" Y="217" T="88362330" />
  <Point X="64" Y="219" T="88362358" />
  <Point X="66" Y="219" T="88362366" />
  <Point X="69" Y="220" T="88362374" />
  <Point X="71" Y="221" T="88362383" />
  <Point X="75" Y="222" T="88362390" />
  <Point X="78" Y="223" T="88362396" />
  <Point X="82" Y="223" T="88362402" />
  <Point X="85" Y="223" T="88362409" />
  <Point X="91" Y="223" T="88362415" />
  <Point X="98" Y="222" T="88362423" />
  <Point X="102" Y="222" T="88362429" />
  <Point X="105" Y="222" T="88362431" />
  <Point X="113" Y="219" T="88362438" />
  <Point X="120" Y="216" T="88362446" />
  <Point X="126" Y="213" T="88362454" />
  <Point X="132" Y="210" T="88362462" />
  <Point X="138" Y="205" T="88362471" />
  <Point X="143" Y="200" T="88362479" />
  <Point X="148" Y="194" T="88362488" />
  <Point X="152" Y="187" T="88362498" />
  <Point X="154" Y="185" T="88362499" />
  <Point X="157" Y="179" T="88362508" />
  <Point X="159" Y="172" T="88362518" />
  <Point X="160" Y="170" T="88362519" />
  <Point X="162" Y="163" T="88362529" />
  <Point X="163" Y="155" T="88362539" />
  <Point X="163" Y="151" T="88362550" />
  <Point X="163" Y="148" T="88362561" />
  <Point X="162" Y="146" T="88362571" />
  <Point X="160" Y="145" T="88362582" />
  <Point X="158" Y="143" T="88362593" />
  <Point X="155" Y="145" T="88362605" />
  <Point X="153" Y="146" T="88362617" />
  <Point X="150" Y="149" T="88362628" />
  <Point X="145" Y="158" T="88362641" />
  <Point X="140" Y="166" T="88362654" />
  <Point X="139" Y="169" T="88362655" />
  <Point X="134" Y="180" T="88362668" />
  <Point X="131" Y="193" T="88362681" />
  <Point X="130" Y="196" T="88362682" />
  <Point X="129" Y="207" T="88362696" />
  <Point X="131" Y="219" T="88362710" />
  <Point X="136" Y="224" T="88362724" />
  <Point X="147" Y="226" T="88362739" />
  <Point X="157" Y="226" T="88362753" />
  <Point X="160" Y="225" T="88362755" />
  <Point X="170" Y="221" T="88362769" />
  <Point X="173" Y="219" T="88362770" />
  <Point X="183" Y="213" T="88362786" />
  <Point X="192" Y="206" T="88362802" />
  <Point X="195" Y="204" T="88362818" />
  <Point X="198" Y="201" T="88362819" />
  <Point X="200" Y="200" T="88362835" />
</Gesture>