﻿<?xml version="1.0" encoding="utf-8" standalone="yes"?>
<Gesture Name="pigtail01" Subject="3" Speed="fast" Number="1" NumPts="50" Millseconds="547" AppName="Gestures" AppVer="3.5.0.0" Date="Thursday, March 08, 2007" TimeOfDay="2:04:47 PM">
  <Point X="56" Y="212" T="88357146" />
  <Point X="56" Y="215" T="88357224" />
  <Point X="59" Y="215" T="88357236" />
  <Point X="62" Y="215" T="88357245" />
  <Point X="66" Y="214" T="88357252" />
  <Point X="68" Y="214" T="88357258" />
  <Point X="73" Y="213" T="88357264" />
  <Point X="75" Y="213" T="88357271" />
  <Point X="80" Y="211" T="88357278" />
  <Point X="85" Y="209" T="88357285" />
  <Point X="87" Y="207" T="88357291" />
  <Point X="90" Y="206" T="88357292" />
  <Point X="95" Y="202" T="88357301" />
  <Point X="101" Y="198" T="88357309" />
  <Point X="106" Y="194" T="88357317" />
  <Point X="112" Y="189" T="88357325" />
  <Point X="117" Y="184" T="88357333" />
  <Point X="122" Y="177" T="88357342" />
  <Point X="126" Y="171" T="88357351" />
  <Point X="128" Y="168" T="88357353" />
  <Point X="131" Y="162" T="88357362" />
  <Point X="136" Y="151" T="88357373" />
  <Point X="138" Y="146" T="88357383" />
  <Point X="138" Y="140" T="88357393" />
  <Point X="138" Y="136" T="88357403" />
  <Point X="136" Y="135" T="88357417" />
  <Point X="133" Y="134" T="88357429" />
  <Point X="131" Y="134" T="88357439" />
  <Point X="129" Y="134" T="88357450" />
  <Point X="126" Y="137" T="88357461" />
  <Point X="124" Y="139" T="88357472" />
  <Point X="120" Y="146" T="88357483" />
  <Point X="116" Y="154" T="88357495" />
  <Point X="111" Y="164" T="88357506" />
  <Point X="107" Y="176" T="88357519" />
  <Point X="106" Y="188" T="88357531" />
  <Point X="106" Y="198" T="88357544" />
  <Point X="108" Y="207" T="88357557" />
  <Point X="110" Y="209" T="88357558" />
  <Point X="115" Y="216" T="88357571" />
  <Point X="122" Y="218" T="88357585" />
  <Point X="125" Y="219" T="88357586" />
  <Point X="133" Y="219" T="88357600" />
  <Point X="136" Y="219" T="88357601" />
  <Point X="145" Y="217" T="88357616" />
  <Point X="157" Y="212" T="88357633" />
  <Point X="163" Y="207" T="88357648" />
  <Point X="169" Y="203" T="88357663" />
  <Point X="172" Y="199" T="88357678" />
  <Point X="173" Y="197" T="88357693" />
</Gesture>