﻿<?xml version="1.0" encoding="utf-8" standalone="yes"?>
<Gesture Name="pigtail02" Subject="3" Speed="fast" Number="2" NumPts="50" Millseconds="494" AppName="Gestures" AppVer="3.5.0.0" Date="Thursday, March 08, 2007" TimeOfDay="2:04:48 PM">
  <Point X="56" Y="221" T="88358114" />
  <Point X="58" Y="222" T="88358135" />
  <Point X="61" Y="223" T="88358147" />
  <Point X="63" Y="224" T="88358156" />
  <Point X="66" Y="225" T="88358163" />
  <Point X="68" Y="226" T="88358169" />
  <Point X="72" Y="226" T="88358175" />
  <Point X="75" Y="226" T="88358181" />
  <Point X="80" Y="225" T="88358188" />
  <Point X="82" Y="225" T="88358195" />
  <Point X="85" Y="224" T="88358196" />
  <Point X="88" Y="224" T="88358203" />
  <Point X="91" Y="222" T="88358204" />
  <Point X="98" Y="219" T="88358212" />
  <Point X="104" Y="216" T="88358220" />
  <Point X="110" Y="212" T="88358228" />
  <Point X="116" Y="208" T="88358236" />
  <Point X="121" Y="204" T="88358244" />
  <Point X="125" Y="199" T="88358253" />
  <Point X="129" Y="193" T="88358262" />
  <Point X="135" Y="185" T="88358271" />
  <Point X="138" Y="178" T="88358280" />
  <Point X="140" Y="172" T="88358290" />
  <Point X="142" Y="164" T="88358300" />
  <Point X="143" Y="160" T="88358310" />
  <Point X="143" Y="158" T="88358320" />
  <Point X="142" Y="155" T="88358330" />
  <Point X="140" Y="153" T="88358340" />
  <Point X="137" Y="153" T="88358352" />
  <Point X="134" Y="154" T="88358364" />
  <Point X="132" Y="155" T="88358375" />
  <Point X="130" Y="157" T="88358386" />
  <Point X="126" Y="163" T="88358398" />
  <Point X="123" Y="169" T="88358410" />
  <Point X="119" Y="177" T="88358422" />
  <Point X="116" Y="188" T="88358435" />
  <Point X="115" Y="200" T="88358447" />
  <Point X="115" Y="204" T="88358448" />
  <Point X="117" Y="215" T="88358462" />
  <Point X="120" Y="223" T="88358475" />
  <Point X="122" Y="226" T="88358476" />
  <Point X="129" Y="230" T="88358490" />
  <Point X="141" Y="233" T="88358505" />
  <Point X="150" Y="233" T="88358519" />
  <Point X="161" Y="228" T="88358533" />
  <Point X="171" Y="224" T="88358548" />
  <Point X="177" Y="219" T="88358563" />
  <Point X="182" Y="214" T="88358578" />
  <Point X="184" Y="211" T="88358593" />
  <Point X="185" Y="209" T="88358608" />
</Gesture>