﻿<?xml version="1.0" encoding="utf-8" standalone="yes"?>
<Gesture Name="pigtail07" Subject="3" Speed="fast" Number="7" NumPts="52" Millseconds="468" AppName="Gestures" AppVer="3.5.0.0" Date="Thursday, March 08, 2007" TimeOfDay="2:04:54 PM">
  <Point X="52" Y="226" T="88363484" />
  <Point X="54" Y="228" T="88363496" />
  <Point X="57" Y="230" T="88363508" />
  <Point X="59" Y="231" T="88363516" />
  <Point X="63" Y="232" T="88363524" />
  <Point X="65" Y="233" T="88363530" />
  <Point X="68" Y="234" T="88363535" />
  <Point X="71" Y="235" T="88363537" />
  <Point X="73" Y="235" T="88363543" />
  <Point X="80" Y="236" T="88363550" />
  <Point X="86" Y="236" T="88363557" />
  <Point X="90" Y="236" T="88363563" />
  <Point X="93" Y="234" T="88363565" />
  <Point X="97" Y="233" T="88363572" />
  <Point X="101" Y="232" T="88363573" />
  <Point X="108" Y="228" T="88363581" />
  <Point X="116" Y="224" T="88363589" />
  <Point X="123" Y="218" T="88363598" />
  <Point X="129" Y="213" T="88363607" />
  <Point X="135" Y="207" T="88363615" />
  <Point X="138" Y="205" T="88363616" />
  <Point X="143" Y="198" T="88363626" />
  <Point X="147" Y="192" T="88363635" />
  <Point X="149" Y="189" T="88363636" />
  <Point X="152" Y="182" T="88363646" />
  <Point X="156" Y="171" T="88363657" />
  <Point X="158" Y="165" T="88363667" />
  <Point X="160" Y="156" T="88363678" />
  <Point X="159" Y="154" T="88363689" />
  <Point X="159" Y="152" T="88363699" />
  <Point X="157" Y="150" T="88363710" />
  <Point X="154" Y="151" T="88363721" />
  <Point X="149" Y="151" T="88363733" />
  <Point X="147" Y="153" T="88363745" />
  <Point X="142" Y="158" T="88363759" />
  <Point X="135" Y="167" T="88363773" />
  <Point X="131" Y="175" T="88363788" />
  <Point X="129" Y="180" T="88363789" />
  <Point X="125" Y="192" T="88363803" />
  <Point X="122" Y="208" T="88363816" />
  <Point X="123" Y="216" T="88363830" />
  <Point X="125" Y="219" T="88363844" />
  <Point X="129" Y="223" T="88363845" />
  <Point X="136" Y="225" T="88363859" />
  <Point X="147" Y="225" T="88363873" />
  <Point X="160" Y="221" T="88363888" />
  <Point X="168" Y="217" T="88363903" />
  <Point X="171" Y="215" T="88363904" />
  <Point X="177" Y="211" T="88363920" />
  <Point X="179" Y="209" T="88363921" />
  <Point X="185" Y="205" T="88363937" />
  <Point X="187" Y="203" T="88363952" />
</Gesture>