﻿<?xml version="1.0" encoding="utf-8" standalone="yes"?>
<Gesture Name="pigtail04" Subject="3" Speed="fast" Number="4" NumPts="52" Millseconds="497" AppName="Gestures" AppVer="3.5.0.0" Date="Thursday, March 08, 2007" TimeOfDay="2:04:50 PM">
  <Point X="61" Y="217" T="88360049" />
  <Point X="62" Y="220" T="88360064" />
  <Point X="64" Y="221" T="88360076" />
  <Point X="66" Y="222" T="88360085" />
  <Point X="68" Y="224" T="88360093" />
  <Point X="71" Y="225" T="88360101" />
  <Point X="75" Y="226" T="88360109" />
  <Point X="77" Y="226" T="88360115" />
  <Point X="82" Y="227" T="88360122" />
  <Point X="84" Y="228" T="88360128" />
  <Point X="87" Y="227" T="88360129" />
  <Point X="90" Y="226" T="88360136" />
  <Point X="94" Y="225" T="88360137" />
  <Point X="100" Y="224" T="88360145" />
  <Point X="107" Y="221" T="88360153" />
  <Point X="114" Y="218" T="88360162" />
  <Point X="120" Y="214" T="88360170" />
  <Point X="126" Y="211" T="88360178" />
  <Point X="132" Y="206" T="88360187" />
  <Point X="138" Y="201" T="88360195" />
  <Point X="142" Y="196" T="88360204" />
  <Point X="144" Y="193" T="88360205" />
  <Point X="148" Y="187" T="88360215" />
  <Point X="153" Y="178" T="88360225" />
  <Point X="155" Y="173" T="88360235" />
  <Point X="158" Y="164" T="88360245" />
  <Point X="159" Y="159" T="88360256" />
  <Point X="160" Y="152" T="88360267" />
  <Point X="160" Y="148" T="88360278" />
  <Point X="159" Y="145" T="88360288" />
  <Point X="158" Y="143" T="88360299" />
  <Point X="156" Y="141" T="88360311" />
  <Point X="153" Y="141" T="88360322" />
  <Point X="151" Y="141" T="88360334" />
  <Point X="149" Y="141" T="88360346" />
  <Point X="143" Y="147" T="88360358" />
  <Point X="137" Y="151" T="88360370" />
  <Point X="132" Y="156" T="88360383" />
  <Point X="126" Y="168" T="88360396" />
  <Point X="121" Y="181" T="88360410" />
  <Point X="119" Y="194" T="88360423" />
  <Point X="122" Y="209" T="88360438" />
  <Point X="127" Y="217" T="88360452" />
  <Point X="136" Y="224" T="88360466" />
  <Point X="145" Y="227" T="88360481" />
  <Point X="148" Y="228" T="88360482" />
  <Point X="159" Y="227" T="88360497" />
  <Point X="162" Y="226" T="88360498" />
  <Point X="173" Y="224" T="88360513" />
  <Point X="176" Y="224" T="88360514" />
  <Point X="188" Y="218" T="88360530" />
  <Point X="195" Y="214" T="88360546" />
</Gesture>