﻿<?xml version="1.0" encoding="utf-8" standalone="yes"?>
<Gesture Name="pigtail05" Subject="3" Speed="fast" Number="5" NumPts="52" Millseconds="478" AppName="Gestures" AppVer="3.5.0.0" Date="Thursday, March 08, 2007" TimeOfDay="2:04:51 PM">
  <Point X="59" Y="219" T="88361205" />
  <Point X="60" Y="221" T="88361229" />
  <Point X="61" Y="223" T="88361237" />
  <Point X="63" Y="225" T="88361246" />
  <Point X="66" Y="226" T="88361254" />
  <Point X="68" Y="227" T="88361260" />
  <Point X="70" Y="228" T="88361266" />
  <Point X="72" Y="229" T="88361267" />
  <Point X="75" Y="229" T="88361273" />
  <Point X="81" Y="230" T="88361280" />
  <Point X="88" Y="229" T="88361287" />
  <Point X="92" Y="228" T="88361294" />
  <Point X="96" Y="227" T="88361295" />
  <Point X="103" Y="225" T="88361302" />
  <Point X="107" Y="223" T="88361310" />
  <Point X="111" Y="221" T="88361311" />
  <Point X="118" Y="218" T="88361319" />
  <Point X="125" Y="214" T="88361327" />
  <Point X="131" Y="209" T="88361336" />
  <Point X="137" Y="204" T="88361345" />
  <Point X="144" Y="196" T="88361354" />
  <Point X="148" Y="190" T="88361364" />
  <Point X="151" Y="185" T="88361373" />
  <Point X="154" Y="177" T="88361383" />
  <Point X="155" Y="171" T="88361393" />
  <Point X="156" Y="163" T="88361403" />
  <Point X="156" Y="157" T="88361414" />
  <Point X="156" Y="155" T="88361415" />
  <Point X="155" Y="152" T="88361425" />
  <Point X="153" Y="150" T="88361436" />
  <Point X="151" Y="149" T="88361447" />
  <Point X="149" Y="149" T="88361459" />
  <Point X="146" Y="151" T="88361471" />
  <Point X="142" Y="153" T="88361482" />
  <Point X="139" Y="159" T="88361495" />
  <Point X="134" Y="167" T="88361507" />
  <Point X="128" Y="175" T="88361519" />
  <Point X="124" Y="187" T="88361532" />
  <Point X="121" Y="196" T="88361545" />
  <Point X="120" Y="200" T="88361546" />
  <Point X="120" Y="211" T="88361560" />
  <Point X="122" Y="218" T="88361574" />
  <Point X="123" Y="221" T="88361575" />
  <Point X="128" Y="225" T="88361589" />
  <Point X="137" Y="227" T="88361603" />
  <Point X="149" Y="225" T="88361618" />
  <Point X="158" Y="221" T="88361633" />
  <Point X="161" Y="220" T="88361634" />
  <Point X="170" Y="215" T="88361650" />
  <Point X="176" Y="211" T="88361666" />
  <Point X="179" Y="209" T="88361682" />
  <Point X="181" Y="206" T="88361683" />
</Gesture>