﻿<?xml version="1.0" encoding="utf-8" standalone="yes"?>
<Gesture Name="question_mark04" Subject="3" Speed="fast" Number="4" NumPts="47" Millseconds="430" AppName="Gestures" AppVer="3.5.0.0" Date="Thursday, March 08, 2007" TimeOfDay="2:05:52 PM">
  <Point X="92" Y="150" T="88421710" />
  <Point X="94" Y="148" T="88421726" />
  <Point X="96" Y="145" T="88421738" />
  <Point X="98" Y="142" T="88421746" />
  <Point X="100" Y="139" T="88421754" />
  <Point X="102" Y="137" T="88421763" />
  <Point X="105" Y="135" T="88421771" />
  <Point X="108" Y="132" T="88421779" />
  <Point X="111" Y="130" T="88421787" />
  <Point X="113" Y="130" T="88421794" />
  <Point X="118" Y="130" T="88421801" />
  <Point X="123" Y="130" T="88421808" />
  <Point X="128" Y="130" T="88421815" />
  <Point X="131" Y="131" T="88421822" />
  <Point X="133" Y="132" T="88421824" />
  <Point X="138" Y="132" T="88421832" />
  <Point X="140" Y="134" T="88421840" />
  <Point X="144" Y="137" T="88421848" />
  <Point X="148" Y="142" T="88421857" />
  <Point X="151" Y="145" T="88421866" />
  <Point X="152" Y="148" T="88421875" />
  <Point X="152" Y="150" T="88421876" />
  <Point X="153" Y="152" T="88421885" />
  <Point X="152" Y="157" T="88421896" />
  <Point X="151" Y="159" T="88421906" />
  <Point X="149" Y="161" T="88421916" />
  <Point X="146" Y="163" T="88421926" />
  <Point X="139" Y="168" T="88421936" />
  <Point X="132" Y="171" T="88421947" />
  <Point X="128" Y="172" T="88421958" />
  <Point X="126" Y="173" T="88421959" />
  <Point X="123" Y="174" T="88421970" />
  <Point X="120" Y="176" T="88421982" />
  <Point X="118" Y="177" T="88421993" />
  <Point X="114" Y="183" T="88422005" />
  <Point X="113" Y="188" T="88422017" />
  <Point X="113" Y="192" T="88422030" />
  <Point X="113" Y="200" T="88422042" />
  <Point X="113" Y="202" T="88422043" />
  <Point X="113" Y="205" T="88422056" />
  <Point X="114" Y="214" T="88422070" />
  <Point X="115" Y="219" T="88422083" />
  <Point X="115" Y="226" T="88422097" />
  <Point X="115" Y="230" T="88422110" />
  <Point X="115" Y="232" T="88422111" />
  <Point X="114" Y="235" T="88422125" />
  <Point X="114" Y="238" T="88422140" />
</Gesture>