﻿<?xml version="1.0" encoding="utf-8" standalone="yes"?>
<Gesture Name="question_mark10" Subject="3" Speed="fast" Number="10" NumPts="39" Millseconds="405" AppName="Gestures" AppVer="3.5.0.0" Date="Thursday, March 08, 2007" TimeOfDay="2:05:59 PM">
  <Point X="101" Y="152" T="88428817" />
  <Point X="101" Y="150" T="88428854" />
  <Point X="101" Y="147" T="88428882" />
  <Point X="103" Y="144" T="88428895" />
  <Point X="104" Y="141" T="88428902" />
  <Point X="106" Y="139" T="88428910" />
  <Point X="108" Y="136" T="88428919" />
  <Point X="111" Y="133" T="88428927" />
  <Point X="114" Y="132" T="88428935" />
  <Point X="118" Y="132" T="88428943" />
  <Point X="121" Y="130" T="88428951" />
  <Point X="123" Y="130" T="88428958" />
  <Point X="127" Y="130" T="88428966" />
  <Point X="130" Y="130" T="88428973" />
  <Point X="133" Y="132" T="88428980" />
  <Point X="137" Y="133" T="88428988" />
  <Point X="140" Y="135" T="88428996" />
  <Point X="142" Y="138" T="88429005" />
  <Point X="144" Y="141" T="88429013" />
  <Point X="146" Y="145" T="88429022" />
  <Point X="147" Y="149" T="88429031" />
  <Point X="147" Y="152" T="88429032" />
  <Point X="146" Y="156" T="88429042" />
  <Point X="144" Y="161" T="88429051" />
  <Point X="142" Y="165" T="88429061" />
  <Point X="140" Y="167" T="88429072" />
  <Point X="135" Y="171" T="88429082" />
  <Point X="132" Y="175" T="88429092" />
  <Point X="126" Y="180" T="88429103" />
  <Point X="123" Y="182" T="88429114" />
  <Point X="117" Y="187" T="88429125" />
  <Point X="114" Y="192" T="88429136" />
  <Point X="112" Y="196" T="88429148" />
  <Point X="109" Y="202" T="88429160" />
  <Point X="108" Y="208" T="88429172" />
  <Point X="108" Y="211" T="88429184" />
  <Point X="109" Y="217" T="88429196" />
  <Point X="111" Y="222" T="88429209" />
  <Point X="112" Y="225" T="88429222" />
</Gesture>