﻿<?xml version="1.0" encoding="utf-8" standalone="yes"?>
<Gesture Name="question_mark09" Subject="3" Speed="fast" Number="9" NumPts="43" Millseconds="421" AppName="Gestures" AppVer="3.5.0.0" Date="Thursday, March 08, 2007" TimeOfDay="2:05:58 PM">
  <Point X="95" Y="152" T="88427735" />
  <Point X="96" Y="149" T="88427768" />
  <Point X="97" Y="147" T="88427780" />
  <Point X="99" Y="145" T="88427788" />
  <Point X="99" Y="143" T="88427793" />
  <Point X="102" Y="141" T="88427800" />
  <Point X="104" Y="141" T="88427808" />
  <Point X="107" Y="139" T="88427816" />
  <Point X="111" Y="137" T="88427824" />
  <Point X="113" Y="136" T="88427831" />
  <Point X="117" Y="136" T="88427837" />
  <Point X="121" Y="135" T="88427845" />
  <Point X="125" Y="134" T="88427852" />
  <Point X="129" Y="135" T="88427860" />
  <Point X="131" Y="134" T="88427868" />
  <Point X="133" Y="134" T="88427869" />
  <Point X="135" Y="134" T="88427877" />
  <Point X="138" Y="136" T="88427885" />
  <Point X="141" Y="138" T="88427894" />
  <Point X="142" Y="141" T="88427903" />
  <Point X="144" Y="143" T="88427912" />
  <Point X="145" Y="146" T="88427913" />
  <Point X="145" Y="148" T="88427923" />
  <Point X="143" Y="156" T="88427932" />
  <Point X="141" Y="160" T="88427942" />
  <Point X="138" Y="166" T="88427953" />
  <Point X="136" Y="168" T="88427963" />
  <Point X="130" Y="175" T="88427973" />
  <Point X="127" Y="178" T="88427984" />
  <Point X="124" Y="179" T="88427995" />
  <Point X="119" Y="184" T="88428006" />
  <Point X="116" Y="186" T="88428017" />
  <Point X="114" Y="189" T="88428029" />
  <Point X="112" Y="194" T="88428041" />
  <Point X="111" Y="200" T="88428053" />
  <Point X="110" Y="206" T="88428065" />
  <Point X="110" Y="213" T="88428078" />
  <Point X="110" Y="216" T="88428090" />
  <Point X="111" Y="222" T="88428103" />
  <Point X="112" Y="227" T="88428116" />
  <Point X="113" Y="231" T="88428129" />
  <Point X="114" Y="233" T="88428143" />
  <Point X="115" Y="236" T="88428156" />
</Gesture>