﻿<?xml version="1.0" encoding="utf-8" standalone="yes"?>
<Gesture Name="question_mark01" Subject="3" Speed="fast" Number="1" NumPts="46" Millseconds="474" AppName="Gestures" AppVer="3.5.0.0" Date="Thursday, March 08, 2007" TimeOfDay="2:05:49 PM">
  <Point X="94" Y="149" T="88418891" />
  <Point X="92" Y="146" T="88418959" />
  <Point X="93" Y="143" T="88418975" />
  <Point X="94" Y="141" T="88418984" />
  <Point X="95" Y="138" T="88418995" />
  <Point X="97" Y="136" T="88419003" />
  <Point X="98" Y="132" T="88419011" />
  <Point X="100" Y="130" T="88419017" />
  <Point X="102" Y="129" T="88419024" />
  <Point X="104" Y="127" T="88419031" />
  <Point X="107" Y="125" T="88419039" />
  <Point X="110" Y="123" T="88419047" />
  <Point X="112" Y="122" T="88419054" />
  <Point X="114" Y="122" T="88419055" />
  <Point X="118" Y="121" T="88419063" />
  <Point X="123" Y="120" T="88419071" />
  <Point X="127" Y="122" T="88419080" />
  <Point X="132" Y="123" T="88419088" />
  <Point X="137" Y="125" T="88419097" />
  <Point X="141" Y="127" T="88419106" />
  <Point X="145" Y="130" T="88419115" />
  <Point X="149" Y="133" T="88419124" />
  <Point X="152" Y="139" T="88419134" />
  <Point X="152" Y="146" T="88419143" />
  <Point X="151" Y="151" T="88419156" />
  <Point X="150" Y="153" T="88419157" />
  <Point X="147" Y="158" T="88419167" />
  <Point X="142" Y="164" T="88419178" />
  <Point X="137" Y="169" T="88419189" />
  <Point X="135" Y="171" T="88419199" />
  <Point X="131" Y="173" T="88419200" />
  <Point X="127" Y="174" T="88419212" />
  <Point X="124" Y="177" T="88419223" />
  <Point X="121" Y="177" T="88419224" />
  <Point X="118" Y="178" T="88419236" />
  <Point X="116" Y="180" T="88419248" />
  <Point X="114" Y="182" T="88419249" />
  <Point X="112" Y="188" T="88419266" />
  <Point X="110" Y="196" T="88419279" />
  <Point X="110" Y="198" T="88419280" />
  <Point X="111" Y="202" T="88419293" />
  <Point X="113" Y="210" T="88419307" />
  <Point X="115" Y="215" T="88419321" />
  <Point X="116" Y="217" T="88419334" />
  <Point X="118" Y="222" T="88419348" />
  <Point X="119" Y="227" T="88419365" />
</Gesture>