﻿<?xml version="1.0" encoding="utf-8" standalone="yes"?>
<Gesture Name="question_mark07" Subject="3" Speed="fast" Number="7" NumPts="42" Millseconds="388" AppName="Gestures" AppVer="3.5.0.0" Date="Thursday, March 08, 2007" TimeOfDay="2:05:55 PM">
  <Point X="94" Y="156" T="88425409" />
  <Point X="94" Y="153" T="88425433" />
  <Point X="94" Y="150" T="88425449" />
  <Point X="94" Y="148" T="88425457" />
  <Point X="96" Y="146" T="88425466" />
  <Point X="97" Y="142" T="88425474" />
  <Point X="99" Y="140" T="88425482" />
  <Point X="102" Y="138" T="88425490" />
  <Point X="105" Y="136" T="88425498" />
  <Point X="108" Y="135" T="88425506" />
  <Point X="110" Y="134" T="88425513" />
  <Point X="114" Y="133" T="88425520" />
  <Point X="118" Y="133" T="88425528" />
  <Point X="123" Y="133" T="88425535" />
  <Point X="127" Y="134" T="88425543" />
  <Point X="131" Y="136" T="88425551" />
  <Point X="133" Y="136" T="88425559" />
  <Point X="137" Y="139" T="88425567" />
  <Point X="140" Y="142" T="88425576" />
  <Point X="143" Y="150" T="88425586" />
  <Point X="144" Y="153" T="88425596" />
  <Point X="144" Y="155" T="88425605" />
  <Point X="142" Y="159" T="88425607" />
  <Point X="140" Y="163" T="88425617" />
  <Point X="135" Y="168" T="88425627" />
  <Point X="129" Y="175" T="88425638" />
  <Point X="125" Y="178" T="88425649" />
  <Point X="119" Y="183" T="88425660" />
  <Point X="114" Y="186" T="88425671" />
  <Point X="111" Y="188" T="88425682" />
  <Point X="110" Y="190" T="88425683" />
  <Point X="108" Y="192" T="88425694" />
  <Point X="108" Y="194" T="88425706" />
  <Point X="107" Y="198" T="88425707" />
  <Point X="107" Y="203" T="88425719" />
  <Point X="107" Y="207" T="88425731" />
  <Point X="109" Y="214" T="88425744" />
  <Point X="111" Y="219" T="88425756" />
  <Point X="112" Y="221" T="88425769" />
  <Point X="113" Y="224" T="88425770" />
  <Point X="114" Y="227" T="88425783" />
  <Point X="113" Y="232" T="88425797" />
</Gesture>