﻿<?xml version="1.0" encoding="utf-8" standalone="yes"?>
<Gesture Name="question_mark06" Subject="3" Speed="fast" Number="6" NumPts="43" Millseconds="437" AppName="Gestures" AppVer="3.5.0.0" Date="Thursday, March 08, 2007" TimeOfDay="2:05:54 PM">
  <Point X="95" Y="158" T="88423719" />
  <Point X="94" Y="156" T="88423743" />
  <Point X="94" Y="153" T="88423759" />
  <Point X="94" Y="151" T="88423767" />
  <Point X="94" Y="149" T="88423780" />
  <Point X="95" Y="146" T="88423792" />
  <Point X="96" Y="142" T="88423800" />
  <Point X="98" Y="139" T="88423808" />
  <Point X="100" Y="138" T="88423816" />
  <Point X="104" Y="136" T="88423824" />
  <Point X="107" Y="133" T="88423832" />
  <Point X="111" Y="132" T="88423840" />
  <Point X="113" Y="132" T="88423847" />
  <Point X="117" Y="133" T="88423855" />
  <Point X="120" Y="132" T="88423863" />
  <Point X="124" Y="133" T="88423871" />
  <Point X="129" Y="135" T="88423879" />
  <Point X="131" Y="136" T="88423880" />
  <Point X="135" Y="139" T="88423889" />
  <Point X="139" Y="142" T="88423898" />
  <Point X="142" Y="146" T="88423907" />
  <Point X="143" Y="148" T="88423908" />
  <Point X="145" Y="151" T="88423918" />
  <Point X="145" Y="154" T="88423927" />
  <Point X="145" Y="158" T="88423937" />
  <Point X="142" Y="163" T="88423949" />
  <Point X="138" Y="170" T="88423961" />
  <Point X="133" Y="173" T="88423973" />
  <Point X="125" Y="178" T="88423984" />
  <Point X="121" Y="181" T="88423995" />
  <Point X="117" Y="182" T="88424006" />
  <Point X="112" Y="185" T="88424017" />
  <Point X="110" Y="188" T="88424029" />
  <Point X="108" Y="192" T="88424041" />
  <Point X="107" Y="198" T="88424053" />
  <Point X="106" Y="204" T="88424065" />
  <Point X="107" Y="208" T="88424077" />
  <Point X="108" Y="213" T="88424090" />
  <Point X="110" Y="221" T="88424103" />
  <Point X="112" Y="224" T="88424116" />
  <Point X="113" Y="228" T="88424129" />
  <Point X="113" Y="231" T="88424143" />
  <Point X="113" Y="234" T="88424156" />
</Gesture>