﻿<?xml version="1.0" encoding="utf-8" standalone="yes"?>
<Gesture Name="question_mark05" Subject="3" Speed="fast" Number="5" NumPts="45" Millseconds="405" AppName="Gestures" AppVer="3.5.0.0" Date="Thursday, March 08, 2007" TimeOfDay="2:05:53 PM">
  <Point X="92" Y="154" T="88422550" />
  <Point X="93" Y="152" T="88422562" />
  <Point X="94" Y="149" T="88422570" />
  <Point X="95" Y="147" T="88422579" />
  <Point X="98" Y="144" T="88422591" />
  <Point X="99" Y="141" T="88422599" />
  <Point X="102" Y="139" T="88422607" />
  <Point X="104" Y="136" T="88422615" />
  <Point X="107" Y="134" T="88422623" />
  <Point X="110" Y="133" T="88422631" />
  <Point X="114" Y="132" T="88422639" />
  <Point X="117" Y="132" T="88422647" />
  <Point X="120" Y="131" T="88422654" />
  <Point X="122" Y="132" T="88422655" />
  <Point X="126" Y="132" T="88422663" />
  <Point X="131" Y="131" T="88422671" />
  <Point X="135" Y="132" T="88422679" />
  <Point X="140" Y="133" T="88422688" />
  <Point X="143" Y="135" T="88422696" />
  <Point X="146" Y="136" T="88422705" />
  <Point X="147" Y="138" T="88422714" />
  <Point X="149" Y="142" T="88422715" />
  <Point X="150" Y="145" T="88422724" />
  <Point X="150" Y="148" T="88422734" />
  <Point X="149" Y="153" T="88422744" />
  <Point X="147" Y="156" T="88422754" />
  <Point X="145" Y="158" T="88422755" />
  <Point X="141" Y="162" T="88422766" />
  <Point X="135" Y="167" T="88422777" />
  <Point X="129" Y="171" T="88422788" />
  <Point X="122" Y="175" T="88422799" />
  <Point X="119" Y="176" T="88422810" />
  <Point X="116" Y="178" T="88422822" />
  <Point X="111" Y="183" T="88422834" />
  <Point X="108" Y="188" T="88422846" />
  <Point X="108" Y="194" T="88422858" />
  <Point X="108" Y="196" T="88422859" />
  <Point X="108" Y="201" T="88422872" />
  <Point X="109" Y="207" T="88422885" />
  <Point X="110" Y="215" T="88422898" />
  <Point X="110" Y="217" T="88422899" />
  <Point X="111" Y="222" T="88422913" />
  <Point X="112" Y="228" T="88422927" />
  <Point X="113" Y="233" T="88422941" />
  <Point X="114" Y="235" T="88422955" />
</Gesture>