﻿<?xml version="1.0" encoding="utf-8" standalone="yes"?>
<Gesture Name="question_mark08" Subject="3" Speed="fast" Number="8" NumPts="43" Millseconds="388" AppName="Gestures" AppVer="3.5.0.0" Date="Thursday, March 08, 2007" TimeOfDay="2:05:57 PM">
  <Point X="88" Y="160" T="88426610" />
  <Point X="88" Y="158" T="88426621" />
  <Point X="89" Y="155" T="88426637" />
  <Point X="89" Y="152" T="88426644" />
  <Point X="90" Y="150" T="88426653" />
  <Point X="92" Y="146" T="88426665" />
  <Point X="93" Y="143" T="88426674" />
  <Point X="95" Y="140" T="88426682" />
  <Point X="98" Y="138" T="88426690" />
  <Point X="101" Y="135" T="88426698" />
  <Point X="104" Y="134" T="88426706" />
  <Point X="106" Y="133" T="88426713" />
  <Point X="110" Y="131" T="88426721" />
  <Point X="115" Y="131" T="88426728" />
  <Point X="119" Y="131" T="88426736" />
  <Point X="123" Y="131" T="88426744" />
  <Point X="128" Y="133" T="88426752" />
  <Point X="132" Y="135" T="88426761" />
  <Point X="135" Y="137" T="88426769" />
  <Point X="138" Y="139" T="88426778" />
  <Point X="141" Y="143" T="88426787" />
  <Point X="142" Y="145" T="88426796" />
  <Point X="143" Y="149" T="88426806" />
  <Point X="143" Y="152" T="88426807" />
  <Point X="143" Y="154" T="88426816" />
  <Point X="141" Y="157" T="88426827" />
  <Point X="139" Y="160" T="88426837" />
  <Point X="132" Y="165" T="88426847" />
  <Point X="126" Y="169" T="88426859" />
  <Point X="122" Y="173" T="88426869" />
  <Point X="120" Y="174" T="88426870" />
  <Point X="116" Y="176" T="88426882" />
  <Point X="113" Y="178" T="88426893" />
  <Point X="110" Y="180" T="88426894" />
  <Point X="107" Y="185" T="88426907" />
  <Point X="104" Y="190" T="88426919" />
  <Point X="103" Y="195" T="88426931" />
  <Point X="102" Y="203" T="88426944" />
  <Point X="103" Y="209" T="88426957" />
  <Point X="104" Y="212" T="88426970" />
  <Point X="105" Y="215" T="88426971" />
  <Point X="106" Y="219" T="88426985" />
  <Point X="108" Y="225" T="88426998" />
</Gesture>