﻿<?xml version="1.0" encoding="utf-8" standalone="yes"?>
<Gesture Name="question_mark02" Subject="3" Speed="fast" Number="2" NumPts="46" Millseconds="478" AppName="Gestures" AppVer="3.5.0.0" Date="Thursday, March 08, 2007" TimeOfDay="2:05:50 PM">
  <Point X="90" Y="148" T="88419853" />
  <Point X="90" Y="146" T="88419886" />
  <Point X="91" Y="143" T="88419898" />
  <Point X="92" Y="140" T="88419910" />
  <Point X="94" Y="138" T="88419918" />
  <Point X="96" Y="136" T="88419926" />
  <Point X="98" Y="133" T="88419934" />
  <Point X="101" Y="131" T="88419942" />
  <Point X="104" Y="128" T="88419950" />
  <Point X="107" Y="127" T="88419958" />
  <Point X="110" Y="126" T="88419966" />
  <Point X="114" Y="125" T="88419974" />
  <Point X="118" Y="124" T="88419982" />
  <Point X="121" Y="125" T="88419990" />
  <Point X="125" Y="125" T="88419999" />
  <Point X="129" Y="126" T="88420007" />
  <Point X="131" Y="127" T="88420015" />
  <Point X="135" Y="128" T="88420023" />
  <Point X="140" Y="133" T="88420032" />
  <Point X="143" Y="137" T="88420041" />
  <Point X="145" Y="141" T="88420050" />
  <Point X="148" Y="146" T="88420059" />
  <Point X="148" Y="148" T="88420069" />
  <Point X="148" Y="154" T="88420079" />
  <Point X="147" Y="156" T="88420088" />
  <Point X="142" Y="162" T="88420099" />
  <Point X="140" Y="165" T="88420109" />
  <Point X="135" Y="169" T="88420119" />
  <Point X="131" Y="171" T="88420130" />
  <Point X="128" Y="172" T="88420141" />
  <Point X="122" Y="175" T="88420152" />
  <Point X="119" Y="176" T="88420163" />
  <Point X="115" Y="179" T="88420175" />
  <Point X="113" Y="182" T="88420186" />
  <Point X="111" Y="189" T="88420199" />
  <Point X="110" Y="192" T="88420211" />
  <Point X="110" Y="197" T="88420223" />
  <Point X="111" Y="204" T="88420236" />
  <Point X="111" Y="207" T="88420249" />
  <Point X="113" Y="215" T="88420262" />
  <Point X="113" Y="221" T="88420275" />
  <Point X="113" Y="226" T="88420288" />
  <Point X="113" Y="231" T="88420302" />
  <Point X="113" Y="234" T="88420316" />
  <Point X="112" Y="236" T="88420330" />
  <Point X="112" Y="238" T="88420331" />
</Gesture>