﻿<?xml version="1.0" encoding="utf-8" standalone="yes"?>
<Gesture Name="question_mark03" Subject="3" Speed="fast" Number="3" NumPts="48" Millseconds="420" AppName="Gestures" AppVer="3.5.0.0" Date="Thursday, March 08, 2007" TimeOfDay="2:05:51 PM">
  <Point X="90" Y="151" T="88420808" />
  <Point X="91" Y="149" T="88420824" />
  <Point X="93" Y="146" T="88420836" />
  <Point X="94" Y="143" T="88420844" />
  <Point X="96" Y="141" T="88420853" />
  <Point X="98" Y="138" T="88420861" />
  <Point X="101" Y="136" T="88420868" />
  <Point X="103" Y="134" T="88420874" />
  <Point X="108" Y="132" T="88420881" />
  <Point X="110" Y="131" T="88420887" />
  <Point X="113" Y="130" T="88420888" />
  <Point X="115" Y="129" T="88420896" />
  <Point X="118" Y="129" T="88420897" />
  <Point X="123" Y="126" T="88420904" />
  <Point X="126" Y="126" T="88420912" />
  <Point X="128" Y="126" T="88420913" />
  <Point X="133" Y="126" T="88420921" />
  <Point X="137" Y="126" T="88420929" />
  <Point X="139" Y="126" T="88420938" />
  <Point X="142" Y="128" T="88420947" />
  <Point X="144" Y="131" T="88420955" />
  <Point X="146" Y="132" T="88420956" />
  <Point X="148" Y="134" T="88420966" />
  <Point X="149" Y="137" T="88420975" />
  <Point X="148" Y="141" T="88420985" />
  <Point X="146" Y="146" T="88420996" />
  <Point X="145" Y="148" T="88420997" />
  <Point X="142" Y="152" T="88421007" />
  <Point X="141" Y="154" T="88421008" />
  <Point X="137" Y="159" T="88421019" />
  <Point X="134" Y="162" T="88421031" />
  <Point X="129" Y="166" T="88421042" />
  <Point X="122" Y="172" T="88421053" />
  <Point X="120" Y="173" T="88421065" />
  <Point X="117" Y="175" T="88421078" />
  <Point X="115" Y="178" T="88421090" />
  <Point X="113" Y="181" T="88421103" />
  <Point X="112" Y="187" T="88421115" />
  <Point X="112" Y="190" T="88421128" />
  <Point X="113" Y="194" T="88421129" />
  <Point X="114" Y="199" T="88421142" />
  <Point X="115" Y="202" T="88421155" />
  <Point X="116" Y="205" T="88421156" />
  <Point X="118" Y="211" T="88421170" />
  <Point X="120" Y="220" T="88421185" />
  <Point X="121" Y="223" T="88421199" />
  <Point X="122" Y="229" T="88421213" />
  <Point X="122" Y="232" T="88421228" />
</Gesture>