﻿<?xml version="1.0" encoding="utf-8" standalone="yes"?>
<Gesture Name="rectangle03" Subject="3" Speed="fast" Number="3" NumPts="81" Millseconds="1208" AppName="Gestures" AppVer="3.5.0.0" Date="Thursday, March 08, 2007" TimeOfDay="1:51:36 PM">
  <Point X="61" Y="138" T="87563627" />
  <Point X="60" Y="140" T="87563675" />
  <Point X="60" Y="143" T="87563687" />
  <Point X="60" Y="146" T="87563699" />
  <Point X="60" Y="148" T="87563711" />
  <Point X="60" Y="152" T="87563718" />
  <Point X="60" Y="155" T="87563727" />
  <Point X="60" Y="159" T="87563735" />
  <Point X="60" Y="162" T="87563742" />
  <Point X="60" Y="166" T="87563748" />
  <Point X="60" Y="170" T="87563756" />
  <Point X="60" Y="173" T="87563763" />
  <Point X="60" Y="178" T="87563770" />
  <Point X="61" Y="184" T="87563778" />
  <Point X="61" Y="190" T="87563785" />
  <Point X="62" Y="196" T="87563793" />
  <Point X="63" Y="203" T="87563801" />
  <Point X="63" Y="209" T="87563810" />
  <Point X="64" Y="215" T="87563818" />
  <Point X="65" Y="220" T="87563827" />
  <Point X="65" Y="222" T="87563828" />
  <Point X="65" Y="227" T="87563837" />
  <Point X="65" Y="230" T="87563847" />
  <Point X="66" Y="233" T="87563856" />
  <Point X="66" Y="235" T="87563866" />
  <Point X="66" Y="237" T="87563876" />
  <Point X="67" Y="239" T="87563891" />
  <Point X="70" Y="239" T="87563931" />
  <Point X="72" Y="238" T="87563943" />
  <Point X="75" Y="238" T="87563955" />
  <Point X="77" Y="236" T="87563966" />
  <Point X="82" Y="234" T="87563977" />
  <Point X="89" Y="232" T="87563989" />
  <Point X="98" Y="231" T="87564001" />
  <Point X="108" Y="231" T="87564013" />
  <Point X="119" Y="230" T="87564026" />
  <Point X="129" Y="230" T="87564038" />
  <Point X="132" Y="230" T="87564039" />
  <Point X="141" Y="230" T="87564052" />
  <Point X="150" Y="231" T="87564066" />
  <Point X="161" Y="232" T="87564079" />
  <Point X="168" Y="231" T="87564093" />
  <Point X="172" Y="232" T="87564107" />
  <Point X="175" Y="233" T="87564108" />
  <Point X="178" Y="233" T="87564122" />
  <Point X="180" Y="234" T="87564123" />
  <Point X="182" Y="233" T="87564137" />
  <Point X="187" Y="233" T="87564152" />
  <Point X="191" Y="234" T="87564168" />
  <Point X="193" Y="233" T="87564183" />
  <Point X="196" Y="233" T="87564184" />
  <Point X="198" Y="233" T="87564201" />
  <Point X="200" Y="233" T="87564219" />
  <Point X="200" Y="231" T="87564271" />
  <Point X="200" Y="229" T="87564287" />
  <Point X="199" Y="224" T="87564304" />
  <Point X="198" Y="218" T="87564320" />
  <Point X="197" Y="210" T="87564338" />
  <Point X="195" Y="201" T="87564355" />
  <Point X="195" Y="198" T="87564356" />
  <Point X="194" Y="185" T="87564374" />
  <Point X="193" Y="171" T="87564392" />
  <Point X="192" Y="161" T="87564410" />
  <Point X="192" Y="154" T="87564428" />
  <Point X="191" Y="152" T="87564446" />
  <Point X="190" Y="147" T="87564464" />
  <Point X="189" Y="145" T="87564495" />
  <Point X="186" Y="144" T="87564526" />
  <Point X="184" Y="142" T="87564545" />
  <Point X="179" Y="143" T="87564564" />
  <Point X="173" Y="143" T="87564583" />
  <Point X="160" Y="147" T="87564604" />
  <Point X="147" Y="147" T="87564625" />
  <Point X="131" Y="146" T="87564647" />
  <Point X="116" Y="146" T="87564669" />
  <Point X="102" Y="146" T="87564690" />
  <Point X="100" Y="146" T="87564691" />
  <Point X="91" Y="145" T="87564712" />
  <Point X="83" Y="144" T="87564735" />
  <Point X="79" Y="144" T="87564756" />
  <Point X="81" Y="146" T="87564835" />
</Gesture>