﻿<?xml version="1.0" encoding="utf-8" standalone="yes"?>
<Gesture Name="rectangle04" Subject="3" Speed="fast" Number="4" NumPts="84" Millseconds="1224" AppName="Gestures" AppVer="3.5.0.0" Date="Thursday, March 08, 2007" TimeOfDay="1:51:38 PM">
  <Point X="60" Y="140" T="87565288" />
  <Point X="59" Y="143" T="87565332" />
  <Point X="59" Y="145" T="87565344" />
  <Point X="59" Y="148" T="87565357" />
  <Point X="60" Y="152" T="87565364" />
  <Point X="60" Y="155" T="87565370" />
  <Point X="60" Y="158" T="87565377" />
  <Point X="61" Y="163" T="87565384" />
  <Point X="61" Y="165" T="87565391" />
  <Point X="61" Y="170" T="87565397" />
  <Point X="61" Y="176" T="87565404" />
  <Point X="61" Y="180" T="87565411" />
  <Point X="61" Y="184" T="87565412" />
  <Point X="62" Y="190" T="87565420" />
  <Point X="62" Y="197" T="87565429" />
  <Point X="63" Y="204" T="87565437" />
  <Point X="64" Y="210" T="87565446" />
  <Point X="65" Y="217" T="87565455" />
  <Point X="66" Y="222" T="87565464" />
  <Point X="67" Y="224" T="87565465" />
  <Point X="68" Y="227" T="87565474" />
  <Point X="68" Y="232" T="87565483" />
  <Point X="70" Y="238" T="87565501" />
  <Point X="71" Y="241" T="87565512" />
  <Point X="73" Y="242" T="87565541" />
  <Point X="75" Y="241" T="87565557" />
  <Point X="77" Y="241" T="87565573" />
  <Point X="80" Y="238" T="87565585" />
  <Point X="83" Y="237" T="87565596" />
  <Point X="86" Y="237" T="87565606" />
  <Point X="93" Y="234" T="87565618" />
  <Point X="100" Y="233" T="87565630" />
  <Point X="109" Y="232" T="87565641" />
  <Point X="118" Y="232" T="87565653" />
  <Point X="127" Y="232" T="87565666" />
  <Point X="135" Y="234" T="87565680" />
  <Point X="146" Y="233" T="87565694" />
  <Point X="154" Y="233" T="87565708" />
  <Point X="163" Y="233" T="87565722" />
  <Point X="170" Y="234" T="87565736" />
  <Point X="175" Y="235" T="87565750" />
  <Point X="182" Y="234" T="87565764" />
  <Point X="189" Y="234" T="87565778" />
  <Point X="194" Y="234" T="87565794" />
  <Point X="196" Y="234" T="87565808" />
  <Point X="198" Y="234" T="87565809" />
  <Point X="200" Y="234" T="87565823" />
  <Point X="202" Y="233" T="87565838" />
  <Point X="204" Y="234" T="87565882" />
  <Point X="205" Y="231" T="87565949" />
  <Point X="205" Y="228" T="87565964" />
  <Point X="204" Y="226" T="87565965" />
  <Point X="203" Y="223" T="87565982" />
  <Point X="200" Y="217" T="87566000" />
  <Point X="198" Y="209" T="87566016" />
  <Point X="196" Y="200" T="87566033" />
  <Point X="193" Y="187" T="87566050" />
  <Point X="192" Y="184" T="87566051" />
  <Point X="190" Y="172" T="87566069" />
  <Point X="188" Y="159" T="87566087" />
  <Point X="188" Y="153" T="87566105" />
  <Point X="186" Y="147" T="87566122" />
  <Point X="185" Y="144" T="87566123" />
  <Point X="184" Y="142" T="87566141" />
  <Point X="182" Y="137" T="87566159" />
  <Point X="181" Y="135" T="87566177" />
  <Point X="180" Y="133" T="87566196" />
  <Point X="178" Y="131" T="87566214" />
  <Point X="176" Y="129" T="87566233" />
  <Point X="171" Y="130" T="87566252" />
  <Point X="162" Y="132" T="87566272" />
  <Point X="155" Y="132" T="87566295" />
  <Point X="152" Y="133" T="87566296" />
  <Point X="144" Y="135" T="87566316" />
  <Point X="131" Y="138" T="87566337" />
  <Point X="120" Y="139" T="87566359" />
  <Point X="117" Y="139" T="87566360" />
  <Point X="108" Y="139" T="87566382" />
  <Point X="98" Y="139" T="87566404" />
  <Point X="90" Y="139" T="87566426" />
  <Point X="85" Y="139" T="87566447" />
  <Point X="83" Y="140" T="87566469" />
  <Point X="81" Y="140" T="87566490" />
  <Point X="79" Y="140" T="87566512" />
</Gesture>