﻿<?xml version="1.0" encoding="utf-8" standalone="yes"?>
<Gesture Name="rectangle10" Subject="3" Speed="fast" Number="10" NumPts="86" Millseconds="1322" AppName="Gestures" AppVer="3.5.0.0" Date="Thursday, March 08, 2007" TimeOfDay="1:51:49 PM">
  <Point X="64" Y="144" T="87575925" />
  <Point X="62" Y="147" T="87575980" />
  <Point X="62" Y="149" T="87575988" />
  <Point X="61" Y="152" T="87575995" />
  <Point X="61" Y="156" T="87576004" />
  <Point X="61" Y="159" T="87576012" />
  <Point X="61" Y="161" T="87576018" />
  <Point X="61" Y="166" T="87576024" />
  <Point X="60" Y="168" T="87576031" />
  <Point X="60" Y="173" T="87576037" />
  <Point X="59" Y="178" T="87576044" />
  <Point X="58" Y="182" T="87576051" />
  <Point X="58" Y="185" T="87576052" />
  <Point X="57" Y="191" T="87576060" />
  <Point X="57" Y="194" T="87576068" />
  <Point X="57" Y="198" T="87576069" />
  <Point X="56" Y="203" T="87576077" />
  <Point X="57" Y="208" T="87576085" />
  <Point X="57" Y="212" T="87576094" />
  <Point X="57" Y="216" T="87576103" />
  <Point X="58" Y="220" T="87576111" />
  <Point X="58" Y="222" T="87576121" />
  <Point X="59" Y="224" T="87576130" />
  <Point X="61" Y="227" T="87576145" />
  <Point X="61" Y="229" T="87576155" />
  <Point X="62" Y="231" T="87576165" />
  <Point X="63" Y="234" T="87576181" />
  <Point X="65" Y="236" T="87576201" />
  <Point X="67" Y="236" T="87576222" />
  <Point X="70" Y="235" T="87576234" />
  <Point X="72" Y="234" T="87576245" />
  <Point X="75" Y="233" T="87576256" />
  <Point X="82" Y="232" T="87576268" />
  <Point X="88" Y="230" T="87576280" />
  <Point X="96" Y="228" T="87576292" />
  <Point X="105" Y="227" T="87576305" />
  <Point X="114" Y="227" T="87576317" />
  <Point X="118" Y="226" T="87576318" />
  <Point X="127" Y="226" T="87576331" />
  <Point X="136" Y="225" T="87576345" />
  <Point X="147" Y="226" T="87576359" />
  <Point X="156" Y="226" T="87576373" />
  <Point X="168" Y="225" T="87576387" />
  <Point X="176" Y="226" T="87576401" />
  <Point X="185" Y="226" T="87576416" />
  <Point X="189" Y="226" T="87576430" />
  <Point X="193" Y="226" T="87576431" />
  <Point X="199" Y="226" T="87576448" />
  <Point X="205" Y="226" T="87576463" />
  <Point X="207" Y="226" T="87576477" />
  <Point X="209" Y="226" T="87576478" />
  <Point X="211" Y="226" T="87576494" />
  <Point X="213" Y="226" T="87576511" />
  <Point X="212" Y="224" T="87576607" />
  <Point X="211" Y="222" T="87576623" />
  <Point X="208" Y="217" T="87576640" />
  <Point X="205" Y="207" T="87576656" />
  <Point X="203" Y="198" T="87576673" />
  <Point X="202" Y="187" T="87576691" />
  <Point X="202" Y="184" T="87576692" />
  <Point X="201" Y="172" T="87576710" />
  <Point X="200" Y="163" T="87576728" />
  <Point X="199" Y="156" T="87576745" />
  <Point X="197" Y="150" T="87576763" />
  <Point X="196" Y="145" T="87576782" />
  <Point X="194" Y="140" T="87576800" />
  <Point X="193" Y="136" T="87576820" />
  <Point X="192" Y="134" T="87576838" />
  <Point X="190" Y="132" T="87576857" />
  <Point X="188" Y="130" T="87576876" />
  <Point X="186" Y="130" T="87576895" />
  <Point X="181" Y="132" T="87576915" />
  <Point X="176" Y="134" T="87576935" />
  <Point X="166" Y="137" T="87576955" />
  <Point X="157" Y="139" T="87576976" />
  <Point X="146" Y="140" T="87576997" />
  <Point X="134" Y="141" T="87577022" />
  <Point X="119" Y="142" T="87577044" />
  <Point X="110" Y="142" T="87577065" />
  <Point X="101" Y="142" T="87577087" />
  <Point X="92" Y="141" T="87577108" />
  <Point X="86" Y="142" T="87577131" />
  <Point X="83" Y="142" T="87577132" />
  <Point X="78" Y="141" T="87577154" />
  <Point X="76" Y="141" T="87577179" />
  <Point X="78" Y="141" T="87577247" />
</Gesture>