﻿<?xml version="1.0" encoding="utf-8" standalone="yes"?>
<Gesture Name="rectangle07" Subject="3" Speed="fast" Number="7" NumPts="84" Millseconds="1197" AppName="Gestures" AppVer="3.5.0.0" Date="Thursday, March 08, 2007" TimeOfDay="1:51:43 PM">
  <Point X="65" Y="138" T="87570627" />
  <Point X="65" Y="141" T="87570686" />
  <Point X="64" Y="144" T="87570694" />
  <Point X="64" Y="147" T="87570702" />
  <Point X="64" Y="150" T="87570708" />
  <Point X="64" Y="152" T="87570713" />
  <Point X="64" Y="154" T="87570714" />
  <Point X="64" Y="156" T="87570721" />
  <Point X="64" Y="161" T="87570727" />
  <Point X="64" Y="163" T="87570734" />
  <Point X="64" Y="166" T="87570735" />
  <Point X="64" Y="169" T="87570741" />
  <Point X="64" Y="172" T="87570742" />
  <Point X="65" Y="175" T="87570750" />
  <Point X="65" Y="178" T="87570751" />
  <Point X="65" Y="184" T="87570759" />
  <Point X="65" Y="191" T="87570767" />
  <Point X="65" Y="197" T="87570776" />
  <Point X="66" Y="203" T="87570784" />
  <Point X="66" Y="209" T="87570793" />
  <Point X="66" Y="213" T="87570802" />
  <Point X="66" Y="216" T="87570811" />
  <Point X="66" Y="221" T="87570821" />
  <Point X="67" Y="223" T="87570830" />
  <Point X="67" Y="226" T="87570840" />
  <Point X="68" Y="228" T="87570850" />
  <Point X="69" Y="230" T="87570866" />
  <Point X="71" Y="232" T="87570891" />
  <Point X="74" Y="231" T="87570903" />
  <Point X="76" Y="231" T="87570914" />
  <Point X="79" Y="230" T="87570925" />
  <Point X="85" Y="227" T="87570936" />
  <Point X="92" Y="227" T="87570948" />
  <Point X="100" Y="226" T="87570960" />
  <Point X="109" Y="224" T="87570972" />
  <Point X="118" Y="223" T="87570984" />
  <Point X="127" Y="223" T="87570997" />
  <Point X="135" Y="223" T="87571010" />
  <Point X="144" Y="223" T="87571022" />
  <Point X="147" Y="223" T="87571023" />
  <Point X="156" Y="224" T="87571037" />
  <Point X="164" Y="225" T="87571051" />
  <Point X="167" Y="225" T="87571052" />
  <Point X="175" Y="225" T="87571066" />
  <Point X="182" Y="225" T="87571080" />
  <Point X="186" Y="225" T="87571094" />
  <Point X="189" Y="225" T="87571095" />
  <Point X="192" Y="226" T="87571110" />
  <Point X="194" Y="225" T="87571111" />
  <Point X="197" Y="225" T="87571126" />
  <Point X="199" Y="225" T="87571127" />
  <Point X="201" Y="225" T="87571143" />
  <Point X="203" Y="225" T="87571158" />
  <Point X="206" Y="224" T="87571174" />
  <Point X="208" Y="224" T="87571195" />
  <Point X="208" Y="222" T="87571260" />
  <Point X="208" Y="220" T="87571276" />
  <Point X="207" Y="217" T="87571293" />
  <Point X="205" Y="212" T="87571310" />
  <Point X="203" Y="203" T="87571328" />
  <Point X="200" Y="196" T="87571345" />
  <Point X="196" Y="184" T="87571363" />
  <Point X="196" Y="181" T="87571364" />
  <Point X="194" Y="169" T="87571383" />
  <Point X="192" Y="157" T="87571402" />
  <Point X="191" Y="149" T="87571421" />
  <Point X="189" Y="142" T="87571439" />
  <Point X="188" Y="137" T="87571458" />
  <Point X="187" Y="134" T="87571478" />
  <Point X="186" Y="132" T="87571497" />
  <Point X="186" Y="130" T="87571516" />
  <Point X="181" Y="129" T="87571535" />
  <Point X="177" Y="128" T="87571555" />
  <Point X="172" Y="131" T="87571576" />
  <Point X="168" Y="131" T="87571577" />
  <Point X="156" Y="131" T="87571601" />
  <Point X="141" Y="133" T="87571626" />
  <Point X="125" Y="136" T="87571648" />
  <Point X="107" Y="138" T="87571677" />
  <Point X="96" Y="137" T="87571700" />
  <Point X="91" Y="137" T="87571721" />
  <Point X="86" Y="136" T="87571743" />
  <Point X="82" Y="138" T="87571765" />
  <Point X="84" Y="139" T="87571824" />
</Gesture>