﻿<?xml version="1.0" encoding="utf-8" standalone="yes"?>
<Gesture Name="rectangle01" Subject="3" Speed="fast" Number="1" NumPts="84" Millseconds="1219" AppName="Gestures" AppVer="3.5.0.0" Date="Thursday, March 08, 2007" TimeOfDay="1:51:33 PM">
  <Point X="51" Y="146" T="87560190" />
  <Point X="50" Y="148" T="87560268" />
  <Point X="50" Y="151" T="87560284" />
  <Point X="50" Y="153" T="87560289" />
  <Point X="50" Y="155" T="87560295" />
  <Point X="49" Y="157" T="87560301" />
  <Point X="49" Y="161" T="87560308" />
  <Point X="49" Y="163" T="87560314" />
  <Point X="49" Y="166" T="87560321" />
  <Point X="49" Y="169" T="87560327" />
  <Point X="49" Y="171" T="87560329" />
  <Point X="49" Y="176" T="87560337" />
  <Point X="49" Y="180" T="87560344" />
  <Point X="49" Y="182" T="87560345" />
  <Point X="49" Y="188" T="87560353" />
  <Point X="50" Y="193" T="87560361" />
  <Point X="51" Y="198" T="87560370" />
  <Point X="52" Y="204" T="87560378" />
  <Point X="53" Y="209" T="87560387" />
  <Point X="54" Y="214" T="87560396" />
  <Point X="55" Y="216" T="87560397" />
  <Point X="56" Y="221" T="87560408" />
  <Point X="56" Y="223" T="87560409" />
  <Point X="57" Y="225" T="87560420" />
  <Point X="58" Y="229" T="87560430" />
  <Point X="59" Y="234" T="87560440" />
  <Point X="59" Y="236" T="87560451" />
  <Point X="59" Y="239" T="87560461" />
  <Point X="60" Y="241" T="87560471" />
  <Point X="60" Y="244" T="87560486" />
  <Point X="62" Y="246" T="87560520" />
  <Point X="65" Y="245" T="87560533" />
  <Point X="67" Y="245" T="87560544" />
  <Point X="70" Y="244" T="87560556" />
  <Point X="73" Y="244" T="87560557" />
  <Point X="79" Y="241" T="87560569" />
  <Point X="87" Y="240" T="87560582" />
  <Point X="95" Y="239" T="87560595" />
  <Point X="105" Y="237" T="87560608" />
  <Point X="108" Y="236" T="87560609" />
  <Point X="118" Y="236" T="87560622" />
  <Point X="129" Y="235" T="87560637" />
  <Point X="137" Y="236" T="87560651" />
  <Point X="146" Y="236" T="87560665" />
  <Point X="154" Y="235" T="87560680" />
  <Point X="158" Y="235" T="87560694" />
  <Point X="164" Y="235" T="87560709" />
  <Point X="171" Y="234" T="87560723" />
  <Point X="176" Y="235" T="87560739" />
  <Point X="181" Y="234" T="87560754" />
  <Point X="185" Y="235" T="87560769" />
  <Point X="187" Y="235" T="87560785" />
  <Point X="190" Y="233" T="87560800" />
  <Point X="192" Y="234" T="87560816" />
  <Point X="194" Y="233" T="87560832" />
  <Point X="197" Y="234" T="87560848" />
  <Point X="199" Y="233" T="87560877" />
  <Point X="200" Y="230" T="87560904" />
  <Point X="201" Y="228" T="87560921" />
  <Point X="201" Y="224" T="87560938" />
  <Point X="201" Y="216" T="87560956" />
  <Point X="200" Y="208" T="87560974" />
  <Point X="197" Y="194" T="87560993" />
  <Point X="195" Y="182" T="87561011" />
  <Point X="195" Y="179" T="87561012" />
  <Point X="193" Y="169" T="87561031" />
  <Point X="193" Y="167" T="87561032" />
  <Point X="192" Y="160" T="87561051" />
  <Point X="192" Y="154" T="87561071" />
  <Point X="190" Y="150" T="87561090" />
  <Point X="190" Y="147" T="87561109" />
  <Point X="188" Y="145" T="87561128" />
  <Point X="186" Y="142" T="87561153" />
  <Point X="184" Y="142" T="87561173" />
  <Point X="174" Y="141" T="87561194" />
  <Point X="163" Y="141" T="87561215" />
  <Point X="149" Y="141" T="87561237" />
  <Point X="133" Y="141" T="87561262" />
  <Point X="119" Y="142" T="87561284" />
  <Point X="102" Y="143" T="87561306" />
  <Point X="93" Y="142" T="87561328" />
  <Point X="85" Y="142" T="87561350" />
  <Point X="83" Y="141" T="87561373" />
  <Point X="81" Y="141" T="87561409" />
</Gesture>