﻿<?xml version="1.0" encoding="utf-8" standalone="yes"?>
<Gesture Name="rectangle08" Subject="3" Speed="fast" Number="8" NumPts="80" Millseconds="1212" AppName="Gestures" AppVer="3.5.0.0" Date="Thursday, March 08, 2007" TimeOfDay="1:51:45 PM">
  <Point X="63" Y="134" T="87572317" />
  <Point X="63" Y="136" T="87572349" />
  <Point X="63" Y="138" T="87572361" />
  <Point X="63" Y="141" T="87572370" />
  <Point X="63" Y="144" T="87572379" />
  <Point X="64" Y="147" T="87572386" />
  <Point X="64" Y="150" T="87572393" />
  <Point X="64" Y="152" T="87572399" />
  <Point X="64" Y="157" T="87572406" />
  <Point X="64" Y="159" T="87572412" />
  <Point X="64" Y="161" T="87572413" />
  <Point X="64" Y="164" T="87572420" />
  <Point X="64" Y="168" T="87572421" />
  <Point X="64" Y="171" T="87572429" />
  <Point X="64" Y="175" T="87572430" />
  <Point X="64" Y="181" T="87572438" />
  <Point X="64" Y="188" T="87572446" />
  <Point X="64" Y="194" T="87572454" />
  <Point X="65" Y="200" T="87572463" />
  <Point X="66" Y="206" T="87572471" />
  <Point X="66" Y="212" T="87572480" />
  <Point X="67" Y="214" T="87572481" />
  <Point X="68" Y="218" T="87572491" />
  <Point X="68" Y="220" T="87572501" />
  <Point X="69" Y="223" T="87572511" />
  <Point X="70" Y="225" T="87572525" />
  <Point X="72" Y="224" T="87572580" />
  <Point X="75" Y="224" T="87572600" />
  <Point X="77" Y="222" T="87572612" />
  <Point X="79" Y="221" T="87572623" />
  <Point X="82" Y="220" T="87572634" />
  <Point X="90" Y="217" T="87572645" />
  <Point X="98" Y="215" T="87572657" />
  <Point X="108" Y="215" T="87572669" />
  <Point X="118" Y="213" T="87572681" />
  <Point X="127" Y="213" T="87572694" />
  <Point X="137" Y="214" T="87572707" />
  <Point X="150" Y="213" T="87572720" />
  <Point X="159" Y="214" T="87572733" />
  <Point X="167" Y="213" T="87572747" />
  <Point X="176" Y="214" T="87572761" />
  <Point X="183" Y="214" T="87572775" />
  <Point X="189" Y="214" T="87572789" />
  <Point X="194" Y="214" T="87572803" />
  <Point X="199" Y="215" T="87572819" />
  <Point X="204" Y="214" T="87572834" />
  <Point X="207" Y="214" T="87572848" />
  <Point X="209" Y="215" T="87572863" />
  <Point X="211" Y="213" T="87572877" />
  <Point X="213" Y="214" T="87572905" />
  <Point X="211" Y="213" T="87573005" />
  <Point X="211" Y="211" T="87573021" />
  <Point X="209" Y="208" T="87573022" />
  <Point X="208" Y="204" T="87573040" />
  <Point X="204" Y="194" T="87573058" />
  <Point X="202" Y="184" T="87573076" />
  <Point X="202" Y="182" T="87573077" />
  <Point X="201" Y="170" T="87573096" />
  <Point X="200" Y="159" T="87573114" />
  <Point X="199" Y="152" T="87573132" />
  <Point X="197" Y="148" T="87573150" />
  <Point X="195" Y="139" T="87573168" />
  <Point X="193" Y="135" T="87573186" />
  <Point X="193" Y="132" T="87573204" />
  <Point X="191" Y="131" T="87573225" />
  <Point X="190" Y="129" T="87573243" />
  <Point X="187" Y="128" T="87573262" />
  <Point X="185" Y="126" T="87573280" />
  <Point X="181" Y="127" T="87573299" />
  <Point X="173" Y="129" T="87573318" />
  <Point X="162" Y="130" T="87573339" />
  <Point X="150" Y="133" T="87573359" />
  <Point X="138" Y="134" T="87573379" />
  <Point X="124" Y="135" T="87573400" />
  <Point X="108" Y="137" T="87573421" />
  <Point X="99" Y="137" T="87573444" />
  <Point X="90" Y="137" T="87573465" />
  <Point X="85" Y="136" T="87573486" />
  <Point X="81" Y="137" T="87573508" />
  <Point X="77" Y="136" T="87573529" />
</Gesture>