﻿<?xml version="1.0" encoding="utf-8" standalone="yes"?>
<Gesture Name="rectangle05" Subject="3" Speed="fast" Number="5" NumPts="83" Millseconds="1275" AppName="Gestures" AppVer="3.5.0.0" Date="Thursday, March 08, 2007" TimeOfDay="1:51:40 PM">
  <Point X="59" Y="144" T="87567076" />
  <Point X="57" Y="146" T="87567137" />
  <Point X="57" Y="149" T="87567145" />
  <Point X="57" Y="152" T="87567157" />
  <Point X="57" Y="154" T="87567162" />
  <Point X="57" Y="156" T="87567168" />
  <Point X="57" Y="160" T="87567174" />
  <Point X="56" Y="164" T="87567181" />
  <Point X="56" Y="167" T="87567189" />
  <Point X="56" Y="170" T="87567196" />
  <Point X="56" Y="177" T="87567203" />
  <Point X="56" Y="182" T="87567210" />
  <Point X="56" Y="188" T="87567217" />
  <Point X="55" Y="191" T="87567225" />
  <Point X="55" Y="194" T="87567226" />
  <Point X="56" Y="200" T="87567234" />
  <Point X="56" Y="206" T="87567242" />
  <Point X="56" Y="212" T="87567250" />
  <Point X="57" Y="218" T="87567259" />
  <Point X="57" Y="221" T="87567268" />
  <Point X="57" Y="224" T="87567276" />
  <Point X="58" Y="226" T="87567277" />
  <Point X="58" Y="230" T="87567287" />
  <Point X="58" Y="232" T="87567296" />
  <Point X="58" Y="234" T="87567306" />
  <Point X="59" Y="236" T="87567325" />
  <Point X="61" Y="235" T="87567357" />
  <Point X="63" Y="236" T="87567373" />
  <Point X="65" Y="235" T="87567385" />
  <Point X="68" Y="234" T="87567397" />
  <Point X="71" Y="233" T="87567408" />
  <Point X="74" Y="233" T="87567419" />
  <Point X="82" Y="232" T="87567431" />
  <Point X="90" Y="231" T="87567443" />
  <Point X="99" Y="230" T="87567455" />
  <Point X="108" Y="232" T="87567468" />
  <Point X="117" Y="232" T="87567480" />
  <Point X="120" Y="233" T="87567481" />
  <Point X="129" Y="233" T="87567495" />
  <Point X="138" Y="233" T="87567508" />
  <Point X="149" Y="234" T="87567522" />
  <Point X="158" Y="235" T="87567535" />
  <Point X="168" Y="235" T="87567550" />
  <Point X="174" Y="235" T="87567564" />
  <Point X="179" Y="236" T="87567578" />
  <Point X="185" Y="236" T="87567592" />
  <Point X="191" Y="235" T="87567609" />
  <Point X="195" Y="235" T="87567624" />
  <Point X="197" Y="236" T="87567639" />
  <Point X="202" Y="235" T="87567654" />
  <Point X="204" Y="233" T="87567678" />
  <Point X="203" Y="231" T="87567787" />
  <Point X="200" Y="228" T="87567808" />
  <Point X="199" Y="226" T="87567824" />
  <Point X="197" Y="224" T="87567840" />
  <Point X="196" Y="221" T="87567841" />
  <Point X="194" Y="213" T="87567857" />
  <Point X="192" Y="203" T="87567875" />
  <Point X="191" Y="190" T="87567893" />
  <Point X="190" Y="180" T="87567911" />
  <Point X="189" Y="169" T="87567929" />
  <Point X="188" Y="161" T="87567946" />
  <Point X="186" Y="152" T="87567965" />
  <Point X="185" Y="146" T="87567983" />
  <Point X="183" Y="140" T="87568001" />
  <Point X="181" Y="136" T="87568020" />
  <Point X="180" Y="133" T="87568038" />
  <Point X="178" Y="133" T="87568057" />
  <Point X="176" Y="132" T="87568076" />
  <Point X="170" Y="133" T="87568095" />
  <Point X="161" Y="136" T="87568117" />
  <Point X="148" Y="137" T="87568138" />
  <Point X="136" Y="138" T="87568158" />
  <Point X="122" Y="141" T="87568179" />
  <Point X="106" Y="144" T="87568201" />
  <Point X="99" Y="143" T="87568221" />
  <Point X="92" Y="142" T="87568242" />
  <Point X="87" Y="141" T="87568263" />
  <Point X="85" Y="141" T="87568264" />
  <Point X="83" Y="141" T="87568285" />
  <Point X="79" Y="142" T="87568307" />
  <Point X="76" Y="143" T="87568329" />
  <Point X="74" Y="143" T="87568351" />
</Gesture>