﻿<?xml version="1.0" encoding="utf-8" standalone="yes"?>
<Gesture Name="rectangle09" Subject="3" Speed="fast" Number="9" NumPts="87" Millseconds="1228" AppName="Gestures" AppVer="3.5.0.0" Date="Thursday, March 08, 2007" TimeOfDay="1:51:47 PM">
  <Point X="64" Y="149" T="87574127" />
  <Point X="64" Y="147" T="87574160" />
  <Point X="63" Y="149" T="87574181" />
  <Point X="63" Y="153" T="87574193" />
  <Point X="62" Y="157" T="87574201" />
  <Point X="62" Y="159" T="87574210" />
  <Point X="62" Y="161" T="87574216" />
  <Point X="62" Y="166" T="87574222" />
  <Point X="62" Y="168" T="87574229" />
  <Point X="62" Y="173" T="87574235" />
  <Point X="62" Y="178" T="87574242" />
  <Point X="62" Y="181" T="87574249" />
  <Point X="62" Y="183" T="87574250" />
  <Point X="62" Y="189" T="87574258" />
  <Point X="62" Y="193" T="87574266" />
  <Point X="62" Y="196" T="87574267" />
  <Point X="62" Y="203" T="87574275" />
  <Point X="63" Y="209" T="87574283" />
  <Point X="64" Y="215" T="87574292" />
  <Point X="64" Y="222" T="87574301" />
  <Point X="66" Y="230" T="87574310" />
  <Point X="66" Y="232" T="87574319" />
  <Point X="67" Y="236" T="87574329" />
  <Point X="67" Y="242" T="87574338" />
  <Point X="68" Y="244" T="87574348" />
  <Point X="68" Y="246" T="87574362" />
  <Point X="70" Y="245" T="87574402" />
  <Point X="73" Y="243" T="87574418" />
  <Point X="74" Y="240" T="87574429" />
  <Point X="76" Y="240" T="87574439" />
  <Point X="81" Y="237" T="87574451" />
  <Point X="84" Y="236" T="87574462" />
  <Point X="88" Y="234" T="87574473" />
  <Point X="97" Y="233" T="87574485" />
  <Point X="105" Y="233" T="87574497" />
  <Point X="108" Y="233" T="87574498" />
  <Point X="117" Y="233" T="87574511" />
  <Point X="126" Y="233" T="87574524" />
  <Point X="135" Y="233" T="87574537" />
  <Point X="146" Y="232" T="87574551" />
  <Point X="154" Y="234" T="87574564" />
  <Point X="163" Y="233" T="87574578" />
  <Point X="166" Y="232" T="87574579" />
  <Point X="173" Y="232" T="87574593" />
  <Point X="182" Y="232" T="87574607" />
  <Point X="188" Y="233" T="87574625" />
  <Point X="193" Y="233" T="87574639" />
  <Point X="198" Y="233" T="87574654" />
  <Point X="201" Y="231" T="87574669" />
  <Point X="203" Y="231" T="87574670" />
  <Point X="205" Y="232" T="87574685" />
  <Point X="207" Y="232" T="87574701" />
  <Point X="209" Y="231" T="87574717" />
  <Point X="211" Y="231" T="87574750" />
  <Point X="211" Y="228" T="87574828" />
  <Point X="210" Y="226" T="87574844" />
  <Point X="207" Y="221" T="87574861" />
  <Point X="204" Y="215" T="87574878" />
  <Point X="202" Y="207" T="87574895" />
  <Point X="199" Y="194" T="87574913" />
  <Point X="197" Y="182" T="87574931" />
  <Point X="195" Y="168" T="87574949" />
  <Point X="194" Y="162" T="87574967" />
  <Point X="192" Y="157" T="87574985" />
  <Point X="191" Y="155" T="87575003" />
  <Point X="190" Y="152" T="87575004" />
  <Point X="189" Y="150" T="87575023" />
  <Point X="187" Y="145" T="87575044" />
  <Point X="187" Y="143" T="87575045" />
  <Point X="186" Y="141" T="87575064" />
  <Point X="184" Y="139" T="87575084" />
  <Point X="182" Y="137" T="87575104" />
  <Point X="175" Y="136" T="87575124" />
  <Point X="166" Y="139" T="87575144" />
  <Point X="164" Y="139" T="87575145" />
  <Point X="154" Y="141" T="87575167" />
  <Point X="142" Y="144" T="87575188" />
  <Point X="139" Y="144" T="87575189" />
  <Point X="126" Y="148" T="87575212" />
  <Point X="112" Y="149" T="87575234" />
  <Point X="105" Y="149" T="87575256" />
  <Point X="102" Y="149" T="87575257" />
  <Point X="98" Y="148" T="87575280" />
  <Point X="91" Y="147" T="87575302" />
  <Point X="86" Y="147" T="87575324" />
  <Point X="84" Y="146" T="87575325" />
  <Point X="82" Y="147" T="87575355" />
</Gesture>