﻿<?xml version="1.0" encoding="utf-8" standalone="yes"?>
<Gesture Name="rectangle02" Subject="3" Speed="fast" Number="2" NumPts="85" Millseconds="1202" AppName="Gestures" AppVer="3.5.0.0" Date="Thursday, March 08, 2007" TimeOfDay="1:51:35 PM">
  <Point X="53" Y="141" T="87561957" />
  <Point X="54" Y="138" T="87561969" />
  <Point X="54" Y="141" T="87562022" />
  <Point X="54" Y="143" T="87562029" />
  <Point X="54" Y="146" T="87562038" />
  <Point X="54" Y="148" T="87562044" />
  <Point X="54" Y="151" T="87562050" />
  <Point X="54" Y="153" T="87562051" />
  <Point X="54" Y="155" T="87562057" />
  <Point X="54" Y="160" T="87562063" />
  <Point X="54" Y="165" T="87562070" />
  <Point X="54" Y="167" T="87562077" />
  <Point X="54" Y="171" T="87562078" />
  <Point X="54" Y="173" T="87562086" />
  <Point X="54" Y="176" T="87562087" />
  <Point X="54" Y="183" T="87562095" />
  <Point X="54" Y="190" T="87562103" />
  <Point X="54" Y="196" T="87562111" />
  <Point X="54" Y="203" T="87562120" />
  <Point X="55" Y="209" T="87562129" />
  <Point X="56" Y="217" T="87562138" />
  <Point X="57" Y="221" T="87562147" />
  <Point X="58" Y="224" T="87562157" />
  <Point X="59" Y="228" T="87562166" />
  <Point X="60" Y="230" T="87562176" />
  <Point X="61" Y="232" T="87562186" />
  <Point X="63" Y="234" T="87562202" />
  <Point X="65" Y="234" T="87562222" />
  <Point X="67" Y="233" T="87562234" />
  <Point X="69" Y="232" T="87562245" />
  <Point X="72" Y="231" T="87562256" />
  <Point X="78" Y="228" T="87562267" />
  <Point X="84" Y="226" T="87562279" />
  <Point X="91" Y="225" T="87562291" />
  <Point X="100" Y="224" T="87562303" />
  <Point X="108" Y="224" T="87562316" />
  <Point X="118" Y="224" T="87562328" />
  <Point X="128" Y="223" T="87562341" />
  <Point X="131" Y="224" T="87562342" />
  <Point X="139" Y="225" T="87562355" />
  <Point X="148" Y="225" T="87562369" />
  <Point X="158" Y="224" T="87562383" />
  <Point X="166" Y="225" T="87562397" />
  <Point X="174" Y="226" T="87562411" />
  <Point X="177" Y="227" T="87562425" />
  <Point X="180" Y="227" T="87562426" />
  <Point X="183" Y="227" T="87562441" />
  <Point X="188" Y="226" T="87562456" />
  <Point X="193" Y="226" T="87562471" />
  <Point X="195" Y="227" T="87562485" />
  <Point X="197" Y="227" T="87562501" />
  <Point X="199" Y="227" T="87562516" />
  <Point X="201" Y="227" T="87562531" />
  <Point X="202" Y="224" T="87562582" />
  <Point X="201" Y="221" T="87562603" />
  <Point X="200" Y="217" T="87562619" />
  <Point X="198" Y="210" T="87562636" />
  <Point X="196" Y="202" T="87562653" />
  <Point X="195" Y="193" T="87562670" />
  <Point X="193" Y="178" T="87562688" />
  <Point X="193" Y="167" T="87562706" />
  <Point X="191" Y="156" T="87562724" />
  <Point X="190" Y="151" T="87562741" />
  <Point X="188" Y="146" T="87562759" />
  <Point X="187" Y="143" T="87562777" />
  <Point X="186" Y="141" T="87562796" />
  <Point X="185" Y="139" T="87562814" />
  <Point X="184" Y="136" T="87562833" />
  <Point X="182" Y="135" T="87562851" />
  <Point X="179" Y="135" T="87562870" />
  <Point X="177" Y="135" T="87562871" />
  <Point X="172" Y="136" T="87562891" />
  <Point X="162" Y="137" T="87562911" />
  <Point X="151" Y="138" T="87562932" />
  <Point X="138" Y="140" T="87562953" />
  <Point X="125" Y="141" T="87562974" />
  <Point X="123" Y="141" T="87562975" />
  <Point X="109" Y="141" T="87562997" />
  <Point X="95" Y="141" T="87563020" />
  <Point X="88" Y="141" T="87563041" />
  <Point X="82" Y="141" T="87563062" />
  <Point X="80" Y="139" T="87563064" />
  <Point X="78" Y="138" T="87563085" />
  <Point X="76" Y="138" T="87563108" />
  <Point X="78" Y="140" T="87563159" />
</Gesture>