﻿<?xml version="1.0" encoding="utf-8" standalone="yes"?>
<Gesture Name="rectangle06" Subject="3" Speed="fast" Number="6" NumPts="85" Millseconds="1262" AppName="Gestures" AppVer="3.5.0.0" Date="Thursday, March 08, 2007" TimeOfDay="1:51:42 PM">
  <Point X="61" Y="136" T="87568838" />
  <Point X="59" Y="139" T="87568899" />
  <Point X="59" Y="142" T="87568907" />
  <Point X="59" Y="145" T="87568916" />
  <Point X="59" Y="147" T="87568921" />
  <Point X="59" Y="150" T="87568927" />
  <Point X="59" Y="153" T="87568933" />
  <Point X="59" Y="156" T="87568940" />
  <Point X="59" Y="159" T="87568947" />
  <Point X="59" Y="165" T="87568953" />
  <Point X="59" Y="168" T="87568960" />
  <Point X="58" Y="172" T="87568967" />
  <Point X="58" Y="178" T="87568974" />
  <Point X="58" Y="183" T="87568982" />
  <Point X="58" Y="188" T="87568989" />
  <Point X="57" Y="193" T="87568997" />
  <Point X="58" Y="196" T="87569005" />
  <Point X="58" Y="203" T="87569014" />
  <Point X="58" Y="206" T="87569022" />
  <Point X="59" Y="212" T="87569031" />
  <Point X="59" Y="215" T="87569040" />
  <Point X="59" Y="219" T="87569049" />
  <Point X="60" Y="222" T="87569058" />
  <Point X="60" Y="224" T="87569068" />
  <Point X="60" Y="226" T="87569078" />
  <Point X="61" Y="229" T="87569088" />
  <Point X="61" Y="232" T="87569098" />
  <Point X="62" Y="234" T="87569117" />
  <Point X="63" Y="237" T="87569146" />
  <Point X="65" Y="236" T="87569158" />
  <Point X="68" Y="236" T="87569170" />
  <Point X="70" Y="235" T="87569181" />
  <Point X="73" Y="234" T="87569193" />
  <Point X="79" Y="232" T="87569205" />
  <Point X="85" Y="232" T="87569217" />
  <Point X="92" Y="231" T="87569229" />
  <Point X="101" Y="230" T="87569241" />
  <Point X="104" Y="229" T="87569243" />
  <Point X="113" Y="230" T="87569256" />
  <Point X="123" Y="229" T="87569269" />
  <Point X="134" Y="230" T="87569283" />
  <Point X="143" Y="230" T="87569297" />
  <Point X="154" Y="230" T="87569311" />
  <Point X="162" Y="230" T="87569325" />
  <Point X="172" Y="231" T="87569339" />
  <Point X="178" Y="231" T="87569354" />
  <Point X="185" Y="231" T="87569368" />
  <Point X="190" Y="231" T="87569383" />
  <Point X="193" Y="230" T="87569398" />
  <Point X="195" Y="230" T="87569399" />
  <Point X="197" Y="231" T="87569414" />
  <Point X="200" Y="230" T="87569429" />
  <Point X="202" Y="230" T="87569444" />
  <Point X="203" Y="228" T="87569514" />
  <Point X="203" Y="226" T="87569571" />
  <Point X="202" Y="223" T="87569587" />
  <Point X="201" Y="220" T="87569603" />
  <Point X="201" Y="218" T="87569620" />
  <Point X="199" Y="211" T="87569637" />
  <Point X="197" Y="198" T="87569655" />
  <Point X="196" Y="186" T="87569673" />
  <Point X="195" Y="173" T="87569692" />
  <Point X="193" Y="166" T="87569710" />
  <Point X="192" Y="159" T="87569728" />
  <Point X="190" Y="153" T="87569746" />
  <Point X="187" Y="148" T="87569764" />
  <Point X="185" Y="142" T="87569783" />
  <Point X="183" Y="137" T="87569802" />
  <Point X="182" Y="135" T="87569803" />
  <Point X="181" Y="133" T="87569822" />
  <Point X="179" Y="131" T="87569841" />
  <Point X="176" Y="131" T="87569860" />
  <Point X="169" Y="132" T="87569882" />
  <Point X="163" Y="133" T="87569903" />
  <Point X="160" Y="134" T="87569904" />
  <Point X="153" Y="135" T="87569924" />
  <Point X="140" Y="135" T="87569945" />
  <Point X="125" Y="136" T="87569967" />
  <Point X="113" Y="137" T="87569989" />
  <Point X="102" Y="138" T="87570011" />
  <Point X="91" Y="138" T="87570033" />
  <Point X="85" Y="139" T="87570055" />
  <Point X="83" Y="139" T="87570056" />
  <Point X="81" Y="140" T="87570078" />
  <Point X="79" Y="139" T="87570100" />
</Gesture>