﻿<?xml version="1.0" encoding="utf-8" standalone="yes"?>
<Gesture Name="right_sq_bracket09" Subject="3" Speed="fast" Number="9" NumPts="52" Millseconds="570" AppName="Gestures" AppVer="3.5.0.0" Date="Thursday, March 08, 2007" TimeOfDay="2:01:36 PM">
  <Point X="112" Y="128" T="88165745" />
  <Point X="114" Y="127" T="88165761" />
  <Point X="116" Y="127" T="88165773" />
  <Point X="118" Y="127" T="88165781" />
  <Point X="121" Y="126" T="88165790" />
  <Point X="123" Y="125" T="88165798" />
  <Point X="126" Y="124" T="88165806" />
  <Point X="129" Y="122" T="88165814" />
  <Point X="132" Y="121" T="88165822" />
  <Point X="135" Y="120" T="88165830" />
  <Point X="138" Y="119" T="88165838" />
  <Point X="140" Y="119" T="88165846" />
  <Point X="142" Y="119" T="88165854" />
  <Point X="144" Y="118" T="88165863" />
  <Point X="146" Y="117" T="88165870" />
  <Point X="149" Y="117" T="88165882" />
  <Point X="151" Y="118" T="88165899" />
  <Point X="152" Y="116" T="88165912" />
  <Point X="153" Y="118" T="88165927" />
  <Point X="153" Y="121" T="88165944" />
  <Point X="154" Y="123" T="88165953" />
  <Point X="153" Y="126" T="88165962" />
  <Point X="153" Y="129" T="88165972" />
  <Point X="153" Y="136" T="88165981" />
  <Point X="153" Y="142" T="88165992" />
  <Point X="153" Y="145" T="88165993" />
  <Point X="153" Y="152" T="88166003" />
  <Point X="153" Y="162" T="88166014" />
  <Point X="154" Y="175" T="88166024" />
  <Point X="155" Y="183" T="88166035" />
  <Point X="156" Y="187" T="88166037" />
  <Point X="158" Y="198" T="88166048" />
  <Point X="159" Y="204" T="88166060" />
  <Point X="159" Y="207" T="88166061" />
  <Point X="160" Y="216" T="88166073" />
  <Point X="162" Y="223" T="88166085" />
  <Point X="162" Y="227" T="88166097" />
  <Point X="163" Y="232" T="88166109" />
  <Point X="162" Y="234" T="88166122" />
  <Point X="162" Y="237" T="88166140" />
  <Point X="161" Y="239" T="88166164" />
  <Point X="159" Y="237" T="88166193" />
  <Point X="157" Y="236" T="88166209" />
  <Point X="155" Y="236" T="88166223" />
  <Point X="150" Y="237" T="88166237" />
  <Point X="144" Y="238" T="88166251" />
  <Point X="138" Y="239" T="88166266" />
  <Point X="134" Y="240" T="88166280" />
  <Point X="131" Y="242" T="88166281" />
  <Point X="128" Y="242" T="88166297" />
  <Point X="125" Y="244" T="88166298" />
  <Point X="123" Y="245" T="88166315" />
</Gesture>