﻿<?xml version="1.0" encoding="utf-8" standalone="yes"?>
<Gesture Name="right_sq_bracket08" Subject="3" Speed="fast" Number="8" NumPts="53" Millseconds="622" AppName="Gestures" AppVer="3.5.0.0" Date="Thursday, March 08, 2007" TimeOfDay="2:01:35 PM">
  <Point X="114" Y="125" T="88164687" />
  <Point X="117" Y="125" T="88164728" />
  <Point X="119" Y="126" T="88164744" />
  <Point X="122" Y="127" T="88164755" />
  <Point X="125" Y="126" T="88164763" />
  <Point X="128" Y="124" T="88164771" />
  <Point X="131" Y="124" T="88164779" />
  <Point X="135" Y="124" T="88164787" />
  <Point X="138" Y="123" T="88164795" />
  <Point X="142" Y="123" T="88164803" />
  <Point X="145" Y="122" T="88164811" />
  <Point X="148" Y="120" T="88164819" />
  <Point X="150" Y="120" T="88164827" />
  <Point X="153" Y="120" T="88164836" />
  <Point X="155" Y="119" T="88164843" />
  <Point X="157" Y="118" T="88164856" />
  <Point X="159" Y="120" T="88164889" />
  <Point X="159" Y="122" T="88164906" />
  <Point X="159" Y="124" T="88164918" />
  <Point X="159" Y="126" T="88164927" />
  <Point X="159" Y="129" T="88164936" />
  <Point X="158" Y="133" T="88164945" />
  <Point X="157" Y="142" T="88164955" />
  <Point X="157" Y="148" T="88164965" />
  <Point X="156" Y="158" T="88164975" />
  <Point X="156" Y="166" T="88164985" />
  <Point X="157" Y="177" T="88164995" />
  <Point X="158" Y="184" T="88165006" />
  <Point X="158" Y="188" T="88165007" />
  <Point X="159" Y="194" T="88165018" />
  <Point X="159" Y="197" T="88165019" />
  <Point X="160" Y="203" T="88165030" />
  <Point X="160" Y="207" T="88165042" />
  <Point X="161" Y="211" T="88165053" />
  <Point X="161" Y="215" T="88165054" />
  <Point X="161" Y="217" T="88165066" />
  <Point X="161" Y="220" T="88165079" />
  <Point X="160" Y="225" T="88165091" />
  <Point X="160" Y="227" T="88165103" />
  <Point X="159" Y="231" T="88165118" />
  <Point X="158" Y="233" T="88165134" />
  <Point X="156" Y="236" T="88165147" />
  <Point X="153" Y="238" T="88165160" />
  <Point X="149" Y="240" T="88165174" />
  <Point X="147" Y="241" T="88165188" />
  <Point X="142" Y="243" T="88165202" />
  <Point X="136" Y="244" T="88165217" />
  <Point X="129" Y="245" T="88165231" />
  <Point X="123" Y="245" T="88165247" />
  <Point X="118" Y="245" T="88165262" />
  <Point X="116" Y="245" T="88165277" />
  <Point X="114" Y="246" T="88165293" />
  <Point X="112" Y="246" T="88165309" />
</Gesture>