﻿<?xml version="1.0" encoding="utf-8" standalone="yes"?>
<Gesture Name="right_sq_bracket02" Subject="3" Speed="fast" Number="2" NumPts="51" Millseconds="581" AppName="Gestures" AppVer="3.5.0.0" Date="Thursday, March 08, 2007" TimeOfDay="2:01:29 PM">
  <Point X="99" Y="125" T="88158589" />
  <Point X="101" Y="124" T="88158597" />
  <Point X="103" Y="123" T="88158605" />
  <Point X="106" Y="124" T="88158614" />
  <Point X="109" Y="123" T="88158621" />
  <Point X="112" Y="122" T="88158630" />
  <Point X="115" Y="122" T="88158638" />
  <Point X="119" Y="122" T="88158646" />
  <Point X="121" Y="122" T="88158653" />
  <Point X="124" Y="120" T="88158659" />
  <Point X="127" Y="121" T="88158667" />
  <Point X="131" Y="121" T="88158675" />
  <Point X="134" Y="120" T="88158683" />
  <Point X="136" Y="120" T="88158692" />
  <Point X="138" Y="120" T="88158700" />
  <Point X="140" Y="121" T="88158717" />
  <Point X="141" Y="123" T="88158733" />
  <Point X="141" Y="125" T="88158746" />
  <Point X="140" Y="128" T="88158755" />
  <Point X="139" Y="133" T="88158763" />
  <Point X="139" Y="137" T="88158773" />
  <Point X="138" Y="142" T="88158782" />
  <Point X="137" Y="146" T="88158783" />
  <Point X="136" Y="153" T="88158793" />
  <Point X="135" Y="164" T="88158803" />
  <Point X="135" Y="172" T="88158813" />
  <Point X="135" Y="176" T="88158814" />
  <Point X="135" Y="183" T="88158825" />
  <Point X="136" Y="198" T="88158836" />
  <Point X="137" Y="209" T="88158847" />
  <Point X="140" Y="218" T="88158859" />
  <Point X="141" Y="225" T="88158870" />
  <Point X="141" Y="228" T="88158871" />
  <Point X="143" Y="236" T="88158883" />
  <Point X="145" Y="241" T="88158895" />
  <Point X="145" Y="244" T="88158907" />
  <Point X="145" Y="247" T="88158919" />
  <Point X="146" Y="249" T="88158931" />
  <Point X="145" Y="252" T="88158950" />
  <Point X="143" Y="252" T="88159010" />
  <Point X="141" Y="252" T="88159026" />
  <Point X="138" Y="252" T="88159039" />
  <Point X="135" Y="252" T="88159053" />
  <Point X="126" Y="253" T="88159067" />
  <Point X="121" Y="253" T="88159081" />
  <Point X="112" Y="252" T="88159095" />
  <Point X="105" Y="253" T="88159110" />
  <Point X="102" Y="253" T="88159125" />
  <Point X="97" Y="253" T="88159139" />
  <Point X="94" Y="254" T="88159155" />
  <Point X="92" Y="254" T="88159170" />
</Gesture>