﻿<?xml version="1.0" encoding="utf-8" standalone="yes"?>
<Gesture Name="right_curly_brace07" Subject="3" Speed="fast" Number="7" NumPts="64" Millseconds="749" AppName="Gestures" AppVer="3.5.0.0" Date="Thursday, March 08, 2007" TimeOfDay="1:59:01 PM">
  <Point X="110" Y="123" T="88010096" />
  <Point X="112" Y="123" T="88010105" />
  <Point X="115" Y="123" T="88010113" />
  <Point X="118" Y="122" T="88010120" />
  <Point X="122" Y="122" T="88010129" />
  <Point X="125" Y="122" T="88010137" />
  <Point X="128" Y="122" T="88010145" />
  <Point X="131" Y="123" T="88010153" />
  <Point X="133" Y="125" T="88010161" />
  <Point X="135" Y="128" T="88010169" />
  <Point X="137" Y="131" T="88010181" />
  <Point X="138" Y="134" T="88010188" />
  <Point X="138" Y="136" T="88010189" />
  <Point X="138" Y="139" T="88010197" />
  <Point X="137" Y="143" T="88010204" />
  <Point X="136" Y="145" T="88010205" />
  <Point X="134" Y="150" T="88010214" />
  <Point X="133" Y="153" T="88010222" />
  <Point X="131" Y="156" T="88010230" />
  <Point X="129" Y="160" T="88010239" />
  <Point X="127" Y="162" T="88010248" />
  <Point X="125" Y="165" T="88010249" />
  <Point X="123" Y="167" T="88010259" />
  <Point X="122" Y="170" T="88010268" />
  <Point X="120" Y="172" T="88010278" />
  <Point X="119" Y="175" T="88010289" />
  <Point X="119" Y="178" T="88010301" />
  <Point X="120" Y="181" T="88010311" />
  <Point X="122" Y="183" T="88010322" />
  <Point X="124" Y="185" T="88010333" />
  <Point X="126" Y="185" T="88010344" />
  <Point X="131" Y="188" T="88010355" />
  <Point X="133" Y="189" T="88010367" />
  <Point X="135" Y="190" T="88010378" />
  <Point X="138" Y="191" T="88010390" />
  <Point X="139" Y="193" T="88010402" />
  <Point X="141" Y="195" T="88010417" />
  <Point X="141" Y="197" T="88010429" />
  <Point X="140" Y="200" T="88010450" />
  <Point X="139" Y="202" T="88010470" />
  <Point X="137" Y="203" T="88010490" />
  <Point X="134" Y="203" T="88010506" />
  <Point X="132" Y="204" T="88010522" />
  <Point X="130" Y="205" T="88010542" />
  <Point X="128" Y="206" T="88010557" />
  <Point X="126" Y="209" T="88010574" />
  <Point X="124" Y="210" T="88010597" />
  <Point X="122" Y="212" T="88010612" />
  <Point X="121" Y="217" T="88010627" />
  <Point X="122" Y="223" T="88010642" />
  <Point X="124" Y="225" T="88010658" />
  <Point X="129" Y="229" T="88010673" />
  <Point X="133" Y="233" T="88010689" />
  <Point X="135" Y="235" T="88010706" />
  <Point X="137" Y="239" T="88010722" />
  <Point X="136" Y="245" T="88010738" />
  <Point X="132" Y="250" T="88010755" />
  <Point X="128" Y="256" T="88010772" />
  <Point X="122" Y="260" T="88010788" />
  <Point X="119" Y="263" T="88010790" />
  <Point X="113" Y="264" T="88010809" />
  <Point X="107" Y="265" T="88010827" />
  <Point X="102" Y="263" T="88010844" />
  <Point X="100" Y="262" T="88010845" />
</Gesture>