﻿<?xml version="1.0" encoding="utf-8" standalone="yes"?>
<Gesture Name="right_curly_brace06" Subject="3" Speed="fast" Number="6" NumPts="65" Millseconds="784" AppName="Gestures" AppVer="3.5.0.0" Date="Thursday, March 08, 2007" TimeOfDay="1:59:00 PM">
  <Point X="108" Y="126" T="88008771" />
  <Point X="110" Y="125" T="88008800" />
  <Point X="113" Y="125" T="88008812" />
  <Point X="115" Y="124" T="88008821" />
  <Point X="118" Y="123" T="88008828" />
  <Point X="121" Y="123" T="88008837" />
  <Point X="124" Y="122" T="88008845" />
  <Point X="128" Y="122" T="88008853" />
  <Point X="131" Y="123" T="88008861" />
  <Point X="135" Y="124" T="88008869" />
  <Point X="137" Y="124" T="88008877" />
  <Point X="140" Y="127" T="88008885" />
  <Point X="141" Y="130" T="88008893" />
  <Point X="142" Y="133" T="88008902" />
  <Point X="142" Y="136" T="88008909" />
  <Point X="142" Y="140" T="88008917" />
  <Point X="140" Y="143" T="88008925" />
  <Point X="137" Y="147" T="88008934" />
  <Point X="134" Y="151" T="88008942" />
  <Point X="131" Y="156" T="88008951" />
  <Point X="129" Y="158" T="88008960" />
  <Point X="124" Y="162" T="88008969" />
  <Point X="122" Y="163" T="88008978" />
  <Point X="121" Y="166" T="88008989" />
  <Point X="120" Y="168" T="88009000" />
  <Point X="120" Y="171" T="88009020" />
  <Point X="122" Y="173" T="88009032" />
  <Point X="124" Y="175" T="88009042" />
  <Point X="127" Y="177" T="88009053" />
  <Point X="130" Y="178" T="88009064" />
  <Point X="133" Y="180" T="88009065" />
  <Point X="135" Y="182" T="88009076" />
  <Point X="137" Y="183" T="88009087" />
  <Point X="140" Y="184" T="88009099" />
  <Point X="142" Y="184" T="88009111" />
  <Point X="144" Y="185" T="88009123" />
  <Point X="146" Y="185" T="88009145" />
  <Point X="144" Y="187" T="88009181" />
  <Point X="142" Y="189" T="88009194" />
  <Point X="141" Y="191" T="88009206" />
  <Point X="139" Y="193" T="88009220" />
  <Point X="136" Y="194" T="88009233" />
  <Point X="135" Y="197" T="88009246" />
  <Point X="132" Y="198" T="88009260" />
  <Point X="129" Y="200" T="88009261" />
  <Point X="127" Y="202" T="88009275" />
  <Point X="124" Y="204" T="88009292" />
  <Point X="122" Y="204" T="88009306" />
  <Point X="122" Y="206" T="88009330" />
  <Point X="123" Y="209" T="88009350" />
  <Point X="124" Y="212" T="88009365" />
  <Point X="126" Y="214" T="88009366" />
  <Point X="128" Y="217" T="88009382" />
  <Point X="129" Y="221" T="88009383" />
  <Point X="133" Y="226" T="88009399" />
  <Point X="135" Y="232" T="88009415" />
  <Point X="138" Y="237" T="88009431" />
  <Point X="139" Y="242" T="88009448" />
  <Point X="139" Y="247" T="88009465" />
  <Point X="134" Y="253" T="88009483" />
  <Point X="128" Y="257" T="88009500" />
  <Point X="121" Y="261" T="88009517" />
  <Point X="117" Y="262" T="88009519" />
  <Point X="108" Y="263" T="88009537" />
  <Point X="102" Y="263" T="88009555" />
</Gesture>