﻿<?xml version="1.0" encoding="utf-8" standalone="yes"?>
<Gesture Name="right_curly_brace03" Subject="3" Speed="fast" Number="3" NumPts="62" Millseconds="775" AppName="Gestures" AppVer="3.5.0.0" Date="Thursday, March 08, 2007" TimeOfDay="1:58:56 PM">
  <Point X="106" Y="122" T="88004991" />
  <Point X="108" Y="122" T="88005023" />
  <Point X="111" Y="123" T="88005036" />
  <Point X="114" Y="121" T="88005044" />
  <Point X="116" Y="121" T="88005052" />
  <Point X="120" Y="122" T="88005059" />
  <Point X="122" Y="122" T="88005067" />
  <Point X="125" Y="122" T="88005075" />
  <Point X="128" Y="123" T="88005083" />
  <Point X="131" Y="125" T="88005091" />
  <Point X="133" Y="127" T="88005099" />
  <Point X="135" Y="129" T="88005107" />
  <Point X="136" Y="133" T="88005115" />
  <Point X="136" Y="137" T="88005124" />
  <Point X="136" Y="140" T="88005131" />
  <Point X="135" Y="144" T="88005139" />
  <Point X="134" Y="147" T="88005147" />
  <Point X="131" Y="153" T="88005156" />
  <Point X="130" Y="155" T="88005164" />
  <Point X="129" Y="157" T="88005173" />
  <Point X="127" Y="160" T="88005182" />
  <Point X="126" Y="162" T="88005191" />
  <Point X="125" Y="165" T="88005192" />
  <Point X="124" Y="167" T="88005201" />
  <Point X="124" Y="169" T="88005211" />
  <Point X="124" Y="171" T="88005221" />
  <Point X="125" Y="176" T="88005231" />
  <Point X="126" Y="178" T="88005242" />
  <Point X="128" Y="179" T="88005252" />
  <Point X="131" Y="181" T="88005263" />
  <Point X="134" Y="183" T="88005264" />
  <Point X="137" Y="184" T="88005275" />
  <Point X="139" Y="185" T="88005286" />
  <Point X="141" Y="187" T="88005288" />
  <Point X="144" Y="187" T="88005300" />
  <Point X="145" Y="189" T="88005311" />
  <Point X="147" Y="191" T="88005351" />
  <Point X="145" Y="193" T="88005379" />
  <Point X="143" Y="195" T="88005398" />
  <Point X="141" Y="196" T="88005415" />
  <Point X="139" Y="198" T="88005431" />
  <Point X="136" Y="199" T="88005447" />
  <Point X="134" Y="201" T="88005463" />
  <Point X="132" Y="202" T="88005477" />
  <Point X="130" Y="203" T="88005491" />
  <Point X="128" Y="205" T="88005505" />
  <Point X="126" Y="207" T="88005519" />
  <Point X="126" Y="209" T="88005534" />
  <Point X="127" Y="212" T="88005549" />
  <Point X="129" Y="216" T="88005564" />
  <Point X="132" Y="221" T="88005580" />
  <Point X="134" Y="223" T="88005595" />
  <Point X="138" Y="231" T="88005611" />
  <Point X="140" Y="236" T="88005627" />
  <Point X="140" Y="241" T="88005644" />
  <Point X="139" Y="246" T="88005660" />
  <Point X="135" Y="251" T="88005680" />
  <Point X="129" Y="257" T="88005697" />
  <Point X="123" Y="258" T="88005714" />
  <Point X="116" Y="261" T="88005731" />
  <Point X="111" Y="262" T="88005748" />
  <Point X="108" Y="262" T="88005766" />
</Gesture>