﻿<?xml version="1.0" encoding="utf-8" standalone="yes"?>
<Gesture Name="right_curly_brace02" Subject="3" Speed="fast" Number="2" NumPts="61" Millseconds="734" AppName="Gestures" AppVer="3.5.0.0" Date="Thursday, March 08, 2007" TimeOfDay="1:58:55 PM">
  <Point X="103" Y="121" T="88003755" />
  <Point X="106" Y="120" T="88003775" />
  <Point X="108" Y="119" T="88003783" />
  <Point X="111" Y="119" T="88003791" />
  <Point X="114" Y="119" T="88003799" />
  <Point X="116" Y="118" T="88003806" />
  <Point X="119" Y="118" T="88003815" />
  <Point X="122" Y="119" T="88003823" />
  <Point X="125" Y="120" T="88003831" />
  <Point X="127" Y="122" T="88003839" />
  <Point X="131" Y="122" T="88003847" />
  <Point X="133" Y="124" T="88003855" />
  <Point X="136" Y="127" T="88003863" />
  <Point X="138" Y="131" T="88003872" />
  <Point X="139" Y="133" T="88003879" />
  <Point X="140" Y="135" T="88003887" />
  <Point X="139" Y="137" T="88003895" />
  <Point X="138" Y="140" T="88003904" />
  <Point X="136" Y="142" T="88003912" />
  <Point X="134" Y="146" T="88003921" />
  <Point X="132" Y="148" T="88003930" />
  <Point X="127" Y="152" T="88003939" />
  <Point X="125" Y="154" T="88003949" />
  <Point X="122" Y="157" T="88003959" />
  <Point X="121" Y="159" T="88003971" />
  <Point X="119" Y="161" T="88003995" />
  <Point X="120" Y="164" T="88004005" />
  <Point X="121" Y="167" T="88004016" />
  <Point X="123" Y="168" T="88004027" />
  <Point X="126" Y="170" T="88004039" />
  <Point X="128" Y="171" T="88004051" />
  <Point X="130" Y="172" T="88004063" />
  <Point X="132" Y="174" T="88004076" />
  <Point X="134" Y="175" T="88004096" />
  <Point X="136" Y="177" T="88004121" />
  <Point X="138" Y="179" T="88004146" />
  <Point X="138" Y="182" T="88004170" />
  <Point X="138" Y="184" T="88004182" />
  <Point X="136" Y="186" T="88004198" />
  <Point X="135" Y="189" T="88004211" />
  <Point X="133" Y="191" T="88004224" />
  <Point X="133" Y="194" T="88004237" />
  <Point X="132" Y="198" T="88004251" />
  <Point X="132" Y="201" T="88004265" />
  <Point X="134" Y="203" T="88004279" />
  <Point X="137" Y="208" T="88004293" />
  <Point X="142" Y="212" T="88004307" />
  <Point X="144" Y="213" T="88004322" />
  <Point X="145" Y="216" T="88004323" />
  <Point X="147" Y="218" T="88004338" />
  <Point X="148" Y="220" T="88004339" />
  <Point X="148" Y="223" T="88004354" />
  <Point X="148" Y="226" T="88004355" />
  <Point X="147" Y="231" T="88004371" />
  <Point X="145" Y="236" T="88004387" />
  <Point X="142" Y="241" T="88004403" />
  <Point X="136" Y="245" T="88004420" />
  <Point X="126" Y="248" T="88004437" />
  <Point X="118" Y="250" T="88004454" />
  <Point X="111" Y="251" T="88004472" />
  <Point X="109" Y="251" T="88004489" />
</Gesture>