﻿<?xml version="1.0" encoding="utf-8" standalone="yes"?>
<Gesture Name="right_curly_brace01" Subject="3" Speed="fast" Number="1" NumPts="62" Millseconds="700" AppName="Gestures" AppVer="3.5.0.0" Date="Thursday, March 08, 2007" TimeOfDay="1:58:54 PM">
  <Point X="107" Y="113" T="88002476" />
  <Point X="108" Y="115" T="88002536" />
  <Point X="111" Y="115" T="88002544" />
  <Point X="114" Y="116" T="88002551" />
  <Point X="118" Y="117" T="88002560" />
  <Point X="120" Y="117" T="88002566" />
  <Point X="122" Y="118" T="88002572" />
  <Point X="124" Y="118" T="88002573" />
  <Point X="126" Y="118" T="88002579" />
  <Point X="130" Y="119" T="88002586" />
  <Point X="134" Y="120" T="88002593" />
  <Point X="135" Y="122" T="88002600" />
  <Point X="138" Y="124" T="88002607" />
  <Point X="140" Y="127" T="88002615" />
  <Point X="142" Y="129" T="88002623" />
  <Point X="143" Y="132" T="88002631" />
  <Point X="144" Y="134" T="88002639" />
  <Point X="144" Y="136" T="88002647" />
  <Point X="144" Y="140" T="88002655" />
  <Point X="143" Y="144" T="88002657" />
  <Point X="141" Y="147" T="88002666" />
  <Point X="139" Y="151" T="88002675" />
  <Point X="137" Y="154" T="88002684" />
  <Point X="135" Y="157" T="88002694" />
  <Point X="134" Y="159" T="88002704" />
  <Point X="131" Y="161" T="88002714" />
  <Point X="130" Y="164" T="88002728" />
  <Point X="129" Y="166" T="88002738" />
  <Point X="129" Y="169" T="88002749" />
  <Point X="129" Y="172" T="88002759" />
  <Point X="129" Y="174" T="88002771" />
  <Point X="129" Y="176" T="88002781" />
  <Point X="130" Y="178" T="88002793" />
  <Point X="132" Y="180" T="88002804" />
  <Point X="137" Y="184" T="88002816" />
  <Point X="139" Y="185" T="88002828" />
  <Point X="141" Y="185" T="88002840" />
  <Point X="143" Y="187" T="88002853" />
  <Point X="146" Y="189" T="88002865" />
  <Point X="146" Y="191" T="88002880" />
  <Point X="145" Y="193" T="88002893" />
  <Point X="144" Y="196" T="88002907" />
  <Point X="140" Y="201" T="88002920" />
  <Point X="138" Y="203" T="88002934" />
  <Point X="135" Y="208" T="88002948" />
  <Point X="134" Y="210" T="88002962" />
  <Point X="134" Y="215" T="88002977" />
  <Point X="134" Y="218" T="88002992" />
  <Point X="136" Y="220" T="88002993" />
  <Point X="137" Y="223" T="88003007" />
  <Point X="139" Y="224" T="88003009" />
  <Point X="141" Y="227" T="88003024" />
  <Point X="143" Y="229" T="88003025" />
  <Point X="146" Y="232" T="88003040" />
  <Point X="148" Y="236" T="88003057" />
  <Point X="148" Y="241" T="88003073" />
  <Point X="145" Y="247" T="88003090" />
  <Point X="141" Y="251" T="88003106" />
  <Point X="136" Y="257" T="88003123" />
  <Point X="130" Y="259" T="88003141" />
  <Point X="123" Y="261" T="88003158" />
  <Point X="118" Y="260" T="88003176" />
</Gesture>