﻿<?xml version="1.0" encoding="utf-8" standalone="yes"?>
<Gesture Name="right_curly_brace04" Subject="3" Speed="fast" Number="4" NumPts="61" Millseconds="727" AppName="Gestures" AppVer="3.5.0.0" Date="Thursday, March 08, 2007" TimeOfDay="1:58:57 PM">
  <Point X="109" Y="125" T="88006266" />
  <Point X="111" Y="123" T="88006274" />
  <Point X="113" Y="123" T="88006282" />
  <Point X="115" Y="122" T="88006290" />
  <Point X="118" Y="122" T="88006299" />
  <Point X="122" Y="121" T="88006307" />
  <Point X="125" Y="121" T="88006315" />
  <Point X="128" Y="122" T="88006323" />
  <Point X="131" Y="123" T="88006331" />
  <Point X="134" Y="124" T="88006339" />
  <Point X="136" Y="127" T="88006347" />
  <Point X="138" Y="129" T="88006355" />
  <Point X="139" Y="133" T="88006363" />
  <Point X="140" Y="135" T="88006371" />
  <Point X="140" Y="137" T="88006372" />
  <Point X="140" Y="140" T="88006380" />
  <Point X="139" Y="146" T="88006388" />
  <Point X="137" Y="151" T="88006396" />
  <Point X="134" Y="154" T="88006405" />
  <Point X="131" Y="159" T="88006414" />
  <Point X="130" Y="161" T="88006422" />
  <Point X="127" Y="164" T="88006423" />
  <Point X="125" Y="166" T="88006433" />
  <Point X="123" Y="168" T="88006443" />
  <Point X="122" Y="170" T="88006453" />
  <Point X="122" Y="173" T="88006476" />
  <Point X="122" Y="175" T="88006488" />
  <Point X="123" Y="177" T="88006498" />
  <Point X="125" Y="179" T="88006509" />
  <Point X="126" Y="181" T="88006520" />
  <Point X="129" Y="184" T="88006521" />
  <Point X="131" Y="186" T="88006532" />
  <Point X="133" Y="188" T="88006543" />
  <Point X="135" Y="190" T="88006544" />
  <Point X="137" Y="193" T="88006556" />
  <Point X="140" Y="196" T="88006569" />
  <Point X="141" Y="198" T="88006581" />
  <Point X="142" Y="200" T="88006600" />
  <Point X="140" Y="202" T="88006649" />
  <Point X="138" Y="203" T="88006669" />
  <Point X="136" Y="204" T="88006689" />
  <Point X="134" Y="206" T="88006702" />
  <Point X="132" Y="209" T="88006721" />
  <Point X="131" Y="211" T="88006735" />
  <Point X="130" Y="213" T="88006749" />
  <Point X="129" Y="216" T="88006750" />
  <Point X="128" Y="219" T="88006764" />
  <Point X="128" Y="221" T="88006778" />
  <Point X="128" Y="225" T="88006793" />
  <Point X="132" Y="229" T="88006808" />
  <Point X="137" Y="233" T="88006826" />
  <Point X="141" Y="237" T="88006841" />
  <Point X="141" Y="243" T="88006857" />
  <Point X="139" Y="248" T="88006873" />
  <Point X="136" Y="254" T="88006889" />
  <Point X="133" Y="258" T="88006906" />
  <Point X="129" Y="261" T="88006923" />
  <Point X="122" Y="266" T="88006940" />
  <Point X="112" Y="267" T="88006957" />
  <Point X="105" Y="266" T="88006975" />
  <Point X="103" Y="265" T="88006993" />
</Gesture>