﻿<?xml version="1.0" encoding="utf-8" standalone="yes"?>
<Gesture Name="right_curly_brace10" Subject="3" Speed="fast" Number="10" NumPts="61" Millseconds="761" AppName="Gestures" AppVer="3.5.0.0" Date="Thursday, March 08, 2007" TimeOfDay="1:59:05 PM">
  <Point X="109" Y="122" T="88013707" />
  <Point X="111" Y="122" T="88013748" />
  <Point X="114" Y="123" T="88013764" />
  <Point X="116" Y="124" T="88013772" />
  <Point X="119" Y="124" T="88013781" />
  <Point X="123" Y="125" T="88013789" />
  <Point X="126" Y="125" T="88013797" />
  <Point X="128" Y="126" T="88013803" />
  <Point X="130" Y="126" T="88013810" />
  <Point X="134" Y="128" T="88013816" />
  <Point X="137" Y="130" T="88013823" />
  <Point X="140" Y="133" T="88013830" />
  <Point X="142" Y="135" T="88013838" />
  <Point X="143" Y="137" T="88013846" />
  <Point X="144" Y="140" T="88013854" />
  <Point X="143" Y="143" T="88013863" />
  <Point X="142" Y="148" T="88013871" />
  <Point X="140" Y="152" T="88013880" />
  <Point X="137" Y="157" T="88013888" />
  <Point X="135" Y="161" T="88013897" />
  <Point X="132" Y="164" T="88013906" />
  <Point X="130" Y="168" T="88013915" />
  <Point X="128" Y="171" T="88013924" />
  <Point X="125" Y="174" T="88013934" />
  <Point X="124" Y="176" T="88013947" />
  <Point X="124" Y="179" T="88013957" />
  <Point X="124" Y="181" T="88013967" />
  <Point X="126" Y="183" T="88013978" />
  <Point X="131" Y="185" T="88013988" />
  <Point X="135" Y="186" T="88013999" />
  <Point X="138" Y="187" T="88014010" />
  <Point X="141" Y="187" T="88014021" />
  <Point X="144" Y="187" T="88014033" />
  <Point X="146" Y="187" T="88014044" />
  <Point X="148" Y="189" T="88014059" />
  <Point X="148" Y="191" T="88014080" />
  <Point X="147" Y="193" T="88014100" />
  <Point X="145" Y="195" T="88014112" />
  <Point X="142" Y="196" T="88014125" />
  <Point X="140" Y="197" T="88014138" />
  <Point X="138" Y="198" T="88014151" />
  <Point X="137" Y="200" T="88014164" />
  <Point X="134" Y="201" T="88014177" />
  <Point X="132" Y="202" T="88014191" />
  <Point X="130" Y="206" T="88014213" />
  <Point X="130" Y="209" T="88014227" />
  <Point X="130" Y="211" T="88014241" />
  <Point X="132" Y="215" T="88014256" />
  <Point X="134" Y="217" T="88014271" />
  <Point X="139" Y="224" T="88014286" />
  <Point X="141" Y="227" T="88014301" />
  <Point X="145" Y="236" T="88014317" />
  <Point X="146" Y="242" T="88014333" />
  <Point X="145" Y="248" T="88014349" />
  <Point X="141" Y="253" T="88014366" />
  <Point X="137" Y="259" T="88014382" />
  <Point X="131" Y="264" T="88014398" />
  <Point X="123" Y="266" T="88014416" />
  <Point X="111" Y="267" T="88014433" />
  <Point X="105" Y="266" T="88014451" />
  <Point X="100" Y="263" T="88014468" />
</Gesture>