﻿<?xml version="1.0" encoding="utf-8" standalone="yes"?>
<Gesture Name="right_sq_bracket05" Subject="3" Speed="fast" Number="5" NumPts="49" Millseconds="515" AppName="Gestures" AppVer="3.5.0.0" Date="Thursday, March 08, 2007" TimeOfDay="2:01:32 PM">
  <Point X="106" Y="119" T="88161801" />
  <Point X="109" Y="119" T="88161813" />
  <Point X="111" Y="119" T="88161821" />
  <Point X="114" Y="119" T="88161829" />
  <Point X="116" Y="119" T="88161838" />
  <Point X="118" Y="118" T="88161846" />
  <Point X="121" Y="118" T="88161854" />
  <Point X="123" Y="117" T="88161862" />
  <Point X="126" Y="117" T="88161870" />
  <Point X="128" Y="117" T="88161878" />
  <Point X="130" Y="116" T="88161886" />
  <Point X="132" Y="117" T="88161894" />
  <Point X="135" Y="117" T="88161906" />
  <Point X="137" Y="117" T="88161918" />
  <Point X="140" Y="118" T="88161935" />
  <Point X="141" Y="120" T="88161947" />
  <Point X="142" Y="123" T="88161959" />
  <Point X="142" Y="126" T="88161967" />
  <Point X="142" Y="128" T="88161976" />
  <Point X="142" Y="133" T="88161985" />
  <Point X="142" Y="135" T="88161994" />
  <Point X="142" Y="144" T="88162003" />
  <Point X="142" Y="150" T="88162013" />
  <Point X="141" Y="156" T="88162022" />
  <Point X="141" Y="159" T="88162023" />
  <Point X="140" Y="166" T="88162034" />
  <Point X="140" Y="177" T="88162044" />
  <Point X="141" Y="183" T="88162054" />
  <Point X="141" Y="186" T="88162056" />
  <Point X="142" Y="192" T="88162066" />
  <Point X="142" Y="195" T="88162067" />
  <Point X="143" Y="200" T="88162079" />
  <Point X="143" Y="203" T="88162080" />
  <Point X="145" Y="210" T="88162091" />
  <Point X="145" Y="213" T="88162103" />
  <Point X="146" Y="218" T="88162115" />
  <Point X="147" Y="221" T="88162128" />
  <Point X="147" Y="226" T="88162140" />
  <Point X="145" Y="228" T="88162175" />
  <Point X="143" Y="229" T="88162188" />
  <Point X="140" Y="231" T="88162200" />
  <Point X="138" Y="230" T="88162214" />
  <Point X="133" Y="232" T="88162228" />
  <Point X="127" Y="233" T="88162241" />
  <Point X="121" Y="234" T="88162255" />
  <Point X="117" Y="235" T="88162270" />
  <Point X="112" Y="238" T="88162284" />
  <Point X="107" Y="240" T="88162299" />
  <Point X="105" Y="241" T="88162316" />
</Gesture>