﻿<?xml version="1.0" encoding="utf-8" standalone="yes"?>
<Gesture Name="right_curly_brace09" Subject="3" Speed="fast" Number="9" NumPts="66" Millseconds="726" AppName="Gestures" AppVer="3.5.0.0" Date="Thursday, March 08, 2007" TimeOfDay="1:59:04 PM">
  <Point X="106" Y="118" T="88012510" />
  <Point X="109" Y="119" T="88012518" />
  <Point X="111" Y="119" T="88012523" />
  <Point X="113" Y="119" T="88012528" />
  <Point X="116" Y="118" T="88012534" />
  <Point X="118" Y="119" T="88012535" />
  <Point X="120" Y="120" T="88012541" />
  <Point X="122" Y="121" T="88012542" />
  <Point X="124" Y="121" T="88012549" />
  <Point X="127" Y="122" T="88012550" />
  <Point X="129" Y="123" T="88012557" />
  <Point X="131" Y="124" T="88012558" />
  <Point X="135" Y="126" T="88012566" />
  <Point X="139" Y="128" T="88012574" />
  <Point X="141" Y="131" T="88012582" />
  <Point X="143" Y="133" T="88012591" />
  <Point X="144" Y="136" T="88012600" />
  <Point X="145" Y="139" T="88012608" />
  <Point X="144" Y="143" T="88012617" />
  <Point X="142" Y="146" T="88012626" />
  <Point X="140" Y="148" T="88012627" />
  <Point X="137" Y="151" T="88012636" />
  <Point X="133" Y="156" T="88012645" />
  <Point X="131" Y="158" T="88012646" />
  <Point X="128" Y="162" T="88012657" />
  <Point X="124" Y="165" T="88012667" />
  <Point X="121" Y="167" T="88012677" />
  <Point X="117" Y="174" T="88012688" />
  <Point X="115" Y="177" T="88012699" />
  <Point X="115" Y="179" T="88012709" />
  <Point X="116" Y="182" T="88012720" />
  <Point X="118" Y="187" T="88012731" />
  <Point X="120" Y="189" T="88012743" />
  <Point X="124" Y="191" T="88012755" />
  <Point X="127" Y="191" T="88012766" />
  <Point X="129" Y="191" T="88012779" />
  <Point X="132" Y="191" T="88012791" />
  <Point X="134" Y="191" T="88012803" />
  <Point X="137" Y="193" T="88012816" />
  <Point X="140" Y="196" T="88012829" />
  <Point X="143" Y="198" T="88012842" />
  <Point X="143" Y="201" T="88012858" />
  <Point X="141" Y="203" T="88012879" />
  <Point X="139" Y="205" T="88012893" />
  <Point X="137" Y="206" T="88012907" />
  <Point X="134" Y="207" T="88012921" />
  <Point X="130" Y="210" T="88012936" />
  <Point X="127" Y="211" T="88012951" />
  <Point X="126" Y="213" T="88012971" />
  <Point X="126" Y="215" T="88012991" />
  <Point X="126" Y="218" T="88013006" />
  <Point X="127" Y="220" T="88013022" />
  <Point X="130" Y="225" T="88013037" />
  <Point X="133" Y="229" T="88013053" />
  <Point X="137" Y="234" T="88013070" />
  <Point X="140" Y="239" T="88013086" />
  <Point X="143" Y="245" T="88013105" />
  <Point X="142" Y="253" T="88013124" />
  <Point X="138" Y="258" T="88013142" />
  <Point X="132" Y="263" T="88013160" />
  <Point X="123" Y="267" T="88013179" />
  <Point X="121" Y="269" T="88013180" />
  <Point X="111" Y="270" T="88013198" />
  <Point X="108" Y="270" T="88013199" />
  <Point X="102" Y="270" T="88013218" />
  <Point X="99" Y="270" T="88013236" />
</Gesture>