﻿<?xml version="1.0" encoding="utf-8" standalone="yes"?>
<Gesture Name="right_sq_bracket01" Subject="3" Speed="fast" Number="1" NumPts="53" Millseconds="597" AppName="Gestures" AppVer="3.5.0.0" Date="Thursday, March 08, 2007" TimeOfDay="2:01:28 PM">
  <Point X="90" Y="130" T="88157434" />
  <Point X="92" Y="129" T="88157454" />
  <Point X="95" Y="128" T="88157466" />
  <Point X="97" Y="127" T="88157475" />
  <Point X="99" Y="127" T="88157483" />
  <Point X="102" Y="127" T="88157491" />
  <Point X="105" Y="126" T="88157499" />
  <Point X="108" Y="125" T="88157507" />
  <Point X="112" Y="125" T="88157515" />
  <Point X="115" Y="124" T="88157523" />
  <Point X="118" Y="124" T="88157531" />
  <Point X="122" Y="123" T="88157539" />
  <Point X="125" Y="122" T="88157547" />
  <Point X="128" Y="121" T="88157555" />
  <Point X="131" Y="122" T="88157564" />
  <Point X="134" Y="122" T="88157572" />
  <Point X="136" Y="122" T="88157580" />
  <Point X="138" Y="123" T="88157588" />
  <Point X="141" Y="123" T="88157600" />
  <Point X="142" Y="126" T="88157616" />
  <Point X="143" Y="128" T="88157625" />
  <Point X="143" Y="131" T="88157636" />
  <Point X="143" Y="135" T="88157646" />
  <Point X="143" Y="140" T="88157655" />
  <Point X="143" Y="142" T="88157656" />
  <Point X="143" Y="148" T="88157667" />
  <Point X="143" Y="151" T="88157668" />
  <Point X="142" Y="159" T="88157680" />
  <Point X="142" Y="162" T="88157681" />
  <Point X="142" Y="173" T="88157694" />
  <Point X="142" Y="187" T="88157705" />
  <Point X="143" Y="198" T="88157717" />
  <Point X="145" Y="211" T="88157728" />
  <Point X="148" Y="221" T="88157740" />
  <Point X="150" Y="229" T="88157753" />
  <Point X="152" Y="238" T="88157765" />
  <Point X="153" Y="240" T="88157777" />
  <Point X="153" Y="244" T="88157790" />
  <Point X="154" Y="246" T="88157803" />
  <Point X="154" Y="249" T="88157816" />
  <Point X="152" Y="247" T="88157864" />
  <Point X="150" Y="246" T="88157881" />
  <Point X="148" Y="246" T="88157895" />
  <Point X="142" Y="248" T="88157908" />
  <Point X="134" Y="248" T="88157922" />
  <Point X="125" Y="249" T="88157937" />
  <Point X="119" Y="249" T="88157952" />
  <Point X="112" Y="248" T="88157967" />
  <Point X="106" Y="248" T="88157982" />
  <Point X="103" Y="249" T="88157997" />
  <Point X="101" Y="249" T="88157998" />
  <Point X="98" Y="249" T="88158015" />
  <Point X="96" Y="251" T="88158031" />
</Gesture>