﻿<?xml version="1.0" encoding="utf-8" standalone="yes"?>
<Gesture Name="right_sq_bracket07" Subject="3" Speed="fast" Number="7" NumPts="56" Millseconds="623" AppName="Gestures" AppVer="3.5.0.0" Date="Thursday, March 08, 2007" TimeOfDay="2:01:35 PM">
  <Point X="114" Y="123" T="88163707" />
  <Point X="116" Y="123" T="88163739" />
  <Point X="118" Y="124" T="88163748" />
  <Point X="120" Y="124" T="88163756" />
  <Point X="123" Y="124" T="88163763" />
  <Point X="125" Y="125" T="88163771" />
  <Point X="129" Y="125" T="88163780" />
  <Point X="132" Y="125" T="88163789" />
  <Point X="135" Y="124" T="88163796" />
  <Point X="138" Y="124" T="88163804" />
  <Point X="141" Y="123" T="88163813" />
  <Point X="144" Y="123" T="88163821" />
  <Point X="147" Y="123" T="88163829" />
  <Point X="151" Y="122" T="88163838" />
  <Point X="153" Y="121" T="88163845" />
  <Point X="156" Y="121" T="88163853" />
  <Point X="158" Y="120" T="88163864" />
  <Point X="160" Y="120" T="88163896" />
  <Point X="160" Y="122" T="88163908" />
  <Point X="160" Y="125" T="88163920" />
  <Point X="159" Y="128" T="88163929" />
  <Point X="159" Y="133" T="88163939" />
  <Point X="157" Y="139" T="88163948" />
  <Point X="156" Y="145" T="88163958" />
  <Point X="156" Y="156" T="88163968" />
  <Point X="155" Y="164" T="88163978" />
  <Point X="155" Y="177" T="88163989" />
  <Point X="156" Y="184" T="88163999" />
  <Point X="157" Y="187" T="88164000" />
  <Point X="158" Y="195" T="88164011" />
  <Point X="158" Y="199" T="88164012" />
  <Point X="160" Y="206" T="88164024" />
  <Point X="160" Y="209" T="88164025" />
  <Point X="162" Y="218" T="88164037" />
  <Point X="164" Y="225" T="88164049" />
  <Point X="164" Y="229" T="88164061" />
  <Point X="165" Y="234" T="88164074" />
  <Point X="165" Y="237" T="88164086" />
  <Point X="165" Y="239" T="88164099" />
  <Point X="165" Y="241" T="88164129" />
  <Point X="163" Y="243" T="88164149" />
  <Point X="160" Y="245" T="88164165" />
  <Point X="158" Y="245" T="88164178" />
  <Point X="156" Y="245" T="88164192" />
  <Point X="151" Y="246" T="88164206" />
  <Point X="148" Y="247" T="88164220" />
  <Point X="139" Y="246" T="88164234" />
  <Point X="131" Y="245" T="88164249" />
  <Point X="127" Y="246" T="88164264" />
  <Point X="123" Y="245" T="88164265" />
  <Point X="120" Y="245" T="88164280" />
  <Point X="116" Y="245" T="88164281" />
  <Point X="113" Y="245" T="88164297" />
  <Point X="111" Y="246" T="88164298" />
  <Point X="109" Y="245" T="88164314" />
  <Point X="106" Y="245" T="88164330" />
</Gesture>