﻿<?xml version="1.0" encoding="utf-8" standalone="yes"?>
<Gesture Name="right_sq_bracket03" Subject="3" Speed="fast" Number="3" NumPts="54" Millseconds="542" AppName="Gestures" AppVer="3.5.0.0" Date="Thursday, March 08, 2007" TimeOfDay="2:01:30 PM">
  <Point X="100" Y="121" T="88159717" />
  <Point X="102" Y="123" T="88159733" />
  <Point X="105" Y="122" T="88159745" />
  <Point X="107" Y="123" T="88159754" />
  <Point X="109" Y="122" T="88159761" />
  <Point X="111" Y="122" T="88159769" />
  <Point X="114" Y="121" T="88159778" />
  <Point X="117" Y="121" T="88159786" />
  <Point X="120" Y="121" T="88159794" />
  <Point X="122" Y="122" T="88159802" />
  <Point X="125" Y="121" T="88159810" />
  <Point X="128" Y="122" T="88159818" />
  <Point X="131" Y="121" T="88159827" />
  <Point X="133" Y="121" T="88159834" />
  <Point X="135" Y="120" T="88159843" />
  <Point X="137" Y="121" T="88159851" />
  <Point X="139" Y="123" T="88159861" />
  <Point X="141" Y="125" T="88159882" />
  <Point X="141" Y="127" T="88159891" />
  <Point X="141" Y="130" T="88159899" />
  <Point X="140" Y="135" T="88159908" />
  <Point X="140" Y="140" T="88159918" />
  <Point X="139" Y="143" T="88159919" />
  <Point X="139" Y="149" T="88159928" />
  <Point X="139" Y="161" T="88159939" />
  <Point X="139" Y="168" T="88159949" />
  <Point X="140" Y="179" T="88159959" />
  <Point X="141" Y="188" T="88159969" />
  <Point X="141" Y="192" T="88159970" />
  <Point X="142" Y="200" T="88159981" />
  <Point X="143" Y="204" T="88159982" />
  <Point X="145" Y="217" T="88159994" />
  <Point X="146" Y="223" T="88160006" />
  <Point X="147" Y="227" T="88160007" />
  <Point X="148" Y="238" T="88160019" />
  <Point X="149" Y="246" T="88160031" />
  <Point X="150" Y="255" T="88160044" />
  <Point X="150" Y="260" T="88160057" />
  <Point X="150" Y="263" T="88160069" />
  <Point X="149" Y="266" T="88160070" />
  <Point X="149" Y="268" T="88160084" />
  <Point X="147" Y="268" T="88160106" />
  <Point X="144" Y="265" T="88160119" />
  <Point X="142" Y="264" T="88160133" />
  <Point X="139" Y="262" T="88160134" />
  <Point X="136" Y="261" T="88160148" />
  <Point X="127" Y="258" T="88160163" />
  <Point X="121" Y="257" T="88160178" />
  <Point X="119" Y="257" T="88160179" />
  <Point X="112" Y="256" T="88160194" />
  <Point X="106" Y="257" T="88160212" />
  <Point X="99" Y="259" T="88160227" />
  <Point X="95" Y="261" T="88160243" />
  <Point X="90" Y="262" T="88160259" />
</Gesture>