﻿<?xml version="1.0" encoding="utf-8" standalone="yes"?>
<Gesture Name="right_sq_bracket04" Subject="3" Speed="fast" Number="4" NumPts="51" Millseconds="517" AppName="Gestures" AppVer="3.5.0.0" Date="Thursday, March 08, 2007" TimeOfDay="2:01:31 PM">
  <Point X="108" Y="121" T="88160768" />
  <Point X="111" Y="121" T="88160784" />
  <Point X="113" Y="120" T="88160796" />
  <Point X="116" Y="120" T="88160809" />
  <Point X="119" Y="121" T="88160818" />
  <Point X="121" Y="120" T="88160826" />
  <Point X="124" Y="119" T="88160834" />
  <Point X="127" Y="120" T="88160842" />
  <Point X="130" Y="119" T="88160850" />
  <Point X="133" Y="118" T="88160858" />
  <Point X="135" Y="117" T="88160866" />
  <Point X="138" Y="117" T="88160874" />
  <Point X="140" Y="117" T="88160886" />
  <Point X="142" Y="118" T="88160902" />
  <Point X="144" Y="120" T="88160921" />
  <Point X="145" Y="122" T="88160929" />
  <Point X="145" Y="125" T="88160937" />
  <Point X="145" Y="128" T="88160946" />
  <Point X="145" Y="133" T="88160954" />
  <Point X="145" Y="138" T="88160963" />
  <Point X="144" Y="143" T="88160972" />
  <Point X="144" Y="147" T="88160973" />
  <Point X="144" Y="155" T="88160983" />
  <Point X="144" Y="162" T="88160993" />
  <Point X="144" Y="166" T="88160994" />
  <Point X="144" Y="175" T="88161004" />
  <Point X="145" Y="189" T="88161014" />
  <Point X="146" Y="201" T="88161026" />
  <Point X="147" Y="207" T="88161036" />
  <Point X="148" Y="211" T="88161037" />
  <Point X="149" Y="218" T="88161049" />
  <Point X="149" Y="221" T="88161050" />
  <Point X="150" Y="230" T="88161061" />
  <Point X="151" Y="232" T="88161073" />
  <Point X="151" Y="236" T="88161074" />
  <Point X="151" Y="240" T="88161086" />
  <Point X="150" Y="245" T="88161098" />
  <Point X="150" Y="248" T="88161111" />
  <Point X="148" Y="249" T="88161141" />
  <Point X="145" Y="248" T="88161154" />
  <Point X="143" Y="246" T="88161167" />
  <Point X="138" Y="243" T="88161181" />
  <Point X="130" Y="242" T="88161194" />
  <Point X="123" Y="243" T="88161208" />
  <Point X="121" Y="243" T="88161209" />
  <Point X="114" Y="245" T="88161224" />
  <Point X="105" Y="246" T="88161239" />
  <Point X="99" Y="248" T="88161254" />
  <Point X="95" Y="249" T="88161269" />
  <Point X="93" Y="248" T="88161270" />
  <Point X="90" Y="249" T="88161285" />
</Gesture>