﻿<?xml version="1.0" encoding="utf-8" standalone="yes"?>
<Gesture Name="right_curly_brace05" Subject="3" Speed="fast" Number="5" NumPts="62" Millseconds="844" AppName="Gestures" AppVer="3.5.0.0" Date="Thursday, March 08, 2007" TimeOfDay="1:58:59 PM">
  <Point X="106" Y="124" T="88007455" />
  <Point X="109" Y="122" T="88007494" />
  <Point X="111" Y="122" T="88007502" />
  <Point X="113" Y="122" T="88007510" />
  <Point X="116" Y="120" T="88007518" />
  <Point X="120" Y="120" T="88007526" />
  <Point X="122" Y="120" T="88007532" />
  <Point X="124" Y="120" T="88007538" />
  <Point X="127" Y="120" T="88007544" />
  <Point X="131" Y="121" T="88007551" />
  <Point X="134" Y="122" T="88007559" />
  <Point X="137" Y="124" T="88007568" />
  <Point X="139" Y="127" T="88007576" />
  <Point X="141" Y="129" T="88007583" />
  <Point X="142" Y="132" T="88007591" />
  <Point X="143" Y="136" T="88007599" />
  <Point X="142" Y="140" T="88007607" />
  <Point X="141" Y="143" T="88007616" />
  <Point X="139" Y="148" T="88007624" />
  <Point X="138" Y="150" T="88007633" />
  <Point X="135" Y="153" T="88007642" />
  <Point X="132" Y="156" T="88007651" />
  <Point X="129" Y="159" T="88007652" />
  <Point X="126" Y="160" T="88007661" />
  <Point X="124" Y="163" T="88007671" />
  <Point X="122" Y="163" T="88007681" />
  <Point X="120" Y="166" T="88007715" />
  <Point X="121" Y="168" T="88007735" />
  <Point X="122" Y="170" T="88007747" />
  <Point X="124" Y="171" T="88007759" />
  <Point X="126" Y="174" T="88007771" />
  <Point X="128" Y="176" T="88007782" />
  <Point X="130" Y="177" T="88007794" />
  <Point X="133" Y="182" T="88007805" />
  <Point X="135" Y="185" T="88007817" />
  <Point X="137" Y="187" T="88007830" />
  <Point X="139" Y="189" T="88007842" />
  <Point X="141" Y="191" T="88007860" />
  <Point X="140" Y="193" T="88007907" />
  <Point X="138" Y="195" T="88007940" />
  <Point X="137" Y="197" T="88007968" />
  <Point X="135" Y="200" T="88007992" />
  <Point X="133" Y="202" T="88008012" />
  <Point X="131" Y="204" T="88008025" />
  <Point X="129" Y="206" T="88008039" />
  <Point X="125" Y="211" T="88008054" />
  <Point X="123" Y="213" T="88008068" />
  <Point X="122" Y="216" T="88008084" />
  <Point X="122" Y="218" T="88008100" />
  <Point X="122" Y="220" T="88008116" />
  <Point X="126" Y="224" T="88008132" />
  <Point X="131" Y="232" T="88008148" />
  <Point X="135" Y="236" T="88008164" />
  <Point X="138" Y="239" T="88008180" />
  <Point X="139" Y="243" T="88008196" />
  <Point X="139" Y="248" T="88008213" />
  <Point X="136" Y="253" T="88008229" />
  <Point X="132" Y="257" T="88008246" />
  <Point X="127" Y="260" T="88008263" />
  <Point X="124" Y="260" T="88008264" />
  <Point X="118" Y="263" T="88008282" />
  <Point X="110" Y="262" T="88008299" />
</Gesture>