﻿<?xml version="1.0" encoding="utf-8" standalone="yes"?>
<Gesture Name="right_sq_bracket10" Subject="3" Speed="fast" Number="10" NumPts="47" Millseconds="491" AppName="Gestures" AppVer="3.5.0.0" Date="Thursday, March 08, 2007" TimeOfDay="2:01:37 PM">
  <Point X="123" Y="128" T="88166817" />
  <Point X="126" Y="127" T="88166826" />
  <Point X="129" Y="127" T="88166834" />
  <Point X="132" Y="126" T="88166841" />
  <Point X="135" Y="125" T="88166850" />
  <Point X="138" Y="125" T="88166858" />
  <Point X="141" Y="124" T="88166867" />
  <Point X="144" Y="121" T="88166875" />
  <Point X="146" Y="122" T="88166883" />
  <Point X="148" Y="122" T="88166891" />
  <Point X="151" Y="120" T="88166903" />
  <Point X="153" Y="120" T="88166914" />
  <Point X="155" Y="121" T="88166926" />
  <Point X="157" Y="124" T="88166938" />
  <Point X="158" Y="127" T="88166950" />
  <Point X="158" Y="131" T="88166959" />
  <Point X="159" Y="137" T="88166968" />
  <Point X="159" Y="142" T="88166977" />
  <Point X="159" Y="144" T="88166978" />
  <Point X="159" Y="150" T="88166988" />
  <Point X="158" Y="161" T="88166999" />
  <Point X="158" Y="168" T="88167009" />
  <Point X="158" Y="181" T="88167019" />
  <Point X="158" Y="188" T="88167029" />
  <Point X="159" Y="199" T="88167039" />
  <Point X="159" Y="206" T="88167049" />
  <Point X="159" Y="209" T="88167050" />
  <Point X="160" Y="216" T="88167061" />
  <Point X="160" Y="221" T="88167072" />
  <Point X="161" Y="228" T="88167083" />
  <Point X="161" Y="233" T="88167093" />
  <Point X="161" Y="235" T="88167095" />
  <Point X="161" Y="238" T="88167106" />
  <Point X="161" Y="240" T="88167117" />
  <Point X="161" Y="242" T="88167129" />
  <Point X="159" Y="243" T="88167174" />
  <Point X="157" Y="243" T="88167187" />
  <Point X="154" Y="243" T="88167199" />
  <Point X="152" Y="243" T="88167212" />
  <Point X="147" Y="242" T="88167225" />
  <Point X="144" Y="241" T="88167238" />
  <Point X="135" Y="241" T="88167252" />
  <Point X="130" Y="241" T="88167265" />
  <Point X="126" Y="241" T="88167279" />
  <Point X="123" Y="240" T="88167280" />
  <Point X="121" Y="241" T="88167294" />
  <Point X="117" Y="241" T="88167308" />
</Gesture>