﻿<?xml version="1.0" encoding="utf-8" standalone="yes"?>
<Gesture Name="right_sq_bracket06" Subject="3" Speed="fast" Number="6" NumPts="53" Millseconds="575" AppName="Gestures" AppVer="3.5.0.0" Date="Thursday, March 08, 2007" TimeOfDay="2:01:34 PM">
  <Point X="115" Y="126" T="88162750" />
  <Point X="117" Y="125" T="88162763" />
  <Point X="119" Y="125" T="88162774" />
  <Point X="121" Y="125" T="88162783" />
  <Point X="123" Y="126" T="88162791" />
  <Point X="126" Y="125" T="88162798" />
  <Point X="128" Y="125" T="88162806" />
  <Point X="132" Y="125" T="88162814" />
  <Point X="135" Y="124" T="88162822" />
  <Point X="139" Y="123" T="88162830" />
  <Point X="141" Y="123" T="88162837" />
  <Point X="145" Y="122" T="88162844" />
  <Point X="148" Y="122" T="88162851" />
  <Point X="152" Y="123" T="88162859" />
  <Point X="155" Y="122" T="88162867" />
  <Point X="157" Y="121" T="88162875" />
  <Point X="159" Y="122" T="88162883" />
  <Point X="161" Y="122" T="88162894" />
  <Point X="163" Y="123" T="88162914" />
  <Point X="163" Y="125" T="88162927" />
  <Point X="163" Y="127" T="88162936" />
  <Point X="162" Y="130" T="88162945" />
  <Point X="161" Y="133" T="88162954" />
  <Point X="160" Y="138" T="88162964" />
  <Point X="159" Y="141" T="88162974" />
  <Point X="158" Y="145" T="88162975" />
  <Point X="157" Y="151" T="88162986" />
  <Point X="156" Y="161" T="88162996" />
  <Point X="155" Y="173" T="88163007" />
  <Point X="156" Y="181" T="88163018" />
  <Point X="156" Y="185" T="88163019" />
  <Point X="158" Y="195" T="88163031" />
  <Point X="159" Y="205" T="88163043" />
  <Point X="161" Y="213" T="88163055" />
  <Point X="163" Y="221" T="88163067" />
  <Point X="164" Y="226" T="88163080" />
  <Point X="165" Y="231" T="88163092" />
  <Point X="165" Y="233" T="88163104" />
  <Point X="165" Y="237" T="88163117" />
  <Point X="165" Y="240" T="88163130" />
  <Point X="165" Y="242" T="88163143" />
  <Point X="163" Y="244" T="88163171" />
  <Point X="158" Y="245" T="88163203" />
  <Point X="156" Y="246" T="88163217" />
  <Point X="151" Y="247" T="88163231" />
  <Point X="145" Y="249" T="88163245" />
  <Point X="139" Y="252" T="88163260" />
  <Point X="136" Y="252" T="88163274" />
  <Point X="132" Y="253" T="88163275" />
  <Point X="129" Y="254" T="88163290" />
  <Point X="126" Y="255" T="88163291" />
  <Point X="123" Y="255" T="88163310" />
  <Point X="121" Y="256" T="88163325" />
</Gesture>