﻿<?xml version="1.0" encoding="utf-8" standalone="yes"?>
<Gesture Name="right_curly_brace08" Subject="3" Speed="fast" Number="8" NumPts="60" Millseconds="719" AppName="Gestures" AppVer="3.5.0.0" Date="Thursday, March 08, 2007" TimeOfDay="1:59:02 PM">
  <Point X="103" Y="125" T="88011316" />
  <Point X="105" Y="125" T="88011324" />
  <Point X="108" Y="125" T="88011332" />
  <Point X="111" Y="125" T="88011340" />
  <Point X="114" Y="126" T="88011348" />
  <Point X="118" Y="126" T="88011356" />
  <Point X="120" Y="125" T="88011362" />
  <Point X="122" Y="125" T="88011368" />
  <Point X="125" Y="125" T="88011374" />
  <Point X="128" Y="127" T="88011381" />
  <Point X="131" Y="129" T="88011389" />
  <Point X="133" Y="131" T="88011397" />
  <Point X="135" Y="134" T="88011405" />
  <Point X="136" Y="136" T="88011413" />
  <Point X="136" Y="138" T="88011414" />
  <Point X="136" Y="142" T="88011422" />
  <Point X="135" Y="148" T="88011430" />
  <Point X="133" Y="152" T="88011438" />
  <Point X="131" Y="158" T="88011447" />
  <Point X="128" Y="162" T="88011456" />
  <Point X="125" Y="165" T="88011464" />
  <Point X="124" Y="167" T="88011465" />
  <Point X="121" Y="170" T="88011475" />
  <Point X="119" Y="173" T="88011484" />
  <Point X="117" Y="176" T="88011494" />
  <Point X="115" Y="178" T="88011506" />
  <Point X="115" Y="182" T="88011516" />
  <Point X="115" Y="184" T="88011526" />
  <Point X="117" Y="186" T="88011537" />
  <Point X="119" Y="188" T="88011548" />
  <Point X="123" Y="193" T="88011559" />
  <Point X="126" Y="195" T="88011570" />
  <Point X="131" Y="199" T="88011581" />
  <Point X="132" Y="201" T="88011593" />
  <Point X="134" Y="203" T="88011605" />
  <Point X="135" Y="207" T="88011622" />
  <Point X="136" Y="209" T="88011634" />
  <Point X="135" Y="211" T="88011650" />
  <Point X="133" Y="212" T="88011670" />
  <Point X="131" Y="213" T="88011687" />
  <Point X="128" Y="214" T="88011703" />
  <Point X="126" Y="214" T="88011718" />
  <Point X="124" Y="217" T="88011743" />
  <Point X="123" Y="219" T="88011794" />
  <Point X="123" Y="221" T="88011808" />
  <Point X="125" Y="223" T="88011823" />
  <Point X="127" Y="226" T="88011842" />
  <Point X="128" Y="229" T="88011857" />
  <Point X="131" Y="234" T="88011871" />
  <Point X="132" Y="240" T="88011887" />
  <Point X="132" Y="242" T="88011902" />
  <Point X="132" Y="245" T="88011903" />
  <Point X="131" Y="250" T="88011918" />
  <Point X="128" Y="255" T="88011934" />
  <Point X="126" Y="258" T="88011950" />
  <Point X="122" Y="263" T="88011967" />
  <Point X="113" Y="266" T="88011983" />
  <Point X="103" Y="270" T="88012001" />
  <Point X="92" Y="273" T="88012018" />
  <Point X="87" Y="273" T="88012035" />
</Gesture>