﻿<?xml version="1.0" encoding="utf-8" standalone="yes"?>
<Gesture Name="star10" Subject="3" Speed="fast" Number="10" NumPts="75" Millseconds="974" AppName="Gestures" AppVer="3.5.0.0" Date="Thursday, March 08, 2007" TimeOfDay="1:57:45 PM">
  <Point X="81" Y="248" T="87933544" />
  <Point X="81" Y="246" T="87933613" />
  <Point X="81" Y="244" T="87933622" />
  <Point X="82" Y="241" T="87933630" />
  <Point X="83" Y="238" T="87933638" />
  <Point X="83" Y="236" T="87933644" />
  <Point X="85" Y="231" T="87933651" />
  <Point X="86" Y="228" T="87933657" />
  <Point X="88" Y="225" T="87933658" />
  <Point X="89" Y="223" T="87933665" />
  <Point X="91" Y="219" T="87933666" />
  <Point X="92" Y="215" T="87933673" />
  <Point X="94" Y="210" T="87933674" />
  <Point X="97" Y="202" T="87933682" />
  <Point X="99" Y="198" T="87933690" />
  <Point X="100" Y="194" T="87933691" />
  <Point X="103" Y="185" T="87933699" />
  <Point X="106" Y="175" T="87933707" />
  <Point X="110" Y="165" T="87933716" />
  <Point X="113" Y="156" T="87933725" />
  <Point X="116" Y="146" T="87933734" />
  <Point X="118" Y="140" T="87933744" />
  <Point X="119" Y="137" T="87933753" />
  <Point X="120" Y="135" T="87933762" />
  <Point X="121" Y="137" T="87933803" />
  <Point X="122" Y="140" T="87933813" />
  <Point X="124" Y="142" T="87933823" />
  <Point X="128" Y="148" T="87933834" />
  <Point X="132" Y="156" T="87933845" />
  <Point X="135" Y="168" T="87933856" />
  <Point X="139" Y="184" T="87933868" />
  <Point X="142" Y="200" T="87933880" />
  <Point X="144" Y="215" T="87933891" />
  <Point X="147" Y="226" T="87933903" />
  <Point X="148" Y="233" T="87933916" />
  <Point X="149" Y="237" T="87933928" />
  <Point X="152" Y="242" T="87933941" />
  <Point X="153" Y="245" T="87933953" />
  <Point X="155" Y="245" T="87933966" />
  <Point X="156" Y="242" T="87934008" />
  <Point X="154" Y="239" T="87934021" />
  <Point X="152" Y="236" T="87934035" />
  <Point X="144" Y="226" T="87934049" />
  <Point X="136" Y="221" T="87934063" />
  <Point X="133" Y="219" T="87934064" />
  <Point X="123" Y="214" T="87934079" />
  <Point X="119" Y="212" T="87934080" />
  <Point X="108" Y="206" T="87934095" />
  <Point X="104" Y="204" T="87934096" />
  <Point X="89" Y="197" T="87934112" />
  <Point X="76" Y="189" T="87934128" />
  <Point X="65" Y="182" T="87934144" />
  <Point X="60" Y="178" T="87934160" />
  <Point X="56" Y="175" T="87934178" />
  <Point X="59" Y="173" T="87934209" />
  <Point X="70" Y="170" T="87934227" />
  <Point X="87" Y="169" T="87934244" />
  <Point X="91" Y="169" T="87934245" />
  <Point X="110" Y="167" T="87934263" />
  <Point X="129" Y="168" T="87934282" />
  <Point X="142" Y="166" T="87934301" />
  <Point X="145" Y="167" T="87934302" />
  <Point X="153" Y="166" T="87934320" />
  <Point X="156" Y="166" T="87934321" />
  <Point X="159" Y="166" T="87934340" />
  <Point X="162" Y="166" T="87934358" />
  <Point X="162" Y="168" T="87934377" />
  <Point X="157" Y="174" T="87934396" />
  <Point X="144" Y="185" T="87934416" />
  <Point X="141" Y="187" T="87934417" />
  <Point X="125" Y="204" T="87934438" />
  <Point X="113" Y="217" T="87934459" />
  <Point X="106" Y="224" T="87934478" />
  <Point X="102" Y="229" T="87934498" />
  <Point X="101" Y="231" T="87934518" />
</Gesture>