﻿<?xml version="1.0" encoding="utf-8" standalone="yes"?>
<Gesture Name="star01" Subject="3" Speed="fast" Number="1" NumPts="78" Millseconds="1065" AppName="Gestures" AppVer="3.5.0.0" Date="Thursday, March 08, 2007" TimeOfDay="1:57:31 PM">
  <Point X="59" Y="244" T="87919650" />
  <Point X="60" Y="241" T="87919714" />
  <Point X="61" Y="239" T="87919726" />
  <Point X="62" Y="236" T="87919739" />
  <Point X="63" Y="233" T="87919744" />
  <Point X="64" Y="231" T="87919750" />
  <Point X="64" Y="228" T="87919751" />
  <Point X="66" Y="225" T="87919759" />
  <Point X="67" Y="223" T="87919765" />
  <Point X="69" Y="217" T="87919772" />
  <Point X="70" Y="213" T="87919779" />
  <Point X="71" Y="210" T="87919780" />
  <Point X="73" Y="203" T="87919787" />
  <Point X="74" Y="199" T="87919794" />
  <Point X="75" Y="196" T="87919796" />
  <Point X="77" Y="188" T="87919804" />
  <Point X="79" Y="181" T="87919812" />
  <Point X="80" Y="175" T="87919820" />
  <Point X="82" Y="168" T="87919829" />
  <Point X="83" Y="161" T="87919838" />
  <Point X="84" Y="155" T="87919847" />
  <Point X="85" Y="153" T="87919848" />
  <Point X="86" Y="149" T="87919857" />
  <Point X="87" Y="145" T="87919866" />
  <Point X="88" Y="142" T="87919876" />
  <Point X="89" Y="138" T="87919886" />
  <Point X="90" Y="136" T="87919896" />
  <Point X="91" Y="133" T="87919906" />
  <Point X="93" Y="132" T="87919919" />
  <Point X="96" Y="131" T="87919935" />
  <Point X="98" Y="132" T="87919947" />
  <Point X="100" Y="134" T="87919958" />
  <Point X="103" Y="140" T="87919970" />
  <Point X="106" Y="149" T="87919982" />
  <Point X="110" Y="163" T="87919994" />
  <Point X="111" Y="167" T="87919995" />
  <Point X="116" Y="180" T="87920008" />
  <Point X="121" Y="194" T="87920021" />
  <Point X="126" Y="206" T="87920034" />
  <Point X="130" Y="215" T="87920046" />
  <Point X="131" Y="217" T="87920048" />
  <Point X="134" Y="223" T="87920061" />
  <Point X="136" Y="226" T="87920074" />
  <Point X="138" Y="231" T="87920088" />
  <Point X="139" Y="233" T="87920102" />
  <Point X="140" Y="235" T="87920116" />
  <Point X="138" Y="235" T="87920166" />
  <Point X="135" Y="234" T="87920180" />
  <Point X="126" Y="227" T="87920195" />
  <Point X="116" Y="219" T="87920211" />
  <Point X="105" Y="209" T="87920227" />
  <Point X="93" Y="198" T="87920243" />
  <Point X="80" Y="187" T="87920259" />
  <Point X="68" Y="180" T="87920275" />
  <Point X="58" Y="174" T="87920292" />
  <Point X="50" Y="171" T="87920309" />
  <Point X="44" Y="169" T="87920325" />
  <Point X="41" Y="169" T="87920326" />
  <Point X="39" Y="168" T="87920343" />
  <Point X="41" Y="167" T="87920382" />
  <Point X="51" Y="166" T="87920400" />
  <Point X="67" Y="166" T="87920417" />
  <Point X="71" Y="166" T="87920418" />
  <Point X="91" Y="167" T="87920437" />
  <Point X="114" Y="168" T="87920456" />
  <Point X="131" Y="166" T="87920475" />
  <Point X="143" Y="164" T="87920494" />
  <Point X="149" Y="164" T="87920513" />
  <Point X="151" Y="164" T="87920532" />
  <Point X="149" Y="170" T="87920551" />
  <Point X="141" Y="178" T="87920570" />
  <Point X="128" Y="190" T="87920591" />
  <Point X="112" Y="204" T="87920612" />
  <Point X="96" Y="218" T="87920633" />
  <Point X="85" Y="228" T="87920653" />
  <Point X="83" Y="230" T="87920654" />
  <Point X="80" Y="235" T="87920675" />
  <Point X="82" Y="235" T="87920715" />
</Gesture>