﻿<?xml version="1.0" encoding="utf-8" standalone="yes"?>
<Gesture Name="star08" Subject="3" Speed="fast" Number="8" NumPts="71" Millseconds="996" AppName="Gestures" AppVer="3.5.0.0" Date="Thursday, March 08, 2007" TimeOfDay="1:57:42 PM">
  <Point X="74" Y="248" T="87930195" />
  <Point X="75" Y="246" T="87930243" />
  <Point X="77" Y="243" T="87930260" />
  <Point X="78" Y="241" T="87930265" />
  <Point X="78" Y="239" T="87930271" />
  <Point X="80" Y="235" T="87930277" />
  <Point X="83" Y="231" T="87930284" />
  <Point X="84" Y="228" T="87930290" />
  <Point X="87" Y="221" T="87930297" />
  <Point X="89" Y="218" T="87930303" />
  <Point X="91" Y="214" T="87930304" />
  <Point X="92" Y="209" T="87930312" />
  <Point X="94" Y="205" T="87930313" />
  <Point X="98" Y="196" T="87930320" />
  <Point X="101" Y="191" T="87930328" />
  <Point X="103" Y="186" T="87930329" />
  <Point X="107" Y="177" T="87930337" />
  <Point X="111" Y="168" T="87930345" />
  <Point X="115" Y="160" T="87930354" />
  <Point X="118" Y="153" T="87930363" />
  <Point X="119" Y="149" T="87930364" />
  <Point X="121" Y="145" T="87930373" />
  <Point X="122" Y="143" T="87930383" />
  <Point X="123" Y="140" T="87930392" />
  <Point X="125" Y="142" T="87930437" />
  <Point X="126" Y="145" T="87930447" />
  <Point X="127" Y="148" T="87930457" />
  <Point X="129" Y="154" T="87930468" />
  <Point X="131" Y="164" T="87930479" />
  <Point X="134" Y="178" T="87930490" />
  <Point X="138" Y="192" T="87930502" />
  <Point X="142" Y="206" T="87930513" />
  <Point X="145" Y="218" T="87930525" />
  <Point X="147" Y="227" T="87930538" />
  <Point X="148" Y="231" T="87930550" />
  <Point X="149" Y="237" T="87930562" />
  <Point X="149" Y="240" T="87930574" />
  <Point X="150" Y="242" T="87930592" />
  <Point X="148" Y="240" T="87930638" />
  <Point X="143" Y="237" T="87930651" />
  <Point X="137" Y="233" T="87930665" />
  <Point X="126" Y="226" T="87930679" />
  <Point X="117" Y="218" T="87930693" />
  <Point X="114" Y="215" T="87930694" />
  <Point X="105" Y="206" T="87930709" />
  <Point X="93" Y="196" T="87930723" />
  <Point X="84" Y="186" T="87930739" />
  <Point X="78" Y="178" T="87930754" />
  <Point X="74" Y="172" T="87930769" />
  <Point X="69" Y="169" T="87930784" />
  <Point X="67" Y="167" T="87930799" />
  <Point X="65" Y="166" T="87930815" />
  <Point X="68" Y="167" T="87930837" />
  <Point X="79" Y="167" T="87930854" />
  <Point X="94" Y="169" T="87930870" />
  <Point X="113" Y="171" T="87930887" />
  <Point X="131" Y="172" T="87930904" />
  <Point X="148" Y="169" T="87930922" />
  <Point X="160" Y="166" T="87930940" />
  <Point X="168" Y="165" T="87930957" />
  <Point X="172" Y="165" T="87930975" />
  <Point X="174" Y="168" T="87930993" />
  <Point X="169" Y="174" T="87931011" />
  <Point X="156" Y="185" T="87931030" />
  <Point X="139" Y="200" T="87931050" />
  <Point X="121" Y="217" T="87931070" />
  <Point X="106" Y="231" T="87931089" />
  <Point X="96" Y="240" T="87931109" />
  <Point X="95" Y="242" T="87931110" />
  <Point X="90" Y="247" T="87931129" />
  <Point X="92" Y="245" T="87931191" />
</Gesture>