﻿<?xml version="1.0" encoding="utf-8" standalone="yes"?>
<Gesture Name="star03" Subject="3" Speed="fast" Number="3" NumPts="72" Millseconds="1029" AppName="Gestures" AppVer="3.5.0.0" Date="Thursday, March 08, 2007" TimeOfDay="1:57:34 PM">
  <Point X="67" Y="257" T="87922810" />
  <Point X="67" Y="254" T="87922845" />
  <Point X="69" Y="252" T="87922861" />
  <Point X="69" Y="249" T="87922870" />
  <Point X="70" Y="246" T="87922877" />
  <Point X="71" Y="242" T="87922886" />
  <Point X="72" Y="240" T="87922892" />
  <Point X="73" Y="237" T="87922898" />
  <Point X="74" Y="234" T="87922899" />
  <Point X="75" Y="230" T="87922905" />
  <Point X="76" Y="227" T="87922907" />
  <Point X="77" Y="223" T="87922914" />
  <Point X="79" Y="220" T="87922915" />
  <Point X="81" Y="211" T="87922922" />
  <Point X="83" Y="206" T="87922930" />
  <Point X="84" Y="203" T="87922931" />
  <Point X="88" Y="193" T="87922939" />
  <Point X="91" Y="184" T="87922948" />
  <Point X="94" Y="175" T="87922957" />
  <Point X="98" Y="166" T="87922965" />
  <Point X="100" Y="162" T="87922966" />
  <Point X="103" Y="155" T="87922975" />
  <Point X="106" Y="148" T="87922985" />
  <Point X="107" Y="144" T="87922995" />
  <Point X="109" Y="140" T="87923005" />
  <Point X="110" Y="138" T="87923014" />
  <Point X="110" Y="136" T="87923033" />
  <Point X="111" Y="138" T="87923065" />
  <Point X="112" Y="140" T="87923076" />
  <Point X="114" Y="148" T="87923086" />
  <Point X="117" Y="157" T="87923098" />
  <Point X="121" Y="171" T="87923109" />
  <Point X="125" Y="187" T="87923121" />
  <Point X="129" Y="203" T="87923134" />
  <Point X="131" Y="217" T="87923146" />
  <Point X="133" Y="227" T="87923158" />
  <Point X="135" Y="233" T="87923171" />
  <Point X="136" Y="238" T="87923183" />
  <Point X="139" Y="243" T="87923196" />
  <Point X="141" Y="246" T="87923209" />
  <Point X="143" Y="247" T="87923222" />
  <Point X="145" Y="248" T="87923235" />
  <Point X="142" Y="247" T="87923290" />
  <Point X="139" Y="245" T="87923304" />
  <Point X="131" Y="240" T="87923318" />
  <Point X="124" Y="238" T="87923333" />
  <Point X="113" Y="232" T="87923348" />
  <Point X="101" Y="223" T="87923363" />
  <Point X="89" Y="212" T="87923379" />
  <Point X="77" Y="200" T="87923396" />
  <Point X="67" Y="190" T="87923413" />
  <Point X="60" Y="183" T="87923428" />
  <Point X="55" Y="180" T="87923444" />
  <Point X="53" Y="179" T="87923460" />
  <Point X="57" Y="178" T="87923502" />
  <Point X="69" Y="179" T="87923519" />
  <Point X="86" Y="181" T="87923536" />
  <Point X="104" Y="180" T="87923553" />
  <Point X="108" Y="180" T="87923555" />
  <Point X="124" Y="177" T="87923572" />
  <Point X="140" Y="174" T="87923590" />
  <Point X="150" Y="172" T="87923611" />
  <Point X="155" Y="173" T="87923629" />
  <Point X="155" Y="176" T="87923658" />
  <Point X="149" Y="185" T="87923676" />
  <Point X="138" Y="198" T="87923695" />
  <Point X="125" Y="212" T="87923715" />
  <Point X="111" Y="227" T="87923735" />
  <Point X="98" Y="240" T="87923755" />
  <Point X="91" Y="247" T="87923777" />
  <Point X="89" Y="249" T="87923796" />
  <Point X="92" Y="247" T="87923839" />
</Gesture>