﻿<?xml version="1.0" encoding="utf-8" standalone="yes"?>
<Gesture Name="star09" Subject="3" Speed="fast" Number="9" NumPts="77" Millseconds="988" AppName="Gestures" AppVer="3.5.0.0" Date="Thursday, March 08, 2007" TimeOfDay="1:57:43 PM">
  <Point X="77" Y="257" T="87931670" />
  <Point X="77" Y="255" T="87931707" />
  <Point X="78" Y="252" T="87931719" />
  <Point X="79" Y="250" T="87931728" />
  <Point X="79" Y="248" T="87931733" />
  <Point X="81" Y="243" T="87931740" />
  <Point X="82" Y="240" T="87931746" />
  <Point X="84" Y="236" T="87931752" />
  <Point X="85" Y="232" T="87931759" />
  <Point X="88" Y="225" T="87931765" />
  <Point X="91" Y="218" T="87931772" />
  <Point X="93" Y="213" T="87931779" />
  <Point X="95" Y="208" T="87931780" />
  <Point X="97" Y="203" T="87931788" />
  <Point X="99" Y="198" T="87931789" />
  <Point X="103" Y="187" T="87931797" />
  <Point X="107" Y="176" T="87931805" />
  <Point X="110" Y="166" T="87931813" />
  <Point X="113" Y="158" T="87931822" />
  <Point X="116" Y="151" T="87931831" />
  <Point X="118" Y="143" T="87931840" />
  <Point X="119" Y="141" T="87931849" />
  <Point X="120" Y="139" T="87931884" />
  <Point X="121" Y="141" T="87931900" />
  <Point X="122" Y="144" T="87931910" />
  <Point X="123" Y="148" T="87931920" />
  <Point X="124" Y="150" T="87931921" />
  <Point X="126" Y="157" T="87931931" />
  <Point X="127" Y="161" T="87931932" />
  <Point X="130" Y="168" T="87931943" />
  <Point X="131" Y="173" T="87931944" />
  <Point X="134" Y="183" T="87931956" />
  <Point X="136" Y="188" T="87931957" />
  <Point X="141" Y="204" T="87931969" />
  <Point X="146" Y="216" T="87931981" />
  <Point X="151" Y="224" T="87931994" />
  <Point X="153" Y="230" T="87932007" />
  <Point X="155" Y="233" T="87932019" />
  <Point X="156" Y="235" T="87932031" />
  <Point X="159" Y="240" T="87932045" />
  <Point X="156" Y="240" T="87932101" />
  <Point X="150" Y="241" T="87932115" />
  <Point X="142" Y="239" T="87932129" />
  <Point X="139" Y="238" T="87932130" />
  <Point X="130" Y="233" T="87932144" />
  <Point X="127" Y="231" T="87932145" />
  <Point X="117" Y="223" T="87932161" />
  <Point X="114" Y="221" T="87932162" />
  <Point X="103" Y="206" T="87932178" />
  <Point X="92" Y="191" T="87932193" />
  <Point X="83" Y="179" T="87932212" />
  <Point X="76" Y="169" T="87932228" />
  <Point X="71" Y="165" T="87932244" />
  <Point X="67" Y="161" T="87932260" />
  <Point X="69" Y="160" T="87932297" />
  <Point X="81" Y="160" T="87932314" />
  <Point X="97" Y="161" T="87932331" />
  <Point X="116" Y="163" T="87932348" />
  <Point X="120" Y="163" T="87932349" />
  <Point X="137" Y="163" T="87932367" />
  <Point X="150" Y="162" T="87932385" />
  <Point X="152" Y="162" T="87932386" />
  <Point X="159" Y="162" T="87932404" />
  <Point X="162" Y="161" T="87932405" />
  <Point X="164" Y="161" T="87932423" />
  <Point X="164" Y="164" T="87932453" />
  <Point X="157" Y="169" T="87932472" />
  <Point X="141" Y="180" T="87932492" />
  <Point X="121" Y="197" T="87932512" />
  <Point X="102" Y="214" T="87932532" />
  <Point X="99" Y="218" T="87932533" />
  <Point X="88" Y="232" T="87932554" />
  <Point X="83" Y="239" T="87932575" />
  <Point X="81" Y="242" T="87932595" />
  <Point X="80" Y="244" T="87932615" />
  <Point X="80" Y="241" T="87932635" />
  <Point X="84" Y="237" T="87932658" />
</Gesture>