﻿<?xml version="1.0" encoding="utf-8" standalone="yes"?>
<Gesture Name="star06" Subject="3" Speed="fast" Number="6" NumPts="75" Millseconds="999" AppName="Gestures" AppVer="3.5.0.0" Date="Thursday, March 08, 2007" TimeOfDay="1:57:39 PM">
  <Point X="73" Y="253" T="87927334" />
  <Point X="73" Y="251" T="87927367" />
  <Point X="73" Y="249" T="87927387" />
  <Point X="73" Y="247" T="87927399" />
  <Point X="74" Y="245" T="87927408" />
  <Point X="75" Y="243" T="87927414" />
  <Point X="76" Y="240" T="87927419" />
  <Point X="77" Y="238" T="87927421" />
  <Point X="78" Y="236" T="87927427" />
  <Point X="81" Y="230" T="87927434" />
  <Point X="84" Y="224" T="87927441" />
  <Point X="86" Y="221" T="87927447" />
  <Point X="88" Y="218" T="87927448" />
  <Point X="92" Y="210" T="87927456" />
  <Point X="94" Y="206" T="87927464" />
  <Point X="96" Y="201" T="87927465" />
  <Point X="101" Y="191" T="87927473" />
  <Point X="105" Y="181" T="87927482" />
  <Point X="108" Y="172" T="87927491" />
  <Point X="113" Y="162" T="87927499" />
  <Point X="115" Y="157" T="87927500" />
  <Point X="118" Y="149" T="87927510" />
  <Point X="121" Y="142" T="87927519" />
  <Point X="123" Y="140" T="87927520" />
  <Point X="124" Y="137" T="87927530" />
  <Point X="127" Y="130" T="87927540" />
  <Point X="128" Y="127" T="87927550" />
  <Point X="129" Y="125" T="87927561" />
  <Point X="129" Y="123" T="87927571" />
  <Point X="130" Y="126" T="87927596" />
  <Point X="131" Y="128" T="87927607" />
  <Point X="133" Y="134" T="87927619" />
  <Point X="134" Y="144" T="87927631" />
  <Point X="136" Y="157" T="87927643" />
  <Point X="137" Y="173" T="87927655" />
  <Point X="139" Y="190" T="87927667" />
  <Point X="140" Y="195" T="87927669" />
  <Point X="142" Y="210" T="87927681" />
  <Point X="144" Y="222" T="87927695" />
  <Point X="146" Y="233" T="87927708" />
  <Point X="147" Y="237" T="87927721" />
  <Point X="149" Y="243" T="87927735" />
  <Point X="150" Y="245" T="87927748" />
  <Point X="151" Y="247" T="87927764" />
  <Point X="148" Y="245" T="87927808" />
  <Point X="146" Y="243" T="87927822" />
  <Point X="136" Y="235" T="87927838" />
  <Point X="125" Y="225" T="87927853" />
  <Point X="112" Y="215" T="87927869" />
  <Point X="99" Y="203" T="87927884" />
  <Point X="87" Y="191" T="87927900" />
  <Point X="78" Y="181" T="87927917" />
  <Point X="73" Y="176" T="87927933" />
  <Point X="69" Y="172" T="87927949" />
  <Point X="67" Y="170" T="87927965" />
  <Point X="65" Y="169" T="87927984" />
  <Point X="68" Y="169" T="87928016" />
  <Point X="80" Y="168" T="87928033" />
  <Point X="97" Y="168" T="87928051" />
  <Point X="121" Y="168" T="87928069" />
  <Point X="139" Y="166" T="87928087" />
  <Point X="156" Y="163" T="87928105" />
  <Point X="167" Y="161" T="87928124" />
  <Point X="169" Y="161" T="87928125" />
  <Point X="171" Y="160" T="87928143" />
  <Point X="173" Y="160" T="87928161" />
  <Point X="170" Y="166" T="87928180" />
  <Point X="160" Y="177" T="87928199" />
  <Point X="157" Y="179" T="87928200" />
  <Point X="141" Y="194" T="87928221" />
  <Point X="123" Y="209" T="87928242" />
  <Point X="108" Y="222" T="87928263" />
  <Point X="101" Y="230" T="87928283" />
  <Point X="97" Y="235" T="87928303" />
  <Point X="95" Y="237" T="87928333" />
</Gesture>