﻿<?xml version="1.0" encoding="utf-8" standalone="yes"?>
<Gesture Name="star02" Subject="3" Speed="fast" Number="2" NumPts="74" Millseconds="970" AppName="Gestures" AppVer="3.5.0.0" Date="Thursday, March 08, 2007" TimeOfDay="1:57:33 PM">
  <Point X="65" Y="245" T="87921314" />
  <Point X="67" Y="242" T="87921367" />
  <Point X="68" Y="240" T="87921379" />
  <Point X="69" Y="238" T="87921384" />
  <Point X="70" Y="234" T="87921391" />
  <Point X="71" Y="231" T="87921397" />
  <Point X="72" Y="229" T="87921402" />
  <Point X="73" Y="226" T="87921404" />
  <Point X="75" Y="224" T="87921410" />
  <Point X="77" Y="217" T="87921416" />
  <Point X="80" Y="209" T="87921423" />
  <Point X="82" Y="205" T="87921430" />
  <Point X="83" Y="202" T="87921431" />
  <Point X="84" Y="197" T="87921439" />
  <Point X="86" Y="193" T="87921440" />
  <Point X="88" Y="184" T="87921448" />
  <Point X="91" Y="175" T="87921456" />
  <Point X="93" Y="167" T="87921464" />
  <Point X="95" Y="160" T="87921473" />
  <Point X="97" Y="154" T="87921482" />
  <Point X="99" Y="148" T="87921491" />
  <Point X="99" Y="146" T="87921492" />
  <Point X="101" Y="141" T="87921501" />
  <Point X="102" Y="138" T="87921511" />
  <Point X="103" Y="135" T="87921523" />
  <Point X="104" Y="133" T="87921533" />
  <Point X="106" Y="131" T="87921555" />
  <Point X="108" Y="129" T="87921565" />
  <Point X="110" Y="132" T="87921576" />
  <Point X="112" Y="135" T="87921587" />
  <Point X="114" Y="142" T="87921598" />
  <Point X="115" Y="145" T="87921599" />
  <Point X="119" Y="159" T="87921611" />
  <Point X="123" Y="176" T="87921623" />
  <Point X="127" Y="193" T="87921635" />
  <Point X="130" Y="208" T="87921648" />
  <Point X="132" Y="219" T="87921660" />
  <Point X="133" Y="227" T="87921673" />
  <Point X="133" Y="231" T="87921686" />
  <Point X="135" Y="237" T="87921699" />
  <Point X="136" Y="240" T="87921712" />
  <Point X="138" Y="240" T="87921725" />
  <Point X="135" Y="238" T="87921775" />
  <Point X="133" Y="235" T="87921788" />
  <Point X="125" Y="226" T="87921803" />
  <Point X="118" Y="220" T="87921818" />
  <Point X="106" Y="212" T="87921832" />
  <Point X="92" Y="204" T="87921848" />
  <Point X="81" Y="197" T="87921863" />
  <Point X="78" Y="195" T="87921864" />
  <Point X="66" Y="187" T="87921880" />
  <Point X="60" Y="181" T="87921895" />
  <Point X="53" Y="175" T="87921911" />
  <Point X="49" Y="171" T="87921927" />
  <Point X="47" Y="169" T="87921943" />
  <Point X="49" Y="168" T="87921983" />
  <Point X="60" Y="169" T="87922000" />
  <Point X="77" Y="172" T="87922017" />
  <Point X="98" Y="174" T="87922034" />
  <Point X="103" Y="174" T="87922035" />
  <Point X="122" Y="174" T="87922054" />
  <Point X="141" Y="170" T="87922072" />
  <Point X="151" Y="169" T="87922090" />
  <Point X="157" Y="168" T="87922108" />
  <Point X="159" Y="169" T="87922126" />
  <Point X="158" Y="171" T="87922144" />
  <Point X="154" Y="178" T="87922162" />
  <Point X="152" Y="180" T="87922163" />
  <Point X="140" Y="191" T="87922184" />
  <Point X="123" Y="205" T="87922204" />
  <Point X="105" Y="219" T="87922224" />
  <Point X="91" Y="229" T="87922244" />
  <Point X="87" Y="233" T="87922264" />
  <Point X="85" Y="236" T="87922284" />
</Gesture>