﻿<?xml version="1.0" encoding="utf-8" standalone="yes"?>
<Gesture Name="star07" Subject="3" Speed="fast" Number="7" NumPts="74" Millseconds="962" AppName="Gestures" AppVer="3.5.0.0" Date="Thursday, March 08, 2007" TimeOfDay="1:57:40 PM">
  <Point X="75" Y="256" T="87928783" />
  <Point X="75" Y="254" T="87928795" />
  <Point X="77" Y="250" T="87928815" />
  <Point X="78" Y="247" T="87928823" />
  <Point X="79" Y="244" T="87928831" />
  <Point X="80" Y="241" T="87928837" />
  <Point X="81" Y="238" T="87928842" />
  <Point X="82" Y="236" T="87928844" />
  <Point X="83" Y="232" T="87928850" />
  <Point X="85" Y="224" T="87928857" />
  <Point X="87" Y="216" T="87928864" />
  <Point X="88" Y="211" T="87928870" />
  <Point X="90" Y="207" T="87928871" />
  <Point X="91" Y="201" T="87928879" />
  <Point X="92" Y="196" T="87928880" />
  <Point X="94" Y="186" T="87928888" />
  <Point X="96" Y="175" T="87928896" />
  <Point X="99" Y="164" T="87928904" />
  <Point X="100" Y="155" T="87928913" />
  <Point X="102" Y="146" T="87928922" />
  <Point X="104" Y="137" T="87928932" />
  <Point X="105" Y="135" T="87928941" />
  <Point X="105" Y="130" T="87928950" />
  <Point X="106" Y="127" T="87928960" />
  <Point X="107" Y="125" T="87928975" />
  <Point X="110" Y="125" T="87928991" />
  <Point X="113" Y="126" T="87929003" />
  <Point X="115" Y="130" T="87929013" />
  <Point X="120" Y="139" T="87929024" />
  <Point X="125" Y="153" T="87929036" />
  <Point X="129" Y="163" T="87929047" />
  <Point X="130" Y="167" T="87929048" />
  <Point X="136" Y="183" T="87929060" />
  <Point X="141" Y="197" T="87929072" />
  <Point X="146" Y="207" T="87929084" />
  <Point X="151" Y="216" T="87929097" />
  <Point X="154" Y="222" T="87929109" />
  <Point X="156" Y="225" T="87929122" />
  <Point X="158" Y="226" T="87929134" />
  <Point X="160" Y="228" T="87929135" />
  <Point X="161" Y="230" T="87929149" />
  <Point X="163" Y="233" T="87929162" />
  <Point X="161" Y="233" T="87929204" />
  <Point X="158" Y="233" T="87929218" />
  <Point X="147" Y="229" T="87929232" />
  <Point X="139" Y="226" T="87929247" />
  <Point X="125" Y="219" T="87929262" />
  <Point X="110" Y="210" T="87929277" />
  <Point X="95" Y="200" T="87929293" />
  <Point X="81" Y="190" T="87929308" />
  <Point X="70" Y="180" T="87929325" />
  <Point X="64" Y="175" T="87929340" />
  <Point X="59" Y="170" T="87929356" />
  <Point X="57" Y="168" T="87929372" />
  <Point X="57" Y="166" T="87929373" />
  <Point X="60" Y="166" T="87929404" />
  <Point X="68" Y="163" T="87929421" />
  <Point X="82" Y="164" T="87929438" />
  <Point X="103" Y="162" T="87929456" />
  <Point X="118" Y="160" T="87929474" />
  <Point X="134" Y="157" T="87929492" />
  <Point X="144" Y="153" T="87929511" />
  <Point X="154" Y="149" T="87929529" />
  <Point X="156" Y="149" T="87929547" />
  <Point X="158" Y="150" T="87929565" />
  <Point X="154" Y="157" T="87929584" />
  <Point X="152" Y="159" T="87929585" />
  <Point X="140" Y="174" T="87929604" />
  <Point X="124" Y="192" T="87929624" />
  <Point X="109" Y="210" T="87929644" />
  <Point X="101" Y="222" T="87929665" />
  <Point X="95" Y="230" T="87929685" />
  <Point X="94" Y="235" T="87929706" />
  <Point X="96" Y="233" T="87929745" />
</Gesture>