﻿<?xml version="1.0" encoding="utf-8" standalone="yes"?>
<Gesture Name="star05" Subject="3" Speed="fast" Number="5" NumPts="74" Millseconds="972" AppName="Gestures" AppVer="3.5.0.0" Date="Thursday, March 08, 2007" TimeOfDay="1:57:38 PM">
  <Point X="67" Y="253" T="87925936" />
  <Point X="68" Y="251" T="87925968" />
  <Point X="68" Y="248" T="87925979" />
  <Point X="69" Y="246" T="87925988" />
  <Point X="70" Y="243" T="87925996" />
  <Point X="71" Y="239" T="87926003" />
  <Point X="72" Y="235" T="87926011" />
  <Point X="73" Y="232" T="87926017" />
  <Point X="76" Y="225" T="87926024" />
  <Point X="77" Y="221" T="87926030" />
  <Point X="79" Y="217" T="87926031" />
  <Point X="81" Y="212" T="87926038" />
  <Point X="82" Y="208" T="87926039" />
  <Point X="84" Y="203" T="87926047" />
  <Point X="86" Y="199" T="87926048" />
  <Point X="89" Y="190" T="87926056" />
  <Point X="93" Y="181" T="87926064" />
  <Point X="96" Y="172" T="87926072" />
  <Point X="99" Y="167" T="87926081" />
  <Point X="102" Y="161" T="87926090" />
  <Point X="105" Y="153" T="87926099" />
  <Point X="106" Y="151" T="87926108" />
  <Point X="107" Y="147" T="87926118" />
  <Point X="110" Y="142" T="87926128" />
  <Point X="111" Y="139" T="87926137" />
  <Point X="112" Y="137" T="87926148" />
  <Point X="114" Y="137" T="87926177" />
  <Point X="115" Y="139" T="87926187" />
  <Point X="117" Y="144" T="87926198" />
  <Point X="119" Y="153" T="87926210" />
  <Point X="120" Y="161" T="87926221" />
  <Point X="121" Y="166" T="87926222" />
  <Point X="124" Y="180" T="87926234" />
  <Point X="128" Y="195" T="87926246" />
  <Point X="132" Y="211" T="87926258" />
  <Point X="136" Y="221" T="87926271" />
  <Point X="139" Y="229" T="87926283" />
  <Point X="142" Y="237" T="87926296" />
  <Point X="143" Y="239" T="87926309" />
  <Point X="146" Y="244" T="87926322" />
  <Point X="148" Y="246" T="87926335" />
  <Point X="149" Y="248" T="87926353" />
  <Point X="146" Y="246" T="87926385" />
  <Point X="144" Y="246" T="87926399" />
  <Point X="137" Y="243" T="87926413" />
  <Point X="135" Y="242" T="87926414" />
  <Point X="126" Y="235" T="87926431" />
  <Point X="115" Y="228" T="87926446" />
  <Point X="102" Y="218" T="87926462" />
  <Point X="88" Y="206" T="87926479" />
  <Point X="72" Y="195" T="87926497" />
  <Point X="62" Y="187" T="87926515" />
  <Point X="55" Y="181" T="87926532" />
  <Point X="50" Y="178" T="87926549" />
  <Point X="48" Y="178" T="87926565" />
  <Point X="48" Y="176" T="87926582" />
  <Point X="56" Y="174" T="87926602" />
  <Point X="72" Y="172" T="87926619" />
  <Point X="93" Y="173" T="87926637" />
  <Point X="98" Y="173" T="87926638" />
  <Point X="117" Y="173" T="87926656" />
  <Point X="136" Y="171" T="87926674" />
  <Point X="151" Y="166" T="87926694" />
  <Point X="157" Y="166" T="87926712" />
  <Point X="159" Y="165" T="87926730" />
  <Point X="159" Y="168" T="87926749" />
  <Point X="154" Y="175" T="87926768" />
  <Point X="142" Y="186" T="87926788" />
  <Point X="127" Y="202" T="87926807" />
  <Point X="111" Y="221" T="87926828" />
  <Point X="98" Y="235" T="87926848" />
  <Point X="93" Y="240" T="87926868" />
  <Point X="91" Y="242" T="87926888" />
  <Point X="93" Y="241" T="87926908" />
</Gesture>