﻿<?xml version="1.0" encoding="utf-8" standalone="yes"?>
<Gesture Name="star04" Subject="3" Speed="fast" Number="4" NumPts="79" Millseconds="1021" AppName="Gestures" AppVer="3.5.0.0" Date="Thursday, March 08, 2007" TimeOfDay="1:57:36 PM">
  <Point X="65" Y="257" T="87924355" />
  <Point X="67" Y="255" T="87924397" />
  <Point X="67" Y="253" T="87924405" />
  <Point X="68" Y="250" T="87924413" />
  <Point X="69" Y="247" T="87924422" />
  <Point X="70" Y="244" T="87924430" />
  <Point X="71" Y="242" T="87924436" />
  <Point X="72" Y="234" T="87924442" />
  <Point X="74" Y="231" T="87924449" />
  <Point X="76" Y="224" T="87924455" />
  <Point X="79" Y="214" T="87924462" />
  <Point X="81" Y="209" T="87924469" />
  <Point X="82" Y="204" T="87924470" />
  <Point X="84" Y="199" T="87924478" />
  <Point X="86" Y="194" T="87924479" />
  <Point X="89" Y="184" T="87924487" />
  <Point X="93" Y="175" T="87924495" />
  <Point X="97" Y="166" T="87924503" />
  <Point X="101" Y="157" T="87924512" />
  <Point X="105" Y="151" T="87924521" />
  <Point X="110" Y="142" T="87924530" />
  <Point X="111" Y="140" T="87924539" />
  <Point X="113" Y="136" T="87924549" />
  <Point X="117" Y="131" T="87924558" />
  <Point X="118" Y="129" T="87924570" />
  <Point X="120" Y="131" T="87924598" />
  <Point X="121" Y="134" T="87924608" />
  <Point X="122" Y="142" T="87924619" />
  <Point X="124" Y="152" T="87924630" />
  <Point X="126" Y="160" T="87924641" />
  <Point X="127" Y="163" T="87924642" />
  <Point X="129" Y="173" T="87924654" />
  <Point X="130" Y="178" T="87924655" />
  <Point X="134" Y="193" T="87924667" />
  <Point X="138" Y="206" T="87924679" />
  <Point X="141" Y="217" T="87924691" />
  <Point X="143" Y="227" T="87924704" />
  <Point X="145" Y="232" T="87924717" />
  <Point X="147" Y="237" T="87924730" />
  <Point X="149" Y="242" T="87924743" />
  <Point X="151" Y="245" T="87924756" />
  <Point X="152" Y="247" T="87924769" />
  <Point X="150" Y="246" T="87924827" />
  <Point X="148" Y="245" T="87924842" />
  <Point X="141" Y="241" T="87924856" />
  <Point X="133" Y="235" T="87924871" />
  <Point X="131" Y="233" T="87924872" />
  <Point X="119" Y="224" T="87924888" />
  <Point X="109" Y="217" T="87924903" />
  <Point X="106" Y="214" T="87924904" />
  <Point X="92" Y="205" T="87924920" />
  <Point X="80" Y="196" T="87924936" />
  <Point X="71" Y="189" T="87924952" />
  <Point X="65" Y="183" T="87924968" />
  <Point X="61" Y="180" T="87924985" />
  <Point X="58" Y="177" T="87925001" />
  <Point X="56" Y="176" T="87925017" />
  <Point X="60" Y="175" T="87925055" />
  <Point X="67" Y="175" T="87925072" />
  <Point X="80" Y="173" T="87925090" />
  <Point X="84" Y="173" T="87925091" />
  <Point X="102" Y="174" T="87925110" />
  <Point X="125" Y="172" T="87925128" />
  <Point X="144" Y="167" T="87925147" />
  <Point X="155" Y="165" T="87925166" />
  <Point X="157" Y="165" T="87925167" />
  <Point X="160" Y="164" T="87925186" />
  <Point X="163" Y="165" T="87925204" />
  <Point X="164" Y="167" T="87925223" />
  <Point X="161" Y="172" T="87925243" />
  <Point X="158" Y="174" T="87925244" />
  <Point X="148" Y="185" T="87925264" />
  <Point X="135" Y="198" T="87925285" />
  <Point X="120" Y="214" T="87925306" />
  <Point X="116" Y="217" T="87925307" />
  <Point X="104" Y="229" T="87925329" />
  <Point X="100" Y="235" T="87925350" />
  <Point X="98" Y="238" T="87925351" />
  <Point X="96" Y="240" T="87925376" />
</Gesture>