﻿<?xml version="1.0" encoding="utf-8" standalone="yes"?>
<Gesture Name="triangle09" Subject="3" Speed="fast" Number="9" NumPts="65" Millseconds="875" AppName="Gestures" AppVer="3.5.0.0" Date="Thursday, March 08, 2007" TimeOfDay="1:49:53 PM">
  <Point X="119" Y="119" T="87460282" />
  <Point X="117" Y="121" T="87460342" />
  <Point X="115" Y="124" T="87460350" />
  <Point X="113" Y="128" T="87460358" />
  <Point X="110" Y="132" T="87460367" />
  <Point X="107" Y="137" T="87460375" />
  <Point X="103" Y="142" T="87460383" />
  <Point X="101" Y="145" T="87460389" />
  <Point X="97" Y="151" T="87460396" />
  <Point X="95" Y="154" T="87460402" />
  <Point X="93" Y="157" T="87460403" />
  <Point X="91" Y="160" T="87460411" />
  <Point X="89" Y="163" T="87460412" />
  <Point X="85" Y="169" T="87460419" />
  <Point X="81" Y="174" T="87460427" />
  <Point X="78" Y="180" T="87460435" />
  <Point X="75" Y="185" T="87460444" />
  <Point X="72" Y="190" T="87460452" />
  <Point X="71" Y="192" T="87460460" />
  <Point X="69" Y="197" T="87460469" />
  <Point X="68" Y="200" T="87460478" />
  <Point X="68" Y="203" T="87460488" />
  <Point X="67" Y="206" T="87460497" />
  <Point X="67" Y="208" T="87460506" />
  <Point X="66" Y="210" T="87460516" />
  <Point X="66" Y="212" T="87460532" />
  <Point X="68" Y="212" T="87460560" />
  <Point X="70" Y="211" T="87460572" />
  <Point X="73" Y="210" T="87460583" />
  <Point X="75" Y="209" T="87460593" />
  <Point X="83" Y="206" T="87460605" />
  <Point X="90" Y="205" T="87460617" />
  <Point X="98" Y="204" T="87460628" />
  <Point X="107" Y="204" T="87460640" />
  <Point X="117" Y="204" T="87460652" />
  <Point X="126" Y="204" T="87460665" />
  <Point X="135" Y="205" T="87460678" />
  <Point X="144" Y="206" T="87460691" />
  <Point X="152" Y="209" T="87460704" />
  <Point X="154" Y="209" T="87460705" />
  <Point X="161" Y="209" T="87460718" />
  <Point X="166" Y="210" T="87460731" />
  <Point X="171" Y="211" T="87460745" />
  <Point X="174" Y="210" T="87460759" />
  <Point X="176" Y="212" T="87460775" />
  <Point X="177" Y="209" T="87460790" />
  <Point X="176" Y="207" T="87460840" />
  <Point X="174" Y="205" T="87460856" />
  <Point X="171" Y="203" T="87460872" />
  <Point X="169" Y="201" T="87460887" />
  <Point X="168" Y="199" T="87460889" />
  <Point X="164" Y="193" T="87460906" />
  <Point X="160" Y="186" T="87460925" />
  <Point X="157" Y="178" T="87460943" />
  <Point X="155" Y="174" T="87460944" />
  <Point X="152" Y="164" T="87460961" />
  <Point X="150" Y="156" T="87460978" />
  <Point X="146" Y="147" T="87460995" />
  <Point X="144" Y="144" T="87460996" />
  <Point X="139" Y="138" T="87461014" />
  <Point X="137" Y="136" T="87461031" />
  <Point X="133" Y="132" T="87461049" />
  <Point X="131" Y="130" T="87461066" />
  <Point X="130" Y="128" T="87461085" />
  <Point X="133" Y="129" T="87461157" />
</Gesture>