﻿<?xml version="1.0" encoding="utf-8" standalone="yes"?>
<Gesture Name="triangle04" Subject="3" Speed="fast" Number="4" NumPts="61" Millseconds="803" AppName="Gestures" AppVer="3.5.0.0" Date="Thursday, March 08, 2007" TimeOfDay="1:49:46 PM">
  <Point X="127" Y="128" T="87453566" />
  <Point X="127" Y="125" T="87453574" />
  <Point X="125" Y="127" T="87453651" />
  <Point X="123" Y="131" T="87453659" />
  <Point X="122" Y="133" T="87453665" />
  <Point X="121" Y="135" T="87453670" />
  <Point X="119" Y="139" T="87453676" />
  <Point X="116" Y="142" T="87453683" />
  <Point X="114" Y="145" T="87453690" />
  <Point X="110" Y="153" T="87453697" />
  <Point X="106" Y="159" T="87453704" />
  <Point X="102" Y="166" T="87453712" />
  <Point X="98" Y="172" T="87453720" />
  <Point X="95" Y="178" T="87453728" />
  <Point X="91" Y="183" T="87453736" />
  <Point X="88" Y="188" T="87453744" />
  <Point X="85" Y="192" T="87453753" />
  <Point X="83" Y="196" T="87453761" />
  <Point X="81" Y="200" T="87453769" />
  <Point X="80" Y="203" T="87453778" />
  <Point X="78" Y="206" T="87453787" />
  <Point X="77" Y="208" T="87453797" />
  <Point X="75" Y="211" T="87453806" />
  <Point X="75" Y="213" T="87453807" />
  <Point X="73" Y="215" T="87453823" />
  <Point X="73" Y="217" T="87453833" />
  <Point X="73" Y="220" T="87453844" />
  <Point X="75" Y="221" T="87453876" />
  <Point X="78" Y="222" T="87453888" />
  <Point X="81" Y="221" T="87453899" />
  <Point X="87" Y="220" T="87453910" />
  <Point X="95" Y="217" T="87453922" />
  <Point X="104" Y="216" T="87453933" />
  <Point X="114" Y="215" T="87453945" />
  <Point X="125" Y="213" T="87453958" />
  <Point X="134" Y="214" T="87453970" />
  <Point X="143" Y="213" T="87453983" />
  <Point X="151" Y="214" T="87453996" />
  <Point X="154" Y="214" T="87453997" />
  <Point X="161" Y="215" T="87454010" />
  <Point X="167" Y="216" T="87454024" />
  <Point X="174" Y="216" T="87454037" />
  <Point X="176" Y="217" T="87454051" />
  <Point X="180" Y="217" T="87454065" />
  <Point X="183" Y="217" T="87454079" />
  <Point X="185" Y="217" T="87454096" />
  <Point X="185" Y="215" T="87454141" />
  <Point X="183" Y="213" T="87454156" />
  <Point X="181" Y="211" T="87454170" />
  <Point X="177" Y="206" T="87454186" />
  <Point X="171" Y="197" T="87454202" />
  <Point X="165" Y="188" T="87454217" />
  <Point X="159" Y="179" T="87454234" />
  <Point X="152" Y="170" T="87454250" />
  <Point X="147" Y="162" T="87454266" />
  <Point X="144" Y="158" T="87454283" />
  <Point X="141" Y="153" T="87454299" />
  <Point X="139" Y="148" T="87454316" />
  <Point X="138" Y="145" T="87454333" />
  <Point X="136" Y="142" T="87454350" />
  <Point X="135" Y="140" T="87454369" />
</Gesture>