﻿<?xml version="1.0" encoding="utf-8" standalone="yes"?>
<Gesture Name="triangle10" Subject="3" Speed="fast" Number="10" NumPts="64" Millseconds="910" AppName="Gestures" AppVer="3.5.0.0" Date="Thursday, March 08, 2007" TimeOfDay="1:49:54 PM">
  <Point X="118" Y="115" T="87461619" />
  <Point X="117" Y="117" T="87461663" />
  <Point X="115" Y="119" T="87461676" />
  <Point X="113" Y="121" T="87461684" />
  <Point X="110" Y="124" T="87461692" />
  <Point X="109" Y="126" T="87461698" />
  <Point X="107" Y="128" T="87461704" />
  <Point X="104" Y="132" T="87461710" />
  <Point X="100" Y="136" T="87461716" />
  <Point X="98" Y="138" T="87461723" />
  <Point X="93" Y="143" T="87461730" />
  <Point X="88" Y="149" T="87461737" />
  <Point X="84" Y="156" T="87461744" />
  <Point X="79" Y="161" T="87461752" />
  <Point X="77" Y="164" T="87461760" />
  <Point X="75" Y="167" T="87461761" />
  <Point X="71" Y="173" T="87461769" />
  <Point X="68" Y="178" T="87461777" />
  <Point X="65" Y="183" T="87461786" />
  <Point X="63" Y="188" T="87461795" />
  <Point X="62" Y="190" T="87461796" />
  <Point X="61" Y="194" T="87461805" />
  <Point X="60" Y="197" T="87461815" />
  <Point X="59" Y="199" T="87461824" />
  <Point X="58" Y="201" T="87461834" />
  <Point X="57" Y="204" T="87461844" />
  <Point X="60" Y="205" T="87461900" />
  <Point X="62" Y="204" T="87461910" />
  <Point X="64" Y="203" T="87461921" />
  <Point X="72" Y="200" T="87461932" />
  <Point X="77" Y="199" T="87461944" />
  <Point X="79" Y="199" T="87461945" />
  <Point X="88" Y="198" T="87461956" />
  <Point X="98" Y="197" T="87461968" />
  <Point X="108" Y="196" T="87461981" />
  <Point X="118" Y="197" T="87461993" />
  <Point X="128" Y="198" T="87462006" />
  <Point X="138" Y="197" T="87462019" />
  <Point X="141" Y="199" T="87462020" />
  <Point X="149" Y="199" T="87462034" />
  <Point X="157" Y="202" T="87462047" />
  <Point X="160" Y="202" T="87462048" />
  <Point X="167" Y="202" T="87462063" />
  <Point X="175" Y="203" T="87462077" />
  <Point X="177" Y="203" T="87462091" />
  <Point X="181" Y="205" T="87462107" />
  <Point X="184" Y="204" T="87462122" />
  <Point X="186" Y="203" T="87462148" />
  <Point X="184" Y="201" T="87462219" />
  <Point X="182" Y="198" T="87462236" />
  <Point X="180" Y="196" T="87462252" />
  <Point X="176" Y="193" T="87462268" />
  <Point X="171" Y="187" T="87462283" />
  <Point X="167" Y="180" T="87462300" />
  <Point X="160" Y="169" T="87462316" />
  <Point X="155" Y="159" T="87462333" />
  <Point X="150" Y="150" T="87462350" />
  <Point X="145" Y="142" T="87462367" />
  <Point X="140" Y="133" T="87462384" />
  <Point X="136" Y="126" T="87462402" />
  <Point X="134" Y="121" T="87462421" />
  <Point X="132" Y="120" T="87462443" />
  <Point X="131" Y="118" T="87462472" />
  <Point X="132" Y="120" T="87462529" />
</Gesture>