﻿<?xml version="1.0" encoding="utf-8" standalone="yes"?>
<Gesture Name="triangle02" Subject="3" Speed="fast" Number="2" NumPts="66" Millseconds="824" AppName="Gestures" AppVer="3.5.0.0" Date="Thursday, March 08, 2007" TimeOfDay="1:49:43 PM">
  <Point X="110" Y="132" T="87450620" />
  <Point X="112" Y="134" T="87450688" />
  <Point X="110" Y="137" T="87450699" />
  <Point X="109" Y="139" T="87450704" />
  <Point X="108" Y="141" T="87450710" />
  <Point X="107" Y="145" T="87450716" />
  <Point X="104" Y="148" T="87450723" />
  <Point X="103" Y="151" T="87450729" />
  <Point X="100" Y="155" T="87450736" />
  <Point X="99" Y="158" T="87450742" />
  <Point X="97" Y="161" T="87450743" />
  <Point X="95" Y="164" T="87450750" />
  <Point X="94" Y="167" T="87450752" />
  <Point X="92" Y="169" T="87450759" />
  <Point X="89" Y="174" T="87450767" />
  <Point X="87" Y="176" T="87450768" />
  <Point X="84" Y="181" T="87450776" />
  <Point X="81" Y="186" T="87450784" />
  <Point X="80" Y="189" T="87450793" />
  <Point X="76" Y="195" T="87450802" />
  <Point X="75" Y="197" T="87450811" />
  <Point X="73" Y="201" T="87450812" />
  <Point X="72" Y="203" T="87450821" />
  <Point X="70" Y="206" T="87450832" />
  <Point X="69" Y="210" T="87450841" />
  <Point X="68" Y="215" T="87450851" />
  <Point X="68" Y="217" T="87450861" />
  <Point X="67" Y="219" T="87450872" />
  <Point X="67" Y="221" T="87450907" />
  <Point X="69" Y="221" T="87450927" />
  <Point X="72" Y="221" T="87450939" />
  <Point X="75" Y="221" T="87450950" />
  <Point X="81" Y="219" T="87450962" />
  <Point X="88" Y="219" T="87450974" />
  <Point X="97" Y="217" T="87450986" />
  <Point X="100" Y="217" T="87450987" />
  <Point X="110" Y="217" T="87451000" />
  <Point X="119" Y="217" T="87451012" />
  <Point X="128" Y="218" T="87451026" />
  <Point X="136" Y="219" T="87451039" />
  <Point X="138" Y="219" T="87451040" />
  <Point X="145" Y="220" T="87451054" />
  <Point X="151" Y="222" T="87451067" />
  <Point X="156" Y="223" T="87451081" />
  <Point X="162" Y="222" T="87451095" />
  <Point X="164" Y="222" T="87451110" />
  <Point X="169" Y="222" T="87451124" />
  <Point X="171" Y="221" T="87451142" />
  <Point X="174" Y="220" T="87451156" />
  <Point X="174" Y="217" T="87451204" />
  <Point X="173" Y="215" T="87451224" />
  <Point X="171" Y="212" T="87451239" />
  <Point X="170" Y="210" T="87451255" />
  <Point X="165" Y="205" T="87451271" />
  <Point X="160" Y="196" T="87451287" />
  <Point X="158" Y="193" T="87451288" />
  <Point X="152" Y="186" T="87451305" />
  <Point X="146" Y="177" T="87451322" />
  <Point X="141" Y="170" T="87451339" />
  <Point X="139" Y="166" T="87451340" />
  <Point X="135" Y="159" T="87451358" />
  <Point X="133" Y="156" T="87451375" />
  <Point X="132" Y="153" T="87451376" />
  <Point X="130" Y="150" T="87451394" />
  <Point X="128" Y="146" T="87451412" />
  <Point X="127" Y="143" T="87451444" />
</Gesture>