﻿<?xml version="1.0" encoding="utf-8" standalone="yes"?>
<Gesture Name="triangle03" Subject="3" Speed="fast" Number="3" NumPts="69" Millseconds="876" AppName="Gestures" AppVer="3.5.0.0" Date="Thursday, March 08, 2007" TimeOfDay="1:49:45 PM">
  <Point X="116" Y="135" T="87452125" />
  <Point X="115" Y="133" T="87452137" />
  <Point X="115" Y="136" T="87452189" />
  <Point X="113" Y="138" T="87452201" />
  <Point X="112" Y="140" T="87452213" />
  <Point X="110" Y="143" T="87452221" />
  <Point X="108" Y="146" T="87452229" />
  <Point X="107" Y="149" T="87452235" />
  <Point X="105" Y="154" T="87452242" />
  <Point X="103" Y="156" T="87452248" />
  <Point X="101" Y="159" T="87452249" />
  <Point X="100" Y="162" T="87452257" />
  <Point X="98" Y="165" T="87452258" />
  <Point X="94" Y="171" T="87452265" />
  <Point X="92" Y="175" T="87452273" />
  <Point X="91" Y="179" T="87452274" />
  <Point X="87" Y="185" T="87452282" />
  <Point X="84" Y="191" T="87452290" />
  <Point X="81" Y="197" T="87452299" />
  <Point X="79" Y="202" T="87452308" />
  <Point X="78" Y="205" T="87452317" />
  <Point X="76" Y="209" T="87452318" />
  <Point X="74" Y="213" T="87452327" />
  <Point X="72" Y="217" T="87452336" />
  <Point X="70" Y="220" T="87452346" />
  <Point X="69" Y="223" T="87452356" />
  <Point X="68" Y="225" T="87452367" />
  <Point X="67" Y="228" T="87452386" />
  <Point X="67" Y="230" T="87452398" />
  <Point X="69" Y="231" T="87452435" />
  <Point X="71" Y="231" T="87452447" />
  <Point X="73" Y="231" T="87452458" />
  <Point X="76" Y="230" T="87452470" />
  <Point X="83" Y="227" T="87452482" />
  <Point X="90" Y="226" T="87452494" />
  <Point X="92" Y="226" T="87452495" />
  <Point X="101" Y="224" T="87452508" />
  <Point X="110" Y="224" T="87452521" />
  <Point X="119" Y="221" T="87452534" />
  <Point X="122" Y="221" T="87452535" />
  <Point X="132" Y="222" T="87452549" />
  <Point X="140" Y="223" T="87452562" />
  <Point X="143" Y="223" T="87452563" />
  <Point X="150" Y="224" T="87452578" />
  <Point X="159" Y="223" T="87452592" />
  <Point X="162" Y="223" T="87452607" />
  <Point X="165" Y="223" T="87452608" />
  <Point X="169" Y="223" T="87452622" />
  <Point X="171" Y="224" T="87452623" />
  <Point X="176" Y="223" T="87452642" />
  <Point X="181" Y="222" T="87452657" />
  <Point X="183" Y="221" T="87452672" />
  <Point X="186" Y="221" T="87452688" />
  <Point X="188" Y="222" T="87452704" />
  <Point X="189" Y="220" T="87452747" />
  <Point X="188" Y="218" T="87452776" />
  <Point X="186" Y="216" T="87452797" />
  <Point X="184" Y="213" T="87452814" />
  <Point X="178" Y="208" T="87452830" />
  <Point X="173" Y="201" T="87452848" />
  <Point X="165" Y="192" T="87452865" />
  <Point X="158" Y="183" T="87452883" />
  <Point X="151" Y="174" T="87452902" />
  <Point X="145" Y="166" T="87452920" />
  <Point X="143" Y="162" T="87452921" />
  <Point X="139" Y="157" T="87452940" />
  <Point X="137" Y="154" T="87452959" />
  <Point X="136" Y="151" T="87452978" />
  <Point X="135" Y="149" T="87453001" />
</Gesture>