﻿<?xml version="1.0" encoding="utf-8" standalone="yes"?>
<Gesture Name="triangle08" Subject="3" Speed="fast" Number="8" NumPts="63" Millseconds="774" AppName="Gestures" AppVer="3.5.0.0" Date="Thursday, March 08, 2007" TimeOfDay="1:49:51 PM">
  <Point X="121" Y="125" T="87458922" />
  <Point X="118" Y="126" T="87458984" />
  <Point X="117" Y="128" T="87458997" />
  <Point X="115" Y="130" T="87459005" />
  <Point X="112" Y="133" T="87459014" />
  <Point X="110" Y="136" T="87459020" />
  <Point X="108" Y="139" T="87459026" />
  <Point X="107" Y="141" T="87459027" />
  <Point X="105" Y="144" T="87459033" />
  <Point X="101" Y="149" T="87459040" />
  <Point X="96" Y="156" T="87459046" />
  <Point X="93" Y="159" T="87459053" />
  <Point X="90" Y="163" T="87459055" />
  <Point X="86" Y="169" T="87459062" />
  <Point X="81" Y="177" T="87459070" />
  <Point X="77" Y="183" T="87459078" />
  <Point X="73" Y="189" T="87459086" />
  <Point X="71" Y="194" T="87459095" />
  <Point X="69" Y="198" T="87459103" />
  <Point X="68" Y="202" T="87459112" />
  <Point X="67" Y="205" T="87459121" />
  <Point X="66" Y="208" T="87459122" />
  <Point X="66" Y="211" T="87459131" />
  <Point X="65" Y="213" T="87459143" />
  <Point X="65" Y="216" T="87459153" />
  <Point X="65" Y="218" T="87459163" />
  <Point X="65" Y="220" T="87459177" />
  <Point X="67" Y="220" T="87459205" />
  <Point X="69" Y="219" T="87459216" />
  <Point X="72" Y="220" T="87459226" />
  <Point X="79" Y="216" T="87459238" />
  <Point X="86" Y="214" T="87459250" />
  <Point X="94" Y="213" T="87459261" />
  <Point X="103" Y="211" T="87459273" />
  <Point X="112" Y="211" T="87459286" />
  <Point X="122" Y="211" T="87459298" />
  <Point X="132" Y="210" T="87459311" />
  <Point X="141" Y="211" T="87459324" />
  <Point X="150" Y="213" T="87459337" />
  <Point X="152" Y="212" T="87459338" />
  <Point X="159" Y="213" T="87459351" />
  <Point X="162" Y="213" T="87459365" />
  <Point X="165" Y="213" T="87459366" />
  <Point X="168" Y="214" T="87459379" />
  <Point X="173" Y="215" T="87459394" />
  <Point X="175" Y="215" T="87459410" />
  <Point X="178" Y="215" T="87459425" />
  <Point X="180" Y="216" T="87459439" />
  <Point X="182" Y="216" T="87459454" />
  <Point X="183" Y="214" T="87459508" />
  <Point X="182" Y="212" T="87459523" />
  <Point X="180" Y="211" T="87459539" />
  <Point X="175" Y="207" T="87459555" />
  <Point X="173" Y="204" T="87459556" />
  <Point X="168" Y="197" T="87459573" />
  <Point X="163" Y="188" T="87459589" />
  <Point X="157" Y="176" T="87459607" />
  <Point X="150" Y="165" T="87459624" />
  <Point X="149" Y="162" T="87459625" />
  <Point X="144" Y="152" T="87459643" />
  <Point X="140" Y="146" T="87459660" />
  <Point X="137" Y="142" T="87459678" />
  <Point X="135" Y="140" T="87459696" />
</Gesture>