﻿<?xml version="1.0" encoding="utf-8" standalone="yes"?>
<Gesture Name="triangle05" Subject="3" Speed="fast" Number="5" NumPts="60" Millseconds="768" AppName="Gestures" AppVer="3.5.0.0" Date="Thursday, March 08, 2007" TimeOfDay="1:49:47 PM">
  <Point X="123" Y="126" T="87454932" />
  <Point X="122" Y="129" T="87454993" />
  <Point X="120" Y="132" T="87455002" />
  <Point X="119" Y="136" T="87455009" />
  <Point X="117" Y="138" T="87455014" />
  <Point X="116" Y="140" T="87455020" />
  <Point X="115" Y="142" T="87455021" />
  <Point X="113" Y="145" T="87455028" />
  <Point X="110" Y="151" T="87455034" />
  <Point X="108" Y="154" T="87455041" />
  <Point X="107" Y="158" T="87455042" />
  <Point X="105" Y="161" T="87455048" />
  <Point X="103" Y="164" T="87455049" />
  <Point X="98" Y="172" T="87455057" />
  <Point X="94" Y="179" T="87455065" />
  <Point X="90" Y="187" T="87455073" />
  <Point X="87" Y="193" T="87455082" />
  <Point X="83" Y="200" T="87455090" />
  <Point X="80" Y="205" T="87455099" />
  <Point X="78" Y="211" T="87455108" />
  <Point X="78" Y="213" T="87455117" />
  <Point X="76" Y="217" T="87455118" />
  <Point X="75" Y="220" T="87455127" />
  <Point X="74" Y="222" T="87455136" />
  <Point X="74" Y="224" T="87455146" />
  <Point X="74" Y="226" T="87455166" />
  <Point X="76" Y="226" T="87455194" />
  <Point X="80" Y="226" T="87455206" />
  <Point X="83" Y="225" T="87455217" />
  <Point X="89" Y="223" T="87455228" />
  <Point X="97" Y="221" T="87455239" />
  <Point X="105" Y="219" T="87455251" />
  <Point X="113" Y="220" T="87455262" />
  <Point X="121" Y="219" T="87455274" />
  <Point X="130" Y="218" T="87455287" />
  <Point X="138" Y="219" T="87455299" />
  <Point X="145" Y="220" T="87455312" />
  <Point X="153" Y="219" T="87455324" />
  <Point X="160" Y="220" T="87455337" />
  <Point X="167" Y="220" T="87455351" />
  <Point X="170" Y="219" T="87455363" />
  <Point X="175" Y="218" T="87455377" />
  <Point X="177" Y="217" T="87455391" />
  <Point X="179" Y="218" T="87455405" />
  <Point X="182" Y="218" T="87455419" />
  <Point X="183" Y="216" T="87455443" />
  <Point X="181" Y="215" T="87455483" />
  <Point X="179" Y="213" T="87455498" />
  <Point X="177" Y="211" T="87455512" />
  <Point X="172" Y="207" T="87455528" />
  <Point X="167" Y="201" T="87455543" />
  <Point X="161" Y="193" T="87455559" />
  <Point X="152" Y="182" T="87455575" />
  <Point X="145" Y="172" T="87455594" />
  <Point X="138" Y="164" T="87455610" />
  <Point X="134" Y="159" T="87455627" />
  <Point X="133" Y="155" T="87455643" />
  <Point X="132" Y="153" T="87455659" />
  <Point X="129" Y="148" T="87455676" />
  <Point X="128" Y="146" T="87455700" />
</Gesture>