﻿<?xml version="1.0" encoding="utf-8" standalone="yes"?>
<Gesture Name="triangle01" Subject="3" Speed="fast" Number="1" NumPts="69" Millseconds="956" AppName="Gestures" AppVer="3.5.0.0" Date="Thursday, March 08, 2007" TimeOfDay="1:49:42 PM">
  <Point X="110" Y="132" T="87448943" />
  <Point X="110" Y="135" T="87449032" />
  <Point X="109" Y="138" T="87449044" />
  <Point X="108" Y="140" T="87449052" />
  <Point X="107" Y="143" T="87449061" />
  <Point X="105" Y="147" T="87449069" />
  <Point X="103" Y="151" T="87449077" />
  <Point X="103" Y="153" T="87449083" />
  <Point X="101" Y="157" T="87449090" />
  <Point X="100" Y="159" T="87449096" />
  <Point X="98" Y="163" T="87449103" />
  <Point X="96" Y="167" T="87449110" />
  <Point X="94" Y="171" T="87449118" />
  <Point X="91" Y="175" T="87449125" />
  <Point X="90" Y="177" T="87449133" />
  <Point X="89" Y="180" T="87449134" />
  <Point X="87" Y="184" T="87449142" />
  <Point X="85" Y="188" T="87449150" />
  <Point X="82" Y="191" T="87449159" />
  <Point X="80" Y="195" T="87449167" />
  <Point X="79" Y="197" T="87449176" />
  <Point X="77" Y="201" T="87449177" />
  <Point X="75" Y="203" T="87449186" />
  <Point X="73" Y="207" T="87449196" />
  <Point X="72" Y="209" T="87449197" />
  <Point X="70" Y="212" T="87449207" />
  <Point X="69" Y="215" T="87449217" />
  <Point X="68" Y="217" T="87449228" />
  <Point X="67" Y="220" T="87449238" />
  <Point X="67" Y="222" T="87449249" />
  <Point X="66" Y="224" T="87449260" />
  <Point X="66" Y="226" T="87449271" />
  <Point X="68" Y="228" T="87449289" />
  <Point X="71" Y="228" T="87449302" />
  <Point X="74" Y="226" T="87449313" />
  <Point X="81" Y="225" T="87449326" />
  <Point X="88" Y="224" T="87449338" />
  <Point X="96" Y="223" T="87449351" />
  <Point X="104" Y="222" T="87449364" />
  <Point X="107" Y="222" T="87449365" />
  <Point X="116" Y="221" T="87449379" />
  <Point X="125" Y="223" T="87449393" />
  <Point X="132" Y="223" T="87449407" />
  <Point X="139" Y="225" T="87449422" />
  <Point X="143" Y="226" T="87449436" />
  <Point X="150" Y="226" T="87449450" />
  <Point X="156" Y="226" T="87449464" />
  <Point X="163" Y="225" T="87449479" />
  <Point X="168" Y="225" T="87449494" />
  <Point X="173" Y="224" T="87449510" />
  <Point X="175" Y="223" T="87449525" />
  <Point X="178" Y="223" T="87449540" />
  <Point X="180" Y="222" T="87449541" />
  <Point X="181" Y="220" T="87449613" />
  <Point X="181" Y="218" T="87449629" />
  <Point X="180" Y="215" T="87449646" />
  <Point X="178" Y="212" T="87449667" />
  <Point X="176" Y="207" T="87449684" />
  <Point X="172" Y="203" T="87449701" />
  <Point X="165" Y="195" T="87449718" />
  <Point X="157" Y="185" T="87449736" />
  <Point X="151" Y="177" T="87449753" />
  <Point X="144" Y="168" T="87449772" />
  <Point X="140" Y="162" T="87449790" />
  <Point X="135" Y="157" T="87449808" />
  <Point X="132" Y="153" T="87449827" />
  <Point X="130" Y="150" T="87449846" />
  <Point X="129" Y="148" T="87449864" />
  <Point X="128" Y="146" T="87449899" />
</Gesture>