﻿<?xml version="1.0" encoding="utf-8" standalone="yes"?>
<Gesture Name="triangle07" Subject="3" Speed="fast" Number="7" NumPts="61" Millseconds="850" AppName="Gestures" AppVer="3.5.0.0" Date="Thursday, March 08, 2007" TimeOfDay="1:49:50 PM">
  <Point X="124" Y="130" T="87457567" />
  <Point X="122" Y="132" T="87457627" />
  <Point X="120" Y="133" T="87457639" />
  <Point X="118" Y="137" T="87457647" />
  <Point X="116" Y="140" T="87457655" />
  <Point X="114" Y="143" T="87457661" />
  <Point X="113" Y="145" T="87457667" />
  <Point X="111" Y="147" T="87457668" />
  <Point X="109" Y="150" T="87457674" />
  <Point X="105" Y="157" T="87457681" />
  <Point X="101" Y="163" T="87457688" />
  <Point X="96" Y="170" T="87457695" />
  <Point X="94" Y="173" T="87457703" />
  <Point X="92" Y="177" T="87457704" />
  <Point X="87" Y="183" T="87457712" />
  <Point X="84" Y="188" T="87457721" />
  <Point X="80" Y="195" T="87457729" />
  <Point X="77" Y="200" T="87457738" />
  <Point X="76" Y="202" T="87457739" />
  <Point X="73" Y="206" T="87457748" />
  <Point X="71" Y="210" T="87457758" />
  <Point X="68" Y="214" T="87457767" />
  <Point X="67" Y="217" T="87457779" />
  <Point X="66" Y="219" T="87457792" />
  <Point X="66" Y="221" T="87457816" />
  <Point X="68" Y="222" T="87457852" />
  <Point X="71" Y="222" T="87457864" />
  <Point X="73" Y="221" T="87457874" />
  <Point X="75" Y="220" T="87457885" />
  <Point X="81" Y="218" T="87457896" />
  <Point X="87" Y="216" T="87457907" />
  <Point X="90" Y="216" T="87457908" />
  <Point X="98" Y="214" T="87457920" />
  <Point X="107" Y="214" T="87457932" />
  <Point X="116" Y="212" T="87457945" />
  <Point X="126" Y="213" T="87457957" />
  <Point X="135" Y="213" T="87457970" />
  <Point X="143" Y="214" T="87457983" />
  <Point X="154" Y="214" T="87457996" />
  <Point X="161" Y="214" T="87458010" />
  <Point X="166" Y="214" T="87458023" />
  <Point X="172" Y="215" T="87458037" />
  <Point X="174" Y="215" T="87458050" />
  <Point X="176" Y="215" T="87458066" />
  <Point X="178" Y="215" T="87458067" />
  <Point X="181" Y="215" T="87458081" />
  <Point X="183" Y="214" T="87458096" />
  <Point X="185" Y="214" T="87458110" />
  <Point X="186" Y="212" T="87458181" />
  <Point X="184" Y="210" T="87458197" />
  <Point X="182" Y="208" T="87458212" />
  <Point X="180" Y="207" T="87458213" />
  <Point X="176" Y="202" T="87458229" />
  <Point X="170" Y="194" T="87458245" />
  <Point X="163" Y="186" T="87458262" />
  <Point X="155" Y="175" T="87458279" />
  <Point X="148" Y="165" T="87458296" />
  <Point X="142" Y="157" T="87458313" />
  <Point X="140" Y="154" T="87458330" />
  <Point X="139" Y="152" T="87458347" />
  <Point X="138" Y="150" T="87458417" />
</Gesture>