﻿<?xml version="1.0" encoding="utf-8" standalone="yes"?>
<Gesture Name="triangle06" Subject="3" Speed="fast" Number="6" NumPts="62" Millseconds="796" AppName="Gestures" AppVer="3.5.0.0" Date="Thursday, March 08, 2007" TimeOfDay="1:49:49 PM">
  <Point X="120" Y="128" T="87456234" />
  <Point X="117" Y="130" T="87456311" />
  <Point X="115" Y="133" T="87456319" />
  <Point X="112" Y="136" T="87456327" />
  <Point X="111" Y="138" T="87456332" />
  <Point X="109" Y="141" T="87456338" />
  <Point X="107" Y="144" T="87456339" />
  <Point X="104" Y="148" T="87456346" />
  <Point X="100" Y="153" T="87456352" />
  <Point X="95" Y="159" T="87456359" />
  <Point X="92" Y="162" T="87456366" />
  <Point X="87" Y="168" T="87456373" />
  <Point X="83" Y="174" T="87456381" />
  <Point X="78" Y="180" T="87456388" />
  <Point X="74" Y="186" T="87456396" />
  <Point X="70" Y="192" T="87456404" />
  <Point X="68" Y="194" T="87456412" />
  <Point X="66" Y="198" T="87456420" />
  <Point X="64" Y="201" T="87456429" />
  <Point X="63" Y="205" T="87456438" />
  <Point X="62" Y="208" T="87456447" />
  <Point X="61" Y="211" T="87456448" />
  <Point X="61" Y="214" T="87456457" />
  <Point X="60" Y="216" T="87456467" />
  <Point X="60" Y="218" T="87456478" />
  <Point X="60" Y="220" T="87456490" />
  <Point X="61" Y="222" T="87456511" />
  <Point X="63" Y="221" T="87456528" />
  <Point X="66" Y="222" T="87456539" />
  <Point X="71" Y="221" T="87456549" />
  <Point X="78" Y="218" T="87456561" />
  <Point X="87" Y="216" T="87456572" />
  <Point X="93" Y="215" T="87456584" />
  <Point X="96" Y="215" T="87456585" />
  <Point X="106" Y="214" T="87456597" />
  <Point X="116" Y="214" T="87456609" />
  <Point X="127" Y="214" T="87456622" />
  <Point X="136" Y="212" T="87456635" />
  <Point X="147" Y="214" T="87456648" />
  <Point X="154" Y="214" T="87456662" />
  <Point X="158" Y="214" T="87456675" />
  <Point X="164" Y="213" T="87456689" />
  <Point X="166" Y="214" T="87456702" />
  <Point X="168" Y="214" T="87456716" />
  <Point X="170" Y="215" T="87456717" />
  <Point X="172" Y="213" T="87456733" />
  <Point X="174" Y="213" T="87456748" />
  <Point X="176" Y="213" T="87456763" />
  <Point X="177" Y="211" T="87456800" />
  <Point X="176" Y="209" T="87456829" />
  <Point X="174" Y="207" T="87456845" />
  <Point X="172" Y="205" T="87456861" />
  <Point X="170" Y="204" T="87456862" />
  <Point X="166" Y="199" T="87456878" />
  <Point X="159" Y="190" T="87456895" />
  <Point X="151" Y="181" T="87456912" />
  <Point X="143" Y="169" T="87456929" />
  <Point X="139" Y="164" T="87456947" />
  <Point X="135" Y="157" T="87456964" />
  <Point X="132" Y="152" T="87456981" />
  <Point X="130" Y="150" T="87456998" />
  <Point X="129" Y="148" T="87457030" />
</Gesture>