﻿<?xml version="1.0" encoding="utf-8" standalone="yes"?>
<Gesture Name="v01" Subject="3" Speed="fast" Number="1" NumPts="39" Millseconds="429" AppName="Gestures" AppVer="3.5.0.0" Date="Thursday, March 08, 2007" TimeOfDay="1:55:32 PM">
  <Point X="80" Y="151" T="87800965" />
  <Point X="79" Y="149" T="87801029" />
  <Point X="81" Y="151" T="87801058" />
  <Point X="83" Y="154" T="87801066" />
  <Point X="85" Y="156" T="87801074" />
  <Point X="87" Y="158" T="87801080" />
  <Point X="88" Y="161" T="87801086" />
  <Point X="90" Y="164" T="87801087" />
  <Point X="91" Y="167" T="87801093" />
  <Point X="93" Y="170" T="87801094" />
  <Point X="95" Y="172" T="87801101" />
  <Point X="97" Y="175" T="87801102" />
  <Point X="99" Y="178" T="87801109" />
  <Point X="101" Y="182" T="87801110" />
  <Point X="105" Y="188" T="87801119" />
  <Point X="109" Y="195" T="87801127" />
  <Point X="112" Y="202" T="87801135" />
  <Point X="116" Y="208" T="87801143" />
  <Point X="119" Y="214" T="87801152" />
  <Point X="122" Y="220" T="87801161" />
  <Point X="123" Y="223" T="87801162" />
  <Point X="125" Y="227" T="87801171" />
  <Point X="127" Y="230" T="87801181" />
  <Point X="128" Y="233" T="87801191" />
  <Point X="130" Y="235" T="87801201" />
  <Point X="131" Y="237" T="87801211" />
  <Point X="133" Y="239" T="87801226" />
  <Point X="135" Y="238" T="87801262" />
  <Point X="137" Y="234" T="87801273" />
  <Point X="138" Y="226" T="87801284" />
  <Point X="140" Y="218" T="87801295" />
  <Point X="143" Y="206" T="87801307" />
  <Point X="146" Y="191" T="87801319" />
  <Point X="150" Y="178" T="87801331" />
  <Point X="156" Y="164" T="87801343" />
  <Point X="162" Y="151" T="87801356" />
  <Point X="167" Y="142" T="87801368" />
  <Point X="171" Y="135" T="87801381" />
  <Point X="172" Y="132" T="87801394" />
</Gesture>