﻿<?xml version="1.0" encoding="utf-8" standalone="yes"?>
<Gesture Name="v02" Subject="3" Speed="fast" Number="2" NumPts="40" Millseconds="383" AppName="Gestures" AppVer="3.5.0.0" Date="Thursday, March 08, 2007" TimeOfDay="1:55:33 PM">
  <Point X="78" Y="151" T="87801919" />
  <Point X="79" Y="154" T="87801936" />
  <Point X="81" Y="155" T="87801956" />
  <Point X="83" Y="158" T="87801965" />
  <Point X="85" Y="162" T="87801973" />
  <Point X="86" Y="164" T="87801979" />
  <Point X="87" Y="166" T="87801985" />
  <Point X="90" Y="171" T="87801991" />
  <Point X="93" Y="175" T="87801997" />
  <Point X="95" Y="178" T="87802004" />
  <Point X="98" Y="184" T="87802011" />
  <Point X="102" Y="191" T="87802018" />
  <Point X="106" Y="198" T="87802025" />
  <Point X="108" Y="201" T="87802033" />
  <Point X="110" Y="204" T="87802034" />
  <Point X="113" Y="212" T="87802042" />
  <Point X="117" Y="218" T="87802050" />
  <Point X="120" Y="224" T="87802058" />
  <Point X="121" Y="226" T="87802067" />
  <Point X="123" Y="230" T="87802076" />
  <Point X="124" Y="233" T="87802077" />
  <Point X="126" Y="236" T="87802089" />
  <Point X="126" Y="238" T="87802098" />
  <Point X="127" Y="240" T="87802108" />
  <Point X="129" Y="240" T="87802141" />
  <Point X="130" Y="238" T="87802154" />
  <Point X="131" Y="235" T="87802164" />
  <Point X="133" Y="229" T="87802175" />
  <Point X="136" Y="221" T="87802186" />
  <Point X="138" Y="214" T="87802197" />
  <Point X="139" Y="209" T="87802198" />
  <Point X="142" Y="201" T="87802210" />
  <Point X="144" Y="196" T="87802211" />
  <Point X="149" Y="182" T="87802223" />
  <Point X="155" Y="168" T="87802235" />
  <Point X="161" Y="155" T="87802248" />
  <Point X="166" Y="148" T="87802261" />
  <Point X="169" Y="142" T="87802273" />
  <Point X="171" Y="140" T="87802286" />
  <Point X="172" Y="138" T="87802302" />
</Gesture>