﻿<?xml version="1.0" encoding="utf-8" standalone="yes"?>
<Gesture Name="v03" Subject="3" Speed="fast" Number="3" NumPts="40" Millseconds="401" AppName="Gestures" AppVer="3.5.0.0" Date="Thursday, March 08, 2007" TimeOfDay="1:55:34 PM">
  <Point X="75" Y="155" T="87802776" />
  <Point X="77" Y="158" T="87802809" />
  <Point X="78" Y="160" T="87802817" />
  <Point X="80" Y="163" T="87802825" />
  <Point X="82" Y="167" T="87802832" />
  <Point X="83" Y="169" T="87802838" />
  <Point X="85" Y="171" T="87802844" />
  <Point X="86" Y="174" T="87802845" />
  <Point X="88" Y="177" T="87802851" />
  <Point X="89" Y="180" T="87802852" />
  <Point X="91" Y="183" T="87802859" />
  <Point X="92" Y="187" T="87802860" />
  <Point X="94" Y="190" T="87802868" />
  <Point X="95" Y="193" T="87802869" />
  <Point X="99" Y="200" T="87802877" />
  <Point X="102" Y="209" T="87802885" />
  <Point X="105" Y="217" T="87802893" />
  <Point X="108" Y="223" T="87802902" />
  <Point X="111" Y="230" T="87802910" />
  <Point X="114" Y="235" T="87802919" />
  <Point X="116" Y="239" T="87802928" />
  <Point X="118" Y="242" T="87802938" />
  <Point X="119" Y="245" T="87802947" />
  <Point X="120" Y="247" T="87802957" />
  <Point X="123" Y="245" T="87803020" />
  <Point X="124" Y="241" T="87803031" />
  <Point X="126" Y="234" T="87803042" />
  <Point X="129" Y="224" T="87803053" />
  <Point X="132" Y="216" T="87803063" />
  <Point X="133" Y="211" T="87803064" />
  <Point X="136" Y="203" T="87803076" />
  <Point X="138" Y="199" T="87803077" />
  <Point X="145" Y="185" T="87803089" />
  <Point X="154" Y="171" T="87803101" />
  <Point X="162" Y="160" T="87803113" />
  <Point X="168" Y="151" T="87803126" />
  <Point X="173" Y="144" T="87803139" />
  <Point X="176" Y="141" T="87803151" />
  <Point X="179" Y="140" T="87803164" />
  <Point X="180" Y="138" T="87803177" />
</Gesture>