﻿<?xml version="1.0" encoding="utf-8" standalone="yes"?>
<Gesture Name="v04" Subject="3" Speed="fast" Number="4" NumPts="38" Millseconds="400" AppName="Gestures" AppVer="3.5.0.0" Date="Thursday, March 08, 2007" TimeOfDay="1:55:35 PM">
  <Point X="71" Y="157" T="87803682" />
  <Point X="72" Y="159" T="87803694" />
  <Point X="74" Y="161" T="87803703" />
  <Point X="75" Y="163" T="87803709" />
  <Point X="77" Y="166" T="87803715" />
  <Point X="80" Y="169" T="87803723" />
  <Point X="82" Y="173" T="87803731" />
  <Point X="85" Y="178" T="87803739" />
  <Point X="86" Y="180" T="87803746" />
  <Point X="89" Y="186" T="87803752" />
  <Point X="92" Y="192" T="87803759" />
  <Point X="93" Y="196" T="87803766" />
  <Point X="96" Y="202" T="87803773" />
  <Point X="99" Y="209" T="87803781" />
  <Point X="103" Y="215" T="87803789" />
  <Point X="106" Y="222" T="87803797" />
  <Point X="108" Y="228" T="87803805" />
  <Point X="111" Y="233" T="87803813" />
  <Point X="113" Y="238" T="87803822" />
  <Point X="114" Y="240" T="87803831" />
  <Point X="116" Y="243" T="87803832" />
  <Point X="118" Y="246" T="87803841" />
  <Point X="120" Y="248" T="87803851" />
  <Point X="121" Y="250" T="87803864" />
  <Point X="123" Y="247" T="87803932" />
  <Point X="123" Y="244" T="87803942" />
  <Point X="123" Y="242" T="87803952" />
  <Point X="124" Y="236" T="87803963" />
  <Point X="125" Y="226" T="87803974" />
  <Point X="129" Y="215" T="87803985" />
  <Point X="135" Y="201" T="87803997" />
  <Point X="141" Y="185" T="87804008" />
  <Point X="148" Y="171" T="87804020" />
  <Point X="155" Y="159" T="87804033" />
  <Point X="159" Y="152" T="87804045" />
  <Point X="165" Y="146" T="87804057" />
  <Point X="167" Y="143" T="87804069" />
  <Point X="169" Y="141" T="87804082" />
</Gesture>