﻿<?xml version="1.0" encoding="utf-8" standalone="yes"?>
<Gesture Name="v05" Subject="3" Speed="fast" Number="5" NumPts="43" Millseconds="443" AppName="Gestures" AppVer="3.5.0.0" Date="Thursday, March 08, 2007" TimeOfDay="1:55:36 PM">
  <Point X="77" Y="166" T="87804611" />
  <Point X="79" Y="168" T="87804624" />
  <Point X="82" Y="170" T="87804636" />
  <Point X="83" Y="173" T="87804644" />
  <Point X="84" Y="175" T="87804649" />
  <Point X="87" Y="178" T="87804656" />
  <Point X="89" Y="182" T="87804664" />
  <Point X="92" Y="186" T="87804672" />
  <Point X="94" Y="189" T="87804679" />
  <Point X="97" Y="195" T="87804685" />
  <Point X="101" Y="201" T="87804692" />
  <Point X="103" Y="205" T="87804699" />
  <Point X="105" Y="208" T="87804700" />
  <Point X="108" Y="216" T="87804708" />
  <Point X="111" Y="224" T="87804716" />
  <Point X="113" Y="230" T="87804724" />
  <Point X="115" Y="237" T="87804732" />
  <Point X="116" Y="239" T="87804741" />
  <Point X="118" Y="243" T="87804749" />
  <Point X="119" Y="246" T="87804758" />
  <Point X="120" Y="248" T="87804767" />
  <Point X="122" Y="251" T="87804776" />
  <Point X="122" Y="253" T="87804785" />
  <Point X="124" Y="250" T="87804860" />
  <Point X="124" Y="248" T="87804870" />
  <Point X="125" Y="245" T="87804880" />
  <Point X="126" Y="241" T="87804890" />
  <Point X="128" Y="231" T="87804901" />
  <Point X="129" Y="227" T="87804912" />
  <Point X="130" Y="224" T="87804913" />
  <Point X="134" Y="215" T="87804925" />
  <Point X="138" Y="203" T="87804936" />
  <Point X="141" Y="196" T="87804948" />
  <Point X="143" Y="192" T="87804949" />
  <Point X="148" Y="182" T="87804961" />
  <Point X="153" Y="171" T="87804974" />
  <Point X="158" Y="163" T="87804987" />
  <Point X="161" Y="158" T="87804999" />
  <Point X="163" Y="154" T="87805000" />
  <Point X="165" Y="151" T="87805013" />
  <Point X="169" Y="145" T="87805026" />
  <Point X="170" Y="143" T="87805040" />
  <Point X="172" Y="141" T="87805054" />
</Gesture>