﻿<?xml version="1.0" encoding="utf-8" standalone="yes"?>
<Gesture Name="v06" Subject="3" Speed="fast" Number="6" NumPts="41" Millseconds="455" AppName="Gestures" AppVer="3.5.0.0" Date="Thursday, March 08, 2007" TimeOfDay="1:55:37 PM">
  <Point X="80" Y="151" T="87805513" />
  <Point X="82" Y="151" T="87805562" />
  <Point X="84" Y="153" T="87805574" />
  <Point X="86" Y="156" T="87805582" />
  <Point X="88" Y="159" T="87805589" />
  <Point X="89" Y="161" T="87805595" />
  <Point X="90" Y="164" T="87805601" />
  <Point X="92" Y="168" T="87805607" />
  <Point X="95" Y="174" T="87805613" />
  <Point X="96" Y="176" T="87805620" />
  <Point X="99" Y="182" T="87805627" />
  <Point X="101" Y="189" T="87805634" />
  <Point X="104" Y="196" T="87805642" />
  <Point X="107" Y="202" T="87805649" />
  <Point X="108" Y="206" T="87805657" />
  <Point X="110" Y="209" T="87805658" />
  <Point X="113" Y="217" T="87805666" />
  <Point X="115" Y="224" T="87805674" />
  <Point X="117" Y="229" T="87805683" />
  <Point X="119" Y="234" T="87805692" />
  <Point X="120" Y="236" T="87805701" />
  <Point X="121" Y="239" T="87805710" />
  <Point X="122" Y="242" T="87805720" />
  <Point X="123" Y="244" T="87805729" />
  <Point X="124" Y="246" T="87805739" />
  <Point X="125" Y="248" T="87805749" />
  <Point X="127" Y="246" T="87805822" />
  <Point X="128" Y="243" T="87805832" />
  <Point X="129" Y="241" T="87805843" />
  <Point X="132" Y="230" T="87805855" />
  <Point X="133" Y="224" T="87805866" />
  <Point X="134" Y="221" T="87805867" />
  <Point X="138" Y="210" T="87805879" />
  <Point X="142" Y="197" T="87805891" />
  <Point X="148" Y="183" T="87805903" />
  <Point X="152" Y="172" T="87805915" />
  <Point X="158" Y="161" T="87805928" />
  <Point X="162" Y="151" T="87805941" />
  <Point X="164" Y="149" T="87805942" />
  <Point X="167" Y="143" T="87805955" />
  <Point X="169" Y="141" T="87805968" />
</Gesture>