﻿<?xml version="1.0" encoding="utf-8" standalone="yes"?>
<Gesture Name="v07" Subject="3" Speed="fast" Number="7" NumPts="42" Millseconds="436" AppName="Gestures" AppVer="3.5.0.0" Date="Thursday, March 08, 2007" TimeOfDay="1:55:38 PM">
  <Point X="85" Y="155" T="87806439" />
  <Point X="87" Y="157" T="87806455" />
  <Point X="88" Y="159" T="87806463" />
  <Point X="90" Y="162" T="87806475" />
  <Point X="92" Y="164" T="87806483" />
  <Point X="94" Y="168" T="87806491" />
  <Point X="95" Y="170" T="87806497" />
  <Point X="98" Y="175" T="87806504" />
  <Point X="99" Y="178" T="87806510" />
  <Point X="102" Y="184" T="87806517" />
  <Point X="104" Y="190" T="87806524" />
  <Point X="106" Y="193" T="87806530" />
  <Point X="107" Y="197" T="87806532" />
  <Point X="110" Y="204" T="87806539" />
  <Point X="111" Y="207" T="87806547" />
  <Point X="112" Y="211" T="87806548" />
  <Point X="115" Y="217" T="87806556" />
  <Point X="117" Y="223" T="87806564" />
  <Point X="119" Y="229" T="87806573" />
  <Point X="121" Y="234" T="87806582" />
  <Point X="121" Y="236" T="87806591" />
  <Point X="123" Y="239" T="87806592" />
  <Point X="124" Y="242" T="87806602" />
  <Point X="125" Y="244" T="87806611" />
  <Point X="126" Y="247" T="87806623" />
  <Point X="127" Y="249" T="87806638" />
  <Point X="129" Y="251" T="87806690" />
  <Point X="130" Y="248" T="87806706" />
  <Point X="132" Y="245" T="87806723" />
  <Point X="133" Y="241" T="87806734" />
  <Point X="135" Y="234" T="87806745" />
  <Point X="138" Y="226" T="87806757" />
  <Point X="141" Y="214" T="87806769" />
  <Point X="145" Y="203" T="87806781" />
  <Point X="150" Y="190" T="87806793" />
  <Point X="156" Y="177" T="87806806" />
  <Point X="162" Y="166" T="87806818" />
  <Point X="165" Y="162" T="87806819" />
  <Point X="171" Y="151" T="87806832" />
  <Point X="175" Y="145" T="87806845" />
  <Point X="178" Y="141" T="87806859" />
  <Point X="180" Y="141" T="87806875" />
</Gesture>