﻿<?xml version="1.0" encoding="utf-8" standalone="yes"?>
<Gesture Name="v08" Subject="3" Speed="fast" Number="8" NumPts="42" Millseconds="436" AppName="Gestures" AppVer="3.5.0.0" Date="Thursday, March 08, 2007" TimeOfDay="1:55:39 PM">
  <Point X="75" Y="166" T="87807394" />
  <Point X="77" Y="166" T="87807435" />
  <Point X="79" Y="168" T="87807443" />
  <Point X="81" Y="171" T="87807450" />
  <Point X="82" Y="173" T="87807455" />
  <Point X="85" Y="176" T="87807462" />
  <Point X="86" Y="178" T="87807468" />
  <Point X="89" Y="184" T="87807475" />
  <Point X="91" Y="187" T="87807481" />
  <Point X="94" Y="192" T="87807488" />
  <Point X="97" Y="199" T="87807495" />
  <Point X="99" Y="206" T="87807502" />
  <Point X="101" Y="210" T="87807510" />
  <Point X="102" Y="214" T="87807511" />
  <Point X="105" Y="221" T="87807519" />
  <Point X="108" Y="226" T="87807528" />
  <Point X="111" Y="232" T="87807537" />
  <Point X="113" Y="236" T="87807546" />
  <Point X="115" Y="239" T="87807555" />
  <Point X="116" Y="242" T="87807563" />
  <Point X="118" Y="244" T="87807574" />
  <Point X="119" Y="246" T="87807590" />
  <Point X="121" Y="245" T="87807623" />
  <Point X="122" Y="242" T="87807639" />
  <Point X="122" Y="240" T="87807649" />
  <Point X="123" Y="238" T="87807659" />
  <Point X="123" Y="234" T="87807669" />
  <Point X="124" Y="228" T="87807679" />
  <Point X="125" Y="224" T="87807690" />
  <Point X="126" Y="221" T="87807691" />
  <Point X="127" Y="215" T="87807702" />
  <Point X="128" Y="212" T="87807704" />
  <Point X="132" Y="203" T="87807716" />
  <Point X="137" Y="190" T="87807728" />
  <Point X="143" Y="177" T="87807740" />
  <Point X="149" Y="165" T="87807752" />
  <Point X="155" Y="154" T="87807765" />
  <Point X="161" Y="145" T="87807778" />
  <Point X="165" Y="140" T="87807791" />
  <Point X="168" Y="137" T="87807804" />
  <Point X="171" Y="135" T="87807817" />
  <Point X="172" Y="132" T="87807830" />
</Gesture>