﻿<?xml version="1.0" encoding="utf-8" standalone="yes"?>
<Gesture Name="v09" Subject="3" Speed="fast" Number="9" NumPts="44" Millseconds="427" AppName="Gestures" AppVer="3.5.0.0" Date="Thursday, March 08, 2007" TimeOfDay="1:55:40 PM">
  <Point X="88" Y="145" T="87808355" />
  <Point X="89" Y="147" T="87808382" />
  <Point X="91" Y="150" T="87808395" />
  <Point X="93" Y="153" T="87808407" />
  <Point X="94" Y="155" T="87808412" />
  <Point X="95" Y="158" T="87808419" />
  <Point X="97" Y="160" T="87808426" />
  <Point X="99" Y="165" T="87808432" />
  <Point X="100" Y="167" T="87808438" />
  <Point X="101" Y="170" T="87808439" />
  <Point X="102" Y="173" T="87808446" />
  <Point X="103" Y="176" T="87808447" />
  <Point X="104" Y="179" T="87808455" />
  <Point X="105" Y="181" T="87808456" />
  <Point X="107" Y="188" T="87808463" />
  <Point X="110" Y="194" T="87808472" />
  <Point X="112" Y="202" T="87808480" />
  <Point X="114" Y="210" T="87808488" />
  <Point X="116" Y="217" T="87808498" />
  <Point X="119" Y="227" T="87808508" />
  <Point X="120" Y="233" T="87808517" />
  <Point X="121" Y="235" T="87808527" />
  <Point X="122" Y="239" T="87808528" />
  <Point X="122" Y="241" T="87808539" />
  <Point X="123" Y="243" T="87808551" />
  <Point X="124" Y="245" T="87808575" />
  <Point X="126" Y="243" T="87808607" />
  <Point X="127" Y="240" T="87808618" />
  <Point X="129" Y="238" T="87808628" />
  <Point X="131" Y="230" T="87808640" />
  <Point X="132" Y="225" T="87808651" />
  <Point X="135" Y="217" T="87808662" />
  <Point X="137" Y="213" T="87808663" />
  <Point X="141" Y="202" T="87808675" />
  <Point X="146" Y="189" T="87808688" />
  <Point X="151" Y="176" T="87808700" />
  <Point X="157" Y="165" T="87808713" />
  <Point X="162" Y="157" T="87808726" />
  <Point X="164" Y="153" T="87808727" />
  <Point X="168" Y="146" T="87808740" />
  <Point X="174" Y="136" T="87808754" />
  <Point X="176" Y="134" T="87808755" />
  <Point X="179" Y="130" T="87808769" />
  <Point X="181" Y="128" T="87808782" />
</Gesture>