﻿<?xml version="1.0" encoding="utf-8" standalone="yes"?>
<Gesture Name="v10" Subject="3" Speed="fast" Number="10" NumPts="42" Millseconds="422" AppName="Gestures" AppVer="3.5.0.0" Date="Thursday, March 08, 2007" TimeOfDay="1:55:41 PM">
  <Point X="86" Y="151" T="87809330" />
  <Point X="88" Y="153" T="87809350" />
  <Point X="90" Y="155" T="87809363" />
  <Point X="92" Y="158" T="87809371" />
  <Point X="95" Y="160" T="87809379" />
  <Point X="98" Y="163" T="87809388" />
  <Point X="102" Y="168" T="87809396" />
  <Point X="104" Y="171" T="87809402" />
  <Point X="107" Y="177" T="87809409" />
  <Point X="109" Y="180" T="87809416" />
  <Point X="110" Y="183" T="87809417" />
  <Point X="112" Y="186" T="87809424" />
  <Point X="114" Y="190" T="87809425" />
  <Point X="118" Y="197" T="87809432" />
  <Point X="122" Y="205" T="87809440" />
  <Point X="125" Y="212" T="87809448" />
  <Point X="127" Y="218" T="87809457" />
  <Point X="130" Y="223" T="87809465" />
  <Point X="131" Y="226" T="87809473" />
  <Point X="132" Y="229" T="87809482" />
  <Point X="134" Y="231" T="87809491" />
  <Point X="135" Y="233" T="87809504" />
  <Point X="136" Y="236" T="87809532" />
  <Point X="137" Y="233" T="87809568" />
  <Point X="137" Y="231" T="87809580" />
  <Point X="137" Y="228" T="87809592" />
  <Point X="138" Y="226" T="87809602" />
  <Point X="139" Y="219" T="87809613" />
  <Point X="140" Y="213" T="87809624" />
  <Point X="141" Y="210" T="87809625" />
  <Point X="144" Y="200" T="87809636" />
  <Point X="146" Y="191" T="87809648" />
  <Point X="148" Y="186" T="87809649" />
  <Point X="152" Y="173" T="87809661" />
  <Point X="157" Y="161" T="87809673" />
  <Point X="162" Y="151" T="87809686" />
  <Point X="166" Y="142" T="87809699" />
  <Point X="168" Y="138" T="87809711" />
  <Point X="170" Y="135" T="87809713" />
  <Point X="174" Y="129" T="87809726" />
  <Point X="176" Y="127" T="87809739" />
  <Point X="177" Y="125" T="87809752" />
</Gesture>