﻿<?xml version="1.0" encoding="utf-8" standalone="yes"?>
<Gesture Name="x01" Subject="3" Speed="fast" Number="1" NumPts="52" Millseconds="696" AppName="Gestures" AppVer="3.5.0.0" Date="Thursday, March 08, 2007" TimeOfDay="2:00:22 PM">
  <Point X="75" Y="147" T="88090870" />
  <Point X="78" Y="148" T="88090959" />
  <Point X="80" Y="149" T="88090967" />
  <Point X="84" Y="152" T="88090975" />
  <Point X="86" Y="153" T="88090980" />
  <Point X="89" Y="156" T="88090987" />
  <Point X="91" Y="158" T="88090993" />
  <Point X="96" Y="163" T="88090999" />
  <Point X="99" Y="165" T="88091006" />
  <Point X="104" Y="170" T="88091012" />
  <Point X="108" Y="175" T="88091019" />
  <Point X="110" Y="178" T="88091026" />
  <Point X="113" Y="181" T="88091027" />
  <Point X="117" Y="188" T="88091036" />
  <Point X="120" Y="194" T="88091044" />
  <Point X="124" Y="201" T="88091052" />
  <Point X="128" Y="207" T="88091060" />
  <Point X="131" Y="213" T="88091069" />
  <Point X="134" Y="217" T="88091078" />
  <Point X="137" Y="220" T="88091086" />
  <Point X="139" Y="222" T="88091096" />
  <Point X="141" Y="224" T="88091105" />
  <Point X="143" Y="224" T="88091114" />
  <Point X="145" Y="226" T="88091131" />
  <Point X="146" Y="223" T="88091171" />
  <Point X="146" Y="221" T="88091181" />
  <Point X="146" Y="219" T="88091191" />
  <Point X="146" Y="215" T="88091202" />
  <Point X="144" Y="208" T="88091212" />
  <Point X="143" Y="201" T="88091223" />
  <Point X="142" Y="195" T="88091234" />
  <Point X="141" Y="192" T="88091235" />
  <Point X="140" Y="183" T="88091249" />
  <Point X="139" Y="172" T="88091261" />
  <Point X="139" Y="161" T="88091274" />
  <Point X="140" Y="150" T="88091287" />
  <Point X="141" Y="147" T="88091288" />
  <Point X="143" Y="135" T="88091304" />
  <Point X="145" Y="131" T="88091317" />
  <Point X="146" Y="125" T="88091331" />
  <Point X="144" Y="128" T="88091376" />
  <Point X="140" Y="135" T="88091391" />
  <Point X="133" Y="148" T="88091405" />
  <Point X="124" Y="162" T="88091420" />
  <Point X="117" Y="173" T="88091435" />
  <Point X="115" Y="176" T="88091436" />
  <Point X="104" Y="190" T="88091454" />
  <Point X="94" Y="202" T="88091470" />
  <Point X="88" Y="209" T="88091485" />
  <Point X="83" Y="215" T="88091501" />
  <Point X="81" Y="221" T="88091517" />
  <Point X="79" Y="223" T="88091566" />
</Gesture>