﻿<?xml version="1.0" encoding="utf-8" standalone="yes"?>
<Gesture Name="x02" Subject="3" Speed="fast" Number="2" NumPts="56" Millseconds="589" AppName="Gestures" AppVer="3.5.0.0" Date="Thursday, March 08, 2007" TimeOfDay="2:00:23 PM">
  <Point X="78" Y="147" T="88092098" />
  <Point X="80" Y="147" T="88092115" />
  <Point X="82" Y="148" T="88092123" />
  <Point X="85" Y="150" T="88092130" />
  <Point X="89" Y="153" T="88092138" />
  <Point X="91" Y="155" T="88092144" />
  <Point X="93" Y="157" T="88092150" />
  <Point X="96" Y="159" T="88092151" />
  <Point X="98" Y="161" T="88092157" />
  <Point X="101" Y="163" T="88092158" />
  <Point X="103" Y="166" T="88092165" />
  <Point X="106" Y="168" T="88092166" />
  <Point X="109" Y="170" T="88092174" />
  <Point X="112" Y="173" T="88092175" />
  <Point X="118" Y="179" T="88092182" />
  <Point X="123" Y="185" T="88092190" />
  <Point X="127" Y="192" T="88092199" />
  <Point X="131" Y="198" T="88092207" />
  <Point X="134" Y="205" T="88092216" />
  <Point X="137" Y="210" T="88092225" />
  <Point X="140" Y="215" T="88092234" />
  <Point X="141" Y="217" T="88092235" />
  <Point X="142" Y="220" T="88092244" />
  <Point X="144" Y="223" T="88092253" />
  <Point X="146" Y="226" T="88092254" />
  <Point X="148" Y="226" T="88092270" />
  <Point X="149" Y="228" T="88092290" />
  <Point X="149" Y="226" T="88092322" />
  <Point X="149" Y="224" T="88092334" />
  <Point X="150" Y="221" T="88092346" />
  <Point X="150" Y="218" T="88092358" />
  <Point X="150" Y="211" T="88092369" />
  <Point X="150" Y="209" T="88092371" />
  <Point X="150" Y="201" T="88092383" />
  <Point X="150" Y="191" T="88092395" />
  <Point X="150" Y="180" T="88092408" />
  <Point X="149" Y="167" T="88092421" />
  <Point X="150" Y="155" T="88092433" />
  <Point X="150" Y="152" T="88092434" />
  <Point X="151" Y="140" T="88092448" />
  <Point X="152" Y="132" T="88092461" />
  <Point X="152" Y="130" T="88092462" />
  <Point X="152" Y="127" T="88092476" />
  <Point X="153" Y="125" T="88092489" />
  <Point X="151" Y="127" T="88092530" />
  <Point X="147" Y="134" T="88092544" />
  <Point X="140" Y="145" T="88092559" />
  <Point X="130" Y="160" T="88092575" />
  <Point X="121" Y="173" T="88092590" />
  <Point X="118" Y="177" T="88092591" />
  <Point X="105" Y="190" T="88092606" />
  <Point X="95" Y="198" T="88092622" />
  <Point X="88" Y="206" T="88092640" />
  <Point X="83" Y="213" T="88092656" />
  <Point X="82" Y="216" T="88092672" />
  <Point X="81" Y="219" T="88092687" />
</Gesture>