﻿<?xml version="1.0" encoding="utf-8" standalone="yes"?>
<Gesture Name="x03" Subject="3" Speed="fast" Number="3" NumPts="56" Millseconds="611" AppName="Gestures" AppVer="3.5.0.0" Date="Thursday, March 08, 2007" TimeOfDay="2:00:24 PM">
  <Point X="79" Y="141" T="88093177" />
  <Point X="81" Y="144" T="88093185" />
  <Point X="84" Y="147" T="88093193" />
  <Point X="86" Y="149" T="88093198" />
  <Point X="87" Y="151" T="88093204" />
  <Point X="90" Y="155" T="88093210" />
  <Point X="92" Y="157" T="88093216" />
  <Point X="96" Y="161" T="88093222" />
  <Point X="98" Y="163" T="88093229" />
  <Point X="101" Y="166" T="88093230" />
  <Point X="103" Y="169" T="88093236" />
  <Point X="105" Y="171" T="88093237" />
  <Point X="108" Y="174" T="88093245" />
  <Point X="110" Y="176" T="88093246" />
  <Point X="114" Y="182" T="88093254" />
  <Point X="119" Y="189" T="88093263" />
  <Point X="123" Y="195" T="88093272" />
  <Point X="126" Y="200" T="88093281" />
  <Point X="128" Y="202" T="88093282" />
  <Point X="131" Y="206" T="88093291" />
  <Point X="134" Y="211" T="88093300" />
  <Point X="136" Y="214" T="88093302" />
  <Point X="138" Y="216" T="88093311" />
  <Point X="141" Y="219" T="88093321" />
  <Point X="143" Y="220" T="88093331" />
  <Point X="145" Y="222" T="88093341" />
  <Point X="147" Y="223" T="88093352" />
  <Point X="149" Y="226" T="88093362" />
  <Point X="150" Y="223" T="88093418" />
  <Point X="150" Y="221" T="88093429" />
  <Point X="150" Y="218" T="88093440" />
  <Point X="150" Y="208" T="88093451" />
  <Point X="150" Y="199" T="88093463" />
  <Point X="150" Y="190" T="88093475" />
  <Point X="150" Y="177" T="88093487" />
  <Point X="151" Y="165" T="88093499" />
  <Point X="152" Y="154" T="88093512" />
  <Point X="154" Y="143" T="88093525" />
  <Point X="155" Y="134" T="88093538" />
  <Point X="156" Y="132" T="88093539" />
  <Point X="157" Y="127" T="88093552" />
  <Point X="157" Y="125" T="88093583" />
  <Point X="154" Y="127" T="88093602" />
  <Point X="150" Y="134" T="88093616" />
  <Point X="140" Y="146" T="88093631" />
  <Point X="131" Y="157" T="88093645" />
  <Point X="127" Y="162" T="88093647" />
  <Point X="116" Y="176" T="88093662" />
  <Point X="112" Y="180" T="88093663" />
  <Point X="99" Y="194" T="88093679" />
  <Point X="88" Y="207" T="88093694" />
  <Point X="81" Y="217" T="88093713" />
  <Point X="78" Y="225" T="88093729" />
  <Point X="76" Y="230" T="88093744" />
  <Point X="78" Y="232" T="88093767" />
  <Point X="80" Y="231" T="88093788" />
</Gesture>