﻿<?xml version="1.0" encoding="utf-8" standalone="yes"?>
<Gesture Name="x04" Subject="3" Speed="fast" Number="4" NumPts="54" Millseconds="610" AppName="Gestures" AppVer="3.5.0.0" Date="Thursday, March 08, 2007" TimeOfDay="2:00:25 PM">
  <Point X="77" Y="142" T="88094272" />
  <Point X="80" Y="144" T="88094288" />
  <Point X="82" Y="147" T="88094296" />
  <Point X="85" Y="150" T="88094304" />
  <Point X="88" Y="153" T="88094313" />
  <Point X="90" Y="155" T="88094319" />
  <Point X="93" Y="157" T="88094324" />
  <Point X="95" Y="159" T="88094325" />
  <Point X="97" Y="162" T="88094332" />
  <Point X="102" Y="168" T="88094339" />
  <Point X="107" Y="174" T="88094346" />
  <Point X="109" Y="177" T="88094352" />
  <Point X="112" Y="181" T="88094353" />
  <Point X="117" Y="186" T="88094361" />
  <Point X="120" Y="189" T="88094369" />
  <Point X="122" Y="192" T="88094370" />
  <Point X="126" Y="197" T="88094378" />
  <Point X="130" Y="203" T="88094386" />
  <Point X="132" Y="205" T="88094395" />
  <Point X="135" Y="209" T="88094403" />
  <Point X="138" Y="212" T="88094412" />
  <Point X="142" Y="217" T="88094421" />
  <Point X="144" Y="220" T="88094433" />
  <Point X="146" Y="218" T="88094498" />
  <Point X="147" Y="216" T="88094507" />
  <Point X="147" Y="214" T="88094517" />
  <Point X="147" Y="211" T="88094518" />
  <Point X="148" Y="208" T="88094529" />
  <Point X="149" Y="199" T="88094539" />
  <Point X="150" Y="191" T="88094551" />
  <Point X="150" Y="182" T="88094562" />
  <Point X="151" Y="179" T="88094563" />
  <Point X="152" Y="168" T="88094575" />
  <Point X="154" Y="157" T="88094586" />
  <Point X="155" Y="147" T="88094599" />
  <Point X="156" Y="139" T="88094611" />
  <Point X="157" Y="134" T="88094623" />
  <Point X="157" Y="132" T="88094635" />
  <Point X="157" Y="127" T="88094648" />
  <Point X="155" Y="128" T="88094689" />
  <Point X="153" Y="130" T="88094702" />
  <Point X="147" Y="138" T="88094715" />
  <Point X="137" Y="150" T="88094729" />
  <Point X="128" Y="162" T="88094744" />
  <Point X="115" Y="176" T="88094758" />
  <Point X="106" Y="188" T="88094772" />
  <Point X="103" Y="191" T="88094773" />
  <Point X="96" Y="200" T="88094791" />
  <Point X="94" Y="202" T="88094792" />
  <Point X="87" Y="212" T="88094808" />
  <Point X="82" Y="219" T="88094823" />
  <Point X="80" Y="221" T="88094838" />
  <Point X="79" Y="224" T="88094853" />
  <Point X="81" Y="222" T="88094882" />
</Gesture>