﻿<?xml version="1.0" encoding="utf-8" standalone="yes"?>
<Gesture Name="x05" Subject="3" Speed="fast" Number="5" NumPts="54" Millseconds="669" AppName="Gestures" AppVer="3.5.0.0" Date="Thursday, March 08, 2007" TimeOfDay="2:00:26 PM">
  <Point X="78" Y="136" T="88095304" />
  <Point X="80" Y="138" T="88095329" />
  <Point X="82" Y="140" T="88095342" />
  <Point X="84" Y="141" T="88095353" />
  <Point X="87" Y="144" T="88095361" />
  <Point X="88" Y="146" T="88095367" />
  <Point X="91" Y="149" T="88095373" />
  <Point X="95" Y="153" T="88095381" />
  <Point X="97" Y="155" T="88095387" />
  <Point X="102" Y="161" T="88095394" />
  <Point X="105" Y="163" T="88095401" />
  <Point X="108" Y="166" T="88095402" />
  <Point X="114" Y="171" T="88095409" />
  <Point X="117" Y="175" T="88095416" />
  <Point X="119" Y="178" T="88095417" />
  <Point X="124" Y="183" T="88095426" />
  <Point X="129" Y="189" T="88095434" />
  <Point X="133" Y="193" T="88095442" />
  <Point X="136" Y="198" T="88095451" />
  <Point X="139" Y="202" T="88095460" />
  <Point X="142" Y="205" T="88095468" />
  <Point X="145" Y="208" T="88095478" />
  <Point X="147" Y="211" T="88095487" />
  <Point X="149" Y="214" T="88095496" />
  <Point X="151" Y="214" T="88095506" />
  <Point X="153" Y="216" T="88095521" />
  <Point X="155" Y="215" T="88095557" />
  <Point X="156" Y="213" T="88095577" />
  <Point X="156" Y="211" T="88095589" />
  <Point X="157" Y="209" T="88095600" />
  <Point X="157" Y="203" T="88095610" />
  <Point X="157" Y="199" T="88095622" />
  <Point X="158" Y="190" T="88095634" />
  <Point X="158" Y="181" T="88095645" />
  <Point X="158" Y="170" T="88095657" />
  <Point X="158" Y="161" T="88095670" />
  <Point X="158" Y="151" T="88095682" />
  <Point X="159" Y="140" T="88095695" />
  <Point X="159" Y="131" T="88095708" />
  <Point X="159" Y="125" T="88095721" />
  <Point X="159" Y="123" T="88095734" />
  <Point X="159" Y="121" T="88095747" />
  <Point X="158" Y="124" T="88095785" />
  <Point X="153" Y="129" T="88095799" />
  <Point X="144" Y="141" T="88095813" />
  <Point X="135" Y="152" T="88095828" />
  <Point X="120" Y="171" T="88095843" />
  <Point X="104" Y="189" T="88095858" />
  <Point X="96" Y="200" T="88095873" />
  <Point X="93" Y="202" T="88095874" />
  <Point X="88" Y="210" T="88095889" />
  <Point X="83" Y="215" T="88095905" />
  <Point X="82" Y="217" T="88095920" />
  <Point X="84" Y="216" T="88095973" />
</Gesture>