﻿<?xml version="1.0" encoding="utf-8" standalone="yes"?>
<Gesture Name="x06" Subject="3" Speed="fast" Number="6" NumPts="52" Millseconds="625" AppName="Gestures" AppVer="3.5.0.0" Date="Thursday, March 08, 2007" TimeOfDay="2:00:27 PM">
  <Point X="75" Y="143" T="88096387" />
  <Point X="77" Y="144" T="88096404" />
  <Point X="79" Y="146" T="88096412" />
  <Point X="82" Y="148" T="88096419" />
  <Point X="84" Y="149" T="88096427" />
  <Point X="88" Y="152" T="88096434" />
  <Point X="90" Y="154" T="88096440" />
  <Point X="94" Y="156" T="88096447" />
  <Point X="96" Y="158" T="88096453" />
  <Point X="100" Y="163" T="88096460" />
  <Point X="103" Y="166" T="88096467" />
  <Point X="105" Y="169" T="88096468" />
  <Point X="110" Y="174" T="88096475" />
  <Point X="113" Y="177" T="88096482" />
  <Point X="115" Y="180" T="88096484" />
  <Point X="120" Y="185" T="88096492" />
  <Point X="124" Y="192" T="88096500" />
  <Point X="128" Y="198" T="88096508" />
  <Point X="131" Y="203" T="88096516" />
  <Point X="135" Y="208" T="88096525" />
  <Point X="136" Y="210" T="88096534" />
  <Point X="139" Y="213" T="88096543" />
  <Point X="141" Y="215" T="88096544" />
  <Point X="143" Y="217" T="88096559" />
  <Point X="143" Y="215" T="88096629" />
  <Point X="142" Y="213" T="88096648" />
  <Point X="142" Y="211" T="88096658" />
  <Point X="143" Y="204" T="88096669" />
  <Point X="143" Y="199" T="88096679" />
  <Point X="144" Y="195" T="88096680" />
  <Point X="145" Y="187" T="88096691" />
  <Point X="145" Y="184" T="88096692" />
  <Point X="147" Y="172" T="88096704" />
  <Point X="149" Y="160" T="88096716" />
  <Point X="150" Y="147" T="88096728" />
  <Point X="151" Y="137" T="88096741" />
  <Point X="152" Y="130" T="88096753" />
  <Point X="153" Y="124" T="88096766" />
  <Point X="154" Y="122" T="88096778" />
  <Point X="153" Y="124" T="88096832" />
  <Point X="151" Y="127" T="88096845" />
  <Point X="146" Y="133" T="88096858" />
  <Point X="138" Y="143" T="88096873" />
  <Point X="129" Y="152" T="88096887" />
  <Point X="113" Y="168" T="88096901" />
  <Point X="98" Y="185" T="88096916" />
  <Point X="89" Y="195" T="88096931" />
  <Point X="87" Y="198" T="88096932" />
  <Point X="82" Y="205" T="88096947" />
  <Point X="79" Y="211" T="88096963" />
  <Point X="79" Y="214" T="88096978" />
  <Point X="81" Y="213" T="88097012" />
</Gesture>