﻿<?xml version="1.0" encoding="utf-8" standalone="yes"?>
<Gesture Name="x07" Subject="3" Speed="fast" Number="7" NumPts="60" Millseconds="683" AppName="Gestures" AppVer="3.5.0.0" Date="Thursday, March 08, 2007" TimeOfDay="2:00:28 PM">
  <Point X="80" Y="136" T="88097441" />
  <Point X="82" Y="137" T="88097465" />
  <Point X="85" Y="140" T="88097477" />
  <Point X="87" Y="142" T="88097486" />
  <Point X="90" Y="145" T="88097494" />
  <Point X="92" Y="147" T="88097500" />
  <Point X="94" Y="149" T="88097506" />
  <Point X="96" Y="151" T="88097507" />
  <Point X="98" Y="154" T="88097513" />
  <Point X="103" Y="158" T="88097520" />
  <Point X="108" Y="163" T="88097527" />
  <Point X="111" Y="166" T="88097534" />
  <Point X="115" Y="169" T="88097535" />
  <Point X="121" Y="174" T="88097542" />
  <Point X="124" Y="177" T="88097550" />
  <Point X="126" Y="181" T="88097551" />
  <Point X="132" Y="186" T="88097559" />
  <Point X="137" Y="192" T="88097568" />
  <Point X="141" Y="198" T="88097576" />
  <Point X="144" Y="203" T="88097585" />
  <Point X="147" Y="207" T="88097595" />
  <Point X="150" Y="210" T="88097604" />
  <Point X="152" Y="212" T="88097613" />
  <Point X="154" Y="214" T="88097623" />
  <Point X="155" Y="217" T="88097632" />
  <Point X="155" Y="214" T="88097694" />
  <Point X="155" Y="212" T="88097706" />
  <Point X="155" Y="209" T="88097716" />
  <Point X="155" Y="206" T="88097727" />
  <Point X="155" Y="200" T="88097738" />
  <Point X="155" Y="197" T="88097749" />
  <Point X="155" Y="187" T="88097760" />
  <Point X="156" Y="177" T="88097772" />
  <Point X="157" Y="167" T="88097784" />
  <Point X="159" Y="155" T="88097796" />
  <Point X="160" Y="145" T="88097808" />
  <Point X="161" Y="136" T="88097821" />
  <Point X="162" Y="127" T="88097833" />
  <Point X="163" Y="124" T="88097834" />
  <Point X="163" Y="121" T="88097847" />
  <Point X="163" Y="119" T="88097860" />
  <Point X="160" Y="120" T="88097895" />
  <Point X="157" Y="125" T="88097908" />
  <Point X="152" Y="131" T="88097923" />
  <Point X="149" Y="134" T="88097924" />
  <Point X="142" Y="143" T="88097938" />
  <Point X="139" Y="146" T="88097939" />
  <Point X="129" Y="157" T="88097954" />
  <Point X="125" Y="161" T="88097955" />
  <Point X="109" Y="178" T="88097971" />
  <Point X="98" Y="191" T="88097987" />
  <Point X="94" Y="195" T="88097988" />
  <Point X="83" Y="207" T="88098007" />
  <Point X="80" Y="210" T="88098008" />
  <Point X="76" Y="215" T="88098024" />
  <Point X="73" Y="222" T="88098040" />
  <Point X="72" Y="226" T="88098057" />
  <Point X="72" Y="229" T="88098073" />
  <Point X="74" Y="228" T="88098107" />
  <Point X="76" Y="227" T="88098124" />
</Gesture>