﻿<?xml version="1.0" encoding="utf-8" standalone="yes"?>
<Gesture Name="x08" Subject="3" Speed="fast" Number="8" NumPts="54" Millseconds="640" AppName="Gestures" AppVer="3.5.0.0" Date="Thursday, March 08, 2007" TimeOfDay="2:00:29 PM">
  <Point X="73" Y="132" T="88098463" />
  <Point X="75" Y="135" T="88098501" />
  <Point X="77" Y="137" T="88098509" />
  <Point X="79" Y="139" T="88098516" />
  <Point X="82" Y="141" T="88098525" />
  <Point X="84" Y="143" T="88098533" />
  <Point X="86" Y="144" T="88098541" />
  <Point X="89" Y="147" T="88098542" />
  <Point X="92" Y="150" T="88098548" />
  <Point X="95" Y="152" T="88098549" />
  <Point X="97" Y="155" T="88098556" />
  <Point X="100" Y="157" T="88098557" />
  <Point X="102" Y="160" T="88098565" />
  <Point X="105" Y="163" T="88098566" />
  <Point X="110" Y="169" T="88098574" />
  <Point X="116" Y="174" T="88098582" />
  <Point X="121" Y="180" T="88098590" />
  <Point X="126" Y="185" T="88098598" />
  <Point X="130" Y="189" T="88098607" />
  <Point X="134" Y="193" T="88098616" />
  <Point X="137" Y="197" T="88098625" />
  <Point X="141" Y="203" T="88098637" />
  <Point X="143" Y="206" T="88098646" />
  <Point X="145" Y="208" T="88098656" />
  <Point X="147" Y="210" T="88098665" />
  <Point X="148" Y="213" T="88098695" />
  <Point X="148" Y="211" T="88098742" />
  <Point X="149" Y="209" T="88098752" />
  <Point X="150" Y="206" T="88098763" />
  <Point X="151" Y="202" T="88098774" />
  <Point X="151" Y="199" T="88098775" />
  <Point X="152" Y="191" T="88098786" />
  <Point X="153" Y="186" T="88098798" />
  <Point X="154" Y="183" T="88098799" />
  <Point X="155" Y="172" T="88098811" />
  <Point X="157" Y="162" T="88098823" />
  <Point X="159" Y="152" T="88098836" />
  <Point X="161" Y="143" T="88098849" />
  <Point X="163" Y="133" T="88098861" />
  <Point X="165" Y="125" T="88098875" />
  <Point X="166" Y="122" T="88098887" />
  <Point X="167" Y="120" T="88098901" />
  <Point X="164" Y="120" T="88098934" />
  <Point X="162" Y="122" T="88098948" />
  <Point X="153" Y="131" T="88098962" />
  <Point X="146" Y="139" T="88098977" />
  <Point X="133" Y="151" T="88098992" />
  <Point X="119" Y="166" T="88099007" />
  <Point X="105" Y="180" T="88099023" />
  <Point X="95" Y="192" T="88099041" />
  <Point X="88" Y="200" T="88099056" />
  <Point X="85" Y="205" T="88099072" />
  <Point X="83" Y="207" T="88099087" />
  <Point X="83" Y="209" T="88099103" />
</Gesture>