﻿<?xml version="1.0" encoding="utf-8" standalone="yes"?>
<Gesture Name="x09" Subject="3" Speed="fast" Number="9" NumPts="53" Millseconds="648" AppName="Gestures" AppVer="3.5.0.0" Date="Thursday, March 08, 2007" TimeOfDay="2:00:30 PM">
  <Point X="78" Y="139" T="88099506" />
  <Point X="79" Y="142" T="88099519" />
  <Point X="82" Y="143" T="88099532" />
  <Point X="84" Y="145" T="88099539" />
  <Point X="87" Y="149" T="88099548" />
  <Point X="90" Y="151" T="88099556" />
  <Point X="93" Y="153" T="88099565" />
  <Point X="97" Y="157" T="88099573" />
  <Point X="99" Y="160" T="88099580" />
  <Point X="103" Y="165" T="88099586" />
  <Point X="105" Y="166" T="88099593" />
  <Point X="107" Y="168" T="88099594" />
  <Point X="112" Y="173" T="88099601" />
  <Point X="114" Y="175" T="88099609" />
  <Point X="117" Y="178" T="88099610" />
  <Point X="121" Y="183" T="88099618" />
  <Point X="125" Y="188" T="88099626" />
  <Point X="129" Y="193" T="88099634" />
  <Point X="132" Y="198" T="88099643" />
  <Point X="135" Y="202" T="88099652" />
  <Point X="136" Y="204" T="88099660" />
  <Point X="139" Y="206" T="88099662" />
  <Point X="141" Y="209" T="88099671" />
  <Point X="143" Y="213" T="88099681" />
  <Point X="145" Y="215" T="88099693" />
  <Point X="146" Y="217" T="88099730" />
  <Point X="148" Y="214" T="88099791" />
  <Point X="148" Y="210" T="88099801" />
  <Point X="149" Y="205" T="88099812" />
  <Point X="150" Y="196" T="88099823" />
  <Point X="151" Y="191" T="88099834" />
  <Point X="152" Y="187" T="88099836" />
  <Point X="153" Y="177" T="88099847" />
  <Point X="155" Y="165" T="88099860" />
  <Point X="157" Y="154" T="88099872" />
  <Point X="159" Y="145" T="88099885" />
  <Point X="161" Y="137" T="88099897" />
  <Point X="162" Y="132" T="88099910" />
  <Point X="164" Y="127" T="88099923" />
  <Point X="165" Y="124" T="88099936" />
  <Point X="162" Y="125" T="88100004" />
  <Point X="158" Y="130" T="88100017" />
  <Point X="151" Y="140" T="88100032" />
  <Point X="149" Y="143" T="88100033" />
  <Point X="139" Y="154" T="88100047" />
  <Point X="136" Y="157" T="88100048" />
  <Point X="125" Y="168" T="88100063" />
  <Point X="111" Y="183" T="88100078" />
  <Point X="101" Y="193" T="88100093" />
  <Point X="96" Y="201" T="88100109" />
  <Point X="91" Y="208" T="88100124" />
  <Point X="88" Y="213" T="88100139" />
  <Point X="87" Y="215" T="88100154" />
</Gesture>