﻿<?xml version="1.0" encoding="utf-8" standalone="yes"?>
<Gesture Name="x10" Subject="3" Speed="fast" Number="10" NumPts="53" Millseconds="683" AppName="Gestures" AppVer="3.5.0.0" Date="Thursday, March 08, 2007" TimeOfDay="2:00:32 PM">
  <Point X="85" Y="140" T="88100560" />
  <Point X="87" Y="142" T="88100573" />
  <Point X="90" Y="145" T="88100585" />
  <Point X="93" Y="147" T="88100592" />
  <Point X="96" Y="151" T="88100601" />
  <Point X="98" Y="153" T="88100607" />
  <Point X="99" Y="155" T="88100613" />
  <Point X="101" Y="157" T="88100614" />
  <Point X="103" Y="160" T="88100620" />
  <Point X="107" Y="163" T="88100627" />
  <Point X="111" Y="168" T="88100634" />
  <Point X="113" Y="170" T="88100640" />
  <Point X="115" Y="173" T="88100642" />
  <Point X="119" Y="178" T="88100649" />
  <Point X="122" Y="184" T="88100657" />
  <Point X="126" Y="188" T="88100665" />
  <Point X="129" Y="193" T="88100673" />
  <Point X="132" Y="197" T="88100681" />
  <Point X="135" Y="201" T="88100690" />
  <Point X="138" Y="204" T="88100699" />
  <Point X="140" Y="208" T="88100708" />
  <Point X="142" Y="210" T="88100717" />
  <Point X="144" Y="212" T="88100726" />
  <Point X="146" Y="214" T="88100745" />
  <Point X="148" Y="215" T="88100772" />
  <Point X="150" Y="213" T="88100837" />
  <Point X="150" Y="211" T="88100847" />
  <Point X="150" Y="206" T="88100858" />
  <Point X="151" Y="200" T="88100868" />
  <Point X="151" Y="198" T="88100869" />
  <Point X="151" Y="191" T="88100881" />
  <Point X="152" Y="188" T="88100882" />
  <Point X="152" Y="178" T="88100894" />
  <Point X="154" Y="166" T="88100906" />
  <Point X="156" Y="155" T="88100918" />
  <Point X="157" Y="142" T="88100930" />
  <Point X="159" Y="134" T="88100943" />
  <Point X="160" Y="127" T="88100956" />
  <Point X="161" Y="123" T="88100968" />
  <Point X="158" Y="126" T="88101030" />
  <Point X="156" Y="128" T="88101043" />
  <Point X="152" Y="133" T="88101057" />
  <Point X="141" Y="147" T="88101071" />
  <Point X="130" Y="157" T="88101085" />
  <Point X="114" Y="172" T="88101099" />
  <Point X="99" Y="187" T="88101114" />
  <Point X="90" Y="196" T="88101129" />
  <Point X="88" Y="199" T="88101132" />
  <Point X="81" Y="207" T="88101147" />
  <Point X="77" Y="213" T="88101162" />
  <Point X="76" Y="216" T="88101177" />
  <Point X="78" Y="214" T="88101227" />
  <Point X="79" Y="212" T="88101243" />
</Gesture>